代码,信号日期,信号价格,当前价格,当前收益%,最高收益%,是否获利,持有天数,触发条件
605228,2026-07-07,14.49,13.78,-4.9,1.66,0,6,趋势: 高于MA20
605228,2026-07-13,13.88,13.78,-0.72,3.24,0,2,趋势: 高于MA20
605228,2026-07-10,14.31,13.78,-3.7,0.14,0,3,趋势: 高于MA20
605228,2026-07-03,14.46,13.78,-4.7,3.11,0,8,趋势: 高于MA20 | 动量: 突破转强 (阳线上穿5/10)
605228,2026-07-09,14.73,13.78,-6.45,-2.72,0,4,"形态: 两连阴 (-2.82%, -3.24%) | 趋势: 高于MA20 | 动量: 突破转强 (阳线上穿5/10)"
605228,2026-07-01,13.61,13.78,1.25,9.55,1,10,趋势: 高于MA20 | 动量: 突破转强 (阳线上穿5/10)
601636,2026-07-07,7.75,6.55,-15.48,-6.45,0,6,"趋势: 多头排列 (5>20>60) | 形态: 10日内有涨停 | 形态: 两连阴 (-7.47%, -6.53%)"
601636,2026-07-13,6.74,6.55,-2.82,3.12,0,2,"形态: 两连阴 (-0.55%, -1.80%)"
601636,2026-07-10,7.08,6.55,-7.49,-1.84,0,3,"形态: 10日内有涨停 | 形态: 两连阴 (-6.45%, -0.55%)"
601636,2026-07-03,8.42,6.55,-22.21,-6.53,0,8,"趋势: 多头排列 (5>20>60) | 形态: 10日内有涨停 | 形态: 两连阴 (-4.50%, -6.86%) | 趋势: 高于MA20"
601636,2026-07-09,7.21,6.55,-9.15,-1.8,0,4,"形态: 10日内有涨停 | 形态: 两连阴 (-1.52%, -6.45%)"
601636,2026-07-01,9.77,6.55,-32.96,-6.86,0,10,趋势: 多头排列 (5>20>60) | 形态: 10日内有涨停 | 趋势: 高于MA20
600966,2026-07-13,4.56,4.66,2.19,2.19,1,2,"量能: 放量 (1.83X) | 形态: 两连阴 (-0.41%, -0.20%)"
600966,2026-07-10,4.9,4.66,-4.9,-4.9,0,3,"形态: 两连阴 (-3.14%, -0.41%)"
600966,2026-07-03,5.04,4.66,-7.54,3.17,0,8,动量: 突破转强 (阳线上穿5/10)
600966,2026-07-09,4.91,4.66,-5.09,-0.2,0,4,"形态: 两连阴 (-2.12%, -3.14%)"
002629,2026-07-10,4.56,4.41,-3.29,-3.07,0,3,"形态: 两连阴 (-1.12%, -0.68%) | 趋势: 高于MA20 | 动量: 突破转强 (阳线上穿5/10)"
002629,2026-07-03,4.67,4.41,-5.57,-1.93,0,8,动量: 突破转强 (阳线上穿5/10)
002629,2026-07-09,4.37,4.41,0.92,4.35,1,4,"形态: 两连阴 (-2.84%, -1.12%)"
002629,2026-07-01,4.58,4.41,-3.71,1.97,0,10,动量: 突破转强 (阳线上穿5/10)
001313,2026-07-07,8.07,7.67,-4.96,0.5,0,6,形态: 10日内有涨停 | 趋势: 高于MA20 | 动量: 突破转强 (阳线上穿5/10)
001313,2026-07-13,7.29,7.67,5.21,5.21,1,2,形态: 10日内有涨停
001313,2026-07-10,8.1,7.67,-5.31,-5.31,0,3,形态: 10日内有涨停 | 趋势: 高于MA20
001313,2026-07-03,7.77,7.67,-1.29,4.38,0,8,形态: 10日内有涨停 | 趋势: 高于MA20
001313,2026-07-09,8.11,7.67,-5.43,-0.12,0,4,形态: 10日内有涨停 | 趋势: 高于MA20 | 动量: 突破转强 (阳线上穿5/10)
001313,2026-07-01,7.8,7.67,-1.67,10.0,0,10,量能: 放量 (1.56X) | 形态: 10日内有涨停 | 趋势: 高于MA20 | 动量: 突破转强 (阳线上穿5/10)
002811,2026-07-03,11.86,10.66,-10.12,-5.14,0,8,趋势: 高于MA20 | 动量: 突破转强 (阳线上穿5/10)
002811,2026-07-09,10.95,10.66,-2.65,1.1,0,4,"形态: 两连阴 (-3.02%, -1.65%)"
002811,2026-07-01,11.5,10.66,-7.3,3.13,0,10,"形态: 两连阴 (-0.09%, -0.18%)"
002406,2026-07-13,6.12,6.45,5.39,5.39,1,2,"形态: 两连阴 (-4.35%, -4.41%)"
002406,2026-07-03,6.95,6.45,-7.19,2.45,0,8,动量: 突破转强 (阳线上穿5/10)
605337,2026-07-03,8.7,8.9,2.3,2.3,1,8,动量: 突破转强 (阳线上穿5/10)
000712,2026-07-03,9.05,8.37,-7.51,-1.22,0,8,趋势: 高于MA20
000712,2026-07-09,8.49,8.37,-1.41,0.82,0,4,"形态: 两连阴 (-3.80%, -1.74%)"
000712,2026-07-01,9.21,8.37,-9.12,-1.74,0,10,趋势: 高于MA20 | 动量: 突破转强 (阳线上穿5/10)
600722,2026-07-07,7.82,8.06,3.07,4.35,1,6,"形态: 两连阴 (-1.54%, -1.93%)"
600722,2026-07-10,8.04,8.06,0.25,1.49,1,3,"量能: 放量 (1.54X) | 形态: 两连阴 (-0.13%, -0.38%)"
600722,2026-07-09,7.78,8.06,3.6,4.88,1,4,"量能: 放量 (1.84X) | 形态: 两连阴 (-4.05%, -0.13%)"
600722,2026-07-01,8.36,8.06,-3.59,0.96,0,10,"形态: 两连阴 (-0.73%, -0.25%)"
002600,2026-07-07,15.93,12.71,-20.21,-2.07,0,6,趋势: 多头排列 (5>20>60) | 形态: 10日内有涨停
002600,2026-07-13,13.64,12.71,-6.82,-4.91,0,2,形态: 10日内有涨停
002600,2026-07-10,15.16,12.71,-16.16,-10.03,0,3,形态: 10日内有涨停
002600,2026-07-03,18.02,12.71,-29.47,-9.93,0,8,趋势: 多头排列 (5>20>60) | 形态: 10日内有涨停 | 趋势: 高于MA20 | 动量: 突破转强 (阳线上穿5/10)
002600,2026-07-09,15.6,12.71,-18.53,-2.82,0,4,"形态: 10日内有涨停 | 形态: 两连阴 (-1.85%, -5.46%)"
002600,2026-07-01,17.8,12.71,-28.6,1.24,0,10,趋势: 多头排列 (5>20>60) | 形态: 10日内有涨停 | 趋势: 高于MA20 | 动量: 突破转强 (阳线上穿5/10)
000060,2026-07-10,6.49,6.26,-3.54,-0.62,0,3,"形态: 两连阴 (-4.08%, -1.52%)"
000060,2026-07-03,7.23,6.26,-13.42,2.07,0,8,形态: 10日内有涨停
000060,2026-07-09,6.49,6.26,-3.54,0.0,0,4,"形态: 两连阴 (-6.91%, -4.08%)"
000060,2026-07-01,7.65,6.26,-18.17,-3.14,0,10,趋势: 多头排列 (5>20>60) | 形态: 10日内有涨停
600748,2026-07-10,3.7,3.67,-0.81,-0.81,0,3,"形态: 两连阴 (-1.65%, -0.28%)"
600748,2026-07-09,3.57,3.67,2.8,3.64,1,4,"形态: 两连阴 (-4.46%, -1.65%)"
002688,2026-07-07,4.95,5.08,2.63,2.63,1,6,趋势: 高于MA20
002688,2026-07-10,4.91,5.08,3.46,3.46,1,3,"形态: 两连阴 (-1.01%, -0.41%)"
002688,2026-07-03,5.04,5.08,0.79,0.99,1,8,趋势: 高于MA20 | 动量: 突破转强 (阳线上穿5/10)
002688,2026-07-09,4.88,5.08,4.1,4.1,1,4,"形态: 两连阴 (-2.75%, -1.01%)"
601008,2026-07-03,4.26,4.27,0.23,0.7,1,8,动量: 突破转强 (阳线上穿5/10)
600192,2026-07-13,6.2,6.23,0.48,0.48,1,2,量能: 放量 (1.61X) | 形态: 10日内有涨停
600192,2026-07-10,6.66,6.23,-6.46,-6.46,0,3,"量能: 放量 (1.73X) | 形态: 10日内有涨停 | 形态: 两连阴 (-1.77%, -0.66%) | 动量: 突破转强 (阳线上穿5/10)"
600192,2026-07-09,6.05,6.23,2.98,10.08,1,4,"形态: 两连阴 (-3.28%, -1.77%)"
600192,2026-07-01,6.65,6.23,-6.32,0.15,0,10,形态: 10日内有涨停
002038,2026-07-07,5.83,6.69,14.75,20.93,1,6,形态: 10日内有涨停 | 趋势: 高于MA20
002038,2026-07-13,6.72,6.69,-0.45,4.91,0,2,形态: 10日内有涨停 | 趋势: 高于MA20 | 动量: 突破转强 (阳线上穿5/10)
002038,2026-07-10,6.38,6.69,4.86,10.5,1,3,形态: 10日内有涨停 | 趋势: 高于MA20 | 动量: 突破转强 (阳线上穿5/10)
002038,2026-07-03,6.39,6.69,4.69,10.33,1,8,形态: 10日内有涨停 | 趋势: 高于MA20
002038,2026-07-09,5.8,6.69,15.34,21.55,1,4,形态: 10日内有涨停 | 趋势: 高于MA20
002038,2026-07-01,6.28,6.69,6.53,12.26,1,10,形态: 10日内有涨停 | 趋势: 高于MA20 | 动量: 突破转强 (阳线上穿5/10)
002205,2026-07-10,10.31,10.0,-3.01,-3.01,0,3,"形态: 两连阴 (-1.15%, -3.01%)"
002205,2026-07-09,9.99,10.0,0.1,3.2,1,4,"形态: 两连阴 (-5.44%, -1.15%)"
000830,2026-07-10,11.74,12.09,2.98,2.98,1,3,"形态: 两连阴 (-2.82%, -2.99%)"
000830,2026-07-03,12.79,12.09,-5.47,2.42,0,8,趋势: 高于MA20
000830,2026-07-09,11.68,12.09,3.51,3.51,1,4,"形态: 两连阴 (-5.42%, -2.82%)"
000830,2026-07-01,12.48,12.09,-3.13,4.97,0,10,"形态: 两连阴 (-0.88%, -3.61%)"
000803,2026-07-07,6.85,6.53,-4.67,-2.92,0,6,"形态: 两连阴 (-0.29%, -0.29%)"
000803,2026-07-10,6.61,6.53,-1.21,0.15,0,3,"形态: 两连阴 (-2.92%, -1.50%)"
000803,2026-07-09,6.55,6.53,-0.31,1.07,0,4,"形态: 两连阴 (-1.01%, -2.92%)"
603187,2026-07-07,12.04,12.5,3.82,3.82,1,6,趋势: 高于MA20
603187,2026-07-10,11.94,12.5,4.69,4.69,1,3,"形态: 两连阴 (-1.00%, -1.01%)"
603187,2026-07-03,12.17,12.5,2.71,2.71,1,8,趋势: 高于MA20 | 动量: 突破转强 (阳线上穿5/10)
603187,2026-07-09,11.8,12.5,5.93,5.93,1,4,"形态: 两连阴 (-1.95%, -1.00%)"
002972,2026-07-07,17.5,16.02,-8.46,1.14,0,6,趋势: 多头排列 (5>20>60) | 趋势: 高于MA20
002972,2026-07-13,17.7,16.02,-9.49,-4.92,0,2,趋势: 高于MA20
002972,2026-07-10,16.96,16.02,-5.54,4.36,0,3,趋势: 多头排列 (5>20>60)
002972,2026-07-03,18.81,16.02,-14.83,0.74,0,8,趋势: 多头排列 (5>20>60) | 趋势: 高于MA20
002972,2026-07-09,17.19,16.02,-6.81,2.97,0,4,"趋势: 多头排列 (5>20>60) | 形态: 两连阴 (-7.65%, -4.11%) | 趋势: 高于MA20"
002972,2026-07-01,19.0,16.02,-15.68,0.37,0,10,趋势: 多头排列 (5>20>60) | 趋势: 高于MA20
002043,2026-07-07,11.76,11.39,-3.15,-3.15,0,6,趋势: 高于MA20 | 动量: 突破转强 (阳线上穿5/10)
002043,2026-07-10,11.01,11.39,3.45,3.45,1,3,"形态: 两连阴 (-4.85%, -3.40%)"
002043,2026-07-03,11.55,11.39,-1.39,1.82,0,8,动量: 突破转强 (阳线上穿5/10)
002043,2026-07-01,11.22,11.39,1.52,4.81,1,10,"形态: 两连阴 (-1.33%, -0.27%)"
603677,2026-07-13,13.82,14.0,1.3,1.3,1,2,量能: 放量 (1.93X) | 形态: 10日内有涨停 | 趋势: 高于MA20 | 动量: 突破转强 (阳线上穿5/10)
603677,2026-07-10,12.56,14.0,11.46,11.46,1,3,"形态: 两连阴 (-1.96%, -1.68%)"
603677,2026-07-03,13.65,14.0,2.56,2.56,1,8,动量: 突破转强 (阳线上穿5/10)
603677,2026-07-09,12.31,14.0,13.73,13.73,1,4,"形态: 两连阴 (-3.26%, -1.96%)"
000739,2026-07-07,18.03,20.47,13.53,13.53,1,6,趋势: 高于MA20
000739,2026-07-13,18.19,20.47,12.53,12.53,1,2,趋势: 高于MA20 | 动量: 突破转强 (阳线上穿5/10)
000739,2026-07-10,18.0,20.47,13.72,13.72,1,3,趋势: 高于MA20
000739,2026-07-03,18.24,20.47,12.23,12.23,1,8,趋势: 高于MA20 | 动量: 突破转强 (阳线上穿5/10)
000739,2026-07-09,17.84,20.47,14.74,14.74,1,4,"形态: 两连阴 (-2.33%, -1.33%) | 趋势: 高于MA20"
000739,2026-07-01,17.19,20.47,19.08,19.08,1,10,趋势: 高于MA20 | 动量: 突破转强 (阳线上穿5/10)
601798,2026-07-07,7.02,7.07,0.71,0.71,1,6,形态: 10日内有涨停
601798,2026-07-10,6.94,7.07,1.87,1.87,1,3,"形态: 两连阴 (-2.14%, -0.58%)"
601798,2026-07-03,7.4,7.07,-4.46,-3.11,0,8,形态: 10日内有涨停 | 动量: 突破转强 (阳线上穿5/10)
601798,2026-07-09,6.83,7.07,3.51,3.51,1,4,"形态: 两连阴 (-2.09%, -2.14%)"
601798,2026-07-01,7.24,7.07,-2.35,2.21,0,10,"形态: 10日内有涨停 | 形态: 两连阴 (-3.02%, -1.90%)"
000716,2026-07-07,4.36,4.6,5.5,5.5,1,6,动量: 突破转强 (阳线上穿5/10)
000716,2026-07-13,4.39,4.6,4.78,4.78,1,2,趋势: 高于MA20
000716,2026-07-10,4.39,4.6,4.78,4.78,1,3,"形态: 两连阴 (-1.61%, -0.23%) | 趋势: 高于MA20 | 动量: 突破转强 (阳线上穿5/10)"
000716,2026-07-03,4.3,4.6,6.98,6.98,1,8,动量: 突破转强 (阳线上穿5/10)
603903,2026-07-07,15.82,14.45,-8.66,2.09,0,6,趋势: 多头排列 (5>20>60) | 形态: 10日内有涨停 | 趋势: 高于MA20 | 动量: 突破转强 (阳线上穿5/10)
603903,2026-07-13,15.24,14.45,-5.18,1.71,0,2,趋势: 多头排列 (5>20>60) | 形态: 10日内有涨停 | 趋势: 高于MA20
603903,2026-07-10,15.92,14.45,-9.23,-2.64,0,3,趋势: 多头排列 (5>20>60) | 形态: 10日内有涨停 | 趋势: 高于MA20
603903,2026-07-03,14.15,14.45,2.12,14.13,1,8,趋势: 多头排列 (5>20>60) | 形态: 10日内有涨停 | 趋势: 高于MA20 | 动量: 突破转强 (阳线上穿5/10)
603903,2026-07-09,16.15,14.45,-10.53,-1.42,0,4,趋势: 多头排列 (5>20>60) | 形态: 10日内有涨停 | 趋势: 高于MA20 | 动量: 突破转强 (阳线上穿5/10)
603903,2026-07-01,13.53,14.45,6.8,19.36,1,10,形态: 10日内有涨停 | 趋势: 高于MA20 | 动量: 突破转强 (阳线上穿5/10)
002301,2026-07-07,8.33,8.04,-3.48,-0.12,0,6,趋势: 多头排列 (5>20>60) | 趋势: 高于MA20
002301,2026-07-13,7.78,8.04,3.34,4.24,1,2,趋势: 多头排列 (5>20>60)
002301,2026-07-10,8.25,8.04,-2.55,-1.7,0,3,趋势: 多头排列 (5>20>60) | 趋势: 高于MA20
002301,2026-07-03,8.09,8.04,-0.62,3.34,0,8,趋势: 多头排列 (5>20>60) | 趋势: 高于MA20 | 动量: 突破转强 (阳线上穿5/10)
002301,2026-07-09,8.32,8.04,-3.37,-0.84,0,4,"趋势: 多头排列 (5>20>60) | 形态: 两连阴 (-0.36%, -1.80%) | 趋势: 高于MA20 | 动量: 突破转强 (阳线上穿5/10)"
002301,2026-07-01,7.73,8.04,4.01,8.15,1,10,趋势: 高于MA20 | 动量: 突破转强 (阳线上穿5/10)
002863,2026-07-10,4.3,4.36,1.4,1.4,1,3,"形态: 两连阴 (-2.08%, -0.71%)"
002863,2026-07-03,4.51,4.36,-3.33,-1.11,0,8,动量: 突破转强 (阳线上穿5/10)
002863,2026-07-09,4.21,4.36,3.56,3.56,1,4,"形态: 两连阴 (-2.91%, -2.08%)"
002863,2026-07-01,4.35,4.36,0.23,3.68,1,10,"形态: 两连阴 (-0.93%, -0.70%)"
605377,2026-07-07,9.67,9.85,1.86,4.76,1,6,量能: 放量 (1.83X) | 形态: 10日内有涨停 | 趋势: 高于MA20
605377,2026-07-13,9.89,9.85,-0.4,-0.3,0,2,形态: 10日内有涨停 | 趋势: 高于MA20
605377,2026-07-10,10.13,9.85,-2.76,-2.37,0,3,"形态: 10日内有涨停 | 形态: 两连阴 (-1.96%, -0.53%) | 趋势: 高于MA20 | 动量: 突破转强 (阳线上穿5/10)"
605377,2026-07-03,8.82,9.85,11.68,14.85,1,8,"形态: 10日内有涨停 | 形态: 两连阴 (-0.32%, -2.37%) | 趋势: 高于MA20"
605377,2026-07-09,9.43,9.85,4.45,7.42,1,4,"形态: 10日内有涨停 | 形态: 两连阴 (-0.31%, -1.96%) | 趋势: 高于MA20"
605377,2026-07-01,9.27,9.85,6.26,9.28,1,10,形态: 10日内有涨停 | 趋势: 高于MA20
603766,2026-07-07,13.0,12.7,-2.31,-0.62,0,6,趋势: 高于MA20
603766,2026-07-13,12.1,12.7,4.96,4.96,1,2,"形态: 两连阴 (-4.80%, -3.66%)"
603766,2026-07-10,11.85,12.7,7.17,7.17,1,3,"形态: 两连阴 (-0.62%, -4.80%)"
603766,2026-07-03,12.86,12.7,-1.24,5.13,0,8,趋势: 高于MA20 | 动量: 突破转强 (阳线上穿5/10)
603766,2026-07-09,12.3,12.7,3.25,3.25,1,4,"形态: 两连阴 (-3.85%, -0.62%) | 趋势: 高于MA20"
603766,2026-07-01,12.8,12.7,-0.78,5.62,0,10,趋势: 高于MA20 | 动量: 突破转强 (阳线上穿5/10)
000819,2026-07-10,11.28,11.46,1.6,1.6,1,3,"形态: 两连阴 (-0.98%, -3.13%)"
000819,2026-07-09,10.82,11.46,5.91,5.91,1,4,"量能: 放量 (1.88X) | 形态: 两连阴 (-4.16%, -0.98%)"
000819,2026-07-01,11.71,11.46,-2.13,1.79,0,10,"形态: 两连阴 (-3.39%, -0.61%)"
002774,2026-07-07,14.25,16.37,14.88,14.88,1,6,趋势: 多头排列 (5>20>60) | 量能: 放量 (1.98X) | 形态: 10日内有涨停 | 趋势: 高于MA20
002774,2026-07-13,15.26,16.37,7.27,7.27,1,2,趋势: 多头排列 (5>20>60) | 形态: 10日内有涨停 | 趋势: 高于MA20
002774,2026-07-10,15.9,16.37,2.96,2.96,1,3,趋势: 多头排列 (5>20>60) | 形态: 10日内有涨停 | 趋势: 高于MA20 | 动量: 突破转强 (阳线上穿5/10)
002774,2026-07-03,14.39,16.37,13.76,13.76,1,8,趋势: 多头排列 (5>20>60) | 趋势: 高于MA20 | 动量: 突破转强 (阳线上穿5/10)
002774,2026-07-09,14.45,16.37,13.29,13.29,1,4,"趋势: 多头排列 (5>20>60) | 形态: 10日内有涨停 | 形态: 两连阴 (-9.98%, -5.26%) | 趋势: 高于MA20"
002774,2026-07-01,14.51,16.37,12.82,12.82,1,10,趋势: 多头排列 (5>20>60) | 趋势: 高于MA20 | 动量: 突破转强 (阳线上穿5/10)
002358,2026-07-10,5.31,5.2,-2.07,-2.07,0,3,"形态: 两连阴 (-1.86%, -0.38%)"
002358,2026-07-09,5.25,5.2,-0.95,1.14,0,4,"形态: 两连阴 (-2.19%, -1.86%)"
600711,2026-07-10,10.74,10.11,-5.87,-2.42,0,3,"形态: 两连阴 (-3.65%, -0.66%)"
600711,2026-07-09,10.48,10.11,-3.53,2.48,0,4,"形态: 两连阴 (-3.69%, -3.65%)"
605018,2026-07-07,14.03,12.54,-10.62,-5.56,0,6,形态: 10日内有涨停
605018,2026-07-13,12.26,12.54,2.28,2.28,1,2,形态: 10日内有涨停
605018,2026-07-10,13.12,12.54,-4.42,-4.42,0,3,形态: 10日内有涨停
605018,2026-07-03,14.92,12.54,-15.95,-3.95,0,8,形态: 10日内有涨停 | 动量: 突破转强 (阳线上穿5/10)
605018,2026-07-09,13.25,12.54,-5.36,-0.98,0,4,"形态: 10日内有涨停 | 形态: 两连阴 (-2.09%, -5.92%)"
605018,2026-07-01,14.35,12.54,-12.61,3.97,0,10,形态: 10日内有涨停
003018,2026-07-07,64.52,52.0,-19.4,5.87,0,6,趋势: 多头排列 (5>20>60) | 形态: 10日内有涨停
003018,2026-07-13,62.5,52.0,-16.8,5.81,0,2,形态: 10日内有涨停
003018,2026-07-10,64.6,52.0,-19.5,2.37,0,3,形态: 10日内有涨停
003018,2026-07-03,66.28,52.0,-21.54,3.06,0,8,"趋势: 多头排列 (5>20>60) | 形态: 10日内有涨停 | 形态: 两连阴 (-6.49%, -6.76%) | 趋势: 高于MA20"
003018,2026-07-09,68.31,52.0,-23.88,-3.19,0,4,"形态: 10日内有涨停 | 形态: 两连阴 (-4.84%, -3.75%) | 趋势: 高于MA20"
003018,2026-07-01,71.28,52.0,-27.05,-4.17,0,10,趋势: 多头排列 (5>20>60) | 形态: 10日内有涨停 | 趋势: 高于MA20
603269,2026-07-07,18.15,14.89,-17.96,-4.74,0,6,量能: 放量 (1.71X) | 形态: 10日内有涨停
603269,2026-07-13,15.18,14.89,-1.91,4.68,0,2,"形态: 10日内有涨停 | 形态: 两连阴 (-1.85%, -0.59%)"
603269,2026-07-10,16.87,14.89,-11.74,-5.81,0,3,"形态: 10日内有涨停 | 形态: 两连阴 (-4.74%, -1.85%)"
603269,2026-07-03,15.94,14.89,-6.59,13.86,0,8,"形态: 两连阴 (-0.43%, -1.95%)"
603269,2026-07-09,16.97,14.89,-12.26,-0.59,0,4,形态: 10日内有涨停
600499,2026-07-07,15.93,14.64,-8.1,-3.89,0,6,趋势: 高于MA20
600499,2026-07-13,14.4,14.64,1.67,3.06,1,2,"形态: 两连阴 (-0.26%, -5.50%)"
600499,2026-07-10,14.43,14.64,1.46,2.84,1,3,"形态: 两连阴 (-3.89%, -0.26%)"
600499,2026-07-03,15.47,14.64,-5.37,5.95,0,8,趋势: 高于MA20 | 动量: 突破转强 (阳线上穿5/10)
600499,2026-07-09,15.27,14.64,-4.13,-2.82,0,4,"形态: 两连阴 (-2.81%, -3.89%) | 趋势: 高于MA20"
002333,2026-07-07,4.97,4.84,-2.62,-0.6,0,6,趋势: 高于MA20
002333,2026-07-10,4.86,4.84,-0.41,-0.41,0,3,"形态: 两连阴 (-0.60%, -1.82%) | 趋势: 高于MA20"
002333,2026-07-03,4.95,4.84,-2.22,0.4,0,8,趋势: 高于MA20 | 动量: 突破转强 (阳线上穿5/10)
002333,2026-07-09,4.85,4.84,-0.21,0.21,0,4,趋势: 高于MA20
002333,2026-07-01,4.76,4.84,1.68,4.41,1,10,动量: 突破转强 (阳线上穿5/10)
603819,2026-07-07,13.65,12.9,-5.49,-0.51,0,6,量能: 放量 (2.67X) | 形态: 10日内有涨停 | 趋势: 高于MA20 | 动量: 突破转强 (阳线上穿5/10)
603819,2026-07-13,12.89,12.9,0.08,0.31,1,2,形态: 10日内有涨停 | 趋势: 高于MA20
603819,2026-07-10,13.58,12.9,-5.01,-4.79,0,3,形态: 10日内有涨停 | 趋势: 高于MA20 | 动量: 突破转强 (阳线上穿5/10)
603819,2026-07-03,12.36,12.9,4.37,10.44,1,8,量能: 放量 (1.51X) | 趋势: 高于MA20 | 动量: 突破转强 (阳线上穿5/10)
603819,2026-07-09,13.41,12.9,-3.8,1.27,0,4,形态: 10日内有涨停 | 趋势: 高于MA20 | 动量: 突破转强 (阳线上穿5/10)
603162,2026-07-07,9.64,11.24,16.6,16.6,1,6,趋势: 高于MA20
603162,2026-07-13,10.12,11.24,11.07,11.07,1,2,形态: 10日内有涨停 | 趋势: 高于MA20
603162,2026-07-10,10.12,11.24,11.07,11.07,1,3,形态: 10日内有涨停 | 趋势: 高于MA20 | 动量: 突破转强 (阳线上穿5/10)
603162,2026-07-03,9.63,11.24,16.72,16.72,1,8,动量: 突破转强 (阳线上穿5/10)
603162,2026-07-09,9.2,11.24,22.17,22.17,1,4,"形态: 两连阴 (-2.53%, -4.77%)"
603162,2026-07-01,9.24,11.24,21.65,21.65,1,10,"形态: 两连阴 (-1.09%, -0.88%)"
603815,2026-07-07,6.42,6.57,2.34,8.88,1,6,量能: 放量 (2.25X) | 形态: 10日内有涨停 | 趋势: 高于MA20 | 动量: 突破转强 (阳线上穿5/10)
603815,2026-07-13,6.99,6.57,-6.01,-1.0,0,2,形态: 10日内有涨停 | 趋势: 高于MA20 | 动量: 突破转强 (阳线上穿5/10)
603815,2026-07-10,6.79,6.57,-3.24,2.95,0,3,形态: 10日内有涨停 | 趋势: 高于MA20 | 动量: 突破转强 (阳线上穿5/10)
603815,2026-07-03,5.55,6.57,18.38,25.95,1,8,动量: 突破转强 (阳线上穿5/10)
603815,2026-07-09,6.75,6.57,-2.67,3.56,0,4,形态: 10日内有涨停 | 趋势: 高于MA20 | 动量: 突破转强 (阳线上穿5/10)
002691,2026-07-10,4.16,4.06,-2.4,-2.4,0,3,动量: 突破转强 (阳线上穿5/10)
002691,2026-07-03,4.46,4.06,-8.97,-3.81,0,8,动量: 突破转强 (阳线上穿5/10)
000735,2026-07-10,5.0,5.03,0.6,0.6,1,3,"形态: 两连阴 (-1.81%, -0.21%) | 趋势: 高于MA20 | 动量: 突破转强 (阳线上穿5/10)"
000735,2026-07-03,5.04,5.03,-0.2,1.59,0,8,趋势: 高于MA20
000735,2026-07-09,4.86,5.03,3.5,3.5,1,4,"形态: 两连阴 (-3.13%, -1.81%)"
000735,2026-07-01,4.98,5.03,1.0,2.81,1,10,量能: 放量 (1.58X) | 动量: 突破转强 (阳线上穿5/10)
603272,2026-07-07,20.34,16.23,-20.21,8.65,0,6,"形态: 两连阴 (-4.99%, -10.00%)"
603272,2026-07-03,25.11,16.23,-35.36,-10.0,0,8,量能: 放量 (2.35X)
002012,2026-07-07,6.16,5.88,-4.55,-0.81,0,6,"形态: 两连阴 (-1.69%, -2.19%)"
002012,2026-07-10,6.11,5.88,-3.76,-2.78,0,3,"形态: 两连阴 (-1.14%, -0.33%)"
002012,2026-07-09,6.07,5.88,-3.13,0.66,0,4,"形态: 两连阴 (-1.60%, -1.14%)"
603085,2026-07-10,10.96,10.93,-0.27,-0.27,0,3,动量: 突破转强 (阳线上穿5/10)
603085,2026-07-03,11.22,10.93,-2.58,-1.78,0,8,动量: 突破转强 (阳线上穿5/10)
603085,2026-07-09,10.79,10.93,1.3,1.58,1,4,"形态: 两连阴 (-2.09%, -0.93%)"
000506,2026-07-07,12.2,12.54,2.79,12.62,1,6,形态: 10日内有涨停
000506,2026-07-13,13.17,12.54,-4.78,3.49,0,2,形态: 10日内有涨停
000506,2026-07-10,13.74,12.54,-8.73,-0.8,0,3,形态: 10日内有涨停 | 趋势: 高于MA20 | 动量: 突破转强 (阳线上穿5/10)
000506,2026-07-03,13.87,12.54,-9.59,-0.94,0,8,形态: 10日内有涨停 | 趋势: 高于MA20 | 动量: 突破转强 (阳线上穿5/10)
000506,2026-07-09,13.41,12.54,-6.49,2.46,0,4,形态: 10日内有涨停 | 趋势: 高于MA20
000506,2026-07-01,11.46,12.54,9.42,21.03,1,10,"形态: 两连阴 (-2.14%, -1.60%)"
002871,2026-07-07,20.39,18.56,-8.97,0.2,0,6,趋势: 多头排列 (5>20>60)
002871,2026-07-13,18.84,18.56,-1.49,0.74,0,2,"形态: 两连阴 (-2.10%, -0.70%)"
002871,2026-07-03,20.84,18.56,-10.94,1.49,0,8,趋势: 多头排列 (5>20>60) | 形态: 10日内有涨停
002871,2026-07-01,23.23,18.56,-20.1,-7.1,0,10,趋势: 多头排列 (5>20>60) | 形态: 10日内有涨停 | 趋势: 高于MA20 | 动量: 突破转强 (阳线上穿5/10)
000948,2026-07-13,13.45,13.54,0.67,3.35,1,2,形态: 10日内有涨停 | 趋势: 高于MA20 | 动量: 突破转强 (阳线上穿5/10)
000948,2026-07-10,13.3,13.54,1.8,4.51,1,3,形态: 10日内有涨停 | 趋势: 高于MA20
000948,2026-07-09,13.56,13.54,-0.15,2.51,0,4,量能: 放量 (2.83X) | 形态: 10日内有涨停 | 趋势: 高于MA20 | 动量: 突破转强 (阳线上穿5/10)
600399,2026-07-10,4.13,3.91,-5.33,-5.33,0,3,"量能: 放量 (2.02X) | 形态: 两连阴 (-2.47%, -1.27%) | 动量: 突破转强 (阳线上穿5/10)"
600399,2026-07-09,3.9,3.91,0.26,5.9,1,4,"形态: 两连阴 (-2.41%, -2.47%)"
600399,2026-07-01,4.22,3.91,-7.35,0.47,0,10,形态: 10日内有涨停
603218,2026-07-10,9.6,9.62,0.21,0.21,1,3,"形态: 两连阴 (-2.54%, -1.77%)"
603218,2026-07-03,10.34,9.62,-6.96,-2.03,0,8,动量: 突破转强 (阳线上穿5/10)
603218,2026-07-09,9.42,9.62,2.12,2.12,1,4,"形态: 两连阴 (-2.86%, -2.54%)"
603709,2026-07-10,13.58,13.89,2.28,2.28,1,3,"形态: 两连阴 (-0.67%, -1.04%)"
603709,2026-07-03,14.12,13.89,-1.63,-0.21,0,8,动量: 突破转强 (阳线上穿5/10)
603709,2026-07-09,13.28,13.89,4.59,4.59,1,4,"形态: 两连阴 (-4.12%, -0.67%)"
600530,2026-07-07,5.46,5.32,-2.56,-1.83,0,6,形态: 10日内有涨停
600530,2026-07-13,5.13,5.32,3.7,3.7,1,2,形态: 10日内有涨停
600530,2026-07-10,5.34,5.32,-0.37,-0.37,0,3,"形态: 10日内有涨停 | 形态: 两连阴 (-1.83%, -0.56%)"
600530,2026-07-03,5.7,5.32,-6.67,1.58,0,8,形态: 10日内有涨停 | 动量: 突破转强 (阳线上穿5/10)
600530,2026-07-09,5.33,5.32,-0.19,0.19,0,4,"形态: 10日内有涨停 | 形态: 两连阴 (-5.70%, -1.83%)"
600530,2026-07-01,5.06,5.32,5.14,14.43,1,10,"形态: 两连阴 (-6.16%, -1.99%)"
002131,2026-07-07,4.23,4.19,-0.95,8.98,0,6,"形态: 两连阴 (-1.95%, -5.31%)"
002131,2026-07-10,4.61,4.19,-9.11,-8.24,0,3,量能: 放量 (1.83X) | 动量: 突破转强 (阳线上穿5/10)
002131,2026-07-09,4.35,4.19,-3.68,5.98,0,4,"形态: 两连阴 (-1.17%, -0.47%)"
600475,2026-07-07,13.93,13.29,-4.59,-1.94,0,6,"形态: 两连阴 (-1.69%, -1.17%) | 趋势: 高于MA20"
600475,2026-07-03,14.55,13.29,-8.66,-1.17,0,8,趋势: 高于MA20
600475,2026-07-09,13.28,13.29,0.08,2.86,1,4,"形态: 两连阴 (-3.13%, -4.81%)"
600475,2026-07-01,15.38,13.29,-13.59,-3.77,0,10,趋势: 高于MA20 | 动量: 突破转强 (阳线上穿5/10)
600367,2026-07-07,45.68,36.62,-19.83,-5.28,0,6,"形态: 10日内有涨停 | 形态: 两连阴 (-9.09%, -10.00%)"
600367,2026-07-13,37.7,36.62,-2.86,5.62,0,2,形态: 10日内有涨停
600367,2026-07-10,41.18,36.62,-11.07,-3.3,0,3,形态: 10日内有涨停
600367,2026-07-03,52.98,36.62,-30.88,-10.0,0,8,趋势: 多头排列 (5>20>60) | 形态: 10日内有涨停
600367,2026-07-09,43.27,36.62,-15.37,-4.83,0,4,"形态: 10日内有涨停 | 形态: 两连阴 (-4.19%, -6.61%)"
600367,2026-07-01,63.8,36.62,-42.6,-8.65,0,10,趋势: 多头排列 (5>20>60) | 形态: 10日内有涨停 | 趋势: 高于MA20 | 动量: 突破转强 (阳线上穿5/10)
002598,2026-07-10,6.8,6.73,-1.03,-1.03,0,3,趋势: 高于MA20 | 动量: 突破转强 (阳线上穿5/10)
002598,2026-07-03,6.99,6.73,-3.72,-2.43,0,8,趋势: 高于MA20 | 动量: 突破转强 (阳线上穿5/10)
000715,2026-07-10,4.77,4.92,3.14,3.14,1,3,趋势: 高于MA20 | 动量: 突破转强 (阳线上穿5/10)
000715,2026-07-03,4.78,4.92,2.93,2.93,1,8,动量: 突破转强 (阳线上穿5/10)
603885,2026-07-10,10.28,10.35,0.68,0.68,1,3,"形态: 两连阴 (-1.14%, -2.31%)"
603885,2026-07-09,10.16,10.35,1.87,1.87,1,4,"形态: 两连阴 (-1.59%, -1.14%)"
603885,2026-07-01,10.75,10.35,-3.72,-0.56,0,10,"形态: 两连阴 (-1.03%, -2.65%) | 动量: 突破转强 (阳线上穿5/10)"
002632,2026-07-13,8.52,8.75,2.7,2.7,1,2,形态: 10日内有涨停
002632,2026-07-10,8.9,8.75,-1.69,-1.69,0,3,量能: 放量 (2.19X) | 形态: 10日内有涨停
002632,2026-07-03,8.93,8.75,-2.02,2.46,0,8,"形态: 两连阴 (-1.00%, -2.13%)"
002632,2026-07-09,9.15,8.75,-4.37,-2.73,0,4,"形态: 10日内有涨停 | 形态: 两连阴 (-2.07%, -2.23%) | 动量: 突破转强 (阳线上穿5/10)"
605151,2026-07-07,18.63,18.07,-3.01,-1.18,0,6,形态: 10日内有涨停
605151,2026-07-10,18.41,18.07,-1.85,-1.85,0,3,"形态: 两连阴 (-2.90%, -1.05%)"
605151,2026-07-03,19.27,18.07,-6.23,-0.99,0,8,形态: 10日内有涨停 | 趋势: 高于MA20 | 动量: 突破转强 (阳线上穿5/10)
605151,2026-07-09,17.9,18.07,0.95,2.85,1,4,"形态: 两连阴 (-2.36%, -2.90%)"
605151,2026-07-01,18.03,18.07,0.22,6.88,1,10,"形态: 10日内有涨停 | 形态: 两连阴 (-2.70%, -2.11%)"
600848,2026-07-10,7.71,8.11,5.19,5.19,1,3,"形态: 两连阴 (-1.18%, -0.27%) | 动量: 突破转强 (阳线上穿5/10)"
600848,2026-07-03,7.75,8.11,4.65,4.65,1,8,动量: 突破转强 (阳线上穿5/10)
600848,2026-07-09,7.52,8.11,7.85,7.85,1,4,"形态: 两连阴 (-4.27%, -1.18%)"
600596,2026-07-07,13.1,11.67,-10.92,2.44,0,6,形态: 10日内有涨停
600596,2026-07-03,13.3,11.67,-12.26,2.03,0,8,"形态: 10日内有涨停 | 形态: 两连阴 (-4.57%, -6.11%)"
600596,2026-07-09,13.42,11.67,-13.04,-6.18,0,4,"形态: 两连阴 (-3.46%, -3.59%)"
600596,2026-07-01,15.23,11.67,-23.37,-6.11,0,10,"趋势: 多头排列 (5>20>60) | 形态: 10日内有涨停 | 形态: 两连阴 (-10.00%, -0.37%)"
603803,2026-07-10,11.45,10.61,-7.34,-2.18,0,3,动量: 突破转强 (阳线上穿5/10)
603803,2026-07-03,11.17,10.61,-5.01,2.51,0,8,"形态: 两连阴 (-1.45%, -4.24%)"
002095,2026-07-10,13.03,13.24,1.61,1.61,1,3,动量: 突破转强 (阳线上穿5/10)
002095,2026-07-03,13.11,13.24,0.99,0.99,1,8,趋势: 高于MA20
002095,2026-07-01,13.22,13.24,0.15,0.15,1,10,趋势: 高于MA20
600199,2026-07-07,6.22,6.94,11.58,11.58,1,6,形态: 10日内有涨停
600199,2026-07-13,6.27,6.94,10.69,10.69,1,2,形态: 10日内有涨停
600199,2026-07-10,6.46,6.94,7.43,7.43,1,3,"形态: 10日内有涨停 | 形态: 两连阴 (-0.96%, -0.16%) | 动量: 突破转强 (阳线上穿5/10)"
600199,2026-07-03,6.6,6.94,5.15,5.15,1,8,形态: 10日内有涨停 | 动量: 突破转强 (阳线上穿5/10)
600199,2026-07-09,6.15,6.94,12.85,12.85,1,4,"形态: 10日内有涨停 | 形态: 两连阴 (-5.90%, -0.96%)"
600199,2026-07-01,6.72,6.94,3.27,3.27,1,10,量能: 放量 (1.63X) | 形态: 10日内有涨停 | 动量: 突破转强 (阳线上穿5/10)
600158,2026-07-07,6.45,6.52,1.09,1.4,1,6,"形态: 两连阴 (-0.15%, -2.21%)"
600158,2026-07-10,6.54,6.52,-0.31,-0.31,0,3,"形态: 两连阴 (-1.24%, -0.47%)"
600158,2026-07-09,6.34,6.52,2.84,3.15,1,4,"形态: 两连阴 (-3.01%, -1.24%)"
600158,2026-07-01,6.85,6.52,-4.82,-0.58,0,10,"形态: 两连阴 (-0.59%, -0.44%)"
600888,2026-07-07,12.82,10.81,-15.68,-2.5,0,6,"趋势: 多头排列 (5>20>60) | 形态: 10日内有涨停 | 形态: 两连阴 (-5.21%, -3.73%)"
600888,2026-07-13,10.58,10.81,2.17,6.43,1,2,"形态: 两连阴 (-2.64%, -3.45%)"
600888,2026-07-10,11.75,10.81,-8.0,-4.17,0,3,"形态: 两连阴 (-2.50%, -2.64%)"
600888,2026-07-03,14.2,10.81,-23.87,-3.73,0,8,趋势: 多头排列 (5>20>60) | 形态: 10日内有涨停 | 趋势: 高于MA20
600888,2026-07-09,12.17,10.81,-11.18,-3.45,0,4,"形态: 两连阴 (-6.22%, -2.50%)"
600888,2026-07-01,16.04,10.81,-32.61,-6.61,0,10,趋势: 多头排列 (5>20>60) | 形态: 10日内有涨停 | 趋势: 高于MA20 | 动量: 突破转强 (阳线上穿5/10)
000802,2026-07-07,3.64,3.7,1.65,4.95,1,6,动量: 突破转强 (阳线上穿5/10)
000802,2026-07-10,3.82,3.7,-3.14,-3.14,0,3,量能: 放量 (1.63X) | 趋势: 高于MA20 | 动量: 突破转强 (阳线上穿5/10)
000802,2026-07-09,3.74,3.7,-1.07,2.14,0,4,动量: 突破转强 (阳线上穿5/10)
600279,2026-07-13,4.0,4.18,4.5,4.5,1,2,趋势: 高于MA20 | 动量: 突破转强 (阳线上穿5/10)
600279,2026-07-10,3.95,4.18,5.82,5.82,1,3,趋势: 高于MA20 | 动量: 突破转强 (阳线上穿5/10)
600279,2026-07-03,3.95,4.18,5.82,5.82,1,8,动量: 突破转强 (阳线上穿5/10)
000886,2026-07-10,4.28,4.42,3.27,3.27,1,3,趋势: 高于MA20 | 动量: 突破转强 (阳线上穿5/10)
000886,2026-07-03,4.2,4.42,5.24,5.24,1,8,动量: 突破转强 (阳线上穿5/10)
000886,2026-07-09,4.15,4.42,6.51,6.51,1,4,动量: 突破转强 (阳线上穿5/10)
603886,2026-07-07,12.32,11.55,-6.25,-0.08,0,6,趋势: 多头排列 (5>20>60)
603886,2026-07-13,11.34,11.55,1.85,1.94,1,2,量能: 放量 (1.60X)
603886,2026-07-03,13.11,11.55,-11.9,-2.36,0,8,趋势: 多头排列 (5>20>60) | 趋势: 高于MA20 | 动量: 突破转强 (阳线上穿5/10)
603886,2026-07-09,12.23,11.55,-5.56,0.65,0,4,"形态: 两连阴 (-3.75%, -1.54%)"
603886,2026-07-01,12.69,11.55,-8.98,3.31,0,10,趋势: 多头排列 (5>20>60) | 趋势: 高于MA20
605300,2026-07-07,8.88,9.21,3.72,3.72,1,6,形态: 10日内有涨停
605300,2026-07-10,8.82,9.21,4.42,4.42,1,3,形态: 10日内有涨停
605300,2026-07-03,9.03,9.21,1.99,1.99,1,8,"形态: 10日内有涨停 | 形态: 两连阴 (-3.79%, -1.39%)"
605300,2026-07-09,8.69,9.21,5.98,5.98,1,4,形态: 10日内有涨停
605300,2026-07-01,9.38,9.21,-1.81,-1.39,0,10,形态: 10日内有涨停 | 趋势: 高于MA20
601615,2026-07-10,11.37,10.22,-10.11,-8.97,0,3,量能: 放量 (1.74X) | 动量: 突破转强 (阳线上穿5/10)
601615,2026-07-03,11.8,10.22,-13.39,-3.64,0,8,动量: 突破转强 (阳线上穿5/10)
601615,2026-07-09,10.6,10.22,-3.58,7.26,0,4,"形态: 两连阴 (-5.12%, -2.98%)"
002795,2026-07-07,6.36,6.2,-2.52,1.42,0,6,"形态: 两连阴 (-5.12%, -2.92%)"
002795,2026-07-09,6.36,6.2,-2.52,1.42,0,4,"形态: 两连阴 (-4.50%, -1.10%)"
002795,2026-07-01,7.24,6.2,-14.36,-0.14,0,10,"量能: 放量 (1.66X) | 形态: 两连阴 (-0.44%, -2.05%) | 动量: 突破转强 (阳线上穿5/10)"
600007,2026-07-13,19.69,20.23,2.74,2.74,1,2,趋势: 高于MA20 | 动量: 突破转强 (阳线上穿5/10)
600007,2026-07-10,19.62,20.23,3.11,3.11,1,3,趋势: 高于MA20
600007,2026-07-09,19.62,20.23,3.11,3.11,1,4,趋势: 高于MA20 | 动量: 突破转强 (阳线上穿5/10)
600007,2026-07-01,19.26,20.23,5.04,5.04,1,10,动量: 突破转强 (阳线上穿5/10)
601872,2026-07-07,16.2,15.26,-5.8,-0.62,0,6,形态: 10日内有涨停
601872,2026-07-03,17.0,15.26,-10.24,4.0,0,8,"形态: 10日内有涨停 | 形态: 两连阴 (-3.98%, -2.02%) | 趋势: 高于MA20"
601872,2026-07-09,16.1,15.26,-5.22,-3.91,0,4,"形态: 两连阴 (-8.37%, -4.01%)"
601872,2026-07-01,16.87,15.26,-9.54,4.8,0,10,"形态: 10日内有涨停 | 形态: 两连阴 (-6.65%, -3.78%) | 趋势: 高于MA20"
605069,2026-07-07,13.62,11.77,-13.58,-5.07,0,6,"形态: 10日内有涨停 | 形态: 两连阴 (-5.16%, -7.63%) | 趋势: 高于MA20"
605069,2026-07-03,15.07,11.77,-21.9,-7.63,0,8,形态: 10日内有涨停 | 趋势: 高于MA20
605069,2026-07-09,12.92,11.77,-8.9,0.08,0,4,"形态: 两连阴 (-2.16%, -5.29%)"
605069,2026-07-01,15.83,11.77,-25.65,0.38,0,10,形态: 10日内有涨停 | 趋势: 高于MA20
600188,2026-07-10,18.16,20.23,11.4,11.4,1,3,"形态: 两连阴 (-0.71%, -1.00%)"
600188,2026-07-09,17.88,20.23,13.14,13.14,1,4,"形态: 两连阴 (-3.24%, -0.71%)"
600497,2026-07-07,10.34,9.44,-8.7,-5.32,0,6,"趋势: 多头排列 (5>20>60) | 形态: 10日内有涨停 | 形态: 两连阴 (-5.85%, -1.83%)"
600497,2026-07-03,10.95,9.44,-13.79,-1.83,0,8,趋势: 多头排列 (5>20>60) | 形态: 10日内有涨停 | 趋势: 高于MA20
600497,2026-07-09,9.79,9.44,-3.58,0.0,0,4,"形态: 两连阴 (-3.81%, -7.16%)"
600497,2026-07-01,12.22,9.44,-22.75,-4.83,0,10,趋势: 多头排列 (5>20>60) | 形态: 10日内有涨停 | 趋势: 高于MA20
600629,2026-07-13,14.03,13.75,-2.0,1.71,0,2,量能: 放量 (2.03X) | 形态: 10日内有涨停 | 趋势: 高于MA20 | 动量: 突破转强 (阳线上穿5/10)
600629,2026-07-10,12.75,13.75,7.84,11.92,1,3,量能: 放量 (1.52X) | 形态: 10日内有涨停 | 动量: 突破转强 (阳线上穿5/10)
605555,2026-07-10,12.46,11.8,-5.3,-2.89,0,3,"形态: 两连阴 (-2.85%, -0.08%)"
605555,2026-07-03,13.7,11.8,-13.87,-5.11,0,8,动量: 突破转强 (阳线上穿5/10)
605555,2026-07-09,12.28,11.8,-3.91,1.47,0,4,"形态: 两连阴 (-2.69%, -2.85%)"
600379,2026-07-07,16.9,13.03,-22.9,-10.0,0,6,形态: 10日内有涨停 | 趋势: 高于MA20 | 动量: 突破转强 (阳线上穿5/10)
600379,2026-07-13,13.55,13.03,-3.84,-1.77,0,2,"趋势: 多头排列 (5>20>60) | 形态: 10日内有涨停 | 形态: 两连阴 (-2.43%, -0.40%)"
600379,2026-07-10,14.78,13.03,-11.84,-8.32,0,3,"趋势: 多头排列 (5>20>60) | 形态: 10日内有涨停 | 形态: 两连阴 (-10.00%, -2.43%) | 趋势: 高于MA20"
600379,2026-07-03,15.63,13.03,-16.63,8.13,0,8,形态: 10日内有涨停 | 趋势: 高于MA20 | 动量: 突破转强 (阳线上穿5/10)
600379,2026-07-09,14.84,13.03,-12.2,-0.4,0,4,形态: 10日内有涨停 | 趋势: 高于MA20
600379,2026-07-01,15.38,13.03,-15.28,9.88,0,10,形态: 10日内有涨停 | 趋势: 高于MA20 | 动量: 突破转强 (阳线上穿5/10)
600143,2026-07-07,15.38,14.29,-7.09,-1.11,0,6,形态: 10日内有涨停
600143,2026-07-13,14.72,14.29,-2.92,-2.79,0,2,形态: 10日内有涨停
600143,2026-07-10,15.21,14.29,-6.05,-3.22,0,3,形态: 10日内有涨停
600143,2026-07-03,17.01,14.29,-15.99,-5.0,0,8,量能: 放量 (1.91X) | 形态: 10日内有涨停 | 趋势: 高于MA20 | 动量: 突破转强 (阳线上穿5/10)
600143,2026-07-09,15.12,14.29,-5.49,0.6,0,4,"形态: 10日内有涨停 | 形态: 两连阴 (-4.83%, -4.10%)"
002254,2026-07-07,14.78,13.05,-11.71,-3.92,0,6,"形态: 10日内有涨停 | 形态: 两连阴 (-1.24%, -9.05%)"
002254,2026-07-03,16.68,13.05,-21.76,-9.05,0,8,"趋势: 多头排列 (5>20>60) | 形态: 10日内有涨停 | 形态: 两连阴 (-4.95%, -2.31%)"
002254,2026-07-09,14.07,13.05,-7.25,0.92,0,4,"形态: 两连阴 (-2.57%, -5.48%)"
002254,2026-07-01,17.29,13.05,-24.52,-2.31,0,10,趋势: 多头排列 (5>20>60) | 形态: 10日内有涨停 | 趋势: 高于MA20
600855,2026-07-10,13.82,11.8,-14.62,-9.99,0,3,量能: 放量 (1.93X) | 动量: 突破转强 (阳线上穿5/10)
600855,2026-07-03,14.56,11.8,-18.96,-5.08,0,8,趋势: 高于MA20 | 动量: 突破转强 (阳线上穿5/10)
600855,2026-07-09,13.01,11.8,-9.3,6.23,0,4,"形态: 两连阴 (-4.61%, -2.84%)"
600855,2026-07-01,14.31,11.8,-17.54,1.75,0,10,动量: 突破转强 (阳线上穿5/10)
601969,2026-07-07,8.23,8.47,2.92,4.13,1,6,"形态: 两连阴 (-0.57%, -1.27%)"
601969,2026-07-10,7.94,8.47,6.68,7.93,1,3,"形态: 两连阴 (-1.09%, -2.83%)"
601969,2026-07-09,7.91,8.47,7.08,8.34,1,4,"形态: 两连阴 (-3.74%, -1.09%)"
603042,2026-07-07,12.04,11.92,-1.0,2.24,0,6,"形态: 两连阴 (-1.04%, -3.47%)"
603042,2026-07-03,13.27,11.92,-10.17,-3.47,0,8,"形态: 两连阴 (-3.33%, -3.66%)"
603042,2026-07-09,12.23,11.92,-2.53,0.65,0,4,"形态: 两连阴 (-6.01%, -0.08%)"
000967,2026-07-07,9.65,8.08,-16.27,-3.11,0,6,形态: 10日内有涨停
000967,2026-07-13,8.23,8.08,-1.82,0.36,0,2,"形态: 10日内有涨停 | 形态: 两连阴 (-1.60%, -1.30%)"
000967,2026-07-10,9.08,8.08,-11.01,-9.03,0,3,"形态: 10日内有涨停 | 形态: 两连阴 (-3.11%, -1.60%)"
000967,2026-07-03,10.48,8.08,-22.9,-3.44,0,8,"形态: 10日内有涨停 | 形态: 两连阴 (-2.56%, -0.10%) | 趋势: 高于MA20"
000967,2026-07-09,9.2,8.08,-12.17,-1.3,0,4,"形态: 10日内有涨停 | 形态: 两连阴 (-4.64%, -3.11%)"
000967,2026-07-01,10.26,8.08,-21.25,2.14,0,10,形态: 10日内有涨停
002082,2026-07-07,12.17,11.78,-3.2,5.75,0,6,趋势: 高于MA20 | 动量: 突破转强 (阳线上穿5/10)
002082,2026-07-10,12.29,11.78,-4.15,-3.34,0,3,趋势: 高于MA20
002082,2026-07-03,11.59,11.78,1.64,11.04,1,8,动量: 突破转强 (阳线上穿5/10)
002082,2026-07-09,12.26,11.78,-3.92,0.24,0,4,趋势: 高于MA20
002082,2026-07-01,11.0,11.78,7.09,17.0,1,10,"形态: 两连阴 (-3.41%, -2.14%)"
000859,2026-07-07,9.0,7.92,-12.0,-4.0,0,6,"形态: 10日内有涨停 | 形态: 两连阴 (-4.23%, -2.21%)"
000859,2026-07-13,7.97,7.92,-0.63,1.13,0,2,形态: 10日内有涨停
000859,2026-07-10,8.62,7.92,-8.12,-6.5,0,3,形态: 10日内有涨停
000859,2026-07-03,9.51,7.92,-16.72,-2.21,0,8,形态: 10日内有涨停
000859,2026-07-09,8.64,7.92,-8.33,-0.23,0,4,"形态: 10日内有涨停 | 形态: 两连阴 (-3.23%, -6.00%)"
000859,2026-07-01,10.44,7.92,-24.14,-4.89,0,10,形态: 10日内有涨停
002264,2026-07-10,5.93,6.15,3.71,3.71,1,3,"形态: 两连阴 (-0.17%, -1.37%) | 动量: 突破转强 (阳线上穿5/10)"
002264,2026-07-03,6.04,6.15,1.82,1.82,1,8,动量: 突破转强 (阳线上穿5/10)
002264,2026-07-09,5.78,6.15,6.4,6.4,1,4,"形态: 两连阴 (-2.65%, -0.17%)"
002810,2026-07-07,24.45,20.83,-14.81,-9.98,0,6,趋势: 高于MA20
002810,2026-07-13,19.85,20.83,4.94,4.94,1,2,"形态: 两连阴 (-3.68%, -2.59%)"
002810,2026-07-10,20.65,20.83,0.87,0.87,1,3,"形态: 两连阴 (-9.98%, -3.68%)"
002810,2026-07-03,25.52,20.83,-18.38,-3.57,0,8,趋势: 高于MA20 | 动量: 突破转强 (阳线上穿5/10)
002810,2026-07-09,21.2,20.83,-1.75,-1.75,0,4,"量能: 放量 (1.61X) | 形态: 两连阴 (-0.65%, -9.98%)"
002810,2026-07-01,25.66,20.83,-18.82,-0.55,0,10,趋势: 高于MA20 | 动量: 突破转强 (阳线上穿5/10)
600635,2026-07-10,4.35,4.4,1.15,1.15,1,3,动量: 突破转强 (阳线上穿5/10)
600635,2026-07-03,4.54,4.4,-3.08,-3.08,0,8,动量: 突破转强 (阳线上穿5/10)
600635,2026-07-09,4.27,4.4,3.04,3.04,1,4,"形态: 两连阴 (-2.73%, -0.23%)"
600635,2026-07-01,4.42,4.4,-0.45,2.71,0,10,量能: 放量 (1.52X)
603070,2026-07-03,12.98,11.14,-14.18,-6.09,0,8,"形态: 两连阴 (-0.08%, -0.64%)"
603070,2026-07-09,11.35,11.14,-1.85,1.15,0,4,"形态: 两连阴 (-4.02%, -3.25%)"
002599,2026-07-10,5.3,5.61,5.85,5.85,1,3,"形态: 两连阴 (-1.13%, -0.76%)"
002599,2026-07-03,5.58,5.61,0.54,0.54,1,8,量能: 放量 (1.64X) | 动量: 突破转强 (阳线上穿5/10)
002599,2026-07-09,5.23,5.61,7.27,7.27,1,4,"形态: 两连阴 (-2.91%, -1.13%)"
600470,2026-07-07,6.9,5.72,-17.1,0.87,0,6,形态: 10日内有涨停 | 趋势: 高于MA20 | 动量: 突破转强 (阳线上穿5/10)
600470,2026-07-13,6.26,5.72,-8.63,-8.63,0,2,趋势: 多头排列 (5>20>60) | 形态: 10日内有涨停 | 趋势: 高于MA20
600470,2026-07-10,6.96,5.72,-17.82,-10.06,0,3,趋势: 多头排列 (5>20>60) | 形态: 10日内有涨停 | 趋势: 高于MA20 | 动量: 突破转强 (阳线上穿5/10)
600470,2026-07-03,6.08,5.72,-5.92,14.47,0,8,形态: 10日内有涨停 | 趋势: 高于MA20
600470,2026-07-09,6.77,5.72,-15.51,2.81,0,4,形态: 10日内有涨停 | 趋势: 高于MA20 | 动量: 突破转强 (阳线上穿5/10)
600470,2026-07-01,6.38,5.72,-10.34,9.09,0,10,"形态: 10日内有涨停 | 形态: 两连阴 (-2.14%, -2.36%) | 趋势: 高于MA20 | 动量: 突破转强 (阳线上穿5/10)"
002491,2026-07-07,23.16,20.37,-12.05,0.6,0,6,"形态: 10日内有涨停 | 形态: 两连阴 (-4.36%, -5.26%)"
002491,2026-07-03,25.47,20.37,-20.02,-5.26,0,8,"趋势: 多头排列 (5>20>60) | 形态: 10日内有涨停 | 形态: 两连阴 (-8.67%, -10.00%)"
002491,2026-07-09,23.3,20.37,-12.58,-5.24,0,4,"形态: 两连阴 (-4.02%, -2.37%)"
002491,2026-07-01,29.59,20.37,-31.16,-10.0,0,10,"趋势: 多头排列 (5>20>60) | 形态: 10日内有涨停 | 形态: 两连阴 (-8.16%, -2.41%) | 趋势: 高于MA20"
002016,2026-07-10,4.04,4.23,4.7,4.7,1,3,动量: 突破转强 (阳线上穿5/10)
002666,2026-07-10,3.88,3.99,2.84,2.84,1,3,"形态: 两连阴 (-1.28%, -1.04%)"
002666,2026-07-03,4.07,3.99,-1.97,-0.74,0,8,动量: 突破转强 (阳线上穿5/10)
002666,2026-07-09,3.82,3.99,4.45,4.45,1,4,"形态: 两连阴 (-3.22%, -1.28%)"
603089,2026-07-10,8.33,8.36,0.36,0.48,1,3,"形态: 两连阴 (-1.79%, -2.07%)"
603089,2026-07-03,8.93,8.36,-6.38,-1.34,0,8,动量: 突破转强 (阳线上穿5/10)
603089,2026-07-09,8.06,8.36,3.72,3.85,1,4,"量能: 放量 (1.54X) | 形态: 两连阴 (-4.88%, -1.79%)"
603089,2026-07-01,8.59,8.36,-2.68,3.96,0,10,"形态: 两连阴 (-0.24%, -0.36%)"
600577,2026-07-13,7.88,7.9,0.25,2.66,1,2,"形态: 两连阴 (-0.23%, -0.12%)"
600577,2026-07-10,8.63,7.9,-8.46,-6.26,0,3,"形态: 两连阴 (-2.37%, -0.23%)"
600577,2026-07-03,9.69,7.9,-18.47,-3.3,0,8,"形态: 两连阴 (-3.07%, -0.95%)"
600577,2026-07-09,8.64,7.9,-8.56,-0.12,0,4,"形态: 两连阴 (-5.34%, -2.37%)"
603637,2026-07-07,13.98,12.95,-7.37,-3.08,0,6,"形态: 两连阴 (-0.61%, -4.26%)"
603637,2026-07-01,14.32,12.95,-9.57,2.3,0,10,"形态: 10日内有涨停 | 形态: 两连阴 (-10.01%, -8.29%)"
002732,2026-07-10,12.75,13.02,2.12,2.12,1,3,"形态: 两连阴 (-0.55%, -1.19%)"
002732,2026-07-03,13.01,13.02,0.08,1.31,1,8,动量: 突破转强 (阳线上穿5/10)
002732,2026-07-09,12.5,13.02,4.16,4.16,1,4,"形态: 两连阴 (-3.49%, -0.55%)"
002732,2026-07-01,12.69,13.02,2.6,3.86,1,10,"形态: 两连阴 (-0.63%, -2.05%)"
601068,2026-07-10,4.28,4.34,1.4,1.4,1,3,"形态: 两连阴 (-0.71%, -0.47%)"
601068,2026-07-09,4.2,4.34,3.33,3.33,1,4,"形态: 两连阴 (-2.97%, -0.71%)"
601068,2026-07-01,4.35,4.34,-0.23,1.15,0,10,"形态: 两连阴 (-0.90%, -1.82%)"
002201,2026-07-03,10.31,8.09,-21.53,-9.02,0,8,"形态: 两连阴 (-2.01%, -3.92%)"
002201,2026-07-09,8.7,8.09,-7.01,2.53,0,4,"形态: 两连阴 (-4.37%, -3.79%)"
002201,2026-07-01,10.71,8.09,-24.46,-3.73,0,10,形态: 10日内有涨停
001299,2026-07-10,9.97,10.2,2.31,2.91,1,3,"形态: 两连阴 (-0.79%, -1.68%)"
001299,2026-07-03,10.43,10.2,-2.21,-0.67,0,8,动量: 突破转强 (阳线上穿5/10)
001299,2026-07-09,9.93,10.2,2.72,3.32,1,4,"形态: 两连阴 (-1.74%, -0.79%)"
002849,2026-07-07,15.54,14.74,-5.15,0.9,0,6,"形态: 10日内有涨停 | 形态: 两连阴 (-1.27%, -3.17%)"
002849,2026-07-13,15.68,14.74,-5.99,-4.34,0,2,"形态: 10日内有涨停 | 形态: 两连阴 (-0.91%, -1.84%)"
002849,2026-07-10,14.96,14.74,-1.47,4.81,0,3,"形态: 10日内有涨停 | 形态: 两连阴 (-1.03%, -0.91%)"
002849,2026-07-03,16.38,14.74,-10.01,-3.17,0,8,"形态: 10日内有涨停 | 形态: 两连阴 (-0.12%, -1.83%)"
002849,2026-07-09,15.24,14.74,-3.28,2.89,0,4,"形态: 10日内有涨停 | 形态: 两连阴 (-2.02%, -1.03%)"
002849,2026-07-01,16.9,14.74,-12.78,-1.83,0,10,形态: 10日内有涨停 | 趋势: 高于MA20
000155,2026-07-13,10.58,11.09,4.82,5.58,1,2,"形态: 两连阴 (-2.23%, -0.73%)"
000155,2026-07-10,10.9,11.09,1.74,2.48,1,3,"形态: 两连阴 (-4.75%, -2.23%)"
000155,2026-07-09,10.98,11.09,1.0,1.73,1,4,"形态: 两连阴 (-1.83%, -4.75%)"
002403,2026-07-07,10.6,9.25,-12.74,-7.45,0,6,形态: 10日内有涨停 | 趋势: 高于MA20
002403,2026-07-13,9.35,9.25,-1.07,0.32,0,2,形态: 10日内有涨停
002403,2026-07-10,9.81,9.25,-5.71,-4.38,0,3,"形态: 10日内有涨停 | 形态: 两连阴 (-7.55%, -1.12%) | 趋势: 高于MA20"
002403,2026-07-03,10.71,9.25,-13.63,9.99,0,8,形态: 10日内有涨停 | 趋势: 高于MA20 | 动量: 突破转强 (阳线上穿5/10)
002403,2026-07-09,9.69,9.25,-4.54,1.24,0,4,"形态: 10日内有涨停 | 形态: 两连阴 (-10.02%, -7.55%)"
002403,2026-07-01,9.81,9.25,-5.71,20.08,0,10,量能: 放量 (1.55X) | 形态: 10日内有涨停 | 趋势: 高于MA20 | 动量: 突破转强 (阳线上穿5/10)
600552,2026-07-07,23.48,18.88,-19.59,-0.64,0,6,"趋势: 多头排列 (5>20>60) | 形态: 10日内有涨停 | 形态: 两连阴 (-5.08%, -7.25%)"
600552,2026-07-03,25.39,18.88,-25.64,-7.25,0,8,"趋势: 多头排列 (5>20>60) | 形态: 10日内有涨停 | 形态: 两连阴 (-8.99%, -9.78%) | 趋势: 高于MA20"
600552,2026-07-09,23.33,18.88,-19.07,-5.14,0,4,"形态: 10日内有涨停 | 形态: 两连阴 (-0.30%, -6.60%)"
600552,2026-07-01,29.65,18.88,-36.32,-9.78,0,10,趋势: 多头排列 (5>20>60) | 形态: 10日内有涨停 | 趋势: 高于MA20
600965,2026-07-10,2.73,2.66,-2.56,-2.56,0,3,趋势: 高于MA20 | 动量: 突破转强 (阳线上穿5/10)
600965,2026-07-03,2.8,2.66,-5.0,-2.5,0,8,动量: 突破转强 (阳线上穿5/10)
600965,2026-07-01,2.68,2.66,-0.75,4.48,0,10,动量: 突破转强 (阳线上穿5/10)
600973,2026-07-01,7.13,5.68,-20.34,-7.15,0,10,动量: 突破转强 (阳线上穿5/10)
600651,2026-07-07,5.43,5.4,-0.55,4.05,0,6,"形态: 两连阴 (-0.18%, -0.18%)"
600651,2026-07-10,5.65,5.4,-4.42,-4.25,0,3,动量: 突破转强 (阳线上穿5/10)
600651,2026-07-09,5.47,5.4,-1.28,3.29,0,4,"形态: 两连阴 (-2.34%, -0.55%)"
002212,2026-07-10,5.78,5.49,-5.02,-2.77,0,3,动量: 突破转强 (阳线上穿5/10)
002212,2026-07-03,5.74,5.49,-4.36,0.7,0,8,"形态: 两连阴 (-2.17%, -2.22%)"
603598,2026-07-07,15.98,15.76,-1.38,4.13,0,6,"形态: 两连阴 (-8.36%, -3.39%)"
601528,2026-07-13,4.66,4.8,3.0,3.0,1,2,"量能: 放量 (1.56X) | 形态: 两连阴 (-1.08%, -0.22%) | 趋势: 高于MA20 | 动量: 突破转强 (阳线上穿5/10)"
002434,2026-07-07,6.28,5.66,-9.87,-3.18,0,6,形态: 10日内有涨停
002434,2026-07-13,5.79,5.66,-2.25,-0.69,0,2,形态: 10日内有涨停
002434,2026-07-10,6.0,5.66,-5.67,-3.5,0,3,"形态: 10日内有涨停 | 形态: 两连阴 (-3.18%, -1.32%)"
002434,2026-07-03,6.67,5.66,-15.14,-2.85,0,8,形态: 10日内有涨停 | 趋势: 高于MA20 | 动量: 突破转强 (阳线上穿5/10)
002434,2026-07-09,6.0,5.66,-5.67,0.0,0,4,"形态: 10日内有涨停 | 形态: 两连阴 (-3.09%, -3.18%)"
600137,2026-07-10,16.74,16.88,0.84,0.84,1,3,"形态: 两连阴 (-1.80%, -1.10%) | 动量: 突破转强 (阳线上穿5/10)"
600137,2026-07-03,17.4,16.88,-2.99,-0.75,0,8,动量: 突破转强 (阳线上穿5/10)
600137,2026-07-09,16.2,16.88,4.2,4.2,1,4,"形态: 两连阴 (-3.42%, -1.80%)"
000070,2026-07-03,17.99,15.6,-13.29,4.45,0,8,"形态: 10日内有涨停 | 形态: 两连阴 (-5.95%, -8.67%)"
000070,2026-07-09,18.18,15.6,-14.19,-0.99,0,4,"形态: 两连阴 (-3.25%, -4.18%)"
000070,2026-07-01,19.6,15.6,-20.41,-4.13,0,10,趋势: 多头排列 (5>20>60) | 形态: 10日内有涨停
000812,2026-07-10,3.2,3.32,3.75,3.75,1,3,动量: 突破转强 (阳线上穿5/10)
000812,2026-07-03,3.25,3.32,2.15,2.15,1,8,动量: 突破转强 (阳线上穿5/10)
002208,2026-07-07,17.66,16.91,-4.25,18.23,0,6,趋势: 多头排列 (5>20>60) | 形态: 10日内有涨停 | 趋势: 高于MA20
002208,2026-07-13,20.88,16.91,-19.01,-10.01,0,2,趋势: 多头排列 (5>20>60) | 量能: 放量 (1.60X) | 形态: 10日内有涨停 | 趋势: 高于MA20 | 动量: 突破转强 (阳线上穿5/10)
002208,2026-07-10,19.43,16.91,-12.97,7.46,0,3,趋势: 多头排列 (5>20>60) | 量能: 放量 (2.20X) | 形态: 10日内有涨停 | 趋势: 高于MA20 | 动量: 突破转强 (阳线上穿5/10)
002208,2026-07-03,19.22,16.91,-12.02,8.64,0,8,"趋势: 多头排列 (5>20>60) | 形态: 10日内有涨停 | 形态: 两连阴 (-0.10%, -5.64%) | 趋势: 高于MA20"
002208,2026-07-09,19.12,16.91,-11.56,9.21,0,4,"趋势: 多头排列 (5>20>60) | 形态: 10日内有涨停 | 形态: 两连阴 (-4.28%, -1.59%) | 趋势: 高于MA20 | 动量: 突破转强 (阳线上穿5/10)"
002208,2026-07-01,20.2,16.91,-16.29,3.37,0,10,趋势: 多头排列 (5>20>60) | 形态: 10日内有涨停 | 趋势: 高于MA20
002137,2026-07-07,11.43,8.77,-23.27,7.17,0,6,趋势: 多头排列 (5>20>60) | 形态: 10日内有涨停 | 趋势: 高于MA20 | 动量: 突破转强 (阳线上穿5/10)
002137,2026-07-13,10.82,8.77,-18.95,-9.98,0,2,趋势: 多头排列 (5>20>60) | 形态: 10日内有涨停
002137,2026-07-10,12.02,8.77,-27.04,-9.98,0,3,趋势: 多头排列 (5>20>60) | 形态: 10日内有涨停 | 趋势: 高于MA20
002137,2026-07-03,10.42,8.77,-15.83,17.56,0,8,"趋势: 多头排列 (5>20>60) | 形态: 两连阴 (-6.35%, -8.17%)"
002137,2026-07-09,12.25,8.77,-28.41,-1.88,0,4,趋势: 多头排列 (5>20>60) | 形态: 10日内有涨停 | 趋势: 高于MA20 | 动量: 突破转强 (阳线上穿5/10)
002137,2026-07-01,10.77,8.77,-18.57,13.74,0,10,趋势: 多头排列 (5>20>60) | 趋势: 高于MA20
002010,2026-07-10,4.59,4.63,0.87,0.87,1,3,"形态: 两连阴 (-0.22%, -1.09%)"
002010,2026-07-03,4.7,4.63,-1.49,0.85,0,8,动量: 突破转强 (阳线上穿5/10)
002010,2026-07-09,4.53,4.63,2.21,2.21,1,4,"形态: 两连阴 (-3.16%, -0.22%)"
002010,2026-07-01,4.58,4.63,1.09,3.49,1,10,"形态: 两连阴 (-0.22%, -1.97%)"
605208,2026-07-07,16.9,18.94,12.07,14.26,1,6,趋势: 多头排列 (5>20>60) | 形态: 10日内有涨停 | 趋势: 高于MA20
605208,2026-07-13,18.48,18.94,2.49,4.49,1,2,趋势: 多头排列 (5>20>60) | 形态: 10日内有涨停 | 趋势: 高于MA20
605208,2026-07-10,18.86,18.94,0.42,2.39,1,3,趋势: 多头排列 (5>20>60) | 形态: 10日内有涨停 | 趋势: 高于MA20 | 动量: 突破转强 (阳线上穿5/10)
605208,2026-07-03,16.87,18.94,12.27,14.46,1,8,趋势: 多头排列 (5>20>60) | 形态: 10日内有涨停 | 趋势: 高于MA20 | 动量: 突破转强 (阳线上穿5/10)
605208,2026-07-09,18.3,18.94,3.5,5.52,1,4,趋势: 多头排列 (5>20>60) | 形态: 10日内有涨停 | 趋势: 高于MA20 | 动量: 突破转强 (阳线上穿5/10)
605208,2026-07-01,16.55,18.94,14.44,16.68,1,10,形态: 10日内有涨停 | 趋势: 高于MA20 | 动量: 突破转强 (阳线上穿5/10)
002575,2026-07-07,4.64,4.69,1.08,4.96,1,6,"形态: 两连阴 (-2.78%, -10.00%)"
000065,2026-07-07,9.19,8.78,-4.46,-2.5,0,6,"形态: 两连阴 (-0.31%, -3.28%)"
000065,2026-07-10,8.92,8.78,-1.57,-1.57,0,3,"形态: 两连阴 (-2.50%, -0.89%)"
000065,2026-07-09,8.88,8.78,-1.13,0.45,0,4,"形态: 两连阴 (-2.75%, -2.50%)"
000065,2026-07-01,9.84,8.78,-10.77,-0.41,0,10,"形态: 两连阴 (-3.75%, -1.80%)"
603366,2026-07-07,6.93,6.44,-7.07,-4.76,0,6,形态: 10日内有涨停 | 趋势: 高于MA20
603366,2026-07-13,6.33,6.44,1.74,1.74,1,2,形态: 10日内有涨停
603366,2026-07-10,6.6,6.44,-2.42,-2.42,0,3,形态: 10日内有涨停
603366,2026-07-03,7.06,6.44,-8.78,2.69,0,8,形态: 10日内有涨停 | 趋势: 高于MA20
603366,2026-07-09,6.49,6.44,-0.77,1.69,0,4,"形态: 10日内有涨停 | 形态: 两连阴 (-4.41%, -6.64%)"
603366,2026-07-01,7.41,6.44,-13.09,-2.16,0,10,量能: 放量 (2.32X) | 形态: 10日内有涨停 | 趋势: 高于MA20 | 动量: 突破转强 (阳线上穿5/10)
603002,2026-07-07,20.79,18.17,-12.6,-3.51,0,6,"趋势: 多头排列 (5>20>60) | 形态: 两连阴 (-1.80%, -4.07%)"
603002,2026-07-03,22.38,18.17,-18.81,-4.07,0,8,"趋势: 多头排列 (5>20>60) | 形态: 10日内有涨停 | 形态: 两连阴 (-1.61%, -4.16%) | 趋势: 高于MA20"
603002,2026-07-09,20.06,18.17,-9.42,-5.28,0,4,"形态: 两连阴 (-3.17%, -4.76%)"
603002,2026-07-01,23.78,18.17,-23.59,-4.16,0,10,"趋势: 多头排列 (5>20>60) | 形态: 10日内有涨停 | 形态: 两连阴 (-7.28%, -0.62%) | 趋势: 高于MA20"
603567,2026-07-07,4.65,4.98,7.1,7.1,1,6,形态: 10日内有涨停
603567,2026-07-13,4.87,4.98,2.26,2.26,1,2,形态: 10日内有涨停 | 趋势: 高于MA20 | 动量: 突破转强 (阳线上穿5/10)
603567,2026-07-10,4.78,4.98,4.18,4.18,1,3,形态: 10日内有涨停 | 动量: 突破转强 (阳线上穿5/10)
603567,2026-07-03,4.79,4.98,3.97,3.97,1,8,形态: 10日内有涨停 | 动量: 突破转强 (阳线上穿5/10)
603567,2026-07-09,4.62,4.98,7.79,7.79,1,4,形态: 10日内有涨停
603567,2026-07-01,4.82,4.98,3.32,3.32,1,10,形态: 10日内有涨停 | 动量: 突破转强 (阳线上穿5/10)
000338,2026-07-07,29.72,26.45,-11.0,-6.09,0,6,趋势: 高于MA20 | 动量: 突破转强 (阳线上穿5/10)
000338,2026-07-13,26.6,26.45,-0.56,3.95,0,2,"形态: 两连阴 (-0.25%, -0.97%)"
000338,2026-07-10,27.57,26.45,-4.06,0.29,0,3,"形态: 两连阴 (-6.09%, -0.25%)"
002772,2026-07-07,12.64,11.78,-6.8,3.88,0,6,趋势: 高于MA20
002772,2026-07-13,13.13,11.78,-10.28,-0.3,0,2,趋势: 高于MA20 | 动量: 突破转强 (阳线上穿5/10)
002772,2026-07-10,12.72,11.78,-7.39,3.22,0,3,趋势: 高于MA20
002772,2026-07-03,13.88,11.78,-15.13,-5.4,0,8,量能: 放量 (2.02X) | 趋势: 高于MA20 | 动量: 突破转强 (阳线上穿5/10)
002772,2026-07-09,12.6,11.78,-6.51,4.21,0,4,趋势: 高于MA20
002636,2026-07-07,100.03,94.79,-5.24,-0.47,0,6,"趋势: 多头排列 (5>20>60) | 形态: 两连阴 (-4.15%, -9.50%)"
002636,2026-07-03,106.95,94.79,-11.37,-6.47,0,8,趋势: 多头排列 (5>20>60) | 趋势: 高于MA20
002636,2026-07-01,111.36,94.79,-14.88,0.2,0,10,趋势: 多头排列 (5>20>60) | 趋势: 高于MA20
002675,2026-07-07,12.62,13.34,5.71,5.71,1,6,趋势: 高于MA20
002675,2026-07-13,12.83,13.34,3.98,3.98,1,2,趋势: 高于MA20
002675,2026-07-10,12.83,13.34,3.98,3.98,1,3,"形态: 两连阴 (-0.48%, -1.51%) | 趋势: 高于MA20 | 动量: 突破转强 (阳线上穿5/10)"
002675,2026-07-03,12.92,13.34,3.25,3.25,1,8,趋势: 高于MA20 | 动量: 突破转强 (阳线上穿5/10)
002675,2026-07-09,12.37,13.34,7.84,7.84,1,4,"形态: 两连阴 (-2.40%, -0.48%)"
002675,2026-07-01,12.78,13.34,4.38,4.38,1,10,趋势: 高于MA20 | 动量: 突破转强 (阳线上穿5/10)
001318,2026-07-03,10.45,10.34,-1.05,0.67,0,8,动量: 突破转强 (阳线上穿5/10)
601600,2026-07-10,8.35,8.98,7.54,7.54,1,3,"形态: 两连阴 (-0.97%, -0.98%) | 动量: 突破转强 (阳线上穿5/10)"
601600,2026-07-03,8.33,8.98,7.8,7.8,1,8,"形态: 两连阴 (-0.24%, -0.37%)"
601600,2026-07-09,8.1,8.98,10.86,10.86,1,4,"形态: 两连阴 (-2.59%, -0.97%)"
000957,2026-07-10,9.32,9.8,5.15,5.15,1,3,"形态: 两连阴 (-1.25%, -2.22%)"
000957,2026-07-03,9.86,9.8,-0.61,-0.2,0,8,动量: 突破转强 (阳线上穿5/10)
000957,2026-07-09,9.26,9.8,5.83,5.83,1,4,"形态: 两连阴 (-2.54%, -1.25%)"
002669,2026-07-07,15.07,12.18,-19.18,-6.24,0,6,"形态: 两连阴 (-6.03%, -9.43%)"
002669,2026-07-13,12.62,12.18,-3.49,0.63,0,2,"形态: 两连阴 (-1.27%, -2.94%)"
002669,2026-07-10,13.54,12.18,-10.04,-6.2,0,3,"形态: 两连阴 (-6.24%, -1.27%)"
002669,2026-07-03,17.29,12.18,-29.55,-9.43,0,8,趋势: 多头排列 (5>20>60)
002669,2026-07-09,13.95,12.18,-12.69,-2.94,0,4,"形态: 两连阴 (-3.77%, -6.24%)"
002669,2026-07-01,17.84,12.18,-31.73,3.14,0,10,趋势: 多头排列 (5>20>60) | 趋势: 高于MA20 | 动量: 突破转强 (阳线上穿5/10)
600156,2026-07-07,8.62,7.68,-10.9,-2.67,0,6,"形态: 10日内有涨停 | 形态: 两连阴 (-0.10%, -3.78%)"
600156,2026-07-13,7.73,7.68,-0.65,-0.13,0,2,形态: 10日内有涨停
600156,2026-07-10,8.39,7.68,-8.46,-7.87,0,3,形态: 10日内有涨停
600156,2026-07-03,9.52,7.68,-19.33,-3.78,0,8,量能: 放量 (2.09X) | 形态: 10日内有涨停 | 趋势: 高于MA20
600156,2026-07-09,8.34,7.68,-7.91,0.6,0,4,"形态: 10日内有涨停 | 形态: 两连阴 (-5.90%, -3.71%)"
000633,2026-07-10,4.85,4.99,2.89,2.89,1,3,"形态: 两连阴 (-1.85%, -0.21%)"
000633,2026-07-03,4.99,4.99,0.0,0.0,0,8,动量: 突破转强 (阳线上穿5/10)
000633,2026-07-09,4.77,4.99,4.61,4.61,1,4,"形态: 两连阴 (-2.40%, -1.85%)"
600250,2026-07-10,7.9,7.92,0.25,0.25,1,3,"形态: 两连阴 (-0.26%, -1.42%) | 动量: 突破转强 (阳线上穿5/10)"
600250,2026-07-03,8.1,7.92,-2.22,-1.36,0,8,动量: 突破转强 (阳线上穿5/10)
600250,2026-07-09,7.66,7.92,3.39,3.39,1,4,"形态: 两连阴 (-2.50%, -0.26%)"
600084,2026-07-13,4.4,4.45,1.14,1.14,1,2,趋势: 高于MA20 | 动量: 突破转强 (阳线上穿5/10)
600084,2026-07-10,4.32,4.45,3.01,3.01,1,3,趋势: 高于MA20 | 动量: 突破转强 (阳线上穿5/10)
600084,2026-07-03,4.24,4.45,4.95,8.02,1,8,趋势: 高于MA20 | 动量: 突破转强 (阳线上穿5/10)
002023,2026-07-07,12.19,9.9,-18.79,-5.0,0,6,"趋势: 多头排列 (5>20>60) | 形态: 两连阴 (-2.53%, -2.68%)"
002023,2026-07-10,11.57,9.9,-14.43,-10.03,0,3,"形态: 两连阴 (-5.00%, -0.43%)"
002023,2026-07-03,12.7,9.9,-22.05,-2.68,0,8,趋势: 多头排列 (5>20>60) | 趋势: 高于MA20
002023,2026-07-09,11.53,9.9,-14.14,0.35,0,4,"形态: 两连阴 (-1.38%, -5.00%)"
002023,2026-07-01,13.48,9.9,-26.56,-3.34,0,10,趋势: 多头排列 (5>20>60) | 趋势: 高于MA20 | 动量: 突破转强 (阳线上穿5/10)
002716,2026-07-03,8.44,7.45,-11.73,2.01,0,8,量能: 放量 (1.70X) | 动量: 突破转强 (阳线上穿5/10)
002716,2026-07-09,7.81,7.45,-4.61,1.54,0,4,"形态: 两连阴 (-9.64%, -0.26%)"
603172,2026-07-07,16.65,16.63,-0.12,-0.12,0,6,"形态: 两连阴 (-1.01%, -2.56%)"
603172,2026-07-10,16.57,16.63,0.36,0.36,1,3,"形态: 两连阴 (-1.92%, -0.80%)"
603172,2026-07-09,16.2,16.63,2.65,2.65,1,4,"形态: 两连阴 (-2.92%, -1.92%)"
603172,2026-07-01,16.75,16.63,-0.72,6.15,0,10,"形态: 两连阴 (-1.31%, -1.02%)"
002044,2026-07-07,4.39,4.57,4.1,5.69,1,6,"形态: 两连阴 (-2.57%, -3.46%)"
002044,2026-07-10,4.64,4.57,-1.51,-1.51,0,3,量能: 放量 (1.66X)
002372,2026-07-10,7.98,7.83,-1.88,-1.88,0,3,"量能: 放量 (1.61X) | 形态: 两连阴 (-2.95%, -3.28%)"
002372,2026-07-09,7.96,7.83,-1.63,0.25,0,4,"量能: 放量 (1.53X) | 形态: 两连阴 (-1.40%, -2.95%)"
002115,2026-07-13,11.6,10.43,-10.09,-10.0,0,2,量能: 放量 (3.14X) | 形态: 10日内有涨停 | 趋势: 高于MA20 | 动量: 突破转强 (阳线上穿5/10)
002115,2026-07-10,10.95,10.43,-4.75,5.94,0,3,形态: 10日内有涨停 | 趋势: 高于MA20 | 动量: 突破转强 (阳线上穿5/10)
002115,2026-07-09,9.95,10.43,4.82,16.58,1,4,"形态: 两连阴 (-1.98%, -1.51%)"
603871,2026-07-13,11.19,11.72,4.74,4.74,1,2,趋势: 高于MA20
603871,2026-07-10,11.25,11.72,4.18,4.18,1,3,趋势: 高于MA20
603871,2026-07-03,11.11,11.72,5.49,5.49,1,8,动量: 突破转强 (阳线上穿5/10)
603871,2026-07-01,10.6,11.72,10.57,10.57,1,10,"形态: 两连阴 (-1.90%, -0.97%)"
603648,2026-07-13,9.38,9.44,0.64,2.88,1,2,趋势: 高于MA20
603648,2026-07-10,9.43,9.44,0.11,2.33,1,3,量能: 放量 (1.59X) | 趋势: 高于MA20 | 动量: 突破转强 (阳线上穿5/10)
603648,2026-07-03,9.15,9.44,3.17,5.46,1,8,动量: 突破转强 (阳线上穿5/10)
603648,2026-07-09,9.31,9.44,1.4,3.65,1,4,趋势: 高于MA20 | 动量: 突破转强 (阳线上穿5/10)
603648,2026-07-01,8.88,9.44,6.31,8.67,1,10,"形态: 两连阴 (-2.04%, -0.58%) | 动量: 突破转强 (阳线上穿5/10)"
000571,2026-07-07,6.52,6.51,-0.15,1.84,0,6,趋势: 多头排列 (5>20>60) | 趋势: 高于MA20
000571,2026-07-13,5.96,6.51,9.23,9.23,1,2,"趋势: 多头排列 (5>20>60) | 形态: 两连阴 (-2.26%, -1.39%)"
000571,2026-07-10,6.4,6.51,1.72,1.72,1,3,趋势: 多头排列 (5>20>60) | 趋势: 高于MA20
000571,2026-07-03,6.84,6.51,-4.82,0.29,0,8,趋势: 多头排列 (5>20>60) | 形态: 10日内有涨停 | 趋势: 高于MA20
000571,2026-07-09,6.49,6.51,0.31,0.31,1,4,趋势: 多头排列 (5>20>60) | 趋势: 高于MA20
000571,2026-07-01,6.64,6.51,-1.96,4.97,0,10,趋势: 多头排列 (5>20>60) | 形态: 10日内有涨停 | 趋势: 高于MA20 | 动量: 突破转强 (阳线上穿5/10)
600128,2026-07-10,7.8,7.83,0.38,0.51,1,3,"形态: 两连阴 (-0.65%, -0.26%) | 动量: 突破转强 (阳线上穿5/10)"
600128,2026-07-09,7.62,7.83,2.76,2.89,1,4,"形态: 两连阴 (-3.27%, -0.65%)"
002302,2026-07-10,4.43,4.48,1.13,1.13,1,3,量能: 放量 (1.51X) | 动量: 突破转强 (阳线上穿5/10)
002302,2026-07-01,4.37,4.48,2.52,2.52,1,10,"形态: 两连阴 (-0.46%, -1.14%)"
603587,2026-07-13,11.46,11.75,2.53,2.53,1,2,"形态: 两连阴 (-0.95%, -0.61%)"
603587,2026-07-10,11.46,11.75,2.53,2.53,1,3,"形态: 两连阴 (-0.26%, -0.95%)"
603587,2026-07-03,11.84,11.75,-0.76,1.94,0,8,趋势: 高于MA20 | 动量: 突破转强 (阳线上穿5/10)
603587,2026-07-09,11.53,11.75,1.91,1.91,1,4,"形态: 两连阴 (-3.31%, -0.26%)"
603018,2026-07-10,5.28,5.35,1.33,1.33,1,3,"形态: 两连阴 (-0.37%, -0.75%)"
603018,2026-07-09,5.28,5.35,1.33,1.33,1,4,"形态: 两连阴 (-1.11%, -0.37%)"
603018,2026-07-01,5.22,5.35,2.49,3.45,1,10,"形态: 两连阴 (-19.16%, -0.96%)"
000561,2026-07-13,6.94,6.91,-0.43,-0.43,0,2,量能: 放量 (1.59X)
000561,2026-07-10,7.58,6.91,-8.84,-8.44,0,3,量能: 放量 (2.47X) | 趋势: 高于MA20 | 动量: 突破转强 (阳线上穿5/10)
000561,2026-07-03,7.64,6.91,-9.55,-0.79,0,8,动量: 突破转强 (阳线上穿5/10)
000561,2026-07-09,7.1,6.91,-2.68,6.76,0,4,"形态: 两连阴 (-4.06%, -1.27%)"
000505,2026-07-10,5.34,5.5,3.0,3.0,1,3,量能: 放量 (1.52X) | 趋势: 高于MA20 | 动量: 突破转强 (阳线上穿5/10)
000505,2026-07-03,5.3,5.5,3.77,3.77,1,8,动量: 突破转强 (阳线上穿5/10)
600331,2026-07-13,9.88,10.56,6.88,6.88,1,2,"形态: 两连阴 (-3.82%, -1.75%)"
600331,2026-07-03,11.7,10.56,-9.74,-3.76,0,8,动量: 突破转强 (阳线上穿5/10)
000520,2026-07-07,4.59,4.04,-11.98,-4.14,0,6,趋势: 多头排列 (5>20>60) | 形态: 10日内有涨停 | 趋势: 高于MA20
000520,2026-07-13,4.07,4.04,-0.74,0.25,0,2,趋势: 多头排列 (5>20>60) | 形态: 10日内有涨停
000520,2026-07-10,4.34,4.04,-6.91,-5.99,0,3,"趋势: 多头排列 (5>20>60) | 形态: 10日内有涨停 | 形态: 两连阴 (-4.14%, -1.82%) | 趋势: 高于MA20"
000520,2026-07-03,4.55,4.04,-11.21,3.3,0,8,量能: 放量 (1.84X) | 形态: 10日内有涨停 | 趋势: 高于MA20 | 动量: 突破转强 (阳线上穿5/10)
000520,2026-07-09,4.32,4.04,-6.48,0.46,0,4,"趋势: 多头排列 (5>20>60) | 形态: 10日内有涨停 | 形态: 两连阴 (-2.34%, -4.14%) | 趋势: 高于MA20"
000520,2026-07-01,4.1,4.04,-1.46,14.63,0,10,形态: 10日内有涨停 | 动量: 突破转强 (阳线上穿5/10)
600721,2026-07-10,6.8,7.57,11.32,11.32,1,3,"形态: 两连阴 (-1.62%, -2.09%) | 动量: 突破转强 (阳线上穿5/10)"
600721,2026-07-03,6.96,7.57,8.76,8.76,1,8,动量: 突破转强 (阳线上穿5/10)
600721,2026-07-09,6.55,7.57,15.57,15.57,1,4,"形态: 两连阴 (-3.13%, -1.62%)"
002951,2026-07-07,14.84,12.69,-14.49,9.97,0,6,形态: 10日内有涨停 | 动量: 突破转强 (阳线上穿5/10)
002951,2026-07-13,13.06,12.69,-2.83,-2.83,0,2,"形态: 10日内有涨停 | 形态: 两连阴 (-3.19%, -8.16%)"
002951,2026-07-10,14.51,12.69,-12.54,-9.99,0,3,形态: 10日内有涨停
002951,2026-07-09,15.8,12.69,-19.68,-8.16,0,4,量能: 放量 (1.96X) | 形态: 10日内有涨停 | 趋势: 高于MA20
002951,2026-07-01,13.35,12.69,-4.94,22.25,0,10,"形态: 两连阴 (-2.86%, -1.62%)"
600415,2026-07-10,10.17,10.43,2.56,2.56,1,3,"形态: 两连阴 (-2.34%, -0.60%)"
600415,2026-07-03,10.62,10.43,-1.79,0.0,0,8,动量: 突破转强 (阳线上穿5/10)
600415,2026-07-09,9.95,10.43,4.82,4.82,1,4,"形态: 两连阴 (-3.48%, -2.34%)"
600415,2026-07-01,10.39,10.43,0.38,2.21,1,10,动量: 突破转强 (阳线上穿5/10)
002105,2026-07-10,5.04,5.21,3.37,3.37,1,3,动量: 突破转强 (阳线上穿5/10)
002105,2026-07-03,5.21,5.21,0.0,0.0,0,8,动量: 突破转强 (阳线上穿5/10)
002105,2026-07-09,4.9,5.21,6.33,6.33,1,4,"形态: 两连阴 (-3.88%, -1.21%)"
600510,2026-07-07,6.88,6.31,-8.28,0.29,0,6,"形态: 两连阴 (-2.66%, -3.14%)"
600510,2026-07-10,6.9,6.31,-8.55,-4.49,0,3,"形态: 两连阴 (-2.47%, -0.30%)"
600510,2026-07-09,6.69,6.31,-5.68,3.14,0,4,"形态: 两连阴 (-3.10%, -2.47%)"
600510,2026-07-01,7.83,6.31,-19.41,-3.83,0,10,趋势: 高于MA20 | 动量: 突破转强 (阳线上穿5/10)
603189,2026-07-07,10.25,9.05,-11.71,0.0,0,6,"形态: 两连阴 (-1.93%, -3.57%)"
603189,2026-07-13,9.47,9.05,-4.44,-3.38,0,2,"形态: 两连阴 (-0.68%, -1.28%)"
603189,2026-07-03,11.2,9.05,-19.2,-3.57,0,8,趋势: 高于MA20
603189,2026-07-01,10.91,9.05,-17.05,4.67,0,10,动量: 突破转强 (阳线上穿5/10)
002998,2026-07-07,7.0,7.36,5.14,5.14,1,6,"形态: 10日内有涨停 | 形态: 两连阴 (-2.48%, -2.68%)"
002998,2026-07-13,6.92,7.36,6.36,6.36,1,2,形态: 10日内有涨停
002998,2026-07-10,7.13,7.36,3.23,3.23,1,3,形态: 10日内有涨停 | 趋势: 高于MA20 | 动量: 突破转强 (阳线上穿5/10)
002998,2026-07-03,7.46,7.36,-1.34,-1.34,0,8,量能: 放量 (1.94X) | 形态: 10日内有涨停 | 趋势: 高于MA20
002998,2026-07-09,6.81,7.36,8.08,8.08,1,4,"形态: 10日内有涨停 | 形态: 两连阴 (-3.58%, -3.00%)"
002998,2026-07-01,6.95,7.36,5.9,10.07,1,10,量能: 放量 (2.24X) | 动量: 突破转强 (阳线上穿5/10)
603327,2026-07-07,8.6,7.79,-9.42,-3.49,0,6,形态: 10日内有涨停
603327,2026-07-13,7.66,7.79,1.7,1.7,1,2,"形态: 10日内有涨停 | 形态: 两连阴 (-0.84%, -0.36%)"
603327,2026-07-10,8.2,7.79,-5.0,-5.0,0,3,"形态: 10日内有涨停 | 形态: 两连阴 (-3.49%, -0.84%)"
603327,2026-07-03,8.86,7.79,-12.08,-2.93,0,8,"形态: 10日内有涨停 | 形态: 两连阴 (-1.89%, -3.25%)"
603327,2026-07-09,8.23,7.79,-5.35,-0.36,0,4,形态: 10日内有涨停
603327,2026-07-01,8.32,7.79,-6.37,6.49,0,10,"形态: 两连阴 (-9.96%, -3.31%)"
603221,2026-07-07,11.99,11.41,-4.84,0.5,0,6,量能: 放量 (1.74X) | 形态: 10日内有涨停 | 趋势: 高于MA20 | 动量: 突破转强 (阳线上穿5/10)
603221,2026-07-13,11.77,11.41,-3.06,-0.42,0,2,形态: 10日内有涨停 | 趋势: 高于MA20
603221,2026-07-10,12.05,11.41,-5.31,-2.32,0,3,形态: 10日内有涨停 | 趋势: 高于MA20 | 动量: 突破转强 (阳线上穿5/10)
603221,2026-07-03,10.71,11.41,6.54,12.51,1,8,量能: 放量 (2.25X) | 动量: 突破转强 (阳线上穿5/10)
603221,2026-07-09,11.71,11.41,-2.56,2.9,0,4,形态: 10日内有涨停 | 趋势: 高于MA20 | 动量: 突破转强 (阳线上穿5/10)
001205,2026-07-10,13.31,13.16,-1.13,-1.13,0,3,"形态: 两连阴 (-0.82%, -1.42%)"
001205,2026-07-09,13.19,13.16,-0.23,0.91,0,4,"形态: 两连阴 (-2.39%, -0.82%)"
001205,2026-07-01,13.92,13.16,-5.46,-0.72,0,10,"形态: 两连阴 (-1.35%, -1.30%)"
603738,2026-07-07,49.63,40.35,-18.7,-3.08,0,6,"形态: 10日内有涨停 | 形态: 两连阴 (-9.99%, -3.31%)"
603738,2026-07-13,41.91,40.35,-3.72,2.7,0,2,形态: 10日内有涨停
603738,2026-07-10,46.57,40.35,-13.36,-7.58,0,3,形态: 10日内有涨停
603738,2026-07-03,53.51,40.35,-24.59,-3.31,0,8,趋势: 多头排列 (5>20>60) | 形态: 10日内有涨停
603738,2026-07-09,48.1,40.35,-16.11,-3.18,0,4,"形态: 10日内有涨停 | 形态: 两连阴 (-4.08%, -7.39%)"
603738,2026-07-01,66.06,40.35,-38.92,-10.01,0,10,趋势: 多头排列 (5>20>60) | 形态: 10日内有涨停 | 趋势: 高于MA20 | 动量: 突破转强 (阳线上穿5/10)
000759,2026-07-07,5.89,6.87,16.64,16.64,1,6,"趋势: 多头排列 (5>20>60) | 形态: 10日内有涨停 | 形态: 两连阴 (-7.35%, -3.49%)"
000759,2026-07-13,6.14,6.87,11.89,11.89,1,2,趋势: 多头排列 (5>20>60) | 形态: 10日内有涨停
000759,2026-07-10,6.66,6.87,3.15,3.15,1,3,趋势: 多头排列 (5>20>60) | 形态: 10日内有涨停 | 趋势: 高于MA20 | 动量: 突破转强 (阳线上穿5/10)
000759,2026-07-03,6.3,6.87,9.05,9.05,1,8,趋势: 多头排列 (5>20>60) | 形态: 10日内有涨停 | 趋势: 高于MA20
000759,2026-07-09,6.58,6.87,4.41,4.41,1,4,趋势: 多头排列 (5>20>60) | 形态: 10日内有涨停 | 趋势: 高于MA20 | 动量: 突破转强 (阳线上穿5/10)
000759,2026-07-01,6.46,6.87,6.35,6.35,1,10,趋势: 多头排列 (5>20>60) | 形态: 10日内有涨停 | 趋势: 高于MA20 | 动量: 突破转强 (阳线上穿5/10)
603105,2026-07-10,6.71,6.7,-0.15,-0.15,0,3,"形态: 两连阴 (-0.45%, -0.90%)"
603105,2026-07-03,7.09,6.7,-5.5,-2.68,0,8,动量: 突破转强 (阳线上穿5/10)
603105,2026-07-09,6.57,6.7,1.98,2.13,1,4,"形态: 两连阴 (-3.48%, -0.45%)"
603105,2026-07-01,6.97,6.7,-3.87,1.72,0,10,"形态: 两连阴 (-0.29%, -0.58%)"
603697,2026-07-10,10.3,10.57,2.62,2.62,1,3,量能: 放量 (1.52X) | 动量: 突破转强 (阳线上穿5/10)
600692,2026-07-10,5.51,5.69,3.27,3.27,1,3,"形态: 两连阴 (-0.55%, -1.30%) | 动量: 突破转强 (阳线上穿5/10)"
600692,2026-07-09,5.31,5.69,7.16,7.16,1,4,"形态: 两连阴 (-4.08%, -0.55%)"
600692,2026-07-01,5.61,5.69,1.43,1.43,1,10,"形态: 两连阴 (-0.72%, -1.09%)"
000811,2026-07-07,52.6,50.35,-4.28,4.77,0,6,趋势: 多头排列 (5>20>60) | 形态: 10日内有涨停 | 趋势: 高于MA20
000811,2026-07-13,48.12,50.35,4.63,8.06,1,2,趋势: 多头排列 (5>20>60) | 形态: 10日内有涨停
000811,2026-07-10,53.47,50.35,-5.84,-2.75,0,3,趋势: 多头排列 (5>20>60) | 形态: 10日内有涨停 | 趋势: 高于MA20
000811,2026-07-03,52.65,50.35,-4.37,4.67,0,8,"趋势: 多头排列 (5>20>60) | 形态: 10日内有涨停 | 形态: 两连阴 (-2.35%, -7.30%) | 趋势: 高于MA20"
000811,2026-07-09,55.11,50.35,-8.64,-2.98,0,4,"趋势: 多头排列 (5>20>60) | 形态: 10日内有涨停 | 形态: 两连阴 (-1.92%, -4.75%) | 趋势: 高于MA20 | 动量: 突破转强 (阳线上穿5/10)"
000811,2026-07-01,54.9,50.35,-8.29,0.38,0,10,趋势: 多头排列 (5>20>60) | 形态: 10日内有涨停 | 趋势: 高于MA20
000598,2026-07-13,6.84,6.9,0.88,0.88,1,2,趋势: 高于MA20 | 动量: 突破转强 (阳线上穿5/10)
000598,2026-07-10,6.73,6.9,2.53,2.53,1,3,趋势: 高于MA20 | 动量: 突破转强 (阳线上穿5/10)
000598,2026-07-09,6.71,6.9,2.83,2.83,1,4,趋势: 高于MA20
000632,2026-07-10,3.37,3.22,-4.45,-3.86,0,3,趋势: 高于MA20
000632,2026-07-03,3.45,3.22,-6.67,0.0,0,8,趋势: 高于MA20 | 动量: 突破转强 (阳线上穿5/10)
000632,2026-07-09,3.45,3.22,-6.67,-2.32,0,4,趋势: 高于MA20 | 动量: 突破转强 (阳线上穿5/10)
000632,2026-07-01,3.2,3.22,0.63,7.81,1,10,动量: 突破转强 (阳线上穿5/10)
600538,2026-07-13,4.89,4.96,1.43,1.43,1,2,"形态: 两连阴 (-1.28%, -2.59%)"
600538,2026-07-10,5.27,4.96,-5.88,-5.88,0,3,"形态: 两连阴 (-3.01%, -1.28%)"
600538,2026-07-03,5.99,4.96,-17.2,-2.0,0,8,趋势: 高于MA20 | 动量: 突破转强 (阳线上穿5/10)
600538,2026-07-09,5.41,4.96,-8.32,-2.59,0,4,"形态: 两连阴 (-3.75%, -3.01%)"
603177,2026-07-13,8.9,8.71,-2.13,0.9,0,2,量能: 放量 (1.76X) | 动量: 突破转强 (阳线上穿5/10)
603177,2026-07-10,8.65,8.71,0.69,3.82,1,3,"量能: 放量 (2.13X) | 形态: 两连阴 (-2.56%, -0.25%) | 动量: 突破转强 (阳线上穿5/10)"
603177,2026-07-09,7.96,8.71,9.42,12.81,1,4,"形态: 两连阴 (-2.62%, -2.56%)"
603177,2026-07-01,8.49,8.71,2.59,5.77,1,10,形态: 10日内有涨停
002749,2026-07-03,8.16,8.24,0.98,1.1,1,8,动量: 突破转强 (阳线上穿5/10)
600719,2026-07-10,7.79,7.14,-8.34,-6.42,0,3,动量: 突破转强 (阳线上穿5/10)
600719,2026-07-03,7.74,7.14,-7.75,0.65,0,8,形态: 10日内有涨停
600719,2026-07-09,7.54,7.14,-5.31,3.32,0,4,"形态: 两连阴 (-3.74%, -1.74%)"
600719,2026-07-01,8.06,7.14,-11.41,-3.35,0,10,"形态: 10日内有涨停 | 形态: 两连阴 (-7.51%, -2.16%)"
605077,2026-07-10,10.54,10.6,0.57,0.57,1,3,"形态: 两连阴 (-1.31%, -1.90%)"
605077,2026-07-09,10.35,10.6,2.42,2.42,1,4,"形态: 两连阴 (-3.95%, -1.31%)"
605077,2026-07-01,10.96,10.6,-3.28,1.73,0,10,"形态: 两连阴 (-0.09%, -2.08%)"
002639,2026-07-07,12.46,11.69,-6.18,1.04,0,6,"形态: 10日内有涨停 | 形态: 两连阴 (-0.73%, -4.33%)"
002639,2026-07-10,12.59,11.69,-7.15,-6.27,0,3,形态: 10日内有涨停
002639,2026-07-03,13.64,11.69,-14.3,-4.33,0,8,形态: 10日内有涨停
002639,2026-07-09,12.17,11.69,-3.94,3.45,0,4,"形态: 10日内有涨停 | 形态: 两连阴 (-4.52%, -2.65%)"
002639,2026-07-01,14.12,11.69,-17.21,-2.69,0,10,形态: 10日内有涨停 | 动量: 突破转强 (阳线上穿5/10)
600197,2026-07-10,9.79,10.2,4.19,4.19,1,3,"形态: 两连阴 (-0.51%, -1.34%)"
600197,2026-07-03,10.02,10.2,1.8,1.8,1,8,动量: 突破转强 (阳线上穿5/10)
600197,2026-07-09,9.54,10.2,6.92,6.92,1,4,"形态: 两连阴 (-2.99%, -0.51%)"
600197,2026-07-01,9.89,10.2,3.13,3.13,1,10,动量: 突破转强 (阳线上穿5/10)
000932,2026-07-13,3.53,3.64,3.12,3.12,1,2,动量: 突破转强 (阳线上穿5/10)
000932,2026-07-10,3.5,3.64,4.0,4.0,1,3,"形态: 两连阴 (-0.58%, -1.45%) | 动量: 突破转强 (阳线上穿5/10)"
000932,2026-07-09,3.4,3.64,7.06,7.06,1,4,"形态: 两连阴 (-2.80%, -0.58%)"
603033,2026-07-07,9.19,8.27,-10.01,-7.83,0,6,形态: 10日内有涨停
603033,2026-07-13,8.18,8.27,1.1,1.1,1,2,形态: 10日内有涨停
603033,2026-07-10,8.3,8.27,-0.36,-0.36,0,3,形态: 10日内有涨停
603033,2026-07-03,9.95,8.27,-16.88,2.61,0,8,形态: 10日内有涨停 | 趋势: 高于MA20
603033,2026-07-09,8.47,8.27,-2.36,-2.01,0,4,"形态: 10日内有涨停 | 形态: 两连阴 (-9.99%, -8.05%)"
603033,2026-07-01,9.99,8.27,-17.22,4.1,0,10,量能: 放量 (1.62X) | 形态: 10日内有涨停 | 趋势: 高于MA20
002228,2026-07-07,3.09,3.13,1.29,1.29,1,6,动量: 突破转强 (阳线上穿5/10)
002228,2026-07-10,3.06,3.13,2.29,2.29,1,3,动量: 突破转强 (阳线上穿5/10)
002228,2026-07-03,3.09,3.13,1.29,1.29,1,8,动量: 突破转强 (阳线上穿5/10)
600039,2026-07-07,8.47,8.42,-0.59,3.07,0,6,趋势: 高于MA20
600039,2026-07-13,8.38,8.42,0.48,0.72,1,2,"形态: 两连阴 (-2.63%, -0.71%) | 趋势: 高于MA20"
600039,2026-07-10,8.44,8.42,-0.24,0.0,0,3,趋势: 高于MA20
600039,2026-07-03,8.45,8.42,-0.36,3.31,0,8,趋势: 高于MA20 | 动量: 突破转强 (阳线上穿5/10)
600039,2026-07-09,8.5,8.42,-0.94,-0.71,0,4,趋势: 高于MA20
002757,2026-07-13,16.88,16.7,-1.07,-1.07,0,2,形态: 10日内有涨停
002757,2026-07-10,18.0,16.7,-7.22,-6.22,0,3,形态: 10日内有涨停 | 动量: 突破转强 (阳线上穿5/10)
002757,2026-07-09,17.91,16.7,-6.76,0.5,0,4,量能: 放量 (1.80X) | 形态: 10日内有涨停
603879,2026-07-10,4.46,4.48,0.45,0.45,1,3,"形态: 两连阴 (-1.15%, -0.23%)"
603879,2026-07-03,4.65,4.48,-3.66,-1.29,0,8,动量: 突破转强 (阳线上穿5/10)
603879,2026-07-09,4.29,4.48,4.43,4.43,1,4,"形态: 两连阴 (-5.23%, -1.15%)"
603879,2026-07-01,4.63,4.48,-3.24,0.43,0,10,动量: 突破转强 (阳线上穿5/10)
601366,2026-07-13,3.45,3.54,2.61,2.61,1,2,趋势: 高于MA20 | 动量: 突破转强 (阳线上穿5/10)
601366,2026-07-10,3.44,3.54,2.91,2.91,1,3,趋势: 高于MA20 | 动量: 突破转强 (阳线上穿5/10)
601366,2026-07-03,3.44,3.54,2.91,2.91,1,8,动量: 突破转强 (阳线上穿5/10)
000559,2026-07-03,14.22,11.23,-21.03,-7.74,0,8,量能: 放量 (1.92X) | 趋势: 高于MA20 | 动量: 突破转强 (阳线上穿5/10)
000559,2026-07-09,11.94,11.23,-5.95,0.67,0,4,"形态: 两连阴 (-3.96%, -6.43%)"
000551,2026-07-07,19.2,14.97,-22.03,-2.86,0,6,趋势: 多头排列 (5>20>60) | 形态: 10日内有涨停 | 趋势: 高于MA20
000551,2026-07-13,16.79,14.97,-10.84,-7.62,0,2,趋势: 多头排列 (5>20>60)
000551,2026-07-10,18.65,14.97,-19.73,-9.97,0,3,趋势: 多头排列 (5>20>60) | 形态: 10日内有涨停 | 趋势: 高于MA20
000551,2026-07-03,20.5,14.97,-26.98,-2.93,0,8,趋势: 多头排列 (5>20>60) | 形态: 10日内有涨停 | 趋势: 高于MA20 | 动量: 突破转强 (阳线上穿5/10)
000551,2026-07-09,18.44,14.97,-18.82,1.14,0,4,"趋势: 多头排列 (5>20>60) | 形态: 10日内有涨停 | 形态: 两连阴 (-3.52%, -8.23%) | 趋势: 高于MA20"
000551,2026-07-01,21.0,14.97,-28.71,-2.38,0,10,趋势: 多头排列 (5>20>60) | 形态: 10日内有涨停 | 趋势: 高于MA20 | 动量: 突破转强 (阳线上穿5/10)
600523,2026-07-13,11.32,11.55,2.03,2.21,1,2,趋势: 高于MA20
600523,2026-07-10,11.38,11.55,1.49,1.67,1,3,量能: 放量 (1.51X) | 趋势: 高于MA20 | 动量: 突破转强 (阳线上穿5/10)
600523,2026-07-03,11.2,11.55,3.13,3.3,1,8,趋势: 高于MA20 | 动量: 突破转强 (阳线上穿5/10)
600523,2026-07-09,11.33,11.55,1.94,2.12,1,4,"量能: 放量 (1.55X) | 形态: 两连阴 (-2.89%, -0.28%) | 趋势: 高于MA20 | 动量: 突破转强 (阳线上穿5/10)"
600523,2026-07-01,10.9,11.55,5.96,6.15,1,10,动量: 突破转强 (阳线上穿5/10)
600515,2026-07-10,2.81,2.79,-0.71,-0.71,0,3,"量能: 放量 (1.58X) | 形态: 两连阴 (-0.36%, -0.73%) | 动量: 突破转强 (阳线上穿5/10)"
600515,2026-07-09,2.71,2.79,2.95,3.69,1,4,"形态: 两连阴 (-2.14%, -0.36%)"
600099,2026-07-10,8.34,8.35,0.12,0.12,1,3,动量: 突破转强 (阳线上穿5/10)
600099,2026-07-03,8.61,8.35,-3.02,-1.05,0,8,动量: 突破转强 (阳线上穿5/10)
600099,2026-07-09,8.09,8.35,3.21,3.21,1,4,"形态: 两连阴 (-3.99%, -1.59%)"
603421,2026-07-09,5.89,5.68,-3.57,1.02,0,4,"形态: 两连阴 (-2.34%, -0.51%)"
000973,2026-07-07,14.58,12.44,-14.68,-9.95,0,6,"量能: 放量 (1.90X) | 形态: 10日内有涨停 | 形态: 两连阴 (-3.17%, -3.71%) | 趋势: 高于MA20 | 动量: 突破转强 (阳线上穿5/10)"
000973,2026-07-13,11.68,12.44,6.51,6.51,1,2,"形态: 10日内有涨停 | 形态: 两连阴 (-4.80%, -2.80%)"
000973,2026-07-10,12.15,12.44,2.39,2.39,1,3,"形态: 10日内有涨停 | 形态: 两连阴 (-9.95%, -4.80%)"
000973,2026-07-03,13.76,12.44,-9.59,5.96,0,8,"形态: 两连阴 (-0.49%, -0.49%)"
000973,2026-07-09,12.5,12.44,-0.48,-0.48,0,4,形态: 10日内有涨停
000973,2026-07-01,14.28,12.44,-12.89,2.1,0,10,趋势: 高于MA20
002887,2026-07-03,10.76,10.03,-6.78,-0.37,0,8,动量: 突破转强 (阳线上穿5/10)
002887,2026-07-09,10.72,10.03,-6.44,-3.45,0,4,"形态: 两连阴 (-0.47%, -2.27%) | 动量: 突破转强 (阳线上穿5/10)"
600706,2026-07-10,6.99,7.02,0.43,0.43,1,3,动量: 突破转强 (阳线上穿5/10)
600706,2026-07-03,7.07,7.02,-0.71,-0.71,0,8,动量: 突破转强 (阳线上穿5/10)
600706,2026-07-01,6.95,7.02,1.01,1.73,1,10,"形态: 两连阴 (-0.29%, -1.46%)"
002531,2026-07-10,7.56,6.86,-9.26,0.79,0,3,"形态: 两连阴 (-2.96%, -0.40%)"
002531,2026-07-03,8.52,6.86,-19.48,-6.69,0,8,"形态: 两连阴 (-1.42%, -1.32%)"
002531,2026-07-09,7.52,6.86,-8.78,1.33,0,4,"形态: 两连阴 (-2.14%, -2.96%)"
000856,2026-07-10,7.39,7.35,-0.54,-0.54,0,3,动量: 突破转强 (阳线上穿5/10)
000856,2026-07-03,7.68,7.35,-4.3,-1.56,0,8,动量: 突破转强 (阳线上穿5/10)
000856,2026-07-09,7.17,7.35,2.51,3.07,1,4,"形态: 两连阴 (-3.97%, -1.38%)"
002052,2026-07-07,7.93,8.0,0.88,5.3,1,6,"形态: 10日内有涨停 | 形态: 两连阴 (-1.65%, -4.20%)"
002052,2026-07-13,7.95,8.0,0.63,5.03,1,2,形态: 10日内有涨停
002052,2026-07-10,8.08,8.0,-0.99,3.34,0,3,形态: 10日内有涨停
002052,2026-07-03,8.34,8.0,-4.08,0.12,0,8,形态: 10日内有涨停
002052,2026-07-09,8.08,8.0,-0.99,3.34,0,4,"形态: 10日内有涨停 | 形态: 两连阴 (-0.75%, -1.51%) | 动量: 突破转强 (阳线上穿5/10)"
002052,2026-07-01,8.55,8.0,-6.43,-0.82,0,10,量能: 放量 (1.50X) | 形态: 10日内有涨停 | 动量: 突破转强 (阳线上穿5/10)
000036,2026-07-07,4.16,4.82,15.87,15.87,1,6,"形态: 两连阴 (-0.46%, -0.93%)"
000036,2026-07-13,4.21,4.82,14.49,14.49,1,2,量能: 放量 (1.60X)
000036,2026-07-10,4.1,4.82,17.56,17.56,1,3,"形态: 两连阴 (-1.92%, -0.49%)"
000036,2026-07-09,4.06,4.82,18.72,18.72,1,4,"形态: 两连阴 (-2.80%, -1.92%)"
000036,2026-07-01,4.41,4.82,9.3,9.3,1,10,"形态: 两连阴 (-0.22%, -2.24%)"
600857,2026-07-07,19.46,21.03,8.07,8.07,1,6,"趋势: 多头排列 (5>20>60) | 形态: 10日内有涨停 | 形态: 两连阴 (-5.88%, -4.04%) | 趋势: 高于MA20"
600857,2026-07-13,19.8,21.03,6.21,6.21,1,2,趋势: 多头排列 (5>20>60) | 形态: 10日内有涨停 | 趋势: 高于MA20
600857,2026-07-10,20.19,21.03,4.16,4.16,1,3,趋势: 多头排列 (5>20>60) | 形态: 10日内有涨停 | 趋势: 高于MA20
600857,2026-07-03,21.3,21.03,-1.27,-1.27,0,8,趋势: 多头排列 (5>20>60) | 形态: 10日内有涨停 | 趋势: 高于MA20
600857,2026-07-09,19.4,21.03,8.4,8.4,1,4,"趋势: 多头排列 (5>20>60) | 形态: 10日内有涨停 | 形态: 两连阴 (-4.79%, -1.44%) | 趋势: 高于MA20"
600857,2026-07-01,21.91,21.03,-4.02,3.29,0,10,趋势: 多头排列 (5>20>60) | 形态: 10日内有涨停 | 趋势: 高于MA20 | 动量: 突破转强 (阳线上穿5/10)
603166,2026-07-07,11.73,10.83,-7.67,-6.73,0,6,形态: 10日内有涨停
603166,2026-07-13,10.26,10.83,5.56,5.56,1,2,"形态: 10日内有涨停 | 形态: 两连阴 (-0.37%, -0.28%)"
603166,2026-07-10,10.87,10.83,-0.37,-0.37,0,3,"形态: 10日内有涨停 | 形态: 两连阴 (-6.73%, -0.37%)"
603166,2026-07-03,14.24,10.83,-23.95,-8.5,0,8,形态: 10日内有涨停
603166,2026-07-09,10.9,10.83,-0.64,-0.28,0,4,"形态: 10日内有涨停 | 形态: 两连阴 (-9.98%, -6.73%)"
603166,2026-07-01,14.71,10.83,-26.38,-3.2,0,10,"形态: 10日内有涨停 | 形态: 两连阴 (-2.49%, -2.27%) | 趋势: 高于MA20"
600028,2026-07-07,4.8,5.03,4.79,4.79,1,6,趋势: 高于MA20
600028,2026-07-13,4.88,5.03,3.07,3.07,1,2,"形态: 两连阴 (-0.41%, -1.04%) | 趋势: 高于MA20 | 动量: 突破转强 (阳线上穿5/10)"
600028,2026-07-10,4.76,5.03,5.67,5.67,1,3,趋势: 高于MA20
600028,2026-07-03,4.7,5.03,7.02,7.02,1,8,动量: 突破转强 (阳线上穿5/10)
600028,2026-07-09,4.81,5.03,4.57,4.57,1,4,趋势: 高于MA20
600372,2026-07-07,11.13,11.31,1.62,4.04,1,6,趋势: 高于MA20 | 动量: 突破转强 (阳线上穿5/10)
600372,2026-07-13,11.18,11.31,1.16,1.16,1,2,趋势: 高于MA20
600372,2026-07-10,11.58,11.31,-2.33,-2.33,0,3,量能: 放量 (1.73X) | 趋势: 高于MA20 | 动量: 突破转强 (阳线上穿5/10)
600372,2026-07-03,11.24,11.31,0.62,3.02,1,8,趋势: 高于MA20 | 动量: 突破转强 (阳线上穿5/10)
600372,2026-07-09,11.26,11.31,0.44,2.84,1,4,趋势: 高于MA20 | 动量: 突破转强 (阳线上穿5/10)
600372,2026-07-01,11.01,11.31,2.72,5.18,1,10,趋势: 高于MA20 | 动量: 突破转强 (阳线上穿5/10)
600769,2026-07-07,18.11,16.43,-9.28,-2.71,0,6,趋势: 多头排列 (5>20>60) | 形态: 10日内有涨停
600769,2026-07-13,16.47,16.43,-0.24,3.52,0,2,形态: 10日内有涨停
600769,2026-07-10,17.62,16.43,-6.75,-3.23,0,3,形态: 10日内有涨停
600769,2026-07-03,21.78,16.43,-24.56,-10.01,0,8,趋势: 多头排列 (5>20>60) | 形态: 10日内有涨停 | 趋势: 高于MA20 | 动量: 突破转强 (阳线上穿5/10)
600769,2026-07-09,17.5,16.43,-6.11,0.69,0,4,"形态: 10日内有涨停 | 形态: 两连阴 (-7.60%, -5.30%)"
600769,2026-07-01,20.7,16.43,-20.63,5.22,0,10,"趋势: 多头排列 (5>20>60) | 形态: 10日内有涨停 | 形态: 两连阴 (-0.48%, -0.92%) | 趋势: 高于MA20"
000729,2026-07-07,11.09,11.66,5.14,5.14,1,6,趋势: 高于MA20 | 动量: 突破转强 (阳线上穿5/10)
000729,2026-07-13,11.13,11.66,4.76,4.76,1,2,趋势: 高于MA20 | 动量: 突破转强 (阳线上穿5/10)
000729,2026-07-10,10.85,11.66,7.47,7.47,1,3,"形态: 两连阴 (-0.18%, -2.89%) | 趋势: 高于MA20"
000729,2026-07-09,10.75,11.66,8.47,8.47,1,4,趋势: 高于MA20
000729,2026-07-01,10.53,11.66,10.73,10.73,1,10,动量: 突破转强 (阳线上穿5/10)
002576,2026-07-10,13.92,13.53,-2.8,-2.8,0,3,"形态: 两连阴 (-3.97%, -0.07%)"
002576,2026-07-03,15.54,13.53,-12.93,-3.99,0,8,量能: 放量 (2.26X) | 趋势: 高于MA20 | 动量: 突破转强 (阳线上穿5/10)
002576,2026-07-09,13.78,13.53,-1.81,1.02,0,4,"形态: 两连阴 (-3.75%, -3.97%)"
601022,2026-07-10,7.7,7.99,3.77,3.77,1,3,"形态: 两连阴 (-0.78%, -1.17%)"
601022,2026-07-03,7.91,7.99,1.01,1.01,1,8,趋势: 高于MA20 | 动量: 突破转强 (阳线上穿5/10)
601022,2026-07-09,7.57,7.99,5.55,5.55,1,4,"形态: 两连阴 (-2.65%, -0.78%)"
600371,2026-07-10,6.67,6.81,2.1,2.1,1,3,"形态: 两连阴 (-0.76%, -0.91%) | 趋势: 高于MA20 | 动量: 突破转强 (阳线上穿5/10)"
600371,2026-07-03,6.71,6.81,1.49,1.49,1,8,动量: 突破转强 (阳线上穿5/10)
600371,2026-07-09,6.5,6.81,4.77,4.77,1,4,"形态: 两连阴 (-2.07%, -0.76%)"
002003,2026-07-13,8.72,9.12,4.59,4.59,1,2,"形态: 两连阴 (-2.62%, -1.64%) | 趋势: 高于MA20 | 动量: 突破转强 (阳线上穿5/10)"
002003,2026-07-03,8.78,9.12,3.87,3.87,1,8,趋势: 高于MA20
002003,2026-07-01,8.53,9.12,6.92,6.92,1,10,动量: 突破转强 (阳线上穿5/10)
002348,2026-07-07,10.9,10.85,-0.46,2.75,0,6,动量: 突破转强 (阳线上穿5/10)
002348,2026-07-10,10.98,10.85,-1.18,2.0,0,3,动量: 突破转强 (阳线上穿5/10)
002534,2026-07-13,17.55,17.03,-2.96,-0.51,0,2,动量: 突破转强 (阳线上穿5/10)
002534,2026-07-10,17.51,17.03,-2.74,0.23,0,3,动量: 突破转强 (阳线上穿5/10)
002534,2026-07-03,17.8,17.03,-4.33,-1.12,0,8,"形态: 两连阴 (-8.30%, -2.76%)"
601116,2026-07-10,9.95,9.94,-0.1,-0.1,0,3,动量: 突破转强 (阳线上穿5/10)
002918,2026-07-10,9.4,9.35,-0.53,-0.53,0,3,"形态: 两连阴 (-3.45%, -0.76%)"
002918,2026-07-09,9.17,9.35,1.96,2.51,1,4,"形态: 两连阴 (-4.30%, -3.45%)"
002918,2026-07-01,10.25,9.35,-8.78,0.39,0,10,形态: 10日内有涨停
002678,2026-07-10,4.27,4.2,-1.64,-1.64,0,3,动量: 突破转强 (阳线上穿5/10)
002678,2026-07-09,4.21,4.2,-0.24,1.43,0,4,"形态: 两连阴 (-2.78%, -0.48%)"
001330,2026-07-07,5.22,4.88,-6.51,1.92,0,6,"形态: 10日内有涨停 | 形态: 两连阴 (-2.49%, -3.28%)"
001330,2026-07-10,5.32,4.88,-8.27,-8.27,0,3,"形态: 两连阴 (-2.30%, -0.20%)"
001330,2026-07-03,5.49,4.88,-11.11,-3.1,0,8,形态: 10日内有涨停
001330,2026-07-09,5.09,4.88,-4.13,4.52,0,4,"形态: 两连阴 (-1.69%, -2.30%)"
001330,2026-07-01,5.71,4.88,-14.54,-1.4,0,10,"形态: 10日内有涨停 | 形态: 两连阴 (-8.80%, -1.40%)"
002545,2026-07-13,15.88,16.4,3.27,3.27,1,2,"形态: 两连阴 (-3.37%, -0.48%)"
002545,2026-07-10,16.53,16.4,-0.79,-0.79,0,3,"形态: 两连阴 (-4.66%, -3.37%)"
002545,2026-07-09,16.61,16.4,-1.26,-0.48,0,4,"形态: 两连阴 (-0.88%, -4.66%)"
002545,2026-07-01,17.16,16.4,-4.43,6.0,0,10,"形态: 两连阴 (-1.99%, -3.16%)"
600397,2026-07-07,20.78,17.57,-15.45,-4.43,0,6,"趋势: 多头排列 (5>20>60) | 形态: 10日内有涨停 | 形态: 两连阴 (-10.00%, -9.98%)"
600397,2026-07-13,17.5,17.57,0.4,4.34,1,2,形态: 10日内有涨停
600397,2026-07-10,18.84,17.57,-6.74,-3.08,0,3,形态: 10日内有涨停
600397,2026-07-03,25.65,17.57,-31.5,-9.98,0,8,趋势: 多头排列 (5>20>60) | 形态: 10日内有涨停 | 趋势: 高于MA20
600397,2026-07-09,19.86,17.57,-11.53,-5.14,0,4,"形态: 10日内有涨停 | 形态: 两连阴 (-10.00%, -7.89%)"
600397,2026-07-01,29.95,17.57,-41.34,-4.84,0,10,趋势: 多头排列 (5>20>60) | 形态: 10日内有涨停 | 趋势: 高于MA20 | 动量: 突破转强 (阳线上穿5/10)
603006,2026-07-07,13.95,10.9,-21.86,-6.16,0,6,趋势: 多头排列 (5>20>60) | 趋势: 高于MA20
603006,2026-07-13,11.22,10.9,-2.85,-0.62,0,2,"形态: 两连阴 (-1.30%, -3.48%)"
603006,2026-07-10,12.47,10.9,-12.59,-10.02,0,3,"形态: 两连阴 (-6.16%, -1.30%)"
603006,2026-07-03,14.82,10.9,-26.45,-4.72,0,8,趋势: 多头排列 (5>20>60) | 趋势: 高于MA20 | 动量: 突破转强 (阳线上穿5/10)
603006,2026-07-09,12.92,10.9,-15.63,-3.48,0,4,"趋势: 多头排列 (5>20>60) | 形态: 两连阴 (-1.20%, -6.16%)"
603006,2026-07-01,14.46,10.9,-24.62,2.49,0,10,趋势: 多头排列 (5>20>60) | 趋势: 高于MA20 | 动量: 突破转强 (阳线上穿5/10)
600560,2026-07-10,10.73,10.65,-0.75,-0.75,0,3,"形态: 两连阴 (-1.48%, -1.41%)"
600560,2026-07-03,11.57,10.65,-7.95,-3.63,0,8,趋势: 高于MA20 | 动量: 突破转强 (阳线上穿5/10)
600560,2026-07-09,10.5,10.65,1.43,2.19,1,4,"形态: 两连阴 (-3.05%, -1.48%)"
002476,2026-07-07,4.57,4.43,-3.06,-1.09,0,6,"形态: 两连阴 (-2.02%, -2.06%)"
002476,2026-07-09,4.52,4.43,-1.99,0.0,0,4,"形态: 两连阴 (-3.99%, -1.31%)"
600531,2026-07-03,15.24,12.06,-20.87,-4.4,0,8,形态: 10日内有涨停 | 趋势: 高于MA20
600531,2026-07-09,13.51,12.06,-10.73,-0.22,0,4,"形态: 两连阴 (-5.97%, -4.31%)"
600531,2026-07-01,15.73,12.06,-23.33,-3.12,0,10,"形态: 10日内有涨停 | 形态: 两连阴 (-2.76%, -4.71%) | 趋势: 高于MA20"
002949,2026-07-10,10.06,10.13,0.7,0.7,1,3,"形态: 两连阴 (-0.50%, -0.40%)"
002949,2026-07-03,10.5,10.13,-3.52,-0.48,0,8,动量: 突破转强 (阳线上穿5/10)
002949,2026-07-09,9.98,10.13,1.5,1.5,1,4,"形态: 两连阴 (-3.64%, -0.50%)"
002769,2026-07-10,6.49,6.53,0.62,0.62,1,3,"形态: 两连阴 (-1.83%, -0.62%)"
002769,2026-07-03,6.83,6.53,-4.39,-2.78,0,8,动量: 突破转强 (阳线上穿5/10)
002769,2026-07-09,6.38,6.53,2.35,2.35,1,4,"形态: 两连阴 (-1.51%, -1.83%)"
000507,2026-07-13,4.89,5.02,2.66,2.66,1,2,量能: 放量 (3.36X) | 趋势: 高于MA20 | 动量: 突破转强 (阳线上穿5/10)
000507,2026-07-01,4.73,5.02,6.13,6.13,1,10,"形态: 两连阴 (-2.65%, -2.09%)"
603528,2026-07-10,5.95,5.68,-4.54,-4.54,0,3,动量: 突破转强 (阳线上穿5/10)
603528,2026-07-01,6.03,5.68,-5.8,0.66,0,10,"形态: 两连阴 (-1.34%, -0.17%)"
601933,2026-07-10,3.2,3.2,0.0,0.0,0,3,量能: 放量 (1.69X) | 趋势: 高于MA20 | 动量: 突破转强 (阳线上穿5/10)
601933,2026-07-09,3.06,3.2,4.58,4.58,1,4,动量: 突破转强 (阳线上穿5/10)
601933,2026-07-01,3.12,3.2,2.56,2.56,1,10,"形态: 两连阴 (-4.29%, -2.07%) | 动量: 突破转强 (阳线上穿5/10)"
000061,2026-07-10,5.65,5.77,2.12,2.12,1,3,动量: 突破转强 (阳线上穿5/10)
000061,2026-07-01,5.67,5.77,1.76,1.76,1,10,动量: 突破转强 (阳线上穿5/10)
002164,2026-07-10,11.32,10.86,-4.06,-4.06,0,3,"形态: 两连阴 (-6.65%, -0.09%)"
002164,2026-07-03,12.91,10.86,-15.88,-6.82,0,8,量能: 放量 (1.57X) | 趋势: 高于MA20 | 动量: 突破转强 (阳线上穿5/10)
603017,2026-07-10,9.87,9.14,-7.4,-7.4,0,3,量能: 放量 (2.27X) | 动量: 突破转强 (阳线上穿5/10)
603017,2026-07-03,10.3,9.14,-11.26,-4.17,0,8,动量: 突破转强 (阳线上穿5/10)
603017,2026-07-09,9.29,9.14,-1.61,6.24,0,4,"形态: 两连阴 (-3.19%, -1.38%)"
601566,2026-07-10,8.27,8.26,-0.12,-0.12,0,3,"形态: 两连阴 (-0.71%, -1.20%)"
601566,2026-07-03,8.7,8.26,-5.06,0.57,0,8,动量: 突破转强 (阳线上穿5/10)
601566,2026-07-09,8.26,8.26,0.0,0.12,0,4,"形态: 两连阴 (-3.77%, -0.71%)"
003003,2026-07-03,10.55,10.43,-1.14,-1.14,0,8,动量: 突破转强 (阳线上穿5/10)
003003,2026-07-09,10.03,10.43,3.99,3.99,1,4,"形态: 两连阴 (-2.40%, -1.38%)"
002892,2026-07-03,9.96,9.09,-8.73,-5.82,0,8,量能: 放量 (1.59X) | 动量: 突破转强 (阳线上穿5/10)
002790,2026-07-10,5.54,5.61,1.26,1.26,1,3,"形态: 两连阴 (-0.54%, -1.09%)"
002790,2026-07-03,5.72,5.61,-1.92,-0.52,0,8,量能: 放量 (1.71X) | 动量: 突破转强 (阳线上穿5/10)
002790,2026-07-09,5.45,5.61,2.94,2.94,1,4,"形态: 两连阴 (-2.64%, -0.54%)"
000546,2026-07-10,4.58,4.4,-3.93,-3.28,0,3,"形态: 两连阴 (-4.15%, -1.73%)"
000546,2026-07-09,4.54,4.4,-3.08,0.88,0,4,"形态: 两连阴 (-2.63%, -4.15%)"
002644,2026-07-13,7.45,7.86,5.5,5.5,1,2,量能: 放量 (1.97X) | 趋势: 高于MA20 | 动量: 突破转强 (阳线上穿5/10)
002644,2026-07-03,7.33,7.86,7.23,7.23,1,8,动量: 突破转强 (阳线上穿5/10)
600579,2026-07-07,7.68,6.98,-9.11,5.08,0,6,趋势: 多头排列 (5>20>60) | 形态: 10日内有涨停 | 趋势: 高于MA20
600579,2026-07-13,7.82,6.98,-10.74,-1.79,0,2,趋势: 多头排列 (5>20>60) | 趋势: 高于MA20
600579,2026-07-10,7.79,6.98,-10.4,0.39,0,3,趋势: 多头排列 (5>20>60) | 趋势: 高于MA20
600579,2026-07-03,7.91,6.98,-11.76,2.02,0,8,"形态: 10日内有涨停 | 形态: 两连阴 (-2.18%, -4.46%) | 趋势: 高于MA20"
600579,2026-07-09,8.07,6.98,-13.51,-3.1,0,4,趋势: 多头排列 (5>20>60) | 趋势: 高于MA20 | 动量: 突破转强 (阳线上穿5/10)
600579,2026-07-01,8.08,6.98,-13.61,-0.12,0,10,形态: 10日内有涨停 | 趋势: 高于MA20
600714,2026-07-07,16.37,14.99,-8.43,-2.75,0,6,"形态: 两连阴 (-4.36%, -4.33%)"
600714,2026-07-10,15.68,14.99,-4.4,-3.19,0,3,"形态: 两连阴 (-2.75%, -2.07%)"
600714,2026-07-09,15.59,14.99,-3.85,0.58,0,4,"形态: 两连阴 (-4.94%, -2.75%)"
600714,2026-07-01,20.73,14.99,-27.69,-9.21,0,10,量能: 放量 (1.88X)
600830,2026-07-10,8.06,8.12,0.74,0.74,1,3,动量: 突破转强 (阳线上穿5/10)
600830,2026-07-03,8.18,8.12,-0.73,-0.49,0,8,动量: 突破转强 (阳线上穿5/10)
002565,2026-07-03,12.61,9.84,-21.97,-9.99,0,8,动量: 突破转强 (阳线上穿5/10)
002565,2026-07-09,10.67,9.84,-7.78,4.5,0,4,"形态: 两连阴 (-4.32%, -4.42%)"
002565,2026-07-01,12.85,9.84,-23.42,-1.87,0,10,动量: 突破转强 (阳线上穿5/10)
002731,2026-07-07,3.92,2.09,-46.68,-9.95,0,6,量能: 放量 (5.00X)
002731,2026-07-13,2.57,2.09,-18.68,-10.12,0,2,"形态: 两连阴 (-9.92%, -10.06%)"
002731,2026-07-10,2.86,2.09,-26.92,-10.14,0,3,"量能: 放量 (3.04X) | 形态: 两连阴 (-9.95%, -9.92%)"
002731,2026-07-09,3.18,2.09,-34.28,-10.06,0,4,"量能: 放量 (1.74X) | 形态: 两连阴 (-9.89%, -9.95%)"
603997,2026-07-07,11.64,12.48,7.22,7.22,1,6,"形态: 两连阴 (-0.73%, -1.87%)"
603997,2026-07-13,11.85,12.48,5.32,5.32,1,2,量能: 放量 (1.67X) | 动量: 突破转强 (阳线上穿5/10)
603997,2026-07-09,11.33,12.48,10.15,10.15,1,4,"形态: 两连阴 (-3.64%, -2.84%)"
002366,2026-07-07,5.46,5.01,-8.24,-3.48,0,6,形态: 10日内有涨停
002366,2026-07-10,5.27,5.01,-4.93,-4.55,0,3,形态: 10日内有涨停
002366,2026-07-03,5.8,5.01,-13.62,-2.41,0,8,形态: 10日内有涨停
002366,2026-07-09,5.22,5.01,-4.02,0.96,0,4,"形态: 10日内有涨停 | 形态: 两连阴 (-3.53%, -4.95%)"
002366,2026-07-01,5.98,5.01,-16.22,-3.01,0,10,形态: 10日内有涨停 | 动量: 突破转强 (阳线上穿5/10)
600419,2026-07-13,7.5,7.91,5.47,5.47,1,2,量能: 放量 (1.63X)
600419,2026-07-10,7.73,7.91,2.33,2.33,1,3,"形态: 两连阴 (-0.64%, -1.81%)"
600419,2026-07-03,8.0,7.91,-1.12,0.37,0,8,趋势: 高于MA20 | 动量: 突破转强 (阳线上穿5/10)
600419,2026-07-09,7.59,7.91,4.22,4.22,1,4,"形态: 两连阴 (-3.11%, -0.64%)"
601108,2026-07-13,8.5,9.01,6.0,6.0,1,2,趋势: 高于MA20
601108,2026-07-10,8.53,9.01,5.63,5.63,1,3,趋势: 高于MA20
601108,2026-07-03,9.12,9.01,-1.21,0.11,0,8,形态: 10日内有涨停 | 动量: 突破转强 (阳线上穿5/10)
601108,2026-07-09,8.72,9.01,3.33,3.33,1,4,"形态: 两连阴 (-5.81%, -1.28%) | 趋势: 高于MA20"
601108,2026-07-01,9.21,9.01,-2.17,-0.87,0,10,形态: 10日内有涨停 | 动量: 突破转强 (阳线上穿5/10)
603176,2026-07-10,4.35,4.37,0.46,0.46,1,3,动量: 突破转强 (阳线上穿5/10)
603176,2026-07-03,4.44,4.37,-1.58,-1.13,0,8,动量: 突破转强 (阳线上穿5/10)
002066,2026-07-09,21.0,20.43,-2.71,-2.71,0,4,"形态: 两连阴 (-3.77%, -1.11%) | 动量: 突破转强 (阳线上穿5/10)"
603778,2026-07-07,10.95,9.83,-10.23,3.38,0,6,"量能: 放量 (1.86X) | 形态: 10日内有涨停 | 形态: 两连阴 (-9.85%, -9.98%)"
603778,2026-07-13,10.19,9.83,-3.53,-1.37,0,2,形态: 10日内有涨停
603778,2026-07-10,11.32,9.83,-13.16,-9.98,0,3,形态: 10日内有涨停
603778,2026-07-03,11.62,9.83,-15.4,-2.58,0,8,形态: 10日内有涨停
603778,2026-07-09,11.02,9.83,-10.8,2.72,0,4,形态: 10日内有涨停
002471,2026-07-07,5.64,5.13,-9.04,3.19,0,6,形态: 10日内有涨停
002471,2026-07-13,5.24,5.13,-2.1,-1.53,0,2,形态: 10日内有涨停
002471,2026-07-10,5.82,5.13,-11.86,-9.97,0,3,量能: 放量 (1.63X) | 形态: 10日内有涨停
002471,2026-07-03,6.51,5.13,-21.2,-8.14,0,8,形态: 10日内有涨停 | 动量: 突破转强 (阳线上穿5/10)
002471,2026-07-09,5.53,5.13,-7.23,5.24,0,4,"形态: 10日内有涨停 | 形态: 两连阴 (-5.69%, -2.30%)"
603399,2026-07-07,19.7,14.26,-27.61,-10.0,0,6,趋势: 多头排列 (5>20>60) | 形态: 10日内有涨停
603399,2026-07-13,14.99,14.26,-4.87,2.67,0,2,"形态: 两连阴 (-4.79%, -3.91%)"
603399,2026-07-10,16.22,14.26,-12.08,-5.12,0,3,"形态: 两连阴 (-10.00%, -4.79%)"
603399,2026-07-03,20.0,14.26,-28.7,4.25,0,8,趋势: 多头排列 (5>20>60) | 形态: 10日内有涨停
603399,2026-07-09,16.88,14.26,-15.52,-3.91,0,4,"形态: 两连阴 (-5.52%, -10.00%)"
603399,2026-07-01,22.72,14.26,-37.24,-5.06,0,10,趋势: 多头排列 (5>20>60) | 形态: 10日内有涨停 | 趋势: 高于MA20 | 动量: 突破转强 (阳线上穿5/10)
002494,2026-07-10,4.61,4.56,-1.08,-0.87,0,3,动量: 突破转强 (阳线上穿5/10)
002494,2026-07-03,4.73,4.56,-3.59,-0.21,0,8,动量: 突破转强 (阳线上穿5/10)
600961,2026-07-07,28.1,24.76,-11.89,-1.6,0,6,"趋势: 多头排列 (5>20>60) | 形态: 两连阴 (-8.26%, -5.14%)"
600961,2026-07-03,29.99,24.76,-17.44,-5.14,0,8,趋势: 多头排列 (5>20>60) | 形态: 10日内有涨停 | 趋势: 高于MA20
600961,2026-07-09,27.65,24.76,-10.45,-4.09,0,4,"形态: 两连阴 (-1.23%, -6.16%)"
600961,2026-07-01,35.3,24.76,-29.86,-7.39,0,10,"趋势: 多头排列 (5>20>60) | 形态: 10日内有涨停 | 形态: 两连阴 (-1.55%, -4.06%) | 趋势: 高于MA20 | 动量: 突破转强 (阳线上穿5/10)"
002725,2026-07-09,11.68,10.88,-6.85,-1.28,0,4,"形态: 两连阴 (-4.70%, -0.09%)"
603165,2026-07-07,13.59,13.89,2.21,2.21,1,6,形态: 10日内有涨停
603165,2026-07-13,13.41,13.89,3.58,3.58,1,2,形态: 10日内有涨停
603165,2026-07-10,13.75,13.89,1.02,1.02,1,3,形态: 10日内有涨停
603165,2026-07-03,14.7,13.89,-5.51,-2.38,0,8,量能: 放量 (1.60X) | 形态: 10日内有涨停 | 趋势: 高于MA20 | 动量: 突破转强 (阳线上穿5/10)
603165,2026-07-09,13.71,13.89,1.31,1.31,1,4,"形态: 10日内有涨停 | 形态: 两连阴 (-5.30%, -1.03%)"
605122,2026-07-10,10.76,10.74,-0.19,-0.19,0,3,"形态: 两连阴 (-2.67%, -1.04%)"
605122,2026-07-09,10.45,10.74,2.78,2.97,1,4,"形态: 两连阴 (-2.43%, -2.67%)"
605122,2026-07-01,10.88,10.74,-1.29,2.67,0,10,"形态: 两连阴 (-0.36%, -1.73%)"
002036,2026-07-07,6.73,6.1,-9.36,0.45,0,6,形态: 10日内有涨停
002036,2026-07-13,6.19,6.1,-1.45,-1.45,0,2,形态: 10日内有涨停
002036,2026-07-10,6.76,6.1,-9.76,-8.43,0,3,形态: 10日内有涨停
002036,2026-07-03,7.42,6.1,-17.79,-5.8,0,8,形态: 10日内有涨停
002036,2026-07-09,6.72,6.1,-9.23,0.6,0,4,"形态: 10日内有涨停 | 形态: 两连阴 (-3.72%, -2.67%)"
002036,2026-07-01,7.57,6.1,-19.42,-1.98,0,10,形态: 10日内有涨停
600051,2026-07-10,5.88,6.02,2.38,2.38,1,3,"形态: 两连阴 (-1.20%, -0.17%) | 动量: 突破转强 (阳线上穿5/10)"
600051,2026-07-03,6.03,6.02,-0.17,-0.17,0,8,动量: 突破转强 (阳线上穿5/10)
600051,2026-07-09,5.74,6.02,4.88,4.88,1,4,"形态: 两连阴 (-2.51%, -1.20%)"
600185,2026-07-01,4.59,4.57,-0.44,-0.22,0,10,"形态: 两连阴 (-0.22%, -0.44%)"
002474,2026-07-10,5.79,5.65,-2.42,-2.42,0,3,动量: 突破转强 (阳线上穿5/10)
002250,2026-07-07,14.92,16.26,8.98,8.98,1,6,形态: 10日内有涨停 | 趋势: 高于MA20
002250,2026-07-13,13.72,16.26,18.51,18.51,1,2,形态: 10日内有涨停
002250,2026-07-10,14.34,16.26,13.39,13.39,1,3,"形态: 10日内有涨停 | 形态: 两连阴 (-5.16%, -0.35%) | 趋势: 高于MA20"
002250,2026-07-03,15.65,16.26,3.9,3.9,1,8,量能: 放量 (2.02X) | 形态: 10日内有涨停 | 趋势: 高于MA20 | 动量: 突破转强 (阳线上穿5/10)
002250,2026-07-09,14.1,16.26,15.32,15.32,1,4,"形态: 10日内有涨停 | 形态: 两连阴 (-4.11%, -5.16%)"
002250,2026-07-01,14.1,16.26,15.32,15.32,1,10,趋势: 高于MA20 | 动量: 突破转强 (阳线上穿5/10)
605050,2026-07-03,9.98,10.26,2.81,2.81,1,8,动量: 突破转强 (阳线上穿5/10)
605050,2026-07-01,9.55,10.26,7.43,7.43,1,10,"形态: 两连阴 (-1.37%, -0.32%)"
000950,2026-07-13,5.29,5.59,5.67,5.67,1,2,趋势: 高于MA20 | 动量: 突破转强 (阳线上穿5/10)
000950,2026-07-10,5.18,5.59,7.92,7.92,1,3,趋势: 高于MA20
000950,2026-07-03,5.32,5.59,5.08,5.08,1,8,趋势: 高于MA20 | 动量: 突破转强 (阳线上穿5/10)
002582,2026-07-10,8.85,9.76,10.28,10.28,1,3,"形态: 两连阴 (-0.68%, -1.49%) | 动量: 突破转强 (阳线上穿5/10)"
002582,2026-07-03,8.97,9.76,8.81,8.81,1,8,动量: 突破转强 (阳线上穿5/10)
002582,2026-07-09,8.62,9.76,13.23,13.23,1,4,"形态: 两连阴 (-2.97%, -0.68%)"
603227,2026-07-01,7.14,7.35,2.94,2.94,1,10,"形态: 两连阴 (-1.40%, -0.57%)"
000837,2026-07-10,10.72,9.54,-11.01,-9.51,0,3,"形态: 两连阴 (-6.23%, -0.65%)"
000837,2026-07-03,12.43,9.54,-23.25,-5.07,0,8,趋势: 高于MA20 | 动量: 突破转强 (阳线上穿5/10)
000837,2026-07-09,10.62,9.54,-10.17,0.94,0,4,"形态: 两连阴 (-3.39%, -6.23%)"
605388,2026-07-10,4.98,5.13,3.01,3.01,1,3,"形态: 两连阴 (-0.61%, -1.23%) | 动量: 突破转强 (阳线上穿5/10)"
605388,2026-07-03,5.06,5.13,1.38,1.38,1,8,动量: 突破转强 (阳线上穿5/10)
605388,2026-07-09,4.82,5.13,6.43,6.43,1,4,"形态: 两连阴 (-2.77%, -0.61%)"
002107,2026-07-07,6.16,6.95,12.82,12.82,1,6,趋势: 高于MA20
002107,2026-07-13,6.36,6.95,9.28,9.28,1,2,趋势: 高于MA20 | 动量: 突破转强 (阳线上穿5/10)
002107,2026-07-10,6.27,6.95,10.85,10.85,1,3,趋势: 高于MA20
002107,2026-07-03,6.64,6.95,4.67,4.67,1,8,趋势: 高于MA20 | 动量: 突破转强 (阳线上穿5/10)
002107,2026-07-09,6.28,6.95,10.67,10.67,1,4,"形态: 两连阴 (-5.81%, -0.81%) | 趋势: 高于MA20"
002107,2026-07-01,6.1,6.95,13.93,13.93,1,10,量能: 放量 (1.64X) | 趋势: 高于MA20 | 动量: 突破转强 (阳线上穿5/10)
600960,2026-07-07,4.07,3.74,-8.11,-3.44,0,6,趋势: 高于MA20
600960,2026-07-09,3.93,3.74,-4.83,-0.76,0,4,"形态: 两连阴 (-2.63%, -3.44%)"
600960,2026-07-01,4.13,3.74,-9.44,1.21,0,10,趋势: 高于MA20 | 动量: 突破转强 (阳线上穿5/10)
002446,2026-07-07,10.11,8.53,-15.63,4.06,0,6,形态: 10日内有涨停
002446,2026-07-13,9.47,8.53,-9.93,-7.07,0,2,形态: 10日内有涨停
002446,2026-07-10,10.52,8.53,-18.92,-9.98,0,3,形态: 10日内有涨停
002446,2026-07-03,11.09,8.53,-23.08,-3.88,0,8,形态: 10日内有涨停 | 趋势: 高于MA20 | 动量: 突破转强 (阳线上穿5/10)
002446,2026-07-09,10.34,8.53,-17.5,1.74,0,4,形态: 10日内有涨停
002446,2026-07-01,11.18,8.53,-23.7,-0.81,0,10,量能: 放量 (1.65X) | 形态: 10日内有涨停 | 趋势: 高于MA20 | 动量: 突破转强 (阳线上穿5/10)
000953,2026-07-10,5.29,5.43,2.65,2.65,1,3,"形态: 两连阴 (-0.95%, -1.35%)"
000953,2026-07-03,5.44,5.43,-0.18,-0.18,0,8,动量: 突破转强 (阳线上穿5/10)
000953,2026-07-09,5.12,5.43,6.05,6.05,1,4,"形态: 两连阴 (-3.32%, -0.95%)"
601339,2026-07-13,7.42,8.29,11.73,11.73,1,2,趋势: 高于MA20 | 动量: 突破转强 (阳线上穿5/10)
601339,2026-07-10,7.26,8.29,14.19,14.19,1,3,趋势: 高于MA20 | 动量: 突破转强 (阳线上穿5/10)
601339,2026-07-03,7.24,8.29,14.5,14.5,1,8,趋势: 高于MA20
601339,2026-07-09,7.24,8.29,14.5,14.5,1,4,趋势: 高于MA20
600054,2026-07-03,10.99,11.08,0.82,1.46,1,8,趋势: 高于MA20 | 动量: 突破转强 (阳线上穿5/10)
603588,2026-07-07,17.11,13.61,-20.46,-7.07,0,6,趋势: 多头排列 (5>20>60) | 趋势: 高于MA20
603588,2026-07-13,13.33,13.61,2.1,7.65,1,2,"形态: 两连阴 (-0.31%, -6.56%)"
603588,2026-07-10,14.81,13.61,-8.1,-3.11,0,3,"形态: 两连阴 (-7.07%, -0.31%)"
603588,2026-07-03,19.8,13.61,-31.26,-10.0,0,8,趋势: 多头排列 (5>20>60) | 形态: 10日内有涨停 | 趋势: 高于MA20 | 动量: 突破转强 (阳线上穿5/10)
603588,2026-07-09,15.85,13.61,-14.13,-6.56,0,4,"趋势: 多头排列 (5>20>60) | 形态: 两连阴 (-3.98%, -7.07%)"
603588,2026-07-01,19.65,13.61,-30.74,0.76,0,10,趋势: 多头排列 (5>20>60) | 形态: 10日内有涨停 | 趋势: 高于MA20 | 动量: 突破转强 (阳线上穿5/10)
603110,2026-07-13,22.79,24.52,7.59,7.59,1,2,形态: 10日内有涨停
603110,2026-07-10,23.19,24.52,5.74,5.74,1,3,形态: 10日内有涨停 | 趋势: 高于MA20 | 动量: 突破转强 (阳线上穿5/10)
603110,2026-07-03,21.12,24.52,16.1,16.1,1,8,"形态: 两连阴 (-4.57%, -3.26%)"
603110,2026-07-01,22.11,24.52,10.9,10.9,1,10,趋势: 多头排列 (5>20>60)
002453,2026-07-07,4.34,4.08,-5.99,-4.84,0,6,"形态: 两连阴 (-2.74%, -2.60%)"
002453,2026-07-03,4.62,4.08,-11.69,-2.6,0,8,形态: 10日内有涨停
002453,2026-07-09,4.12,4.08,-0.97,0.24,0,4,"形态: 两连阴 (-3.56%, -7.14%)"
002453,2026-07-01,4.78,4.08,-14.64,-0.63,0,10,形态: 10日内有涨停
003016,2026-07-10,6.3,6.69,6.19,6.19,1,3,"形态: 两连阴 (-0.32%, -1.12%)"
003016,2026-07-03,6.48,6.69,3.24,3.24,1,8,动量: 突破转强 (阳线上穿5/10)
003016,2026-07-09,6.19,6.69,8.08,8.08,1,4,"形态: 两连阴 (-3.24%, -0.32%)"
600233,2026-07-07,17.12,17.5,2.22,2.22,1,6,形态: 10日内有涨停 | 趋势: 高于MA20
600233,2026-07-13,16.72,17.5,4.67,4.67,1,2,形态: 10日内有涨停 | 趋势: 高于MA20
600233,2026-07-10,16.74,17.5,4.54,4.54,1,3,"形态: 10日内有涨停 | 形态: 两连阴 (-2.16%, -0.54%) | 趋势: 高于MA20"
600233,2026-07-03,17.2,17.5,1.74,1.74,1,8,形态: 10日内有涨停 | 趋势: 高于MA20
600233,2026-07-09,16.66,17.5,5.04,5.04,1,4,"形态: 10日内有涨停 | 形态: 两连阴 (-1.67%, -2.16%) | 趋势: 高于MA20"
600233,2026-07-01,17.33,17.5,0.98,3.46,1,10,形态: 10日内有涨停 | 趋势: 高于MA20 | 动量: 突破转强 (阳线上穿5/10)
002094,2026-07-03,4.51,4.37,-3.1,-0.89,0,8,动量: 突破转强 (阳线上穿5/10)
600212,2026-07-10,5.03,5.05,0.4,0.4,1,3,"形态: 两连阴 (-2.37%, -2.22%)"
600212,2026-07-03,5.53,5.05,-8.68,-6.87,0,8,动量: 突破转强 (阳线上穿5/10)
600212,2026-07-09,4.84,5.05,4.34,4.34,1,4,"形态: 两连阴 (-1.55%, -2.37%)"
600212,2026-07-01,5.28,5.05,-4.36,4.73,0,10,"形态: 两连阴 (-0.19%, -0.19%)"
603808,2026-07-10,7.6,7.65,0.66,0.79,1,3,"形态: 两连阴 (-0.65%, -1.44%)"
603808,2026-07-03,8.02,7.65,-4.61,-0.62,0,8,动量: 突破转强 (阳线上穿5/10)
603808,2026-07-09,7.54,7.65,1.46,1.59,1,4,"形态: 两连阴 (-3.39%, -0.65%)"
605006,2026-07-07,16.96,15.85,-6.54,3.3,0,6,"形态: 两连阴 (-6.86%, -6.06%)"
605006,2026-07-09,17.52,15.85,-9.53,-4.39,0,4,"形态: 两连阴 (-1.45%, -5.60%)"
605006,2026-07-01,21.86,15.85,-27.49,-10.02,0,10,"趋势: 多头排列 (5>20>60) | 形态: 两连阴 (-9.98%, -6.06%) | 趋势: 高于MA20"
603777,2026-07-10,15.6,15.34,-1.67,-1.67,0,3,"形态: 两连阴 (-1.45%, -0.96%)"
603777,2026-07-03,16.44,15.34,-6.69,0.91,0,8,动量: 突破转强 (阳线上穿5/10)
603777,2026-07-09,15.45,15.34,-0.71,0.97,0,4,"形态: 两连阴 (-4.58%, -1.45%)"
603777,2026-07-01,15.72,15.34,-2.42,5.53,0,10,"形态: 两连阴 (-0.57%, -1.46%)"
600802,2026-07-10,4.27,4.25,-0.47,-0.47,0,3,动量: 突破转强 (阳线上穿5/10)
600802,2026-07-03,4.35,4.25,-2.3,-1.61,0,8,动量: 突破转强 (阳线上穿5/10)
600802,2026-07-01,4.27,4.25,-0.47,1.87,0,10,"形态: 两连阴 (-0.72%, -0.96%)"
002346,2026-07-13,20.33,20.16,-0.84,0.05,0,2,量能: 放量 (2.22X) | 形态: 10日内有涨停 | 趋势: 高于MA20
002346,2026-07-10,21.81,20.16,-7.57,-6.74,0,3,量能: 放量 (1.75X) | 形态: 10日内有涨停 | 趋势: 高于MA20 | 动量: 突破转强 (阳线上穿5/10)
002346,2026-07-03,20.2,20.16,-0.2,7.97,0,8,"形态: 10日内有涨停 | 形态: 两连阴 (-3.51%, -2.37%) | 趋势: 高于MA20"
002346,2026-07-09,19.83,20.16,1.66,9.98,1,4,"形态: 10日内有涨停 | 形态: 两连阴 (-4.09%, -3.89%) | 趋势: 高于MA20"
002346,2026-07-01,20.64,20.16,-2.33,5.67,0,10,形态: 10日内有涨停 | 趋势: 高于MA20
002331,2026-07-10,7.02,6.81,-2.99,-2.99,0,3,量能: 放量 (1.54X)
002331,2026-07-09,6.83,6.81,-0.29,2.78,0,4,"形态: 两连阴 (-3.39%, -0.44%)"
002339,2026-07-09,6.63,6.53,-1.51,1.06,0,4,"形态: 两连阴 (-2.50%, -1.20%)"
000417,2026-07-07,7.68,6.58,-14.32,7.29,0,6,"趋势: 多头排列 (5>20>60) | 形态: 两连阴 (-3.03%, -3.49%)"
000417,2026-07-13,7.08,6.58,-7.06,-3.53,0,2,形态: 10日内有涨停
000417,2026-07-10,7.78,6.58,-15.42,-9.0,0,3,量能: 放量 (2.00X) | 形态: 10日内有涨停
000417,2026-07-03,8.32,6.58,-20.91,-0.96,0,8,趋势: 多头排列 (5>20>60) | 趋势: 高于MA20
000417,2026-07-09,8.24,6.58,-20.15,-5.58,0,4,"形态: 10日内有涨停 | 形态: 两连阴 (-4.36%, -2.47%) | 趋势: 高于MA20"
000417,2026-07-01,9.0,6.58,-26.89,-4.67,0,10,趋势: 多头排列 (5>20>60) | 趋势: 高于MA20 | 动量: 突破转强 (阳线上穿5/10)
603022,2026-07-10,8.04,8.13,1.12,1.12,1,3,"形态: 两连阴 (-0.75%, -1.13%)"
603022,2026-07-09,7.84,8.13,3.7,3.7,1,4,"形态: 两连阴 (-3.73%, -0.75%)"
603022,2026-07-01,8.25,8.13,-1.45,1.09,0,10,"形态: 两连阴 (-1.46%, -1.60%)"
600127,2026-07-13,5.59,5.65,1.07,1.25,1,2,量能: 放量 (1.60X) | 趋势: 高于MA20 | 动量: 突破转强 (阳线上穿5/10)
600127,2026-07-10,5.45,5.65,3.67,3.85,1,3,趋势: 高于MA20 | 动量: 突破转强 (阳线上穿5/10)
600127,2026-07-03,5.39,5.65,4.82,5.01,1,8,动量: 突破转强 (阳线上穿5/10)
002235,2026-07-07,8.75,9.41,7.54,8.23,1,6,趋势: 高于MA20
002235,2026-07-13,9.17,9.41,2.62,3.27,1,2,量能: 放量 (2.01X) | 趋势: 高于MA20 | 动量: 突破转强 (阳线上穿5/10)
002235,2026-07-10,8.68,9.41,8.41,9.1,1,3,趋势: 高于MA20
002235,2026-07-03,9.31,9.41,1.07,1.72,1,8,趋势: 高于MA20 | 动量: 突破转强 (阳线上穿5/10)
002235,2026-07-09,8.99,9.41,4.67,5.34,1,4,"形态: 两连阴 (-5.30%, -0.57%) | 趋势: 高于MA20"
002235,2026-07-01,7.89,9.41,19.26,20.03,1,10,"形态: 两连阴 (-2.62%, -0.51%)"
000890,2026-07-07,7.15,7.06,-1.26,3.22,0,6,"形态: 10日内有涨停 | 形态: 两连阴 (-9.98%, -7.27%)"
000890,2026-07-13,6.82,7.06,3.52,3.52,1,2,形态: 10日内有涨停
000890,2026-07-10,7.38,7.06,-4.34,-4.34,0,3,形态: 10日内有涨停
000890,2026-07-03,8.12,7.06,-13.05,-7.27,0,8,量能: 放量 (1.53X) | 形态: 10日内有涨停
000890,2026-07-09,7.08,7.06,-0.28,4.24,0,4,"形态: 10日内有涨停 | 形态: 两连阴 (-5.05%, -1.12%)"
600595,2026-07-10,5.94,6.46,8.75,8.75,1,3,量能: 放量 (1.67X) | 动量: 突破转强 (阳线上穿5/10)
600595,2026-07-03,5.91,6.46,9.31,9.31,1,8,动量: 突破转强 (阳线上穿5/10)
600595,2026-07-09,5.7,6.46,13.33,13.33,1,4,"形态: 两连阴 (-2.53%, -1.73%)"
002383,2026-07-13,6.62,6.59,-0.45,0.76,0,2,量能: 放量 (1.58X)
002383,2026-07-10,7.14,6.59,-7.7,-6.58,0,3,量能: 放量 (1.79X) | 趋势: 高于MA20 | 动量: 突破转强 (阳线上穿5/10)
002383,2026-07-03,7.21,6.59,-8.6,-0.97,0,8,趋势: 高于MA20 | 动量: 突破转强 (阳线上穿5/10)
002383,2026-07-01,6.99,6.59,-5.72,3.15,0,10,动量: 突破转强 (阳线上穿5/10)
002097,2026-07-10,7.13,6.95,-2.52,-2.52,0,3,"形态: 两连阴 (-2.23%, -0.85%)"
002097,2026-07-09,6.96,6.95,-0.14,2.44,0,4,"形态: 两连阴 (-2.31%, -2.23%)"
600235,2026-07-10,5.2,5.29,1.73,1.73,1,3,"形态: 两连阴 (-0.77%, -1.17%) | 动量: 突破转强 (阳线上穿5/10)"
600235,2026-07-03,5.27,5.29,0.38,0.38,1,8,动量: 突破转强 (阳线上穿5/10)
600235,2026-07-09,5.07,5.29,4.34,4.34,1,4,"形态: 两连阴 (-1.71%, -0.77%)"
002062,2026-07-07,7.25,7.56,4.28,4.28,1,6,"形态: 两连阴 (-4.30%, -1.59%)"
002062,2026-07-10,7.54,7.56,0.27,0.27,1,3,动量: 突破转强 (阳线上穿5/10)
000823,2026-07-07,19.32,15.88,-17.81,-0.67,0,6,"趋势: 多头排列 (5>20>60) | 形态: 10日内有涨停 | 形态: 两连阴 (-5.17%, -9.55%)"
000823,2026-07-03,22.19,15.88,-28.44,-9.55,0,8,趋势: 多头排列 (5>20>60) | 形态: 10日内有涨停 | 趋势: 高于MA20
000823,2026-07-09,19.19,15.88,-17.25,-5.94,0,4,"形态: 10日内有涨停 | 形态: 两连阴 (-3.74%, -4.35%)"
000823,2026-07-01,26.0,15.88,-38.92,-10.0,0,10,"趋势: 多头排列 (5>20>60) | 形态: 10日内有涨停 | 形态: 两连阴 (-8.85%, -1.12%) | 趋势: 高于MA20"
002584,2026-07-07,9.92,8.23,-17.04,-3.43,0,6,"趋势: 多头排列 (5>20>60) | 形态: 10日内有涨停 | 形态: 两连阴 (-9.55%, -5.93%) | 趋势: 高于MA20"
002584,2026-07-13,8.03,8.23,2.49,2.49,1,2,"形态: 10日内有涨停 | 形态: 两连阴 (-4.80%, -3.95%)"
002584,2026-07-10,8.76,8.23,-6.05,-6.05,0,3,"形态: 10日内有涨停 | 形态: 两连阴 (-3.43%, -4.80%)"
002584,2026-07-03,9.95,8.23,-17.29,-0.3,0,8,趋势: 多头排列 (5>20>60) | 形态: 10日内有涨停 | 趋势: 高于MA20
002584,2026-07-09,9.12,8.23,-9.76,-3.95,0,4,趋势: 多头排列 (5>20>60) | 形态: 10日内有涨停
002584,2026-07-01,10.0,8.23,-17.7,10.0,0,10,趋势: 多头排列 (5>20>60) | 形态: 10日内有涨停 | 趋势: 高于MA20 | 动量: 突破转强 (阳线上穿5/10)
002404,2026-07-10,5.75,5.84,1.57,1.57,1,3,"形态: 两连阴 (-0.52%, -1.39%)"
002404,2026-07-03,5.89,5.84,-0.85,-0.34,0,8,动量: 突破转强 (阳线上穿5/10)
002404,2026-07-09,5.66,5.84,3.18,3.18,1,4,"形态: 两连阴 (-1.70%, -0.52%)"
002404,2026-07-01,5.78,5.84,1.04,1.9,1,10,形态: 10日内有涨停
002056,2026-07-07,30.95,25.74,-16.83,-3.26,0,6,趋势: 多头排列 (5>20>60) | 形态: 10日内有涨停 | 趋势: 高于MA20
002056,2026-07-13,24.08,25.74,6.89,6.89,1,2,"形态: 两连阴 (-6.78%, -4.16%)"
002056,2026-07-10,26.75,25.74,-3.78,-3.78,0,3,"趋势: 多头排列 (5>20>60) | 形态: 两连阴 (-3.26%, -6.78%)"
002056,2026-07-03,32.82,25.74,-21.57,-5.7,0,8,趋势: 多头排列 (5>20>60) | 形态: 10日内有涨停 | 趋势: 高于MA20 | 动量: 突破转强 (阳线上穿5/10)
002056,2026-07-09,27.91,25.74,-7.77,-4.16,0,4,趋势: 多头排列 (5>20>60)
002056,2026-07-01,30.76,25.74,-16.32,6.7,0,10,趋势: 多头排列 (5>20>60) | 形态: 10日内有涨停 | 趋势: 高于MA20 | 动量: 突破转强 (阳线上穿5/10)
000758,2026-07-07,6.17,5.67,-8.1,-3.08,0,6,"形态: 两连阴 (-0.31%, -2.14%)"
000758,2026-07-13,5.49,5.67,3.28,4.74,1,2,"形态: 两连阴 (-3.51%, -0.17%)"
000758,2026-07-10,5.76,5.67,-1.56,-0.17,0,3,"形态: 两连阴 (-3.08%, -3.51%)"
000758,2026-07-09,5.77,5.67,-1.73,-0.17,0,4,"形态: 两连阴 (-3.44%, -3.08%)"
002196,2026-07-03,13.99,10.97,-21.59,-5.79,0,8,量能: 放量 (1.72X) | 形态: 10日内有涨停 | 趋势: 高于MA20 | 动量: 突破转强 (阳线上穿5/10)
002196,2026-07-09,11.86,10.97,-7.5,0.84,0,4,"形态: 两连阴 (-4.02%, -6.32%)"
002196,2026-07-01,12.26,10.97,-10.52,14.11,0,10,形态: 10日内有涨停
600728,2026-07-10,4.29,4.26,-0.7,-0.7,0,3,动量: 突破转强 (阳线上穿5/10)
002357,2026-07-09,8.97,9.51,6.02,6.02,1,4,"形态: 两连阴 (-2.56%, -2.05%) | 动量: 突破转强 (阳线上穿5/10)"
002357,2026-07-01,8.9,9.51,6.85,6.85,1,10,"形态: 两连阴 (-4.19%, -0.11%)"
002209,2026-07-10,10.17,10.28,1.08,1.08,1,3,"形态: 两连阴 (-1.82%, -2.35%)"
002209,2026-07-03,10.94,10.28,-6.03,-1.28,0,8,动量: 突破转强 (阳线上穿5/10)
002209,2026-07-09,9.99,10.28,2.9,2.9,1,4,"形态: 两连阴 (-3.52%, -1.82%)"
002209,2026-07-01,10.57,10.28,-2.74,3.5,0,10,"形态: 两连阴 (-0.10%, -1.05%)"
601696,2026-07-07,11.81,11.88,0.59,1.27,1,6,趋势: 多头排列 (5>20>60)
601696,2026-07-03,12.65,11.88,-6.09,-1.74,0,8,趋势: 多头排列 (5>20>60) | 趋势: 高于MA20
601696,2026-07-09,11.96,11.88,-0.67,-0.67,0,4,"形态: 两连阴 (-4.99%, -1.78%)"
601696,2026-07-01,13.16,11.88,-9.73,-3.88,0,10,趋势: 高于MA20 | 动量: 突破转强 (阳线上穿5/10)
600428,2026-07-07,8.29,10.57,27.5,27.62,1,6,趋势: 高于MA20
600428,2026-07-13,9.82,10.57,7.64,7.74,1,2,趋势: 多头排列 (5>20>60) | 量能: 放量 (3.22X) | 形态: 10日内有涨停 | 趋势: 高于MA20 | 动量: 突破转强 (阳线上穿5/10)
600428,2026-07-10,8.99,10.57,17.58,17.69,1,3,"形态: 10日内有涨停 | 形态: 两连阴 (-1.09%, -0.37%) | 趋势: 高于MA20 | 动量: 突破转强 (阳线上穿5/10)"
600428,2026-07-03,8.63,10.57,22.48,22.6,1,8,趋势: 高于MA20 | 动量: 突破转强 (阳线上穿5/10)
600428,2026-07-09,8.17,10.57,29.38,29.5,1,4,"形态: 两连阴 (-4.05%, -1.09%)"
600428,2026-07-01,8.23,10.57,28.43,28.55,1,10,趋势: 高于MA20 | 动量: 突破转强 (阳线上穿5/10)
603278,2026-07-07,10.27,9.34,-9.06,-2.14,0,6,形态: 10日内有涨停
603278,2026-07-13,9.35,9.34,-0.11,-0.11,0,2,形态: 10日内有涨停
603278,2026-07-10,10.05,9.34,-7.06,-6.97,0,3,"形态: 10日内有涨停 | 形态: 两连阴 (-6.04%, -0.83%)"
603278,2026-07-03,12.11,9.34,-22.87,-9.99,0,8,形态: 10日内有涨停 | 趋势: 高于MA20 | 动量: 突破转强 (阳线上穿5/10)
603278,2026-07-09,9.57,9.34,-2.4,5.02,0,4,"形态: 10日内有涨停 | 形态: 两连阴 (-5.78%, -6.04%)"
002459,2026-07-07,7.86,7.18,-8.65,-3.18,0,6,"形态: 两连阴 (-8.62%, -2.90%)"
002459,2026-07-10,7.61,7.18,-5.65,-5.65,0,3,"形态: 两连阴 (-4.33%, -0.27%)"
002459,2026-07-09,7.5,7.18,-4.27,1.47,0,4,"形态: 两连阴 (-2.12%, -4.33%)"
002459,2026-07-01,8.72,7.18,-17.66,3.78,0,10,量能: 放量 (1.74X) | 动量: 突破转强 (阳线上穿5/10)
002765,2026-07-07,7.78,6.65,-14.52,-5.27,0,6,形态: 10日内有涨停 | 趋势: 高于MA20
002765,2026-07-13,6.96,6.65,-4.45,-0.86,0,2,形态: 10日内有涨停
002765,2026-07-10,7.37,6.65,-9.77,-5.56,0,3,"形态: 10日内有涨停 | 形态: 两连阴 (-5.91%, -0.82%)"
002765,2026-07-03,7.91,6.65,-15.93,0.88,0,8,形态: 10日内有涨停 | 趋势: 高于MA20 | 动量: 突破转强 (阳线上穿5/10)
002765,2026-07-09,7.26,6.65,-8.4,1.52,0,4,"形态: 10日内有涨停 | 形态: 两连阴 (-2.51%, -5.91%)"
000789,2026-07-10,3.87,4.04,4.39,4.39,1,3,量能: 放量 (1.57X)
000789,2026-07-03,3.94,4.04,2.54,2.54,1,8,动量: 突破转强 (阳线上穿5/10)
000789,2026-07-01,3.87,4.04,4.39,4.39,1,10,"形态: 两连阴 (-1.02%, -3.36%)"
600258,2026-07-10,11.24,11.58,3.02,3.02,1,3,"形态: 两连阴 (-0.78%, -2.86%)"
600258,2026-07-03,11.53,11.58,0.43,2.78,1,8,动量: 突破转强 (阳线上穿5/10)
600258,2026-07-09,11.19,11.58,3.49,3.49,1,4,"形态: 两连阴 (-2.03%, -0.78%)"
603429,2026-07-07,7.8,8.13,4.23,4.23,1,6,"形态: 两连阴 (-1.82%, -4.28%)"
603429,2026-07-03,8.65,8.13,-6.01,-4.28,0,8,量能: 放量 (1.52X)
603429,2026-07-09,7.74,8.13,5.04,5.04,1,4,"形态: 两连阴 (-5.80%, -1.03%)"
603429,2026-07-01,8.39,8.13,-3.1,5.01,0,10,"形态: 两连阴 (-4.97%, -4.99%)"
002277,2026-07-07,6.0,5.74,-4.33,-1.0,0,6,"形态: 10日内有涨停 | 形态: 两连阴 (-1.70%, -3.31%)"
002277,2026-07-13,5.5,5.74,4.36,4.36,1,2,形态: 10日内有涨停
002277,2026-07-10,5.85,5.74,-1.88,-1.88,0,3,形态: 10日内有涨停
002277,2026-07-03,6.35,5.74,-9.61,-3.31,0,8,趋势: 多头排列 (5>20>60) | 形态: 10日内有涨停 | 趋势: 高于MA20
002277,2026-07-09,5.94,5.74,-3.37,-1.52,0,4,"形态: 10日内有涨停 | 形态: 两连阴 (-2.28%, -2.83%)"
002277,2026-07-01,6.48,5.74,-11.42,-0.31,0,10,形态: 10日内有涨停 | 趋势: 高于MA20 | 动量: 突破转强 (阳线上穿5/10)
002667,2026-07-13,11.55,9.9,-14.29,-5.54,0,2,动量: 突破转强 (阳线上穿5/10)
002667,2026-07-03,12.43,9.9,-20.35,-6.28,0,8,动量: 突破转强 (阳线上穿5/10)
002667,2026-07-09,11.6,9.9,-14.66,-0.43,0,4,动量: 突破转强 (阳线上穿5/10)
002667,2026-07-01,11.28,9.9,-12.23,10.2,0,10,"量能: 放量 (2.08X) | 形态: 两连阴 (-4.96%, -5.04%)"
002571,2026-07-10,10.41,10.25,-1.54,1.83,0,3,动量: 突破转强 (阳线上穿5/10)
002571,2026-07-09,10.19,10.25,0.59,4.02,1,4,"形态: 两连阴 (-0.58%, -3.30%)"
600353,2026-07-07,40.68,37.15,-8.68,3.74,0,6,趋势: 多头排列 (5>20>60) | 趋势: 高于MA20
600353,2026-07-13,38.19,37.15,-2.72,8.09,0,2,形态: 10日内有涨停
600353,2026-07-10,42.2,37.15,-11.97,-2.18,0,3,形态: 10日内有涨停
600353,2026-07-03,44.53,37.15,-16.57,1.5,0,8,"趋势: 多头排列 (5>20>60) | 形态: 10日内有涨停 | 形态: 两连阴 (-6.14%, -1.17%) | 趋势: 高于MA20"
600353,2026-07-09,40.88,37.15,-9.12,3.23,0,4,"趋势: 多头排列 (5>20>60) | 形态: 10日内有涨停 | 形态: 两连阴 (-10.00%, -8.65%)"
600353,2026-07-01,42.8,37.15,-13.2,5.61,0,10,趋势: 多头排列 (5>20>60) | 形态: 10日内有涨停 | 趋势: 高于MA20
002258,2026-07-07,13.61,13.83,1.62,1.62,1,6,"趋势: 多头排列 (5>20>60) | 形态: 10日内有涨停 | 形态: 两连阴 (-0.58%, -0.15%) | 趋势: 高于MA20"
002258,2026-07-13,13.76,13.83,0.51,0.51,1,2,趋势: 多头排列 (5>20>60) | 形态: 10日内有涨停 | 趋势: 高于MA20 | 动量: 突破转强 (阳线上穿5/10)
002258,2026-07-10,13.43,13.83,2.98,2.98,1,3,趋势: 多头排列 (5>20>60) | 形态: 10日内有涨停
002258,2026-07-03,13.75,13.83,0.58,0.58,1,8,形态: 10日内有涨停 | 趋势: 高于MA20
002258,2026-07-09,13.76,13.83,0.51,0.51,1,4,趋势: 多头排列 (5>20>60) | 形态: 10日内有涨停 | 趋势: 高于MA20 | 动量: 突破转强 (阳线上穿5/10)
002258,2026-07-01,12.57,13.83,10.02,10.02,1,10,形态: 10日内有涨停
600814,2026-07-10,6.4,6.57,2.66,2.66,1,3,量能: 放量 (1.56X) | 动量: 突破转强 (阳线上穿5/10)
600814,2026-07-03,6.41,6.57,2.5,2.5,1,8,动量: 突破转强 (阳线上穿5/10)
002512,2026-07-13,3.31,3.46,4.53,4.53,1,2,形态: 10日内有涨停
002512,2026-07-10,3.57,3.46,-3.08,-3.08,0,3,形态: 10日内有涨停 | 动量: 突破转强 (阳线上穿5/10)
002512,2026-07-03,3.46,3.46,0.0,3.18,0,8,动量: 突破转强 (阳线上穿5/10)
002512,2026-07-09,3.44,3.46,0.58,3.78,1,4,形态: 10日内有涨停 | 动量: 突破转强 (阳线上穿5/10)
002512,2026-07-01,3.25,3.46,6.46,9.85,1,10,"形态: 两连阴 (-5.11%, -1.58%)"
605136,2026-07-10,7.26,7.52,3.58,3.58,1,3,动量: 突破转强 (阳线上穿5/10)
605136,2026-07-03,7.45,7.52,0.94,0.94,1,8,动量: 突破转强 (阳线上穿5/10)
605136,2026-07-09,7.09,7.52,6.06,6.06,1,4,"形态: 两连阴 (-2.85%, -0.98%)"
002631,2026-07-07,9.96,8.46,-15.06,0.9,0,6,"趋势: 多头排列 (5>20>60) | 形态: 10日内有涨停 | 形态: 两连阴 (-4.63%, -1.56%) | 趋势: 高于MA20"
002631,2026-07-13,8.89,8.46,-4.84,-2.25,0,2,趋势: 多头排列 (5>20>60) | 形态: 10日内有涨停
002631,2026-07-10,9.68,8.46,-12.6,-8.16,0,3,趋势: 多头排列 (5>20>60) | 形态: 10日内有涨停 | 趋势: 高于MA20
002631,2026-07-03,10.91,8.46,-22.46,-1.56,0,8,趋势: 多头排列 (5>20>60) | 形态: 10日内有涨停 | 趋势: 高于MA20
002631,2026-07-09,9.62,8.46,-12.06,0.62,0,4,趋势: 多头排列 (5>20>60) | 形态: 10日内有涨停 | 趋势: 高于MA20
002631,2026-07-01,11.48,8.46,-26.31,-0.35,0,10,趋势: 多头排列 (5>20>60) | 形态: 10日内有涨停 | 趋势: 高于MA20 | 动量: 突破转强 (阳线上穿5/10)
002591,2026-07-01,6.32,6.03,-4.59,1.58,0,10,"形态: 两连阴 (-3.00%, -0.33%)"
001300,2026-07-10,11.82,11.4,-3.55,-3.47,0,3,动量: 突破转强 (阳线上穿5/10)
001300,2026-07-01,11.55,11.4,-1.3,2.68,0,10,"形态: 两连阴 (-1.39%, -0.79%)"
600148,2026-07-07,14.94,14.62,-2.14,-1.41,0,6,趋势: 高于MA20
600148,2026-07-10,14.73,14.62,-0.75,-0.75,0,3,"形态: 两连阴 (-2.07%, -0.75%)"
600148,2026-07-03,15.52,14.62,-5.8,-1.16,0,8,趋势: 高于MA20 | 动量: 突破转强 (阳线上穿5/10)
600148,2026-07-09,14.52,14.62,0.69,1.45,1,4,"形态: 两连阴 (-2.61%, -2.07%)"
600148,2026-07-01,14.86,14.62,-1.62,4.44,0,10,"形态: 两连阴 (-0.41%, -0.21%) | 趋势: 高于MA20"
002029,2026-07-07,7.98,8.29,3.88,3.88,1,6,形态: 10日内有涨停
002029,2026-07-13,7.9,8.29,4.94,4.94,1,2,形态: 10日内有涨停
002029,2026-07-10,8.0,8.29,3.62,3.62,1,3,形态: 10日内有涨停 | 动量: 突破转强 (阳线上穿5/10)
002029,2026-07-03,8.62,8.29,-3.83,-3.83,0,8,量能: 放量 (1.79X) | 形态: 10日内有涨停 | 趋势: 高于MA20 | 动量: 突破转强 (阳线上穿5/10)
002029,2026-07-09,7.76,8.29,6.83,6.83,1,4,"形态: 10日内有涨停 | 形态: 两连阴 (-3.16%, -2.88%)"
002543,2026-07-10,6.48,6.59,1.7,1.7,1,3,趋势: 高于MA20 | 动量: 突破转强 (阳线上穿5/10)
002543,2026-07-03,6.46,6.59,2.01,2.94,1,8,动量: 突破转强 (阳线上穿5/10)
600138,2026-07-10,6.85,7.11,3.8,3.8,1,3,动量: 突破转强 (阳线上穿5/10)
600138,2026-07-03,6.79,7.11,4.71,4.71,1,8,动量: 突破转强 (阳线上穿5/10)
601058,2026-07-07,12.89,13.33,3.41,3.41,1,6,趋势: 高于MA20
601058,2026-07-13,13.05,13.33,2.15,2.15,1,2,趋势: 高于MA20 | 动量: 突破转强 (阳线上穿5/10)
601058,2026-07-10,12.44,13.33,7.15,7.15,1,3,"形态: 两连阴 (-0.70%, -4.92%) | 趋势: 高于MA20"
601058,2026-07-03,12.28,13.33,8.55,8.55,1,8,趋势: 高于MA20 | 动量: 突破转强 (阳线上穿5/10)
601058,2026-07-09,12.17,13.33,9.53,9.53,1,4,"形态: 两连阴 (-0.46%, -0.70%) | 趋势: 高于MA20"
002593,2026-07-10,4.09,4.31,5.38,5.38,1,3,"形态: 两连阴 (-1.23%, -0.50%) | 动量: 突破转强 (阳线上穿5/10)"
002593,2026-07-03,4.24,4.31,1.65,1.65,1,8,动量: 突破转强 (阳线上穿5/10)
002593,2026-07-09,3.99,4.31,8.02,8.02,1,4,"形态: 两连阴 (-1.93%, -1.23%)"
601319,2026-07-13,7.07,7.41,4.81,4.81,1,2,趋势: 高于MA20
601319,2026-07-10,7.06,7.41,4.96,4.96,1,3,趋势: 高于MA20
601319,2026-07-03,7.25,7.41,2.21,2.21,1,8,动量: 突破转强 (阳线上穿5/10)
601319,2026-07-09,7.13,7.41,3.93,3.93,1,4,"形态: 两连阴 (-2.60%, -0.70%) | 趋势: 高于MA20"
601319,2026-07-01,7.25,7.41,2.21,2.21,1,10,量能: 放量 (1.61X) | 动量: 突破转强 (阳线上穿5/10)
600838,2026-07-10,7.06,7.21,2.12,2.12,1,3,量能: 放量 (1.70X)
600838,2026-07-03,7.37,7.21,-2.17,-0.41,0,8,动量: 突破转强 (阳线上穿5/10)
603810,2026-07-10,11.23,11.34,0.98,1.25,1,3,"形态: 两连阴 (-0.98%, -0.72%)"
603810,2026-07-09,11.01,11.34,3.0,3.27,1,4,"形态: 两连阴 (-4.44%, -0.98%)"
002448,2026-07-13,10.85,11.15,2.76,3.69,1,2,"形态: 两连阴 (-1.27%, -2.75%)"
002448,2026-07-10,11.32,11.15,-1.5,-0.62,0,3,"形态: 两连阴 (-3.99%, -1.27%)"
002448,2026-07-03,12.31,11.15,-9.42,2.92,0,8,"量能: 放量 (1.74X) | 形态: 两连阴 (-3.66%, -2.28%)"
002448,2026-07-09,11.64,11.15,-4.21,-2.75,0,4,"形态: 两连阴 (-3.08%, -3.99%)"
002020,2026-07-07,15.05,15.31,1.73,1.73,1,6,形态: 10日内有涨停 | 趋势: 高于MA20 | 动量: 突破转强 (阳线上穿5/10)
002020,2026-07-13,14.02,15.31,9.2,9.2,1,2,形态: 10日内有涨停 | 趋势: 高于MA20
002020,2026-07-10,14.32,15.31,6.91,6.91,1,3,"形态: 10日内有涨停 | 形态: 两连阴 (-5.98%, -3.11%) | 趋势: 高于MA20"
002020,2026-07-03,15.19,15.31,0.79,0.79,1,8,量能: 放量 (2.19X) | 形态: 10日内有涨停 | 趋势: 高于MA20 | 动量: 突破转强 (阳线上穿5/10)
002020,2026-07-09,13.71,15.31,11.67,11.67,1,4,形态: 10日内有涨停 | 趋势: 高于MA20
002020,2026-07-01,13.33,15.31,14.85,14.85,1,10,趋势: 高于MA20 | 动量: 突破转强 (阳线上穿5/10)
002405,2026-07-10,6.67,6.16,-7.65,-5.85,0,3,量能: 放量 (1.66X) | 动量: 突破转强 (阳线上穿5/10)
002272,2026-07-07,22.4,20.37,-9.06,5.98,0,6,"趋势: 多头排列 (5>20>60) | 形态: 两连阴 (-2.92%, -1.89%) | 趋势: 高于MA20"
002272,2026-07-10,23.74,20.37,-14.2,-9.98,0,3,趋势: 多头排列 (5>20>60) | 趋势: 高于MA20 | 动量: 突破转强 (阳线上穿5/10)
002272,2026-07-03,23.26,20.37,-12.42,2.06,0,8,趋势: 多头排列 (5>20>60) | 趋势: 高于MA20
002272,2026-07-09,22.58,20.37,-9.79,5.14,0,4,"趋势: 多头排列 (5>20>60) | 形态: 两连阴 (-1.84%, -2.68%) | 趋势: 高于MA20"
002272,2026-07-01,23.81,20.37,-14.45,0.63,0,10,趋势: 多头排列 (5>20>60) | 趋势: 高于MA20
000567,2026-07-07,6.0,6.17,2.83,2.83,1,6,趋势: 高于MA20
000567,2026-07-10,5.97,6.17,3.35,3.35,1,3,"形态: 两连阴 (-1.50%, -0.34%) | 趋势: 高于MA20"
000567,2026-07-03,6.16,6.17,0.16,0.49,1,8,趋势: 高于MA20 | 动量: 突破转强 (阳线上穿5/10)
000567,2026-07-09,5.89,6.17,4.75,4.75,1,4,"形态: 两连阴 (-3.07%, -1.50%)"
000567,2026-07-01,6.18,6.17,-0.16,0.16,0,10,趋势: 高于MA20 | 动量: 突破转强 (阳线上穿5/10)
601288,2026-07-13,6.37,6.37,0.0,0.0,0,2,趋势: 高于MA20 | 动量: 突破转强 (阳线上穿5/10)
601288,2026-07-10,6.23,6.37,2.25,2.25,1,3,动量: 突破转强 (阳线上穿5/10)
601288,2026-07-03,5.9,6.37,7.97,7.97,1,8,"形态: 两连阴 (-0.33%, -1.16%)"
603321,2026-07-10,5.87,5.92,0.85,0.85,1,3,"形态: 两连阴 (-1.55%, -0.35%) | 动量: 突破转强 (阳线上穿5/10)"
603321,2026-07-03,6.08,5.92,-2.63,-0.66,0,8,动量: 突破转强 (阳线上穿5/10)
603321,2026-07-09,5.71,5.92,3.68,3.68,1,4,"形态: 两连阴 (-3.64%, -1.55%)"
603321,2026-07-01,5.86,5.92,1.02,3.75,1,10,"形态: 两连阴 (-0.85%, -2.22%)"
605138,2026-07-03,5.99,5.7,-4.84,0.67,0,8,动量: 突破转强 (阳线上穿5/10)
002117,2026-07-10,7.99,7.88,-1.38,-1.38,0,3,"形态: 两连阴 (-0.74%, -1.50%)"
002117,2026-07-03,8.29,7.88,-4.95,-1.45,0,8,动量: 突破转强 (阳线上穿5/10)
002117,2026-07-09,7.88,7.88,0.0,1.4,0,4,"形态: 两连阴 (-1.35%, -0.74%)"
002708,2026-07-13,10.17,10.5,3.24,6.0,1,2,"形态: 两连阴 (-0.79%, -0.18%)"
002708,2026-07-10,11.3,10.5,-7.08,-4.6,0,3,"形态: 两连阴 (-7.61%, -0.79%)"
002708,2026-07-03,13.69,10.5,-23.3,-4.89,0,8,量能: 放量 (1.66X)
002708,2026-07-09,11.32,10.5,-7.24,-0.18,0,4,"形态: 两连阴 (-5.15%, -7.61%)"
000821,2026-07-03,8.41,7.35,-12.6,-5.11,0,8,动量: 突破转强 (阳线上穿5/10)
002483,2026-07-10,5.0,5.09,1.8,1.8,1,3,"形态: 两连阴 (-1.57%, -1.80%)"
002483,2026-07-03,5.15,5.09,-1.17,1.55,0,8,动量: 突破转强 (阳线上穿5/10)
002483,2026-07-09,4.91,5.09,3.67,3.67,1,4,"形态: 两连阴 (-2.87%, -1.57%)"
002441,2026-07-10,7.61,7.81,2.63,2.63,1,3,"形态: 两连阴 (-1.94%, -0.79%)"
002441,2026-07-09,7.51,7.81,3.99,3.99,1,4,"形态: 两连阴 (-2.89%, -1.94%)"
603889,2026-07-10,5.23,5.54,5.93,5.93,1,3,"形态: 两连阴 (-0.38%, -1.52%)"
603889,2026-07-09,5.17,5.54,7.16,7.16,1,4,"形态: 两连阴 (-0.57%, -0.38%)"
603889,2026-07-01,5.08,5.54,9.06,9.06,1,10,"形态: 两连阴 (-1.48%, -3.95%)"
002188,2026-07-10,4.86,4.91,1.03,1.03,1,3,"形态: 两连阴 (-0.62%, -0.83%)"
002188,2026-07-03,5.14,4.91,-4.47,-1.36,0,8,动量: 突破转强 (阳线上穿5/10)
002188,2026-07-09,4.77,4.91,2.94,2.94,1,4,"形态: 两连阴 (-4.54%, -0.62%)"
600860,2026-07-10,8.2,7.87,-4.02,-3.17,0,3,"形态: 两连阴 (-4.24%, -1.11%)"
600860,2026-07-03,8.71,7.87,-9.64,-2.41,0,8,趋势: 高于MA20 | 动量: 突破转强 (阳线上穿5/10)
600860,2026-07-01,8.53,7.87,-7.74,2.11,0,10,动量: 突破转强 (阳线上穿5/10)
000862,2026-07-10,4.7,4.79,1.91,1.91,1,3,"形态: 两连阴 (-1.07%, -0.43%)"
000862,2026-07-09,4.6,4.79,4.13,4.13,1,4,"形态: 两连阴 (-3.31%, -1.07%)"
600012,2026-07-07,16.92,16.81,-0.65,2.25,0,6,趋势: 多头排列 (5>20>60) | 趋势: 高于MA20 | 动量: 突破转强 (阳线上穿5/10)
600012,2026-07-13,16.88,16.81,-0.41,-0.41,0,2,"趋势: 多头排列 (5>20>60) | 形态: 两连阴 (-1.16%, -2.81%) | 趋势: 高于MA20"
600012,2026-07-10,16.62,16.81,1.14,1.56,1,3,趋势: 多头排列 (5>20>60) | 趋势: 高于MA20
600012,2026-07-03,16.31,16.81,3.07,6.07,1,8,趋势: 高于MA20 | 动量: 突破转强 (阳线上穿5/10)
600012,2026-07-09,17.1,16.81,-1.7,-1.29,0,4,趋势: 多头排列 (5>20>60) | 趋势: 高于MA20
600012,2026-07-01,15.9,16.81,5.72,8.81,1,10,动量: 突破转强 (阳线上穿5/10)
603086,2026-07-10,5.35,5.45,1.87,1.87,1,3,"形态: 两连阴 (-1.65%, -2.24%)"
603086,2026-07-03,5.6,5.45,-2.68,0.18,0,8,动量: 突破转强 (阳线上穿5/10)
603086,2026-07-09,5.24,5.45,4.01,4.01,1,4,"形态: 两连阴 (-2.85%, -1.65%)"
603086,2026-07-01,5.34,5.45,2.06,5.06,1,10,"形态: 两连阴 (-0.38%, -1.14%)"
600755,2026-07-07,5.71,5.91,3.5,6.3,1,6,趋势: 高于MA20
600755,2026-07-13,5.81,5.91,1.72,1.72,1,2,趋势: 高于MA20
600755,2026-07-10,5.95,5.91,-0.67,-0.67,0,3,趋势: 高于MA20
600755,2026-07-03,5.57,5.91,6.1,8.98,1,8,动量: 突破转强 (阳线上穿5/10)
600755,2026-07-09,6.07,5.91,-2.64,-1.98,0,4,趋势: 高于MA20 | 动量: 突破转强 (阳线上穿5/10)
603977,2026-07-07,13.82,11.52,-16.64,-5.79,0,6,"形态: 10日内有涨停 | 形态: 两连阴 (-1.34%, -5.23%)"
603977,2026-07-10,12.83,11.52,-10.21,-7.4,0,3,"形态: 两连阴 (-5.79%, -1.69%)"
603977,2026-07-03,15.49,11.52,-25.63,-5.23,0,8,"形态: 10日内有涨停 | 形态: 两连阴 (-1.82%, -3.15%) | 趋势: 高于MA20"
603977,2026-07-09,12.8,11.52,-10.0,0.23,0,4,"形态: 10日内有涨停 | 形态: 两连阴 (-5.86%, -5.79%)"
603977,2026-07-01,16.21,11.52,-28.93,-3.15,0,10,形态: 10日内有涨停 | 趋势: 高于MA20
002361,2026-07-07,11.96,10.62,-11.2,6.44,0,6,"形态: 两连阴 (-3.60%, -9.99%)"
002361,2026-07-13,11.46,10.62,-7.33,-5.67,0,2,形态: 10日内有涨停
002361,2026-07-10,12.73,10.62,-16.58,-9.98,0,3,形态: 10日内有涨停
002361,2026-07-03,14.21,10.62,-25.26,-9.99,0,8,"形态: 两连阴 (-0.80%, -1.27%)"
002361,2026-07-09,11.57,10.62,-8.21,10.03,0,4,"形态: 两连阴 (-6.49%, -5.18%)"
600586,2026-07-10,4.29,4.03,-6.06,-3.73,0,3,量能: 放量 (1.55X)
600586,2026-07-03,4.32,4.03,-6.71,-0.69,0,8,"形态: 两连阴 (-3.50%, -2.04%)"
600667,2026-07-07,26.32,20.81,-20.93,-0.19,0,6,趋势: 多头排列 (5>20>60) | 形态: 10日内有涨停 | 趋势: 高于MA20
600667,2026-07-13,22.73,20.81,-8.45,-0.44,0,2,趋势: 多头排列 (5>20>60) | 形态: 10日内有涨停
600667,2026-07-10,25.26,20.81,-17.62,-10.02,0,3,趋势: 多头排列 (5>20>60) | 形态: 10日内有涨停 | 趋势: 高于MA20
600667,2026-07-03,29.96,20.81,-30.54,-8.51,0,8,趋势: 多头排列 (5>20>60) | 形态: 10日内有涨停 | 趋势: 高于MA20 | 动量: 突破转强 (阳线上穿5/10)
600667,2026-07-09,26.27,20.81,-20.78,-3.84,0,4,"趋势: 多头排列 (5>20>60) | 形态: 10日内有涨停 | 形态: 两连阴 (-3.98%, -9.27%) | 趋势: 高于MA20"
600667,2026-07-01,32.1,20.81,-35.17,-6.67,0,10,趋势: 多头排列 (5>20>60) | 形态: 10日内有涨停 | 趋势: 高于MA20 | 动量: 突破转强 (阳线上穿5/10)
001338,2026-07-10,8.59,8.73,1.63,1.63,1,3,"形态: 两连阴 (-0.23%, -1.41%)"
001338,2026-07-03,8.85,8.73,-1.36,-0.23,0,8,动量: 突破转强 (阳线上穿5/10)
001338,2026-07-09,8.42,8.73,3.68,3.68,1,4,"形态: 两连阴 (-3.06%, -0.23%)"
600828,2026-07-10,3.63,3.65,0.55,0.55,1,3,量能: 放量 (1.50X) | 动量: 突破转强 (阳线上穿5/10)
600828,2026-07-03,3.7,3.65,-1.35,-1.35,0,8,动量: 突破转强 (阳线上穿5/10)
600828,2026-07-09,3.49,3.65,4.58,4.58,1,4,"形态: 两连阴 (-3.59%, -0.57%)"
603158,2026-07-03,11.84,10.37,-12.42,3.63,0,8,"形态: 两连阴 (-1.88%, -1.17%)"
603158,2026-07-09,11.33,10.37,-8.47,-0.09,0,4,"形态: 两连阴 (-4.97%, -3.86%)"
603960,2026-07-09,15.89,15.25,-4.03,1.64,0,4,"形态: 两连阴 (-5.76%, -3.36%)"
600733,2026-07-10,4.83,4.67,-3.31,-3.31,0,3,量能: 放量 (1.58X) | 动量: 突破转强 (阳线上穿5/10)
600733,2026-07-09,4.64,4.67,0.65,4.09,1,4,"形态: 两连阴 (-2.11%, -1.72%)"
600733,2026-07-01,4.87,4.67,-4.11,0.0,0,10,"形态: 两连阴 (-0.81%, -0.41%)"
002999,2026-07-03,5.61,5.63,0.36,1.6,1,8,动量: 突破转强 (阳线上穿5/10)
002166,2026-07-10,6.34,6.96,9.78,9.78,1,3,"形态: 两连阴 (-0.48%, -1.12%)"
002166,2026-07-03,6.56,6.96,6.1,6.1,1,8,动量: 突破转强 (阳线上穿5/10)
002166,2026-07-09,6.2,6.96,12.26,12.26,1,4,"形态: 两连阴 (-4.26%, -0.48%)"
600697,2026-07-10,9.85,10.07,2.23,2.23,1,3,"形态: 两连阴 (-1.12%, -1.03%)"
600697,2026-07-03,10.19,10.07,-1.18,-0.2,0,8,动量: 突破转强 (阳线上穿5/10)
600697,2026-07-09,9.58,10.07,5.11,5.11,1,4,"形态: 两连阴 (-3.74%, -1.12%)"
603599,2026-07-10,9.69,10.0,3.2,3.2,1,3,"形态: 两连阴 (-0.91%, -3.07%)"
603599,2026-07-09,9.48,10.0,5.49,5.49,1,4,"形态: 两连阴 (-1.79%, -0.91%)"
603599,2026-07-01,9.76,10.0,2.46,2.97,1,10,"形态: 两连阴 (-1.11%, -2.64%)"
002921,2026-07-07,27.38,26.53,-3.1,0.29,0,6,形态: 10日内有涨停 | 趋势: 高于MA20
002921,2026-07-13,24.25,26.53,9.4,9.4,1,2,形态: 10日内有涨停
002921,2026-07-10,26.94,26.53,-1.52,-1.52,0,3,形态: 10日内有涨停 | 趋势: 高于MA20
002921,2026-07-03,29.95,26.53,-11.42,-6.14,0,8,形态: 10日内有涨停 | 趋势: 高于MA20 | 动量: 突破转强 (阳线上穿5/10)
002921,2026-07-09,27.46,26.53,-3.39,-1.89,0,4,"形态: 10日内有涨停 | 形态: 两连阴 (-2.60%, -4.16%) | 趋势: 高于MA20"
002921,2026-07-01,29.72,26.53,-10.73,0.77,0,10,形态: 10日内有涨停 | 趋势: 高于MA20 | 动量: 突破转强 (阳线上穿5/10)
603385,2026-07-10,5.02,5.05,0.6,0.6,1,3,"形态: 两连阴 (-0.80%, -1.22%) | 动量: 突破转强 (阳线上穿5/10)"
603385,2026-07-03,5.16,5.05,-2.13,0.19,0,8,动量: 突破转强 (阳线上穿5/10)
603385,2026-07-09,4.87,5.05,3.7,3.7,1,4,"形态: 两连阴 (-3.87%, -0.80%)"
603385,2026-07-01,5.04,5.05,0.2,2.58,1,10,"形态: 两连阴 (-0.40%, -1.61%)"
000686,2026-07-07,8.48,8.12,-4.25,0.47,0,6,趋势: 高于MA20
000686,2026-07-10,8.15,8.12,-0.37,-0.37,0,3,趋势: 多头排列 (5>20>60)
000686,2026-07-03,8.61,8.12,-5.69,1.63,0,8,趋势: 高于MA20 | 动量: 突破转强 (阳线上穿5/10)
000686,2026-07-09,8.52,8.12,-4.69,-4.34,0,4,"趋势: 多头排列 (5>20>60) | 形态: 两连阴 (-3.09%, -0.59%) | 趋势: 高于MA20"
000686,2026-07-01,8.75,8.12,-7.2,0.0,0,10,趋势: 高于MA20 | 动量: 突破转强 (阳线上穿5/10)
605155,2026-07-07,12.75,12.33,-3.29,-3.29,0,6,形态: 10日内有涨停
605155,2026-07-13,11.89,12.33,3.7,3.7,1,2,形态: 10日内有涨停
605155,2026-07-10,12.33,12.33,0.0,0.0,0,3,形态: 10日内有涨停
605155,2026-07-03,13.56,12.33,-9.07,-3.47,0,8,形态: 10日内有涨停 | 趋势: 高于MA20 | 动量: 突破转强 (阳线上穿5/10)
605155,2026-07-09,12.2,12.33,1.07,1.07,1,4,"形态: 10日内有涨停 | 形态: 两连阴 (-2.60%, -4.47%)"
605155,2026-07-01,13.02,12.33,-5.3,4.15,0,10,形态: 10日内有涨停 | 动量: 突破转强 (阳线上穿5/10)
002204,2026-07-10,5.2,5.19,-0.19,-0.19,0,3,"形态: 两连阴 (-0.77%, -0.58%)"
002204,2026-07-03,5.44,5.19,-4.6,-0.74,0,8,动量: 突破转强 (阳线上穿5/10)
002204,2026-07-09,5.12,5.19,1.37,1.56,1,4,"形态: 两连阴 (-3.89%, -0.77%)"
601212,2026-07-03,5.18,4.69,-9.46,1.35,0,8,量能: 放量 (1.52X)
601212,2026-07-09,4.84,4.69,-3.1,2.07,0,4,"形态: 两连阴 (-6.86%, -1.84%)"
000612,2026-07-13,10.32,10.84,5.04,5.33,1,2,量能: 放量 (1.50X)
000612,2026-07-10,10.01,10.84,8.29,8.59,1,3,"形态: 两连阴 (-2.70%, -2.78%)"
000612,2026-07-03,10.75,10.84,0.84,1.12,1,8,形态: 10日内有涨停
000612,2026-07-09,9.8,10.84,10.61,10.92,1,4,"形态: 两连阴 (-1.99%, -2.70%)"
000612,2026-07-01,10.57,10.84,2.55,2.84,1,10,形态: 10日内有涨停
002511,2026-07-07,7.01,7.25,3.42,3.42,1,6,趋势: 高于MA20 | 动量: 突破转强 (阳线上穿5/10)
002511,2026-07-13,7.02,7.25,3.28,3.28,1,2,趋势: 高于MA20 | 动量: 突破转强 (阳线上穿5/10)
002511,2026-07-10,6.98,7.25,3.87,3.87,1,3,趋势: 高于MA20
002511,2026-07-03,6.96,7.25,4.17,4.17,1,8,趋势: 高于MA20 | 动量: 突破转强 (阳线上穿5/10)
002511,2026-07-09,6.94,7.25,4.47,4.47,1,4,趋势: 高于MA20
002511,2026-07-01,6.78,7.25,6.93,6.93,1,10,动量: 突破转强 (阳线上穿5/10)
600969,2026-07-10,7.43,7.75,4.31,4.31,1,3,"形态: 两连阴 (-1.74%, -0.82%)"
600969,2026-07-03,8.04,7.75,-3.61,-3.23,0,8,动量: 突破转强 (阳线上穿5/10)
600969,2026-07-09,7.28,7.75,6.46,6.46,1,4,"形态: 两连阴 (-3.98%, -1.74%)"
603928,2026-07-07,14.87,13.71,-7.8,26.43,0,6,形态: 10日内有涨停 | 趋势: 高于MA20
603928,2026-07-13,16.92,13.71,-18.97,-9.99,0,2,形态: 10日内有涨停 | 趋势: 高于MA20
603928,2026-07-10,18.8,13.71,-27.07,-10.0,0,3,形态: 10日内有涨停 | 趋势: 高于MA20 | 动量: 突破转强 (阳线上穿5/10)
603928,2026-07-03,14.7,13.71,-6.73,27.89,0,8,形态: 10日内有涨停 | 趋势: 高于MA20
603928,2026-07-09,18.0,13.71,-23.83,4.44,0,4,形态: 10日内有涨停 | 趋势: 高于MA20 | 动量: 突破转强 (阳线上穿5/10)
603928,2026-07-01,14.4,13.71,-4.79,30.56,0,10,量能: 放量 (2.82X) | 形态: 10日内有涨停 | 趋势: 高于MA20
002492,2026-07-03,5.64,5.34,-5.32,-3.37,0,8,动量: 突破转强 (阳线上穿5/10)
002492,2026-07-09,5.21,5.34,2.5,2.5,1,4,"形态: 两连阴 (-2.57%, -2.45%)"
002492,2026-07-01,5.49,5.34,-2.73,2.73,0,10,"形态: 两连阴 (-1.99%, -0.18%)"
600778,2026-07-10,5.06,5.21,2.96,2.96,1,3,动量: 突破转强 (阳线上穿5/10)
600778,2026-07-03,5.18,5.21,0.58,0.58,1,8,动量: 突破转强 (阳线上穿5/10)
002169,2026-07-07,13.3,12.51,-5.94,0.53,0,6,形态: 10日内有涨停
002169,2026-07-13,13.37,12.51,-6.43,-0.82,0,2,量能: 放量 (1.66X)
002169,2026-07-03,13.87,12.51,-9.81,0.0,0,8,"形态: 10日内有涨停 | 形态: 两连阴 (-1.23%, -4.29%)"
002169,2026-07-09,12.95,12.51,-3.4,3.24,0,4,"形态: 两连阴 (-4.11%, -3.08%)"
002169,2026-07-01,14.46,12.51,-13.49,-4.08,0,10,形态: 10日内有涨停
603012,2026-07-07,8.26,8.47,2.54,4.24,1,6,形态: 10日内有涨停 | 趋势: 高于MA20
603012,2026-07-13,7.83,8.47,8.17,9.96,1,2,形态: 10日内有涨停
603012,2026-07-10,8.26,8.47,2.54,4.24,1,3,形态: 10日内有涨停 | 趋势: 高于MA20
603012,2026-07-03,8.82,8.47,-3.97,-2.38,0,8,"量能: 放量 (1.53X) | 形态: 10日内有涨停 | 形态: 两连阴 (-1.22%, -0.99%) | 趋势: 高于MA20 | 动量: 突破转强 (阳线上穿5/10)"
603012,2026-07-09,8.22,8.47,3.04,4.74,1,4,"形态: 10日内有涨停 | 形态: 两连阴 (-3.73%, -1.94%) | 趋势: 高于MA20"
603012,2026-07-01,8.1,8.47,4.57,8.89,1,10,形态: 10日内有涨停 | 趋势: 高于MA20
603685,2026-07-10,29.75,27.22,-8.5,-8.44,0,3,量能: 放量 (1.94X) | 趋势: 高于MA20 | 动量: 突破转强 (阳线上穿5/10)
603685,2026-07-03,29.41,27.22,-7.45,1.16,0,8,动量: 突破转强 (阳线上穿5/10)
603685,2026-07-09,28.64,27.22,-4.96,3.88,0,4,"形态: 两连阴 (-4.40%, -2.41%)"
603685,2026-07-01,27.61,27.22,-1.41,7.75,0,10,"形态: 两连阴 (-1.89%, -0.18%)"
603277,2026-07-07,10.51,10.39,-1.14,-1.14,0,6,趋势: 高于MA20
603277,2026-07-10,10.39,10.39,0.0,0.0,0,3,"形态: 两连阴 (-1.62%, -1.55%) | 趋势: 高于MA20"
603277,2026-07-03,10.84,10.39,-4.15,0.18,0,8,趋势: 高于MA20 | 动量: 突破转强 (阳线上穿5/10)
603277,2026-07-09,10.18,10.39,2.06,2.06,1,4,"形态: 两连阴 (-3.22%, -1.62%)"
000850,2026-07-07,3.81,3.94,3.41,3.41,1,6,趋势: 高于MA20
000850,2026-07-13,3.79,3.94,3.96,3.96,1,2,趋势: 高于MA20 | 动量: 突破转强 (阳线上穿5/10)
000850,2026-07-10,3.76,3.94,4.79,4.79,1,3,趋势: 高于MA20
000850,2026-07-03,4.04,3.94,-2.48,-1.73,0,8,量能: 放量 (1.64X) | 趋势: 高于MA20 | 动量: 突破转强 (阳线上穿5/10)
000850,2026-07-09,3.75,3.94,5.07,5.07,1,4,趋势: 高于MA20
000892,2026-07-07,3.63,3.52,-3.03,15.7,0,6,量能: 放量 (1.73X) | 形态: 10日内有涨停 | 趋势: 高于MA20
000892,2026-07-13,3.98,3.52,-11.56,-1.76,0,2,量能: 放量 (1.58X) | 形态: 10日内有涨停 | 趋势: 高于MA20
000892,2026-07-10,4.2,3.52,-16.19,-5.24,0,3,量能: 放量 (1.52X) | 形态: 10日内有涨停 | 趋势: 高于MA20 | 动量: 突破转强 (阳线上穿5/10)
000892,2026-07-03,3.42,3.52,2.92,22.81,1,8,量能: 放量 (1.90X) | 形态: 10日内有涨停
000892,2026-07-09,3.82,3.52,-7.85,9.95,0,4,"量能: 放量 (1.53X) | 形态: 10日内有涨停 | 形态: 两连阴 (-3.46%, -4.41%) | 趋势: 高于MA20 | 动量: 突破转强 (阳线上穿5/10)"
603095,2026-07-10,13.35,13.02,-2.47,-2.47,0,3,"形态: 两连阴 (-2.37%, -1.21%)"
603095,2026-07-03,14.75,13.02,-11.73,-4.88,0,8,"形态: 两连阴 (-0.14%, -0.91%)"
603095,2026-07-09,13.02,13.02,0.0,2.53,0,4,"形态: 两连阴 (-3.78%, -2.37%)"
002907,2026-07-07,13.24,15.11,14.12,14.12,1,6,"形态: 两连阴 (-2.27%, -0.22%) | 趋势: 高于MA20"
002907,2026-07-13,14.5,15.11,4.21,4.21,1,2,趋势: 多头排列 (5>20>60) | 形态: 10日内有涨停 | 趋势: 高于MA20 | 动量: 突破转强 (阳线上穿5/10)
002907,2026-07-10,14.18,15.11,6.56,6.56,1,3,趋势: 多头排列 (5>20>60) | 量能: 放量 (2.06X) | 形态: 10日内有涨停 | 趋势: 高于MA20
002907,2026-07-03,13.77,15.11,9.73,9.73,1,8,趋势: 高于MA20
002907,2026-07-09,14.36,15.11,5.22,5.22,1,4,"量能: 放量 (1.83X) | 形态: 10日内有涨停 | 形态: 两连阴 (-3.64%, -1.44%) | 趋势: 高于MA20 | 动量: 突破转强 (阳线上穿5/10)"
002907,2026-07-01,14.12,15.11,7.01,7.01,1,10,形态: 10日内有涨停 | 趋势: 高于MA20 | 动量: 突破转强 (阳线上穿5/10)
002363,2026-07-10,6.26,6.22,-0.64,-0.64,0,3,"量能: 放量 (1.68X) | 形态: 两连阴 (-0.82%, -0.17%) | 动量: 突破转强 (阳线上穿5/10)"
002363,2026-07-03,6.34,6.22,-1.89,-0.79,0,8,动量: 突破转强 (阳线上穿5/10)
002363,2026-07-09,6.05,6.22,2.81,3.47,1,4,"形态: 两连阴 (-2.86%, -0.82%)"
002548,2026-07-07,4.02,4.19,4.23,4.23,1,6,形态: 10日内有涨停 | 趋势: 高于MA20
002548,2026-07-13,4.05,4.19,3.46,3.46,1,2,形态: 10日内有涨停 | 趋势: 高于MA20
002548,2026-07-10,4.19,4.19,0.0,0.0,0,3,"形态: 10日内有涨停 | 形态: 两连阴 (-3.48%, -1.80%) | 趋势: 高于MA20 | 动量: 突破转强 (阳线上穿5/10)"
002548,2026-07-03,4.05,4.19,3.46,3.46,1,8,形态: 10日内有涨停 | 趋势: 高于MA20
002548,2026-07-09,3.81,4.19,9.97,9.97,1,4,"形态: 10日内有涨停 | 形态: 两连阴 (-2.43%, -3.48%)"
002548,2026-07-01,4.06,4.19,3.2,3.2,1,10,形态: 10日内有涨停 | 趋势: 高于MA20 | 动量: 突破转强 (阳线上穿5/10)
002825,2026-07-10,8.17,8.14,-0.37,-0.37,0,3,"形态: 两连阴 (-1.70%, -0.25%)"
002825,2026-07-09,8.08,8.14,0.74,1.11,1,4,"形态: 两连阴 (-1.32%, -1.70%)"
600435,2026-07-13,10.35,10.09,-2.51,-2.51,0,2,量能: 放量 (1.56X)
600435,2026-07-10,11.39,10.09,-11.41,-9.13,0,3,量能: 放量 (2.07X) | 动量: 突破转强 (阳线上穿5/10)
600435,2026-07-03,11.44,10.09,-11.8,-0.44,0,8,动量: 突破转强 (阳线上穿5/10)
600435,2026-07-09,10.77,10.09,-6.31,5.76,0,4,"形态: 两连阴 (-2.60%, -1.75%)"
603515,2026-07-07,17.4,17.36,-0.23,0.4,0,6,量能: 放量 (1.50X) | 动量: 突破转强 (阳线上穿5/10)
603515,2026-07-13,17.47,17.36,-0.63,-0.4,0,2,趋势: 高于MA20 | 动量: 突破转强 (阳线上穿5/10)
603515,2026-07-10,17.25,17.36,0.64,1.28,1,3,动量: 突破转强 (阳线上穿5/10)
600618,2026-07-13,9.59,9.98,4.07,4.07,1,2,"形态: 两连阴 (-0.20%, -0.20%)"
600618,2026-07-10,10.03,9.98,-0.5,-0.5,0,3,"形态: 两连阴 (-0.89%, -0.20%)"
600618,2026-07-09,10.05,9.98,-0.7,-0.2,0,4,"形态: 两连阴 (-5.05%, -0.89%)"
600618,2026-07-01,10.78,9.98,-7.42,0.28,0,10,量能: 放量 (1.85X) | 趋势: 高于MA20 | 动量: 突破转强 (阳线上穿5/10)
600444,2026-07-10,12.99,12.93,-0.46,-0.46,0,3,"形态: 两连阴 (-1.61%, -1.09%)"
600444,2026-07-03,13.57,12.93,-4.72,-0.37,0,8,动量: 突破转强 (阳线上穿5/10)
600444,2026-07-09,12.66,12.93,2.13,2.61,1,4,"形态: 两连阴 (-3.77%, -1.61%)"
002064,2026-07-07,10.85,10.33,-4.79,-4.79,0,6,趋势: 高于MA20
002064,2026-07-03,10.45,10.33,-1.15,6.41,0,8,趋势: 高于MA20 | 动量: 突破转强 (阳线上穿5/10)
002064,2026-07-09,10.2,10.33,1.27,1.27,1,4,"形态: 两连阴 (-2.43%, -6.18%)"
002064,2026-07-01,10.15,10.33,1.77,9.56,1,10,"形态: 两连阴 (-3.55%, -5.57%)"
605222,2026-07-03,25.22,18.98,-24.74,-9.99,0,8,量能: 放量 (1.55X) | 趋势: 高于MA20 | 动量: 突破转强 (阳线上穿5/10)
605222,2026-07-09,20.34,18.98,-6.69,2.75,0,4,"形态: 两连阴 (-7.84%, -3.25%)"
002414,2026-07-13,13.99,13.32,-4.79,-2.79,0,2,量能: 放量 (2.10X) | 形态: 10日内有涨停 | 趋势: 高于MA20
002414,2026-07-10,14.64,13.32,-9.02,-4.44,0,3,量能: 放量 (2.49X) | 形态: 10日内有涨停 | 趋势: 高于MA20 | 动量: 突破转强 (阳线上穿5/10)
002414,2026-07-03,12.66,13.32,5.21,15.64,1,8,"形态: 两连阴 (-2.87%, -2.87%)"
002414,2026-07-09,13.31,13.32,0.08,9.99,1,4,形态: 10日内有涨停 | 趋势: 高于MA20 | 动量: 突破转强 (阳线上穿5/10)
603668,2026-07-07,11.94,11.25,-5.78,2.93,0,6,"形态: 两连阴 (-1.40%, -4.49%) | 趋势: 高于MA20"
603668,2026-07-03,12.69,11.25,-11.35,-3.15,0,8,形态: 10日内有涨停 | 趋势: 高于MA20
603668,2026-07-09,12.29,11.25,-8.46,-2.85,0,4,"形态: 两连阴 (-1.49%, -1.01%) | 趋势: 高于MA20"
603668,2026-07-01,12.61,11.25,-10.79,2.06,0,10,形态: 10日内有涨停 | 趋势: 高于MA20
603359,2026-07-10,2.38,2.32,-2.52,1.26,0,3,趋势: 高于MA20 | 动量: 突破转强 (阳线上穿5/10)
603359,2026-07-03,2.33,2.32,-0.43,3.43,0,8,动量: 突破转强 (阳线上穿5/10)
603359,2026-07-09,2.27,2.32,2.2,6.17,1,4,动量: 突破转强 (阳线上穿5/10)
603569,2026-07-13,5.54,5.82,5.05,5.05,1,2,量能: 放量 (1.53X) | 趋势: 高于MA20 | 动量: 突破转强 (阳线上穿5/10)
603569,2026-07-10,5.48,5.82,6.2,6.2,1,3,量能: 放量 (1.55X) | 趋势: 高于MA20 | 动量: 突破转强 (阳线上穿5/10)
603569,2026-07-03,5.53,5.82,5.24,5.24,1,8,动量: 突破转强 (阳线上穿5/10)
603569,2026-07-01,5.47,5.82,6.4,6.4,1,10,动量: 突破转强 (阳线上穿5/10)
603633,2026-07-09,6.48,6.05,-6.64,1.23,0,4,"形态: 两连阴 (-4.88%, -2.64%)"
002782,2026-07-03,19.92,15.84,-20.48,0.5,0,8,"形态: 两连阴 (-1.76%, -4.74%)"
002782,2026-07-09,17.75,15.84,-10.76,-1.97,0,4,"形态: 两连阴 (-6.14%, -6.55%)"
603300,2026-07-10,4.5,4.44,-1.33,-1.33,0,3,"形态: 两连阴 (-0.23%, -0.45%)"
603300,2026-07-09,4.41,4.44,0.68,2.04,1,4,"形态: 两连阴 (-3.27%, -0.23%)"
601198,2026-07-07,13.85,14.29,3.18,3.18,1,6,趋势: 多头排列 (5>20>60) | 趋势: 高于MA20
601198,2026-07-13,13.68,14.29,4.46,4.46,1,2,趋势: 多头排列 (5>20>60) | 趋势: 高于MA20
601198,2026-07-10,13.78,14.29,3.7,3.7,1,3,趋势: 多头排列 (5>20>60) | 趋势: 高于MA20
601198,2026-07-03,13.78,14.29,3.7,3.7,1,8,趋势: 多头排列 (5>20>60) | 趋势: 高于MA20 | 动量: 突破转强 (阳线上穿5/10)
601198,2026-07-09,14.02,14.29,1.93,1.93,1,4,"趋势: 多头排列 (5>20>60) | 形态: 两连阴 (-0.72%, -0.51%) | 趋势: 高于MA20 | 动量: 突破转强 (阳线上穿5/10)"
601198,2026-07-01,13.99,14.29,2.14,2.14,1,10,趋势: 高于MA20 | 动量: 突破转强 (阳线上穿5/10)
002203,2026-07-13,18.42,18.71,1.57,6.03,1,2,"形态: 两连阴 (-1.62%, -2.89%)"
002203,2026-07-03,21.77,18.71,-14.06,-6.25,0,8,"形态: 两连阴 (-3.50%, -5.03%)"
002203,2026-07-01,22.05,18.71,-15.15,-1.27,0,10,趋势: 多头排列 (5>20>60) | 形态: 10日内有涨停
000987,2026-07-07,8.2,7.77,-5.24,-1.34,0,6,动量: 突破转强 (阳线上穿5/10)
000987,2026-07-10,8.09,7.77,-3.96,-3.96,0,3,趋势: 高于MA20 | 动量: 突破转强 (阳线上穿5/10)
000987,2026-07-03,8.13,7.77,-4.43,0.86,0,8,形态: 10日内有涨停 | 动量: 突破转强 (阳线上穿5/10)
000987,2026-07-09,8.0,7.77,-2.88,1.12,0,4,趋势: 高于MA20
000987,2026-07-01,8.17,7.77,-4.9,0.37,0,10,形态: 10日内有涨停 | 动量: 突破转强 (阳线上穿5/10)
000710,2026-07-10,7.83,8.1,3.45,3.45,1,3,"形态: 两连阴 (-1.05%, -1.06%) | 趋势: 高于MA20 | 动量: 突破转强 (阳线上穿5/10)"
000710,2026-07-03,8.03,8.1,0.87,0.87,1,8,趋势: 高于MA20 | 动量: 突破转强 (阳线上穿5/10)
000710,2026-07-09,7.44,8.1,8.87,8.87,1,4,"形态: 两连阴 (-5.59%, -1.05%)"
000710,2026-07-01,7.88,8.1,2.79,2.79,1,10,动量: 突破转强 (阳线上穿5/10)
601156,2026-07-07,17.43,16.51,-5.28,-2.29,0,6,趋势: 高于MA20
601156,2026-07-10,16.46,16.51,0.3,3.1,1,3,"趋势: 多头排列 (5>20>60) | 形态: 两连阴 (-2.29%, -3.58%)"
601156,2026-07-03,17.8,16.51,-7.25,0.84,0,8,趋势: 高于MA20
601156,2026-07-09,16.42,16.51,0.55,3.35,1,4,"趋势: 多头排列 (5>20>60) | 形态: 两连阴 (-2.90%, -2.29%)"
601156,2026-07-01,17.33,16.51,-4.73,3.58,0,10,量能: 放量 (1.91X) | 趋势: 高于MA20 | 动量: 突破转强 (阳线上穿5/10)
002099,2026-07-10,5.24,5.27,0.57,0.57,1,3,"形态: 两连阴 (-2.09%, -0.58%)"
002099,2026-07-03,5.47,5.27,-3.66,-0.91,0,8,趋势: 高于MA20 | 动量: 突破转强 (阳线上穿5/10)
002099,2026-07-09,5.12,5.27,2.93,2.93,1,4,"形态: 两连阴 (-2.95%, -2.09%)"
002099,2026-07-01,5.43,5.27,-2.95,0.74,0,10,趋势: 高于MA20 | 动量: 突破转强 (阳线上穿5/10)
002879,2026-07-10,13.1,12.87,-1.76,-1.76,0,3,"形态: 两连阴 (-2.41%, -1.00%)"
002879,2026-07-03,13.79,12.87,-6.67,1.81,0,8,动量: 突破转强 (阳线上穿5/10)
002879,2026-07-09,12.85,12.87,0.16,1.95,1,4,"形态: 两连阴 (-5.27%, -2.41%)"
600326,2026-07-10,6.43,6.34,-1.4,-1.4,0,3,"形态: 两连阴 (-1.87%, -0.48%)"
600326,2026-07-03,6.74,6.34,-5.93,-1.63,0,8,动量: 突破转强 (阳线上穿5/10)
600326,2026-07-09,6.28,6.34,0.96,2.39,1,4,"形态: 两连阴 (-3.02%, -1.87%)"
600546,2026-07-13,11.89,12.62,6.14,7.15,1,2,"形态: 两连阴 (-2.50%, -2.56%)"
600546,2026-07-03,12.66,12.62,-0.32,1.11,0,8,趋势: 高于MA20 | 动量: 突破转强 (阳线上穿5/10)
000407,2026-07-10,3.77,3.89,3.18,3.18,1,3,"形态: 两连阴 (-0.26%, -1.06%)"
000407,2026-07-03,3.98,3.89,-2.26,-2.26,0,8,量能: 放量 (1.68X) | 趋势: 高于MA20 | 动量: 突破转强 (阳线上穿5/10)
000407,2026-07-09,3.74,3.89,4.01,4.01,1,4,"形态: 两连阴 (-1.81%, -0.26%)"
603313,2026-07-07,6.42,7.93,23.52,33.8,1,6,量能: 放量 (1.52X) | 形态: 10日内有涨停 | 趋势: 高于MA20 | 动量: 突破转强 (阳线上穿5/10)
603313,2026-07-13,7.99,7.93,-0.75,7.51,0,2,形态: 10日内有涨停 | 趋势: 高于MA20 | 动量: 突破转强 (阳线上穿5/10)
603313,2026-07-10,7.26,7.93,9.23,18.32,1,3,形态: 10日内有涨停 | 趋势: 高于MA20
603313,2026-07-03,5.86,7.93,35.32,46.59,1,8,形态: 10日内有涨停 | 趋势: 高于MA20
603313,2026-07-09,7.26,7.93,9.23,18.32,1,4,量能: 放量 (1.97X) | 形态: 10日内有涨停 | 趋势: 高于MA20 | 动量: 突破转强 (阳线上穿5/10)
603313,2026-07-01,6.15,7.93,28.94,39.67,1,10,形态: 10日内有涨停 | 趋势: 高于MA20 | 动量: 突破转强 (阳线上穿5/10)
600676,2026-07-13,7.01,7.2,2.71,3.0,1,2,趋势: 高于MA20 | 动量: 突破转强 (阳线上穿5/10)
600676,2026-07-10,6.88,7.2,4.65,4.94,1,3,趋势: 高于MA20
600676,2026-07-03,6.75,7.2,6.67,6.96,1,8,趋势: 高于MA20
600676,2026-07-09,6.96,7.2,3.45,3.74,1,4,趋势: 高于MA20 | 动量: 突破转强 (阳线上穿5/10)
600676,2026-07-01,6.91,7.2,4.2,4.49,1,10,量能: 放量 (2.15X) | 形态: 10日内有涨停 | 趋势: 高于MA20 | 动量: 突破转强 (阳线上穿5/10)
002418,2026-07-03,3.86,3.44,-10.88,3.11,0,8,形态: 10日内有涨停
002418,2026-07-09,3.55,3.44,-3.1,2.54,0,4,"形态: 两连阴 (-8.29%, -3.01%)"
002418,2026-07-01,3.98,3.44,-13.57,0.0,0,10,形态: 10日内有涨停
002676,2026-07-10,4.99,4.84,-3.01,-3.01,0,3,"形态: 两连阴 (-1.20%, -0.20%)"
002676,2026-07-03,5.33,4.84,-9.19,-2.63,0,8,动量: 突破转强 (阳线上穿5/10)
002676,2026-07-09,4.93,4.84,-1.83,1.22,0,4,"形态: 两连阴 (-3.66%, -1.20%)"
002676,2026-07-01,5.22,4.84,-7.28,2.11,0,10,动量: 突破转强 (阳线上穿5/10)
000007,2026-07-07,11.59,10.21,-11.91,-3.36,0,6,量能: 放量 (1.55X)
000007,2026-07-10,11.1,10.21,-8.02,-8.02,0,3,"形态: 两连阴 (-3.36%, -3.12%)"
000007,2026-07-03,12.1,10.21,-15.62,6.45,0,8,"形态: 两连阴 (-0.89%, -2.36%)"
000007,2026-07-09,10.85,10.21,-5.9,2.3,0,4,"形态: 两连阴 (-10.02%, -3.36%)"
600313,2026-07-10,5.25,5.4,2.86,2.86,1,3,"形态: 两连阴 (-0.96%, -0.78%)"
600313,2026-07-09,5.1,5.4,5.88,5.88,1,4,"形态: 两连阴 (-2.63%, -0.96%)"
600359,2026-07-10,5.7,5.91,3.68,3.68,1,3,"形态: 两连阴 (-0.18%, -1.07%) | 动量: 突破转强 (阳线上穿5/10)"
600359,2026-07-09,5.56,5.91,6.29,6.29,1,4,"形态: 两连阴 (-1.92%, -0.18%)"
000301,2026-07-07,12.43,11.61,-6.6,3.14,0,6,量能: 放量 (1.52X) | 形态: 10日内有涨停 | 趋势: 高于MA20
000301,2026-07-13,11.4,11.61,1.84,7.28,1,2,形态: 10日内有涨停
000301,2026-07-10,12.55,11.61,-7.49,-2.55,0,3,形态: 10日内有涨停 | 趋势: 高于MA20
000301,2026-07-03,12.55,11.61,-7.49,10.04,0,8,趋势: 高于MA20 | 动量: 突破转强 (阳线上穿5/10)
000301,2026-07-09,12.48,11.61,-6.97,0.56,0,4,形态: 10日内有涨停 | 趋势: 高于MA20
000301,2026-07-01,12.02,11.61,-3.41,14.89,0,10,趋势: 高于MA20 | 动量: 突破转强 (阳线上穿5/10)
600179,2026-07-07,4.8,4.35,-9.38,-5.0,0,6,趋势: 多头排列 (5>20>60) | 形态: 10日内有涨停 | 趋势: 高于MA20 | 动量: 突破转强 (阳线上穿5/10)
600179,2026-07-13,4.47,4.35,-2.68,-2.68,0,2,形态: 10日内有涨停
600179,2026-07-10,4.5,4.35,-3.33,-0.67,0,3,形态: 10日内有涨停
600179,2026-07-03,4.59,4.35,-5.23,4.58,0,8,趋势: 多头排列 (5>20>60) | 形态: 10日内有涨停 | 趋势: 高于MA20
600179,2026-07-09,4.56,4.35,-4.61,-1.32,0,4,趋势: 多头排列 (5>20>60) | 形态: 10日内有涨停
600179,2026-07-01,4.84,4.35,-10.12,-0.83,0,10,"趋势: 多头排列 (5>20>60) | 量能: 放量 (1.56X) | 形态: 10日内有涨停 | 形态: 两连阴 (-5.29%, -1.79%) | 趋势: 高于MA20 | 动量: 突破转强 (阳线上穿5/10)"
600879,2026-07-07,20.63,17.38,-15.75,12.89,0,6,趋势: 高于MA20
600879,2026-07-13,21.36,17.38,-18.63,-9.6,0,2,量能: 放量 (1.66X) | 形态: 10日内有涨停 | 趋势: 高于MA20
600879,2026-07-10,23.29,17.38,-25.38,-8.29,0,3,形态: 10日内有涨停 | 趋势: 高于MA20 | 动量: 突破转强 (阳线上穿5/10)
600879,2026-07-03,22.27,17.38,-21.96,4.58,0,8,趋势: 高于MA20 | 动量: 突破转强 (阳线上穿5/10)
600879,2026-07-09,21.19,17.38,-17.98,9.91,0,4,趋势: 高于MA20
600879,2026-07-01,21.45,17.38,-18.97,8.58,0,10,趋势: 高于MA20 | 动量: 突破转强 (阳线上穿5/10)
603535,2026-07-10,6.07,6.11,0.66,0.66,1,3,"形态: 两连阴 (-0.17%, -1.66%)"
603535,2026-07-03,6.36,6.11,-3.93,-1.42,0,8,动量: 突破转强 (阳线上穿5/10)
603535,2026-07-09,5.94,6.11,2.86,2.86,1,4,"形态: 两连阴 (-3.51%, -0.17%)"
002454,2026-07-10,4.82,4.83,0.21,0.21,1,3,"形态: 两连阴 (-1.64%, -0.21%)"
002454,2026-07-03,5.12,4.83,-5.66,-1.17,0,8,动量: 突破转强 (阳线上穿5/10)
002454,2026-07-09,4.79,4.83,0.84,0.84,1,4,"形态: 两连阴 (-3.56%, -1.64%)"
002454,2026-07-01,4.82,4.83,0.21,6.22,1,10,"形态: 两连阴 (-1.44%, -0.42%)"
000949,2026-07-07,5.56,5.61,0.9,2.52,1,6,"形态: 两连阴 (-6.20%, -2.68%)"
000949,2026-07-01,6.55,5.61,-14.35,3.36,0,10,"形态: 两连阴 (-1.49%, -4.23%)"
001322,2026-07-07,6.36,6.13,-3.62,-0.16,0,6,"形态: 两连阴 (-2.47%, -0.48%) | 动量: 突破转强 (阳线上穿5/10)"
001322,2026-07-10,6.19,6.13,-0.97,-0.97,0,3,趋势: 高于MA20
001322,2026-07-09,6.35,6.13,-3.46,-2.52,0,4,趋势: 高于MA20 | 动量: 突破转强 (阳线上穿5/10)
001322,2026-07-01,6.16,6.13,-0.49,5.03,0,10,动量: 突破转强 (阳线上穿5/10)
000600,2026-07-07,8.27,8.0,-3.26,-2.18,0,6,"形态: 两连阴 (-1.53%, -4.55%)"
000600,2026-07-10,8.03,8.0,-0.37,-0.37,0,3,"形态: 两连阴 (-2.18%, -1.48%)"
000600,2026-07-09,7.97,8.0,0.38,0.75,1,4,"形态: 两连阴 (-3.84%, -2.18%)"
000695,2026-07-07,12.78,11.79,-7.75,-2.11,0,6,动量: 突破转强 (阳线上穿5/10)
000695,2026-07-10,12.51,11.79,-5.76,-4.0,0,3,动量: 突破转强 (阳线上穿5/10)
000695,2026-07-01,12.62,11.79,-6.58,1.27,0,10,形态: 10日内有涨停
600601,2026-07-07,14.7,11.71,-20.34,-5.58,0,6,趋势: 多头排列 (5>20>60) | 形态: 10日内有涨停 | 趋势: 高于MA20
600601,2026-07-13,12.18,11.71,-3.86,3.69,0,2,形态: 10日内有涨停
600601,2026-07-10,13.18,11.71,-11.15,-4.17,0,3,趋势: 多头排列 (5>20>60) | 形态: 10日内有涨停
600601,2026-07-03,15.12,11.71,-22.55,-0.86,0,8,趋势: 多头排列 (5>20>60) | 形态: 10日内有涨停 | 趋势: 高于MA20 | 动量: 突破转强 (阳线上穿5/10)
600601,2026-07-09,13.88,11.71,-15.63,-5.04,0,4,"趋势: 多头排列 (5>20>60) | 形态: 10日内有涨停 | 形态: 两连阴 (-1.93%, -9.52%) | 趋势: 高于MA20"
600601,2026-07-01,13.97,11.71,-16.18,8.23,0,10,趋势: 多头排列 (5>20>60) | 形态: 10日内有涨停 | 趋势: 高于MA20 | 动量: 突破转强 (阳线上穿5/10)
600773,2026-07-07,12.27,11.12,-9.37,9.29,0,6,"形态: 两连阴 (-0.54%, -2.24%)"
600773,2026-07-10,12.2,11.12,-8.85,-6.07,0,3,量能: 放量 (1.53X)
600773,2026-07-09,13.41,11.12,-17.08,-9.02,0,4,量能: 放量 (1.67X) | 动量: 突破转强 (阳线上穿5/10)
601399,2026-07-03,3.47,3.08,-11.24,-3.75,0,8,"形态: 两连阴 (-0.57%, -2.30%)"
601399,2026-07-09,3.14,3.08,-1.91,2.55,0,4,"形态: 两连阴 (-3.29%, -3.10%)"
000755,2026-07-13,4.6,4.67,1.52,1.52,1,2,量能: 放量 (1.67X) | 趋势: 高于MA20 | 动量: 突破转强 (阳线上穿5/10)
000755,2026-07-10,4.52,4.67,3.32,3.32,1,3,趋势: 高于MA20
000755,2026-07-03,4.54,4.67,2.86,2.86,1,8,动量: 突破转强 (阳线上穿5/10)
601002,2026-07-13,4.85,4.99,2.89,2.89,1,2,量能: 放量 (2.11X) | 形态: 10日内有涨停 | 趋势: 高于MA20 | 动量: 突破转强 (阳线上穿5/10)
601002,2026-07-10,4.41,4.99,13.15,13.15,1,3,"形态: 两连阴 (-1.59%, -0.92%) | 动量: 突破转强 (阳线上穿5/10)"
601002,2026-07-03,4.57,4.99,9.19,9.19,1,8,动量: 突破转强 (阳线上穿5/10)
601002,2026-07-09,4.3,4.99,16.05,16.05,1,4,"形态: 两连阴 (-2.22%, -1.59%)"
002763,2026-07-10,6.97,7.13,2.3,2.3,1,3,"形态: 两连阴 (-2.09%, -1.42%)"
002763,2026-07-03,7.3,7.13,-2.33,0.41,0,8,动量: 突破转强 (阳线上穿5/10)
002763,2026-07-09,6.92,7.13,3.03,3.03,1,4,"形态: 两连阴 (-2.18%, -2.09%)"
600198,2026-07-07,8.48,7.32,-13.68,-0.35,0,6,"形态: 两连阴 (-3.92%, -7.61%)"
600198,2026-07-03,9.07,7.32,-19.29,-6.5,0,8,趋势: 多头排列 (5>20>60)
600198,2026-07-01,9.66,7.32,-24.22,-2.28,0,10,趋势: 多头排列 (5>20>60) | 趋势: 高于MA20 | 动量: 突破转强 (阳线上穿5/10)
603679,2026-07-10,18.88,17.79,-5.77,0.74,0,3,"形态: 两连阴 (-1.52%, -3.61%)"
603679,2026-07-03,20.43,17.79,-12.92,-6.41,0,8,趋势: 多头排列 (5>20>60) | 趋势: 高于MA20
603679,2026-07-01,20.45,17.79,-13.01,-0.1,0,10,趋势: 多头排列 (5>20>60) | 形态: 10日内有涨停 | 趋势: 高于MA20
002800,2026-07-07,12.76,13.66,7.05,7.05,1,6,"形态: 两连阴 (-0.73%, -2.07%)"
002800,2026-07-10,12.82,13.66,6.55,6.55,1,3,"形态: 两连阴 (-4.39%, -0.16%)"
002800,2026-07-09,12.18,13.66,12.15,12.15,1,4,"形态: 两连阴 (-3.55%, -4.39%)"
600643,2026-07-10,3.87,3.98,2.84,2.84,1,3,动量: 突破转强 (阳线上穿5/10)
600176,2026-07-07,60.0,53.0,-11.67,-2.17,0,6,趋势: 多头排列 (5>20>60) | 形态: 10日内有涨停 | 趋势: 高于MA20
600176,2026-07-03,70.9,53.0,-25.25,-10.0,0,8,"趋势: 多头排列 (5>20>60) | 形态: 10日内有涨停 | 形态: 两连阴 (-3.58%, -3.49%) | 趋势: 高于MA20 | 动量: 突破转强 (阳线上穿5/10)"
600176,2026-07-09,58.7,53.0,-9.71,-5.11,0,4,"趋势: 多头排列 (5>20>60) | 形态: 两连阴 (-5.97%, -6.57%)"
600176,2026-07-01,70.27,53.0,-24.58,0.9,0,10,趋势: 多头排列 (5>20>60) | 形态: 10日内有涨停 | 趋势: 高于MA20
600271,2026-07-10,6.86,6.56,-4.37,-4.37,0,3,量能: 放量 (2.11X) | 趋势: 高于MA20 | 动量: 突破转强 (阳线上穿5/10)
600271,2026-07-03,6.76,6.56,-2.96,1.48,0,8,动量: 突破转强 (阳线上穿5/10)
000017,2026-07-07,6.03,5.89,-2.32,8.62,0,6,形态: 10日内有涨停 | 趋势: 高于MA20
000017,2026-07-13,5.69,5.89,3.51,3.51,1,2,形态: 10日内有涨停 | 趋势: 高于MA20
000017,2026-07-10,5.99,5.89,-1.67,-1.67,0,3,形态: 10日内有涨停 | 趋势: 高于MA20
000017,2026-07-03,6.09,5.89,-3.28,7.55,0,8,"形态: 10日内有涨停 | 形态: 两连阴 (-0.65%, -1.32%) | 趋势: 高于MA20 | 动量: 突破转强 (阳线上穿5/10)"
000017,2026-07-09,6.55,5.89,-10.08,-8.55,0,4,量能: 放量 (2.03X) | 形态: 10日内有涨停 | 趋势: 高于MA20 | 动量: 突破转强 (阳线上穿5/10)
000017,2026-07-01,6.08,5.89,-3.13,7.73,0,10,形态: 10日内有涨停 | 趋势: 高于MA20
600330,2026-07-07,25.12,23.43,-6.73,0.0,0,6,"形态: 10日内有涨停 | 形态: 两连阴 (-5.81%, -4.53%)"
600330,2026-07-03,26.28,23.43,-10.84,-4.41,0,8,"形态: 10日内有涨停 | 形态: 两连阴 (-2.92%, -6.81%)"
600330,2026-07-01,29.94,23.43,-21.74,-6.81,0,10,趋势: 多头排列 (5>20>60) | 形态: 10日内有涨停
002617,2026-07-07,9.7,6.69,-31.03,-3.3,0,6,"趋势: 多头排列 (5>20>60) | 量能: 放量 (1.58X) | 形态: 两连阴 (-4.69%, -1.97%) | 趋势: 高于MA20 | 动量: 突破转强 (阳线上穿5/10)"
002617,2026-07-03,9.15,6.69,-26.89,6.01,0,8,"趋势: 多头排列 (5>20>60) | 形态: 两连阴 (-2.72%, -4.10%) | 趋势: 高于MA20"
002617,2026-07-09,9.38,6.69,-28.68,-10.02,0,4,趋势: 高于MA20
002617,2026-07-01,10.01,6.69,-33.17,-3.1,0,10,趋势: 多头排列 (5>20>60) | 趋势: 高于MA20
603058,2026-07-10,8.9,8.53,-4.16,-4.16,0,3,动量: 突破转强 (阳线上穿5/10)
600203,2026-07-07,13.16,10.84,-17.63,1.82,0,6,量能: 放量 (1.54X) | 趋势: 高于MA20 | 动量: 突破转强 (阳线上穿5/10)
600203,2026-07-10,12.72,10.84,-14.78,-4.48,0,3,趋势: 高于MA20
600203,2026-07-03,12.82,10.84,-15.44,4.52,0,8,量能: 放量 (1.65X) | 趋势: 高于MA20 | 动量: 突破转强 (阳线上穿5/10)
600203,2026-07-09,13.4,10.84,-19.1,-5.07,0,4,趋势: 高于MA20 | 动量: 突破转强 (阳线上穿5/10)
600203,2026-07-01,12.34,10.84,-12.16,8.59,0,10,趋势: 高于MA20 | 动量: 突破转强 (阳线上穿5/10)
002410,2026-07-10,8.43,8.52,1.07,1.07,1,3,量能: 放量 (1.65X) | 动量: 突破转强 (阳线上穿5/10)
000565,2026-07-10,5.85,5.79,-1.03,-1.03,0,3,"形态: 两连阴 (-1.20%, -0.17%)"
000565,2026-07-03,6.17,5.79,-6.16,-1.94,0,8,动量: 突破转强 (阳线上穿5/10)
000565,2026-07-09,5.73,5.79,1.05,2.09,1,4,"形态: 两连阴 (-3.97%, -1.20%)"
000565,2026-07-01,5.86,5.79,-1.19,5.29,0,10,"形态: 两连阴 (-1.21%, -0.35%)"
603088,2026-07-10,9.34,8.9,-4.71,-4.71,0,3,"形态: 两连阴 (-2.90%, -0.85%)"
603088,2026-07-03,10.24,8.9,-13.09,-1.76,0,8,趋势: 高于MA20 | 动量: 突破转强 (阳线上穿5/10)
603088,2026-07-09,9.31,8.9,-4.4,0.32,0,4,"形态: 两连阴 (-3.88%, -2.90%)"
600446,2026-07-07,9.99,10.15,1.6,2.2,1,6,"形态: 10日内有涨停 | 形态: 两连阴 (-0.19%, -1.91%)"
600446,2026-07-13,9.75,10.15,4.1,4.1,1,2,形态: 10日内有涨停
600446,2026-07-10,10.17,10.15,-0.2,-0.2,0,3,形态: 10日内有涨停
600446,2026-07-03,10.46,10.15,-2.96,-1.91,0,8,形态: 10日内有涨停
600446,2026-07-09,10.21,10.15,-0.59,-0.39,0,4,形态: 10日内有涨停
600446,2026-07-01,11.07,10.15,-8.31,-5.33,0,10,形态: 10日内有涨停 | 动量: 突破转强 (阳线上穿5/10)
603601,2026-07-03,12.3,9.33,-24.15,-10.0,0,8,量能: 放量 (1.70X)
603601,2026-07-09,10.28,9.33,-9.24,3.21,0,4,"形态: 两连阴 (-5.60%, -4.88%)"
603601,2026-07-01,12.44,9.33,-25.0,-1.13,0,10,形态: 10日内有涨停
002171,2026-07-07,12.76,10.33,-19.04,-7.52,0,6,"形态: 两连阴 (-5.35%, -2.75%)"
002171,2026-07-01,13.99,10.33,-26.16,-1.14,0,10,趋势: 多头排列 (5>20>60) | 趋势: 高于MA20
600376,2026-07-07,3.57,3.3,-7.56,2.52,0,6,形态: 10日内有涨停 | 趋势: 高于MA20
600376,2026-07-13,3.33,3.3,-0.9,-0.9,0,2,形态: 10日内有涨停
600376,2026-07-10,3.66,3.3,-9.84,-9.02,0,3,形态: 10日内有涨停 | 趋势: 高于MA20 | 动量: 突破转强 (阳线上穿5/10)
600376,2026-07-03,3.81,3.3,-13.39,4.2,0,8,形态: 10日内有涨停 | 趋势: 高于MA20 | 动量: 突破转强 (阳线上穿5/10)
600376,2026-07-09,3.33,3.3,-0.9,9.91,0,4,"形态: 10日内有涨停 | 形态: 两连阴 (-10.08%, -7.28%)"
600376,2026-07-01,3.42,3.3,-3.51,16.08,0,10,动量: 突破转强 (阳线上穿5/10)
600929,2026-07-10,4.64,4.74,2.16,2.16,1,3,"形态: 两连阴 (-0.21%, -1.91%)"
600929,2026-07-03,4.78,4.74,-0.84,1.88,0,8,动量: 突破转强 (阳线上穿5/10)
600929,2026-07-09,4.61,4.74,2.82,2.82,1,4,"形态: 两连阴 (-3.29%, -0.21%)"
600236,2026-07-13,9.51,10.0,5.15,5.15,1,2,"形态: 两连阴 (-0.11%, -0.11%) | 趋势: 高于MA20 | 动量: 突破转强 (阳线上穿5/10)"
600236,2026-07-10,9.49,10.0,5.37,5.37,1,3,趋势: 高于MA20
600236,2026-07-03,9.54,10.0,4.82,4.82,1,8,动量: 突破转强 (阳线上穿5/10)
600236,2026-07-09,9.5,10.0,5.26,5.26,1,4,趋势: 高于MA20
600236,2026-07-01,9.24,10.0,8.23,8.23,1,10,动量: 突破转强 (阳线上穿5/10)
600909,2026-07-07,9.82,9.5,-3.26,2.85,0,6,"趋势: 多头排列 (5>20>60) | 形态: 10日内有涨停 | 形态: 两连阴 (-9.46%, -6.84%)"
600909,2026-07-13,8.86,9.5,7.22,7.22,1,2,形态: 10日内有涨停
600909,2026-07-10,9.43,9.5,0.74,0.74,1,3,形态: 10日内有涨停
600909,2026-07-03,10.82,9.5,-12.2,-6.65,0,8,趋势: 多头排列 (5>20>60) | 形态: 10日内有涨停 | 趋势: 高于MA20
600909,2026-07-09,10.1,9.5,-5.94,-5.94,0,4,"形态: 10日内有涨停 | 形态: 两连阴 (-2.58%, -6.52%) | 趋势: 高于MA20"
600909,2026-07-01,12.22,9.5,-22.26,-2.21,0,10,"趋势: 多头排列 (5>20>60) | 形态: 10日内有涨停 | 形态: 两连阴 (-3.46%, -5.20%) | 趋势: 高于MA20 | 动量: 突破转强 (阳线上穿5/10)"
600712,2026-07-10,4.84,4.86,0.41,0.41,1,3,"形态: 两连阴 (-0.83%, -0.84%) | 动量: 突破转强 (阳线上穿5/10)"
600712,2026-07-03,5.1,4.86,-4.71,-3.53,0,8,趋势: 高于MA20 | 动量: 突破转强 (阳线上穿5/10)
600712,2026-07-09,4.72,4.86,2.97,2.97,1,4,"形态: 两连阴 (-2.44%, -0.83%)"
600712,2026-07-01,4.88,4.86,-0.41,4.51,0,10,动量: 突破转强 (阳线上穿5/10)
600226,2026-07-07,8.61,7.35,-14.63,-0.46,0,6,"形态: 10日内有涨停 | 形态: 两连阴 (-4.47%, -4.67%)"
600226,2026-07-13,7.55,7.35,-2.65,1.85,0,2,"形态: 两连阴 (-1.05%, -3.18%)"
600226,2026-07-10,8.21,7.35,-10.48,-6.33,0,3,"形态: 两连阴 (-0.46%, -1.05%)"
600226,2026-07-03,9.2,7.35,-20.11,-4.67,0,8,趋势: 多头排列 (5>20>60) | 形态: 10日内有涨停 | 趋势: 高于MA20
600226,2026-07-09,8.48,7.35,-13.33,-3.18,0,4,"形态: 两连阴 (-1.82%, -0.46%)"
600226,2026-07-01,9.68,7.35,-24.07,-0.52,0,10,趋势: 多头排列 (5>20>60) | 形态: 10日内有涨停 | 趋势: 高于MA20
002730,2026-07-07,26.62,27.12,1.88,9.28,1,6,"形态: 两连阴 (-3.00%, -0.40%)"
002730,2026-07-10,28.1,27.12,-3.49,3.52,0,3,"量能: 放量 (1.76X) | 形态: 两连阴 (-1.01%, -0.76%) | 动量: 突破转强 (阳线上穿5/10)"
002730,2026-07-03,27.76,27.12,-2.31,4.79,0,8,"形态: 两连阴 (-3.54%, -0.80%) | 趋势: 高于MA20"
002730,2026-07-09,26.15,27.12,3.71,11.24,1,4,"形态: 两连阴 (-3.73%, -1.01%)"
002730,2026-07-01,28.85,27.12,-6.0,0.83,0,10,趋势: 高于MA20
002846,2026-07-13,9.49,9.96,4.95,4.95,1,2,"形态: 两连阴 (-1.09%, -0.60%)"
002846,2026-07-10,9.88,9.96,0.81,0.81,1,3,"形态: 两连阴 (-3.18%, -1.09%)"
002846,2026-07-09,9.94,9.96,0.2,0.2,1,4,"形态: 两连阴 (-1.52%, -3.18%)"
000995,2026-07-10,9.97,10.06,0.9,0.9,1,3,"量能: 放量 (2.10X) | 形态: 两连阴 (-1.47%, -0.43%) | 动量: 突破转强 (阳线上穿5/10)"
000995,2026-07-03,9.99,10.06,0.7,0.7,1,8,动量: 突破转强 (阳线上穿5/10)
000995,2026-07-09,9.33,10.06,7.82,7.82,1,4,"形态: 两连阴 (-4.04%, -1.47%)"
002519,2026-07-10,5.98,5.15,-13.88,-9.87,0,3,量能: 放量 (2.36X) | 趋势: 高于MA20 | 动量: 突破转强 (阳线上穿5/10)
002519,2026-07-09,5.47,5.15,-5.85,9.32,0,4,"形态: 两连阴 (-3.03%, -2.02%)"
601789,2026-07-10,4.06,4.03,-0.74,-0.74,0,3,动量: 突破转强 (阳线上穿5/10)
601789,2026-07-01,4.12,4.03,-2.18,0.24,0,10,"形态: 两连阴 (-0.99%, -0.25%)"
600996,2026-07-10,6.47,6.43,-0.62,0.0,0,3,量能: 放量 (1.51X)
600996,2026-07-03,6.73,6.43,-4.46,-3.86,0,8,"形态: 两连阴 (-2.59%, -4.14%)"
600996,2026-07-09,6.06,6.43,6.11,6.77,1,4,"形态: 两连阴 (-2.09%, -1.97%)"
600996,2026-07-01,6.76,6.43,-4.88,-0.44,0,10,"形态: 两连阴 (-9.99%, -8.32%)"
603331,2026-07-10,10.89,11.0,1.01,1.01,1,3,动量: 突破转强 (阳线上穿5/10)
603331,2026-07-03,11.45,11.0,-3.93,-2.88,0,8,量能: 放量 (2.26X) | 动量: 突破转强 (阳线上穿5/10)
603331,2026-07-09,10.48,11.0,4.96,4.96,1,4,"形态: 两连阴 (-2.79%, -3.42%)"
002963,2026-07-07,18.9,17.22,-8.89,2.91,0,6,趋势: 多头排列 (5>20>60)
002963,2026-07-03,21.1,17.22,-18.39,-7.82,0,8,趋势: 多头排列 (5>20>60) | 形态: 10日内有涨停 | 趋势: 高于MA20
002963,2026-07-01,21.26,17.22,-19.0,-0.75,0,10,趋势: 多头排列 (5>20>60) | 形态: 10日内有涨停 | 趋势: 高于MA20
603101,2026-07-07,6.97,7.11,2.01,2.01,1,6,量能: 放量 (2.11X) | 趋势: 高于MA20 | 动量: 突破转强 (阳线上穿5/10)
603101,2026-07-10,6.87,7.11,3.49,3.49,1,3,"形态: 两连阴 (-0.72%, -3.76%) | 趋势: 高于MA20 | 动量: 突破转强 (阳线上穿5/10)"
603101,2026-07-03,6.91,7.11,2.89,2.89,1,8,趋势: 高于MA20 | 动量: 突破转强 (阳线上穿5/10)
603101,2026-07-01,6.55,7.11,8.55,8.55,1,10,动量: 突破转强 (阳线上穿5/10)
002125,2026-07-07,12.41,11.77,-5.16,-4.51,0,6,"形态: 两连阴 (-4.34%, -1.31%)"
002125,2026-07-09,11.85,11.77,-0.68,-0.68,0,4,"形态: 两连阴 (-3.27%, -4.67%)"
600578,2026-07-07,5.74,5.76,0.35,2.61,1,6,"形态: 两连阴 (-0.16%, -3.40%)"
600578,2026-07-09,5.82,5.76,-1.03,1.2,0,4,"形态: 两连阴 (-3.85%, -2.44%)"
002520,2026-07-07,7.8,6.05,-22.44,-10.0,0,6,趋势: 多头排列 (5>20>60) | 形态: 10日内有涨停 | 趋势: 高于MA20 | 动量: 突破转强 (阳线上穿5/10)
002520,2026-07-13,6.05,6.05,0.0,0.0,0,2,形态: 10日内有涨停
002520,2026-07-10,6.72,6.05,-9.97,-9.97,0,3,"趋势: 多头排列 (5>20>60) | 形态: 10日内有涨停 | 形态: 两连阴 (-10.00%, -4.99%)"
002520,2026-07-03,7.72,6.05,-21.63,1.04,0,8,趋势: 多头排列 (5>20>60) | 形态: 10日内有涨停 | 趋势: 高于MA20 | 动量: 突破转强 (阳线上穿5/10)
002520,2026-07-09,6.67,6.05,-9.3,0.75,0,4,趋势: 多头排列 (5>20>60) | 形态: 10日内有涨停
002520,2026-07-01,7.05,6.05,-14.18,10.64,0,10,趋势: 多头排列 (5>20>60) | 形态: 10日内有涨停 | 趋势: 高于MA20 | 动量: 突破转强 (阳线上穿5/10)
603219,2026-07-10,14.83,14.78,-0.34,-0.34,0,3,"形态: 两连阴 (-2.99%, -1.44%)"
603219,2026-07-03,16.78,14.78,-11.92,-3.64,0,8,趋势: 高于MA20 | 动量: 突破转强 (阳线上穿5/10)
603219,2026-07-09,14.4,14.78,2.64,2.99,1,4,"形态: 两连阴 (-6.86%, -2.99%)"
603219,2026-07-01,15.36,14.78,-3.78,9.24,0,10,趋势: 高于MA20
603703,2026-07-09,9.93,9.05,-8.86,2.22,0,4,"形态: 两连阴 (-2.93%, -1.91%)"
002009,2026-07-07,19.79,17.37,-12.23,-5.91,0,6,形态: 10日内有涨停
002009,2026-07-13,17.17,17.37,1.16,1.16,1,2,形态: 10日内有涨停
002009,2026-07-10,18.62,17.37,-6.71,-6.71,0,3,"形态: 10日内有涨停 | 形态: 两连阴 (-6.11%, -0.81%)"
002009,2026-07-03,21.99,17.37,-21.01,-6.82,0,8,形态: 10日内有涨停 | 趋势: 高于MA20 | 动量: 突破转强 (阳线上穿5/10)
002009,2026-07-09,18.43,17.37,-5.75,1.03,0,4,"形态: 10日内有涨停 | 形态: 两连阴 (-3.42%, -6.11%)"
002009,2026-07-01,20.98,17.37,-17.21,4.81,0,10,量能: 放量 (1.52X) | 形态: 10日内有涨停 | 趋势: 高于MA20 | 动量: 突破转强 (阳线上穿5/10)
600476,2026-07-10,8.99,8.81,-2.0,-2.0,0,3,动量: 突破转强 (阳线上穿5/10)
600476,2026-07-03,9.39,8.81,-6.18,0.85,0,8,动量: 突破转强 (阳线上穿5/10)
002590,2026-07-13,9.04,9.25,2.32,2.32,1,2,"形态: 两连阴 (-0.62%, -0.31%)"
002590,2026-07-10,9.55,9.25,-3.14,-3.14,0,3,"形态: 两连阴 (-2.92%, -0.62%)"
002590,2026-07-03,10.39,9.25,-10.97,-2.12,0,8,动量: 突破转强 (阳线上穿5/10)
002590,2026-07-09,9.58,9.25,-3.44,-0.31,0,4,"形态: 两连阴 (-2.36%, -2.92%)"
002033,2026-07-03,8.51,8.4,-1.29,0.59,0,8,趋势: 高于MA20 | 动量: 突破转强 (阳线上穿5/10)
002033,2026-07-01,8.4,8.4,0.0,1.9,0,10,动量: 突破转强 (阳线上穿5/10)
001217,2026-07-07,8.71,8.63,-0.92,-0.92,0,6,"形态: 两连阴 (-2.28%, -0.33%)"
001217,2026-07-10,8.59,8.63,0.47,0.47,1,3,"形态: 两连阴 (-1.61%, -0.12%)"
001217,2026-07-09,8.56,8.63,0.82,0.82,1,4,"形态: 两连阴 (-2.90%, -1.61%)"
001217,2026-07-01,9.15,8.63,-5.68,0.66,0,10,"量能: 放量 (1.78X) | 形态: 两连阴 (-0.70%, -1.52%) | 动量: 突破转强 (阳线上穿5/10)"
600858,2026-07-10,4.59,4.76,3.7,3.7,1,3,动量: 突破转强 (阳线上穿5/10)
600858,2026-07-03,4.62,4.76,3.03,3.03,1,8,动量: 突破转强 (阳线上穿5/10)
600843,2026-07-10,7.36,6.72,-8.7,-5.98,0,3,"形态: 两连阴 (-4.87%, -4.99%)"
600843,2026-07-03,8.78,6.72,-23.46,1.25,0,8,形态: 10日内有涨停 | 趋势: 高于MA20 | 动量: 突破转强 (阳线上穿5/10)
600843,2026-07-09,7.23,6.72,-7.05,1.8,0,4,"形态: 两连阴 (-10.01%, -4.87%)"
600843,2026-07-01,8.95,6.72,-24.92,-0.67,0,10,形态: 10日内有涨停 | 趋势: 高于MA20 | 动量: 突破转强 (阳线上穿5/10)
002284,2026-07-10,9.47,9.28,-2.01,-2.01,0,3,"形态: 两连阴 (-2.95%, -1.15%)"
002284,2026-07-03,10.41,9.28,-10.85,-2.79,0,8,趋势: 高于MA20 | 动量: 突破转强 (阳线上穿5/10)
002284,2026-07-09,9.43,9.28,-1.59,0.42,0,4,"形态: 两连阴 (-2.87%, -2.95%)"
603898,2026-07-07,14.02,13.84,-1.28,8.92,0,6,趋势: 多头排列 (5>20>60) | 趋势: 高于MA20
603898,2026-07-13,14.54,13.84,-4.81,-1.58,0,2,趋势: 多头排列 (5>20>60) | 量能: 放量 (1.61X) | 形态: 10日内有涨停 | 趋势: 高于MA20
603898,2026-07-10,15.27,13.84,-9.36,-4.78,0,3,趋势: 多头排列 (5>20>60) | 形态: 10日内有涨停 | 趋势: 高于MA20 | 动量: 突破转强 (阳线上穿5/10)
603898,2026-07-03,15.02,13.84,-7.86,1.66,0,8,"趋势: 多头排列 (5>20>60) | 形态: 两连阴 (-0.50%, -7.18%) | 趋势: 高于MA20"
603898,2026-07-09,13.88,13.84,-0.29,10.01,0,4,趋势: 多头排列 (5>20>60) | 形态: 10日内有涨停 | 趋势: 高于MA20
603898,2026-07-01,15.87,13.84,-12.79,-3.78,0,10,趋势: 多头排列 (5>20>60) | 趋势: 高于MA20
600970,2026-07-13,7.26,7.54,3.86,3.86,1,2,动量: 突破转强 (阳线上穿5/10)
600970,2026-07-10,7.24,7.54,4.14,4.14,1,3,动量: 突破转强 (阳线上穿5/10)
600970,2026-07-09,7.15,7.54,5.45,5.45,1,4,"形态: 两连阴 (-2.99%, -0.14%)"
600356,2026-07-03,7.99,8.1,1.38,2.25,1,8,动量: 突破转强 (阳线上穿5/10)
600356,2026-07-09,7.9,8.1,2.53,2.53,1,4,"形态: 两连阴 (-2.94%, -1.01%)"
600356,2026-07-01,7.68,8.1,5.47,6.38,1,10,"形态: 两连阴 (-0.26%, -1.72%)"
603032,2026-07-07,26.78,20.13,-24.83,-10.01,0,6,趋势: 多头排列 (5>20>60) | 形态: 10日内有涨停 | 趋势: 高于MA20
603032,2026-07-13,19.9,20.13,1.16,1.16,1,2,"形态: 两连阴 (-7.93%, -3.56%)"
603032,2026-07-10,21.4,20.13,-5.93,-5.93,0,3,"形态: 10日内有涨停 | 形态: 两连阴 (-10.01%, -7.93%)"
603032,2026-07-03,27.6,20.13,-27.07,7.79,0,8,"趋势: 多头排列 (5>20>60) | 形态: 10日内有涨停 | 形态: 两连阴 (-3.16%, -0.42%) | 趋势: 高于MA20 | 动量: 突破转强 (阳线上穿5/10)"
603032,2026-07-09,22.19,20.13,-9.28,-3.56,0,4,"趋势: 多头排列 (5>20>60) | 形态: 10日内有涨停 | 形态: 两连阴 (-9.98%, -10.01%)"
603032,2026-07-01,26.05,20.13,-22.73,14.2,0,10,趋势: 多头排列 (5>20>60) | 形态: 10日内有涨停 | 趋势: 高于MA20
603707,2026-07-07,7.39,7.99,8.12,8.12,1,6,趋势: 高于MA20
603707,2026-07-13,7.63,7.99,4.72,4.72,1,2,趋势: 高于MA20 | 动量: 突破转强 (阳线上穿5/10)
603707,2026-07-10,7.49,7.99,6.68,6.68,1,3,"形态: 两连阴 (-0.41%, -1.63%) | 趋势: 高于MA20 | 动量: 突破转强 (阳线上穿5/10)"
603707,2026-07-03,7.64,7.99,4.58,4.58,1,8,趋势: 高于MA20 | 动量: 突破转强 (阳线上穿5/10)
603707,2026-07-09,7.24,7.99,10.36,10.36,1,4,"形态: 两连阴 (-2.89%, -0.41%)"
603707,2026-07-01,7.29,7.99,9.6,9.6,1,10,动量: 突破转强 (阳线上穿5/10)
002842,2026-07-07,37.69,35.96,-4.59,1.43,0,6,"形态: 10日内有涨停 | 形态: 两连阴 (-10.01%, -9.99%)"
002842,2026-07-13,37.17,35.96,-3.26,2.85,0,2,量能: 放量 (1.73X) | 形态: 10日内有涨停
002842,2026-07-10,35.35,35.96,1.73,8.15,1,3,形态: 10日内有涨停
002842,2026-07-03,45.15,35.96,-20.35,-9.99,0,8,趋势: 多头排列 (5>20>60) | 形态: 10日内有涨停 | 趋势: 高于MA20
002842,2026-07-09,36.3,35.96,-0.94,5.32,0,4,"形态: 10日内有涨停 | 形态: 两连阴 (-7.26%, -4.27%)"
002842,2026-07-01,45.61,35.96,-21.16,10.0,0,10,"趋势: 多头排列 (5>20>60) | 形态: 10日内有涨停 | 形态: 两连阴 (-5.21%, -2.51%) | 趋势: 高于MA20"
603328,2026-07-09,11.16,9.62,-13.8,-2.42,0,4,"形态: 两连阴 (-3.90%, -7.36%)"
600215,2026-07-07,6.37,5.86,-8.01,-4.71,0,6,形态: 10日内有涨停 | 趋势: 高于MA20
600215,2026-07-13,5.72,5.86,2.45,2.45,1,2,形态: 10日内有涨停
600215,2026-07-10,6.01,5.86,-2.5,-2.5,0,3,"形态: 10日内有涨停 | 形态: 两连阴 (-4.71%, -1.81%)"
600215,2026-07-03,6.25,5.86,-6.24,10.08,0,8,趋势: 高于MA20 | 动量: 突破转强 (阳线上穿5/10)
600215,2026-07-09,5.96,5.86,-1.68,0.84,0,4,"形态: 10日内有涨停 | 形态: 两连阴 (-7.41%, -4.71%)"
002682,2026-07-10,4.3,4.22,-1.86,-1.86,0,3,动量: 突破转强 (阳线上穿5/10)
002682,2026-07-03,4.42,4.22,-4.52,-2.04,0,8,动量: 突破转强 (阳线上穿5/10)
002682,2026-07-09,4.2,4.22,0.48,2.38,1,4,"形态: 两连阴 (-3.00%, -1.19%)"
002969,2026-07-03,14.06,12.23,-13.02,-4.77,0,8,"形态: 两连阴 (-0.71%, -0.72%)"
002969,2026-07-09,12.85,12.23,-4.82,3.19,0,4,"形态: 两连阴 (-3.73%, -2.56%)"
603602,2026-07-09,10.6,10.47,-1.23,2.83,0,4,"形态: 两连阴 (-3.14%, -1.67%)"
600576,2026-07-07,5.93,6.14,3.54,3.54,1,6,"趋势: 多头排列 (5>20>60) | 形态: 10日内有涨停 | 形态: 两连阴 (-0.16%, -1.92%) | 趋势: 高于MA20"
600576,2026-07-10,5.81,6.14,5.68,5.68,1,3,"趋势: 多头排列 (5>20>60) | 形态: 10日内有涨停 | 形态: 两连阴 (-0.84%, -2.55%)"
600576,2026-07-03,6.25,6.14,-1.76,-1.76,0,8,形态: 10日内有涨停 | 趋势: 高于MA20
600576,2026-07-09,5.73,6.14,7.16,7.16,1,4,"趋势: 多头排列 (5>20>60) | 形态: 10日内有涨停 | 形态: 两连阴 (-3.26%, -0.84%)"
600576,2026-07-01,6.32,6.14,-2.85,-0.95,0,10,形态: 10日内有涨停 | 趋势: 高于MA20 | 动量: 突破转强 (阳线上穿5/10)
603073,2026-07-10,15.22,15.35,0.85,0.85,1,3,"形态: 两连阴 (-1.38%, -1.53%)"
603073,2026-07-03,15.9,15.35,-3.46,-0.69,0,8,动量: 突破转强 (阳线上穿5/10)
603073,2026-07-09,14.79,15.35,3.79,3.79,1,4,"形态: 两连阴 (-3.55%, -1.38%)"
000524,2026-07-13,8.88,8.48,-4.5,-4.5,0,2,形态: 10日内有涨停
000524,2026-07-10,9.87,8.48,-14.08,-10.03,0,3,量能: 放量 (2.17X) | 形态: 10日内有涨停 | 趋势: 高于MA20 | 动量: 突破转强 (阳线上穿5/10)
000524,2026-07-09,9.68,8.48,-12.4,1.96,0,4,量能: 放量 (4.70X) | 形态: 10日内有涨停 | 趋势: 高于MA20
600110,2026-07-07,15.23,11.66,-23.44,-9.98,0,6,趋势: 多头排列 (5>20>60) | 趋势: 高于MA20 | 动量: 突破转强 (阳线上穿5/10)
600110,2026-07-13,11.54,11.66,1.04,5.2,1,2,"形态: 两连阴 (-1.97%, -4.61%)"
600110,2026-07-10,12.82,11.66,-9.05,-5.3,0,3,"形态: 两连阴 (-9.98%, -1.97%)"
600110,2026-07-03,15.75,11.66,-25.97,-3.3,0,8,趋势: 多头排列 (5>20>60) | 趋势: 高于MA20 | 动量: 突破转强 (阳线上穿5/10)
600110,2026-07-01,15.33,11.66,-23.94,2.74,0,10,趋势: 多头排列 (5>20>60) | 形态: 10日内有涨停 | 趋势: 高于MA20
600738,2026-07-10,3.78,3.89,2.91,2.91,1,3,"形态: 两连阴 (-0.53%, -1.07%) | 动量: 突破转强 (阳线上穿5/10)"
600738,2026-07-03,3.83,3.89,1.57,1.57,1,8,动量: 突破转强 (阳线上穿5/10)
600738,2026-07-09,3.7,3.89,5.14,5.14,1,4,"形态: 两连阴 (-2.59%, -0.53%)"
600738,2026-07-01,3.68,3.89,5.71,5.71,1,10,"形态: 两连阴 (-0.82%, -0.83%)"
002651,2026-07-13,7.11,7.37,3.66,3.66,1,2,量能: 放量 (1.55X)
002651,2026-07-10,7.56,7.37,-2.51,-2.51,0,3,动量: 突破转强 (阳线上穿5/10)
002651,2026-07-03,7.92,7.37,-6.94,-3.03,0,8,趋势: 高于MA20 | 动量: 突破转强 (阳线上穿5/10)
002651,2026-07-09,7.37,7.37,0.0,2.58,0,4,"形态: 两连阴 (-2.86%, -1.74%)"
603238,2026-07-10,11.33,11.64,2.74,2.74,1,3,"形态: 两连阴 (-1.13%, -2.02%)"
603238,2026-07-03,11.88,11.64,-2.02,-0.76,0,8,动量: 突破转强 (阳线上穿5/10)
603238,2026-07-09,11.13,11.64,4.58,4.58,1,4,"形态: 两连阴 (-2.54%, -1.13%)"
603238,2026-07-01,11.4,11.64,2.11,4.21,1,10,"形态: 两连阴 (-0.71%, -2.05%)"
000863,2026-07-07,4.16,4.12,-0.96,2.4,0,6,形态: 10日内有涨停
000863,2026-07-13,4.11,4.12,0.24,0.24,1,2,形态: 10日内有涨停
000863,2026-07-10,4.26,4.12,-3.29,-3.29,0,3,形态: 10日内有涨停
000863,2026-07-03,4.3,4.12,-4.19,1.4,0,8,形态: 10日内有涨停
000863,2026-07-09,4.23,4.12,-2.6,0.71,0,4,"形态: 10日内有涨停 | 形态: 两连阴 (-4.59%, -0.72%)"
000863,2026-07-01,4.62,4.12,-10.82,-1.95,0,10,形态: 10日内有涨停 | 趋势: 高于MA20 | 动量: 突破转强 (阳线上穿5/10)
603112,2026-07-03,17.31,15.02,-13.23,-4.85,0,8,"形态: 两连阴 (-0.18%, -1.14%) | 动量: 突破转强 (阳线上穿5/10)"
603112,2026-07-09,16.21,15.02,-7.34,-1.48,0,4,"形态: 两连阴 (-2.85%, -0.62%)"
601398,2026-07-07,7.26,7.51,3.44,3.72,1,6,动量: 突破转强 (阳线上穿5/10)
601398,2026-07-13,7.53,7.51,-0.27,-0.27,0,2,趋势: 高于MA20 | 动量: 突破转强 (阳线上穿5/10)
601398,2026-07-10,7.33,7.51,2.46,2.73,1,3,趋势: 高于MA20 | 动量: 突破转强 (阳线上穿5/10)
601398,2026-07-03,7.04,7.51,6.68,6.96,1,8,"形态: 两连阴 (-0.14%, -0.14%)"
000913,2026-07-03,10.59,10.96,3.49,3.49,1,8,动量: 突破转强 (阳线上穿5/10)
000913,2026-07-01,10.41,10.96,5.28,5.28,1,10,"形态: 两连阴 (-0.19%, -1.06%)"
000796,2026-07-10,3.72,3.64,-2.15,-2.15,0,3,"形态: 两连阴 (-0.81%, -1.09%)"
000796,2026-07-09,3.63,3.64,0.28,2.48,1,4,"形态: 两连阴 (-3.90%, -0.81%)"
600336,2026-07-10,6.08,5.94,-2.3,-1.64,0,3,"形态: 两连阴 (-3.10%, -0.34%)"
600336,2026-07-03,6.55,5.94,-9.31,-2.9,0,8,动量: 突破转强 (阳线上穿5/10)
600336,2026-07-09,5.91,5.94,0.51,2.88,1,4,"形态: 两连阴 (-3.77%, -3.10%)"
000599,2026-07-10,4.38,4.5,2.74,2.74,1,3,动量: 突破转强 (阳线上穿5/10)
000599,2026-07-03,4.41,4.5,2.04,2.04,1,8,动量: 突破转强 (阳线上穿5/10)
000599,2026-07-01,4.32,4.5,4.17,4.17,1,10,"形态: 两连阴 (-1.16%, -0.94%)"
605055,2026-07-07,10.82,10.13,-6.38,-4.71,0,6,形态: 10日内有涨停
605055,2026-07-13,9.68,10.13,4.65,4.65,1,2,形态: 10日内有涨停
605055,2026-07-10,10.0,10.13,1.3,1.3,1,3,"形态: 10日内有涨停 | 形态: 两连阴 (-4.71%, -6.79%)"
605055,2026-07-03,10.98,10.13,-7.74,0.82,0,8,量能: 放量 (1.71X) | 形态: 10日内有涨停
605055,2026-07-09,9.61,10.13,5.41,5.41,1,4,"形态: 10日内有涨停 | 形态: 两连阴 (-2.26%, -4.71%)"
605055,2026-07-01,10.13,10.13,0.0,9.97,0,10,"形态: 两连阴 (-3.46%, -1.26%)"
601611,2026-07-07,10.33,9.86,-4.55,-0.1,0,6,形态: 10日内有涨停
601611,2026-07-10,10.32,9.86,-4.46,-4.36,0,3,形态: 10日内有涨停
601611,2026-07-03,10.83,9.86,-8.96,-2.03,0,8,形态: 10日内有涨停
601611,2026-07-09,10.08,9.86,-2.18,2.38,0,4,"形态: 10日内有涨停 | 形态: 两连阴 (-2.64%, -3.00%)"
601611,2026-07-01,11.28,9.86,-12.59,-3.99,0,10,形态: 10日内有涨停 | 趋势: 高于MA20 | 动量: 突破转强 (阳线上穿5/10)
601187,2026-07-13,7.36,7.39,0.41,0.41,1,2,趋势: 高于MA20 | 动量: 突破转强 (阳线上穿5/10)
601187,2026-07-10,7.08,7.39,4.38,4.38,1,3,动量: 突破转强 (阳线上穿5/10)
601187,2026-07-01,6.8,7.39,8.68,8.68,1,10,"形态: 两连阴 (-1.39%, -3.53%)"
600854,2026-07-10,4.2,4.3,2.38,2.38,1,3,"形态: 两连阴 (-0.72%, -1.21%) | 动量: 突破转强 (阳线上穿5/10)"
600854,2026-07-03,4.29,4.3,0.23,1.17,1,8,动量: 突破转强 (阳线上穿5/10)
600854,2026-07-09,4.09,4.3,5.13,5.13,1,4,"形态: 两连阴 (-3.92%, -0.72%)"
002634,2026-07-13,4.18,4.11,-1.67,0.24,0,2,"形态: 两连阴 (-1.14%, -0.46%)"
002634,2026-07-03,4.65,4.11,-11.61,-5.81,0,8,动量: 突破转强 (阳线上穿5/10)
002026,2026-07-13,9.93,10.14,2.11,2.11,1,2,"形态: 两连阴 (-1.67%, -0.09%)"
002026,2026-07-10,10.57,10.14,-4.07,-4.07,0,3,"形态: 两连阴 (-2.36%, -1.67%)"
002026,2026-07-03,11.3,10.14,-10.27,0.35,0,8,动量: 突破转强 (阳线上穿5/10)
002026,2026-07-09,10.58,10.14,-4.16,-0.09,0,4,"形态: 两连阴 (-2.82%, -2.36%)"
002083,2026-07-07,9.87,9.68,-1.93,-1.32,0,6,"形态: 两连阴 (-8.51%, -2.25%)"
002083,2026-07-09,9.45,9.68,2.43,3.07,1,4,"形态: 两连阴 (-1.10%, -4.86%)"
002083,2026-07-01,11.2,9.68,-13.57,-0.36,0,10,动量: 突破转强 (阳线上穿5/10)
002527,2026-07-13,10.54,10.96,3.98,3.98,1,2,"形态: 两连阴 (-1.83%, -2.21%)"
002527,2026-07-10,11.52,10.96,-4.86,-4.86,0,3,"形态: 两连阴 (-6.54%, -1.83%)"
002527,2026-07-03,13.95,10.96,-21.43,-5.95,0,8,动量: 突破转强 (阳线上穿5/10)
002527,2026-07-09,11.78,10.96,-6.96,-2.21,0,4,"形态: 两连阴 (-2.13%, -6.54%)"
000829,2026-07-07,7.37,8.29,12.48,12.48,1,6,形态: 10日内有涨停
000829,2026-07-13,7.62,8.29,8.79,8.79,1,2,形态: 10日内有涨停
000829,2026-07-10,7.93,8.29,4.54,4.54,1,3,量能: 放量 (1.59X) | 形态: 10日内有涨停 | 趋势: 高于MA20 | 动量: 突破转强 (阳线上穿5/10)
000829,2026-07-03,7.58,8.29,9.37,9.37,1,8,形态: 10日内有涨停
000829,2026-07-09,7.67,8.29,8.08,8.08,1,4,形态: 10日内有涨停 | 动量: 突破转强 (阳线上穿5/10)
000829,2026-07-01,7.85,8.29,5.61,5.61,1,10,形态: 10日内有涨停 | 动量: 突破转强 (阳线上穿5/10)
002438,2026-07-10,13.43,12.8,-4.69,-4.69,0,3,"形态: 两连阴 (-3.24%, -1.26%)"
002438,2026-07-03,14.45,12.8,-11.42,-1.59,0,8,"形态: 两连阴 (-1.47%, -2.58%) | 趋势: 高于MA20"
002438,2026-07-09,13.28,12.8,-3.61,1.13,0,4,"形态: 两连阴 (-2.25%, -3.24%)"
002438,2026-07-01,14.71,12.8,-12.98,-1.77,0,10,趋势: 高于MA20
600736,2026-07-10,6.97,6.87,-1.43,-1.43,0,3,动量: 突破转强 (阳线上穿5/10)
600736,2026-07-09,6.82,6.87,0.73,2.2,1,4,动量: 突破转强 (阳线上穿5/10)
600736,2026-07-01,6.75,6.87,1.78,3.26,1,10,"形态: 两连阴 (-2.19%, -0.15%)"
603339,2026-07-07,14.06,12.94,-7.97,15.58,0,6,趋势: 多头排列 (5>20>60) | 趋势: 高于MA20
603339,2026-07-13,15.98,12.94,-19.02,-10.01,0,2,趋势: 多头排列 (5>20>60) | 形态: 10日内有涨停 | 趋势: 高于MA20
603339,2026-07-10,16.25,12.94,-20.37,-1.66,0,3,趋势: 多头排列 (5>20>60) | 形态: 10日内有涨停 | 趋势: 高于MA20 | 动量: 突破转强 (阳线上穿5/10)
603339,2026-07-03,14.31,12.94,-9.57,13.56,0,8,趋势: 多头排列 (5>20>60) | 趋势: 高于MA20
603339,2026-07-09,15.33,12.94,-15.59,6.0,0,4,趋势: 多头排列 (5>20>60) | 量能: 放量 (1.57X) | 形态: 10日内有涨停 | 趋势: 高于MA20
603339,2026-07-01,14.46,12.94,-10.51,12.38,0,10,趋势: 多头排列 (5>20>60) | 趋势: 高于MA20 | 动量: 突破转强 (阳线上穿5/10)
603626,2026-07-03,20.73,15.27,-26.34,-9.99,0,8,动量: 突破转强 (阳线上穿5/10)
603626,2026-07-09,16.9,15.27,-9.64,0.65,0,4,"形态: 两连阴 (-4.61%, -7.58%)"
600172,2026-07-07,18.36,14.07,-23.37,1.85,0,6,趋势: 多头排列 (5>20>60) | 形态: 10日内有涨停 | 趋势: 高于MA20
600172,2026-07-13,15.3,14.07,-8.04,-0.46,0,2,趋势: 多头排列 (5>20>60) | 形态: 10日内有涨停
600172,2026-07-10,17.0,14.07,-17.24,-10.0,0,3,趋势: 多头排列 (5>20>60) | 形态: 10日内有涨停 | 趋势: 高于MA20
600172,2026-07-03,16.86,14.07,-16.55,10.91,0,8,趋势: 多头排列 (5>20>60) | 形态: 10日内有涨停 | 趋势: 高于MA20
600172,2026-07-09,18.7,14.07,-24.76,-9.09,0,4,"趋势: 多头排列 (5>20>60) | 形态: 10日内有涨停 | 形态: 两连阴 (-1.02%, -4.19%) | 趋势: 高于MA20 | 动量: 突破转强 (阳线上穿5/10)"
600172,2026-07-01,16.39,14.07,-14.15,14.09,0,10,趋势: 多头排列 (5>20>60) | 形态: 10日内有涨停 | 趋势: 高于MA20
601233,2026-07-07,22.52,20.72,-7.99,-3.86,0,6,趋势: 多头排列 (5>20>60)
601233,2026-07-13,19.31,20.72,7.3,7.3,1,2,"形态: 两连阴 (-2.91%, -1.71%)"
601233,2026-07-10,20.66,20.72,0.29,0.29,1,3,"形态: 两连阴 (-3.86%, -2.91%)"
601233,2026-07-03,22.84,20.72,-9.28,3.72,0,8,趋势: 多头排列 (5>20>60) | 形态: 10日内有涨停 | 趋势: 高于MA20
601233,2026-07-09,21.02,20.72,-1.43,-1.43,0,4,"形态: 两连阴 (-4.94%, -3.86%)"
601233,2026-07-01,23.15,20.72,-10.5,2.33,0,10,"趋势: 多头排列 (5>20>60) | 形态: 10日内有涨停 | 形态: 两连阴 (-3.57%, -6.68%) | 趋势: 高于MA20"
603536,2026-07-10,8.1,8.46,4.44,4.44,1,3,"形态: 两连阴 (-0.13%, -0.13%) | 动量: 突破转强 (阳线上穿5/10)"
603536,2026-07-03,8.17,8.46,3.55,3.55,1,8,动量: 突破转强 (阳线上穿5/10)
603536,2026-07-09,7.93,8.46,6.68,6.68,1,4,"形态: 两连阴 (-3.05%, -0.13%)"
600571,2026-07-10,9.81,9.57,-2.45,-2.45,0,3,量能: 放量 (1.54X) | 动量: 突破转强 (阳线上穿5/10)
600901,2026-07-13,6.08,6.29,3.45,3.45,1,2,"形态: 两连阴 (-0.16%, -2.45%) | 动量: 突破转强 (阳线上穿5/10)"
600901,2026-07-03,6.14,6.29,2.44,2.44,1,8,动量: 突破转强 (阳线上穿5/10)
603680,2026-07-10,9.92,9.42,-5.04,-3.83,0,3,"形态: 两连阴 (-1.89%, -0.41%)"
603680,2026-07-03,10.48,9.42,-10.11,-0.57,0,8,动量: 突破转强 (阳线上穿5/10)
603680,2026-07-09,9.81,9.42,-3.98,1.12,0,4,"形态: 两连阴 (-3.65%, -1.89%)"
603680,2026-07-01,10.29,9.42,-8.45,1.85,0,10,动量: 突破转强 (阳线上穿5/10)
605056,2026-07-13,14.29,14.56,1.89,1.89,1,2,"形态: 两连阴 (-0.73%, -1.01%)"
605056,2026-07-10,14.77,14.56,-1.42,-1.42,0,3,"形态: 两连阴 (-2.28%, -0.73%)"
605056,2026-07-03,16.56,14.56,-12.08,-3.26,0,8,动量: 突破转强 (阳线上穿5/10)
605056,2026-07-09,14.92,14.56,-2.41,-1.01,0,4,"形态: 两连阴 (-4.00%, -2.28%)"
605167,2026-07-07,16.16,14.83,-8.23,0.12,0,6,趋势: 高于MA20
605167,2026-07-10,16.05,14.83,-7.6,-5.3,0,3,趋势: 高于MA20
605167,2026-07-03,17.6,14.83,-15.74,-8.07,0,8,形态: 10日内有涨停 | 趋势: 高于MA20 | 动量: 突破转强 (阳线上穿5/10)
605167,2026-07-09,16.18,14.83,-8.34,-0.8,0,4,"形态: 两连阴 (-0.12%, -1.42%) | 趋势: 高于MA20"
605167,2026-07-01,16.8,14.83,-11.73,4.76,0,10,形态: 10日内有涨停 | 趋势: 高于MA20 | 动量: 突破转强 (阳线上穿5/10)
600776,2026-07-10,12.99,12.24,-5.77,-5.77,0,3,动量: 突破转强 (阳线上穿5/10)
603982,2026-07-10,5.65,5.67,0.35,0.35,1,3,"形态: 两连阴 (-1.77%, -0.54%)"
603982,2026-07-03,5.9,5.67,-3.9,-1.36,0,8,趋势: 高于MA20 | 动量: 突破转强 (阳线上穿5/10)
603982,2026-07-09,5.51,5.67,2.9,2.9,1,4,"形态: 两连阴 (-3.09%, -1.77%)"
000617,2026-07-10,6.77,6.86,1.33,1.33,1,3,量能: 放量 (1.54X) | 动量: 突破转强 (阳线上穿5/10)
000617,2026-07-09,6.66,6.86,3.0,3.0,1,4,"形态: 两连阴 (-2.65%, -0.30%)"
600232,2026-07-10,5.99,5.92,-1.17,-1.17,0,3,"形态: 两连阴 (-1.48%, -1.51%)"
600232,2026-07-09,5.89,5.92,0.51,1.7,1,4,"形态: 两连阴 (-2.72%, -1.48%)"
600232,2026-07-01,6.3,5.92,-6.03,2.38,0,10,"形态: 两连阴 (-2.57%, -2.17%)"
601279,2026-07-10,3.04,3.11,2.3,2.3,1,3,"形态: 两连阴 (-0.33%, -1.00%)"
601279,2026-07-03,3.13,3.11,-0.64,-0.64,0,8,动量: 突破转强 (阳线上穿5/10)
601279,2026-07-09,2.97,3.11,4.71,4.71,1,4,"形态: 两连阴 (-3.22%, -0.33%)"
601882,2026-07-07,20.4,19.01,-6.81,-5.0,0,6,形态: 10日内有涨停 | 趋势: 高于MA20
601882,2026-07-13,17.75,19.01,7.1,7.1,1,2,"形态: 10日内有涨停 | 形态: 两连阴 (-0.41%, -0.93%)"
601882,2026-07-10,19.12,19.01,-0.58,-0.58,0,3,"形态: 10日内有涨停 | 形态: 两连阴 (-5.00%, -0.41%)"
601882,2026-07-03,21.3,19.01,-10.75,-3.1,0,8,形态: 10日内有涨停 | 趋势: 高于MA20 | 动量: 突破转强 (阳线上穿5/10)
601882,2026-07-09,19.3,19.01,-1.5,-0.93,0,4,"形态: 10日内有涨停 | 形态: 两连阴 (-1.16%, -5.00%)"
601882,2026-07-01,20.13,19.01,-5.56,5.81,0,10,形态: 10日内有涨停
600480,2026-07-07,8.89,8.39,-5.62,-1.01,0,6,形态: 10日内有涨停
600480,2026-07-13,8.36,8.39,0.36,0.36,1,2,形态: 10日内有涨停
600480,2026-07-10,8.8,8.39,-4.66,-4.66,0,3,形态: 10日内有涨停
600480,2026-07-03,9.2,8.39,-8.8,0.87,0,8,量能: 放量 (1.70X) | 形态: 10日内有涨停
600480,2026-07-09,8.6,8.39,-2.44,2.33,0,4,"形态: 10日内有涨停 | 形态: 两连阴 (-4.20%, -3.71%)"
603861,2026-07-07,15.2,12.06,-20.66,-10.0,0,6,量能: 放量 (2.04X) | 形态: 10日内有涨停 | 趋势: 高于MA20 | 动量: 突破转强 (阳线上穿5/10)
603861,2026-07-13,12.62,12.06,-4.44,-2.06,0,2,"形态: 10日内有涨停 | 形态: 两连阴 (-1.24%, -3.48%)"
603861,2026-07-10,13.04,12.06,-7.52,-3.22,0,3,"形态: 10日内有涨停 | 形态: 两连阴 (-10.00%, -1.24%)"
603861,2026-07-03,12.56,12.06,-3.98,21.02,0,8,"形态: 10日内有涨停 | 形态: 两连阴 (-0.39%, -4.28%)"
603861,2026-07-09,13.51,12.06,-10.73,-3.48,0,4,形态: 10日内有涨停
603861,2026-07-01,12.86,12.06,-6.22,18.2,0,10,"形态: 10日内有涨停 | 形态: 两连阴 (-4.63%, -5.00%)"
002707,2026-07-10,4.85,4.82,-0.62,-0.62,0,3,动量: 突破转强 (阳线上穿5/10)
601118,2026-07-13,4.69,4.95,5.54,5.54,1,2,量能: 放量 (1.51X)
601118,2026-07-10,4.94,4.95,0.2,0.2,1,3,"形态: 两连阴 (-0.82%, -0.41%) | 动量: 突破转强 (阳线上穿5/10)"
601118,2026-07-09,4.84,4.95,2.27,2.27,1,4,"形态: 两连阴 (-1.80%, -0.82%)"
600682,2026-07-10,5.46,5.61,2.75,2.75,1,3,动量: 突破转强 (阳线上穿5/10)
000700,2026-07-07,16.15,14.13,-12.51,-3.34,0,6,趋势: 多头排列 (5>20>60) | 形态: 10日内有涨停 | 趋势: 高于MA20
000700,2026-07-13,14.05,14.13,0.57,0.57,1,2,形态: 10日内有涨停
000700,2026-07-10,15.61,14.13,-9.48,-9.48,0,3,趋势: 多头排列 (5>20>60) | 形态: 10日内有涨停 | 趋势: 高于MA20
000700,2026-07-03,17.6,14.13,-19.72,-4.83,0,8,趋势: 多头排列 (5>20>60) | 量能: 放量 (1.77X) | 形态: 10日内有涨停 | 趋势: 高于MA20 | 动量: 突破转强 (阳线上穿5/10)
000700,2026-07-09,15.18,14.13,-6.92,2.83,0,4,"趋势: 多头排列 (5>20>60) | 形态: 10日内有涨停 | 形态: 两连阴 (-3.58%, -9.60%)"
000700,2026-07-01,15.34,14.13,-7.89,14.73,0,10,动量: 突破转强 (阳线上穿5/10)
601598,2026-07-13,5.38,5.52,2.6,2.6,1,2,"形态: 两连阴 (-1.66%, -0.38%) | 动量: 突破转强 (阳线上穿5/10)"
601598,2026-07-03,5.33,5.52,3.56,3.75,1,8,动量: 突破转强 (阳线上穿5/10)
601598,2026-07-01,5.1,5.52,8.24,8.43,1,10,"形态: 两连阴 (-3.43%, -2.17%)"
002275,2026-07-07,13.08,13.67,4.51,4.51,1,6,趋势: 高于MA20
002275,2026-07-13,13.31,13.67,2.7,2.7,1,2,趋势: 高于MA20 | 动量: 突破转强 (阳线上穿5/10)
002275,2026-07-10,13.12,13.67,4.19,4.19,1,3,趋势: 高于MA20
002275,2026-07-03,13.17,13.67,3.8,3.8,1,8,趋势: 高于MA20 | 动量: 突破转强 (阳线上穿5/10)
002275,2026-07-09,13.17,13.67,3.8,3.8,1,4,"形态: 两连阴 (-3.11%, -0.08%) | 趋势: 高于MA20"
002275,2026-07-01,12.55,13.67,8.92,8.92,1,10,动量: 突破转强 (阳线上穿5/10)
603045,2026-07-07,70.6,67.8,-3.97,0.92,0,6,形态: 10日内有涨停
603045,2026-07-03,75.9,67.8,-10.67,-6.13,0,8,形态: 10日内有涨停
603045,2026-07-01,73.5,67.8,-7.76,3.27,0,10,"形态: 10日内有涨停 | 形态: 两连阴 (-8.34%, -3.21%)"
601238,2026-07-13,4.89,5.08,3.89,3.89,1,2,量能: 放量 (1.63X)
601238,2026-07-10,5.19,5.08,-2.12,-2.12,0,3,"形态: 两连阴 (-0.19%, -0.58%) | 动量: 突破转强 (阳线上穿5/10)"
601238,2026-07-03,5.25,5.08,-3.24,1.14,0,8,动量: 突破转强 (阳线上穿5/10)
601238,2026-07-09,5.1,5.08,-0.39,1.76,0,4,"形态: 两连阴 (-3.20%, -0.19%)"
000701,2026-07-10,4.68,4.75,1.5,2.56,1,3,量能: 放量 (1.81X) | 动量: 突破转强 (阳线上穿5/10)
002322,2026-07-03,10.18,10.17,-0.1,-0.1,0,8,动量: 突破转强 (阳线上穿5/10)
002096,2026-07-10,8.8,9.24,5.0,5.0,1,3,"形态: 两连阴 (-0.11%, -0.68%)"
002096,2026-07-09,8.72,9.24,5.96,5.96,1,4,"形态: 两连阴 (-2.77%, -0.11%)"
002096,2026-07-01,8.93,9.24,3.47,3.47,1,10,"形态: 两连阴 (-0.55%, -2.01%)"
605303,2026-07-13,22.82,21.32,-6.57,-2.94,0,2,量能: 放量 (1.72X) | 动量: 突破转强 (阳线上穿5/10)
605303,2026-07-10,22.59,21.32,-5.62,1.02,0,3,"形态: 两连阴 (-1.02%, -0.28%) | 动量: 突破转强 (阳线上穿5/10)"
605303,2026-07-09,21.27,21.32,0.24,7.29,1,4,"形态: 两连阴 (-2.58%, -1.02%)"
605303,2026-07-01,22.85,21.32,-6.7,-0.13,0,10,"形态: 两连阴 (-4.17%, -5.19%)"
002564,2026-07-10,4.33,4.18,-3.46,-3.46,0,3,"量能: 放量 (1.51X) | 形态: 两连阴 (-0.24%, -0.47%)"
002564,2026-07-03,4.5,4.18,-7.11,-2.67,0,8,动量: 突破转强 (阳线上穿5/10)
002564,2026-07-09,4.21,4.18,-0.71,2.85,0,4,"形态: 两连阴 (-3.20%, -0.24%)"
002297,2026-07-07,25.5,21.43,-15.96,-3.8,0,6,"趋势: 多头排列 (5>20>60) | 形态: 两连阴 (-2.27%, -0.29%)"
002297,2026-07-03,27.58,21.43,-22.3,-0.29,0,8,趋势: 多头排列 (5>20>60) | 形态: 10日内有涨停 | 趋势: 高于MA20
002297,2026-07-09,24.53,21.43,-12.64,-2.04,0,4,"形态: 两连阴 (-7.27%, -4.82%)"
002297,2026-07-01,28.16,21.43,-23.9,0.21,0,10,趋势: 多头排列 (5>20>60) | 形态: 10日内有涨停 | 趋势: 高于MA20
002198,2026-07-13,3.35,3.36,0.3,1.19,1,2,趋势: 高于MA20
002198,2026-07-10,3.43,3.36,-2.04,-1.17,0,3,趋势: 高于MA20 | 动量: 突破转强 (阳线上穿5/10)
002198,2026-07-03,3.51,3.36,-4.27,-2.28,0,8,量能: 放量 (1.61X) | 趋势: 高于MA20 | 动量: 突破转强 (阳线上穿5/10)
002537,2026-07-01,5.53,5.35,-3.25,0.0,0,10,"量能: 放量 (1.60X) | 形态: 两连阴 (-0.56%, -0.75%)"
002237,2026-07-07,12.76,12.7,-0.47,1.33,0,6,形态: 10日内有涨停
002237,2026-07-10,12.84,12.7,-1.09,-0.7,0,3,形态: 10日内有涨停
002237,2026-07-03,13.73,12.7,-7.5,-3.13,0,8,"形态: 10日内有涨停 | 形态: 两连阴 (-2.52%, -4.26%) | 趋势: 高于MA20"
002237,2026-07-09,12.93,12.7,-1.78,-0.7,0,4,形态: 10日内有涨停
002237,2026-07-01,14.32,12.7,-11.31,-4.12,0,10,形态: 10日内有涨停 | 趋势: 高于MA20
603214,2026-07-10,12.57,12.83,2.07,2.07,1,3,"形态: 两连阴 (-0.72%, -1.29%) | 动量: 突破转强 (阳线上穿5/10)"
603214,2026-07-03,13.05,12.83,-1.69,-1.07,0,8,动量: 突破转强 (阳线上穿5/10)
603214,2026-07-09,12.27,12.83,4.56,4.56,1,4,"形态: 两连阴 (-3.02%, -0.72%)"
603332,2026-07-10,10.22,10.59,3.62,3.62,1,3,"形态: 两连阴 (-2.12%, -0.79%)"
603332,2026-07-03,10.85,10.59,-2.4,-0.55,0,8,动量: 突破转强 (阳线上穿5/10)
603332,2026-07-09,10.08,10.59,5.06,5.06,1,4,"形态: 两连阴 (-3.80%, -2.12%)"
603332,2026-07-01,10.4,10.59,1.83,4.33,1,10,"形态: 两连阴 (-0.67%, -2.22%)"
002802,2026-07-10,10.59,10.6,0.09,0.09,1,3,"形态: 两连阴 (-0.10%, -0.58%)"
002802,2026-07-09,10.29,10.6,3.01,3.01,1,4,"形态: 两连阴 (-5.22%, -0.10%)"
002802,2026-07-01,10.8,10.6,-1.85,1.3,0,10,"形态: 两连阴 (-1.29%, -1.59%)"
603323,2026-07-13,4.13,4.23,2.42,2.42,1,2,量能: 放量 (1.57X) | 动量: 突破转强 (阳线上穿5/10)
002194,2026-07-03,9.55,8.41,-11.94,-5.55,0,8,"形态: 两连阴 (-0.10%, -2.76%)"
603817,2026-07-10,5.36,5.61,4.66,4.66,1,3,动量: 突破转强 (阳线上穿5/10)
603817,2026-07-03,5.42,5.61,3.51,3.51,1,8,动量: 突破转强 (阳线上穿5/10)
603817,2026-07-01,5.3,5.61,5.85,5.85,1,10,"形态: 两连阴 (-0.19%, -1.73%)"
003042,2026-07-10,12.47,12.49,0.16,0.16,1,3,"形态: 两连阴 (-1.87%, -0.17%) | 动量: 突破转强 (阳线上穿5/10)"
003042,2026-07-03,12.82,12.49,-2.57,0.0,0,8,动量: 突破转强 (阳线上穿5/10)
003042,2026-07-09,12.08,12.49,3.39,3.39,1,4,"形态: 两连阴 (-3.82%, -1.87%)"
003042,2026-07-01,12.57,12.49,-0.64,1.99,0,10,"形态: 两连阴 (-0.81%, -0.90%)"
000670,2026-07-07,7.07,6.25,-11.6,0.57,0,6,"形态: 两连阴 (-0.14%, -1.63%)"
000670,2026-07-03,7.35,6.25,-14.97,-1.63,0,8,"形态: 两连阴 (-0.66%, -2.39%)"
000670,2026-07-09,7.01,6.25,-10.84,1.43,0,4,"形态: 两连阴 (-2.21%, -5.66%)"
600817,2026-07-07,9.11,9.29,1.98,1.98,1,6,趋势: 高于MA20
600817,2026-07-13,9.08,9.29,2.31,2.31,1,2,趋势: 高于MA20
600817,2026-07-03,9.31,9.29,-0.21,-0.21,0,8,趋势: 高于MA20 | 动量: 突破转强 (阳线上穿5/10)
600817,2026-07-01,8.8,9.29,5.57,5.8,1,10,"形态: 两连阴 (-0.45%, -0.68%)"
002909,2026-07-09,4.75,4.79,0.84,1.05,1,4,"形态: 两连阴 (-3.02%, -1.46%)"
002909,2026-07-01,5.01,4.79,-4.39,0.4,0,10,"形态: 两连阴 (-0.99%, -0.80%)"
600824,2026-07-10,3.48,3.49,0.29,1.44,1,3,趋势: 高于MA20 | 动量: 突破转强 (阳线上穿5/10)
600824,2026-07-03,3.47,3.49,0.58,1.73,1,8,动量: 突破转强 (阳线上穿5/10)
600732,2026-07-07,12.61,12.44,-1.35,-1.35,0,6,"形态: 两连阴 (-1.40%, -2.25%)"
600732,2026-07-03,13.36,12.44,-6.89,-2.25,0,8,趋势: 高于MA20
600732,2026-07-09,11.86,12.44,4.89,4.89,1,4,"形态: 两连阴 (-3.45%, -6.42%)"
600732,2026-07-01,13.86,12.44,-10.25,-2.24,0,10,趋势: 高于MA20 | 动量: 突破转强 (阳线上穿5/10)
600588,2026-07-07,9.0,9.31,3.44,7.44,1,6,"形态: 两连阴 (-0.43%, -1.29%)"
600588,2026-07-10,9.67,9.31,-3.72,-3.21,0,3,量能: 放量 (1.57X) | 趋势: 高于MA20 | 动量: 突破转强 (阳线上穿5/10)
600588,2026-07-09,9.43,9.31,-1.27,2.55,0,4,动量: 突破转强 (阳线上穿5/10)
600588,2026-07-01,9.46,9.31,-1.59,2.22,0,10,动量: 突破转强 (阳线上穿5/10)
605066,2026-07-07,6.6,6.55,-0.76,-0.76,0,6,"形态: 两连阴 (-0.14%, -2.59%)"
605066,2026-07-10,6.4,6.55,2.34,2.34,1,3,"形态: 两连阴 (-1.82%, -1.85%)"
605066,2026-07-03,6.95,6.55,-5.76,-2.59,0,8,趋势: 高于MA20
605066,2026-07-09,6.36,6.55,2.99,2.99,1,4,"形态: 两连阴 (-2.51%, -1.82%)"
600080,2026-07-07,4.74,5.02,5.91,5.91,1,6,趋势: 高于MA20
600080,2026-07-13,4.81,5.02,4.37,4.37,1,2,趋势: 高于MA20 | 动量: 突破转强 (阳线上穿5/10)
600080,2026-07-10,4.77,5.02,5.24,5.24,1,3,趋势: 高于MA20
600080,2026-07-03,5.0,5.02,0.4,0.4,1,8,趋势: 高于MA20 | 动量: 突破转强 (阳线上穿5/10)
600080,2026-07-01,4.69,5.02,7.04,7.04,1,10,动量: 突破转强 (阳线上穿5/10)
002668,2026-07-07,10.52,10.73,2.0,2.0,1,6,"趋势: 多头排列 (5>20>60) | 形态: 两连阴 (-1.27%, -0.18%) | 趋势: 高于MA20"
002668,2026-07-13,10.71,10.73,0.19,0.19,1,2,趋势: 多头排列 (5>20>60) | 趋势: 高于MA20
002668,2026-07-10,10.48,10.73,2.39,2.39,1,3,趋势: 多头排列 (5>20>60) | 趋势: 高于MA20
002668,2026-07-03,10.89,10.73,-1.47,-0.18,0,8,趋势: 多头排列 (5>20>60) | 趋势: 高于MA20
002668,2026-07-09,10.57,10.73,1.51,1.51,1,4,"趋势: 多头排列 (5>20>60) | 形态: 两连阴 (-3.22%, -0.10%) | 趋势: 高于MA20"
002668,2026-07-01,10.91,10.73,-1.65,1.1,0,10,趋势: 多头排列 (5>20>60) | 趋势: 高于MA20
603028,2026-07-10,6.59,6.47,-1.82,-1.82,0,3,动量: 突破转强 (阳线上穿5/10)
603028,2026-07-03,6.94,6.47,-6.77,-3.03,0,8,动量: 突破转强 (阳线上穿5/10)
603028,2026-07-09,6.38,6.47,1.41,3.29,1,4,"形态: 两连阴 (-3.71%, -2.16%)"
603028,2026-07-01,6.68,6.47,-3.14,3.89,0,10,"形态: 两连阴 (-0.60%, -2.41%)"
002465,2026-07-10,13.58,10.72,-21.06,-10.01,0,3,量能: 放量 (1.99X) | 趋势: 高于MA20 | 动量: 突破转强 (阳线上穿5/10)
002465,2026-07-03,13.0,10.72,-17.54,4.46,0,8,"形态: 两连阴 (-0.39%, -4.25%) | 动量: 突破转强 (阳线上穿5/10)"
002465,2026-07-09,12.47,10.72,-14.03,8.9,0,4,"形态: 两连阴 (-3.58%, -2.58%)"
002011,2026-07-13,9.99,10.22,2.3,2.3,1,2,"形态: 两连阴 (-1.44%, -0.87%)"
002011,2026-07-03,10.77,10.22,-5.11,1.49,0,8,趋势: 高于MA20 | 动量: 突破转强 (阳线上穿5/10)
002011,2026-07-01,10.73,10.22,-4.75,1.86,0,10,动量: 突破转强 (阳线上穿5/10)
002952,2026-07-07,20.28,19.67,-3.01,-1.28,0,6,"形态: 两连阴 (-0.55%, -4.63%)"
002952,2026-07-09,19.92,19.67,-1.26,0.5,0,4,"形态: 两连阴 (-2.45%, -2.37%)"
000810,2026-07-07,11.7,10.53,-10.0,9.74,0,6,"形态: 两连阴 (-2.86%, -5.42%)"
000810,2026-07-13,11.56,10.53,-8.91,-8.91,0,2,形态: 10日内有涨停
000810,2026-07-10,12.84,10.53,-17.99,-9.97,0,3,形态: 10日内有涨停 | 趋势: 高于MA20 | 动量: 突破转强 (阳线上穿5/10)
000810,2026-07-03,12.91,10.53,-18.44,-0.54,0,8,趋势: 高于MA20
000810,2026-07-09,11.67,10.53,-9.77,10.03,0,4,"形态: 两连阴 (-4.18%, -3.08%)"
000810,2026-07-01,13.39,10.53,-21.36,-0.75,0,10,趋势: 高于MA20 | 动量: 突破转强 (阳线上穿5/10)
600241,2026-07-07,6.7,6.88,2.69,2.69,1,6,量能: 放量 (1.69X) | 形态: 10日内有涨停
600241,2026-07-13,6.65,6.88,3.46,3.46,1,2,形态: 10日内有涨停
600241,2026-07-10,6.6,6.88,4.24,4.24,1,3,"形态: 10日内有涨停 | 形态: 两连阴 (-2.39%, -0.46%)"
600241,2026-07-09,6.51,6.88,5.68,5.68,1,4,"形态: 10日内有涨停 | 形态: 两连阴 (-9.58%, -2.39%)"
002695,2026-07-10,10.58,10.61,0.28,0.28,1,3,动量: 突破转强 (阳线上穿5/10)
002695,2026-07-03,10.57,10.61,0.38,1.99,1,8,动量: 突破转强 (阳线上穿5/10)
002413,2026-07-10,9.62,8.26,-14.14,-9.98,0,3,量能: 放量 (2.04X) | 动量: 突破转强 (阳线上穿5/10)
002413,2026-07-03,9.97,8.26,-17.15,-3.51,0,8,动量: 突破转强 (阳线上穿5/10)
002413,2026-07-09,8.99,8.26,-8.12,7.01,0,4,"形态: 两连阴 (-3.97%, -3.35%)"
002413,2026-07-01,10.09,8.26,-18.14,-1.19,0,10,趋势: 高于MA20 | 动量: 突破转强 (阳线上穿5/10)
603969,2026-07-07,7.81,7.8,-0.13,-0.13,0,6,趋势: 高于MA20
603969,2026-07-13,7.1,7.8,9.86,9.86,1,2,量能: 放量 (2.22X)
603969,2026-07-10,7.67,7.8,1.69,1.69,1,3,"形态: 两连阴 (-1.54%, -1.82%) | 趋势: 高于MA20"
603969,2026-07-03,8.07,7.8,-3.35,0.37,0,8,趋势: 高于MA20 | 动量: 突破转强 (阳线上穿5/10)
603969,2026-07-09,7.55,7.8,3.31,3.31,1,4,"形态: 两连阴 (-3.58%, -1.54%)"
603969,2026-07-01,7.69,7.8,1.43,5.33,1,10,趋势: 高于MA20 | 动量: 突破转强 (阳线上穿5/10)
603958,2026-07-09,16.25,15.24,-6.22,-3.82,0,4,"形态: 两连阴 (-3.86%, -0.64%)"
603958,2026-07-01,17.99,15.24,-15.29,-6.17,0,10,"形态: 两连阴 (-3.06%, -1.05%)"
603712,2026-07-13,11.8,11.38,-3.56,-3.56,0,2,量能: 放量 (1.56X)
603712,2026-07-10,12.81,11.38,-11.16,-7.88,0,3,量能: 放量 (2.32X) | 趋势: 高于MA20 | 动量: 突破转强 (阳线上穿5/10)
603712,2026-07-03,12.97,11.38,-12.26,-1.23,0,8,动量: 突破转强 (阳线上穿5/10)
603712,2026-07-09,11.92,11.38,-4.53,7.47,0,4,"形态: 两连阴 (-3.05%, -1.82%)"
603712,2026-07-01,13.06,11.38,-12.86,-0.69,0,10,动量: 突破转强 (阳线上穿5/10)
600468,2026-07-07,5.26,5.03,-4.37,-0.19,0,6,"形态: 10日内有涨停 | 形态: 两连阴 (-0.35%, -4.86%)"
600468,2026-07-10,5.25,5.03,-4.19,-3.81,0,3,"形态: 10日内有涨停 | 形态: 两连阴 (-2.47%, -0.19%)"
600468,2026-07-03,5.76,5.03,-12.67,-4.86,0,8,"形态: 10日内有涨停 | 形态: 两连阴 (-1.15%, -3.67%)"
600468,2026-07-09,5.12,5.03,-1.76,2.54,0,4,"形态: 10日内有涨停 | 形态: 两连阴 (-4.01%, -2.47%)"
600468,2026-07-01,6.0,5.03,-16.17,-3.67,0,10,形态: 10日内有涨停 | 趋势: 高于MA20
600859,2026-07-10,9.53,9.82,3.04,3.04,1,3,动量: 突破转强 (阳线上穿5/10)
603628,2026-07-10,9.25,9.15,-1.08,-1.08,0,3,"形态: 两连阴 (-1.71%, -0.65%)"
603628,2026-07-03,9.63,9.15,-4.98,-0.52,0,8,动量: 突破转强 (阳线上穿5/10)
603628,2026-07-09,9.11,9.15,0.44,1.54,1,4,"形态: 两连阴 (-2.61%, -1.71%)"
605368,2026-07-13,6.55,6.73,2.75,2.75,1,2,量能: 放量 (2.09X) | 趋势: 高于MA20 | 动量: 突破转强 (阳线上穿5/10)
605368,2026-07-10,6.44,6.73,4.5,4.5,1,3,动量: 突破转强 (阳线上穿5/10)
605368,2026-07-03,6.39,6.73,5.32,5.32,1,8,动量: 突破转强 (阳线上穿5/10)
600897,2026-07-10,14.67,14.85,1.23,1.23,1,3,"形态: 两连阴 (-0.07%, -0.89%)"
600897,2026-07-03,14.9,14.85,-0.34,-0.13,0,8,动量: 突破转强 (阳线上穿5/10)
600897,2026-07-09,14.53,14.85,2.2,2.2,1,4,"形态: 两连阴 (-1.41%, -0.07%)"
605108,2026-07-03,11.94,11.95,0.08,1.01,1,8,动量: 突破转强 (阳线上穿5/10)
000635,2026-07-10,6.03,6.0,-0.5,-0.5,0,3,"形态: 两连阴 (-2.27%, -1.33%)"
000635,2026-07-09,5.94,6.0,1.01,1.52,1,4,"形态: 两连阴 (-0.96%, -2.27%)"
000635,2026-07-01,6.17,6.0,-2.76,1.62,0,10,"形态: 两连阴 (-2.39%, -1.47%)"
002521,2026-07-07,7.21,6.72,-6.8,0.28,0,6,形态: 10日内有涨停 | 趋势: 高于MA20
002521,2026-07-13,6.43,6.72,4.51,5.44,1,2,"形态: 两连阴 (-1.66%, -5.77%)"
002521,2026-07-10,6.7,6.72,0.3,1.19,1,3,量能: 放量 (1.78X) | 形态: 10日内有涨停
002521,2026-07-03,7.25,6.72,-7.31,1.93,0,8,形态: 10日内有涨停 | 趋势: 高于MA20
002521,2026-07-09,7.11,6.72,-5.49,-4.64,0,4,形态: 10日内有涨停 | 趋势: 高于MA20
002521,2026-07-01,7.37,6.72,-8.82,0.27,0,10,形态: 10日内有涨停 | 趋势: 高于MA20 | 动量: 突破转强 (阳线上穿5/10)
603505,2026-07-07,19.34,15.98,-17.37,-7.55,0,6,"趋势: 多头排列 (5>20>60) | 形态: 10日内有涨停 | 形态: 两连阴 (-9.23%, -8.58%)"
603505,2026-07-13,15.82,15.98,1.01,2.21,1,2,"形态: 10日内有涨停 | 形态: 两连阴 (-4.25%, -2.39%)"
603505,2026-07-10,16.71,15.98,-4.37,-3.23,0,3,"形态: 10日内有涨停 | 形态: 两连阴 (-7.55%, -4.25%)"
603505,2026-07-03,22.14,15.98,-27.82,-8.58,0,8,趋势: 多头排列 (5>20>60) | 形态: 10日内有涨停 | 趋势: 高于MA20
603505,2026-07-09,17.12,15.98,-6.66,-2.39,0,4,"形态: 10日内有涨停 | 形态: 两连阴 (-4.45%, -7.55%)"
603505,2026-07-01,22.17,15.98,-27.92,10.01,0,10,趋势: 多头排列 (5>20>60) | 形态: 10日内有涨停 | 趋势: 高于MA20 | 动量: 突破转强 (阳线上穿5/10)
002540,2026-07-10,4.76,4.79,0.63,0.63,1,3,"形态: 两连阴 (-0.83%, -0.84%)"
002540,2026-07-03,4.91,4.79,-2.44,-0.41,0,8,动量: 突破转强 (阳线上穿5/10)
002540,2026-07-09,4.73,4.79,1.27,1.27,1,4,"形态: 两连阴 (-1.64%, -0.83%)"
600057,2026-07-07,5.86,6.05,3.24,3.24,1,6,趋势: 高于MA20
600057,2026-07-13,5.77,6.05,4.85,4.85,1,2,趋势: 高于MA20
600057,2026-07-10,5.75,6.05,5.22,5.22,1,3,"形态: 两连阴 (-0.68%, -2.06%)"
600057,2026-07-03,5.65,6.05,7.08,7.08,1,8,动量: 突破转强 (阳线上穿5/10)
600057,2026-07-09,5.7,6.05,6.14,6.14,1,4,"形态: 两连阴 (-1.51%, -0.68%)"
002221,2026-07-10,5.3,5.44,2.64,2.64,1,3,"形态: 两连阴 (-0.19%, -1.52%)"
002221,2026-07-09,5.17,5.44,5.22,5.22,1,4,"形态: 两连阴 (-4.19%, -0.19%)"
600679,2026-07-03,9.2,9.3,1.09,1.09,1,8,动量: 突破转强 (阳线上穿5/10)
600679,2026-07-01,9.09,9.3,2.31,2.31,1,10,动量: 突破转强 (阳线上穿5/10)
002752,2026-07-07,6.36,6.15,-3.3,-2.52,0,6,量能: 放量 (1.55X) | 趋势: 高于MA20 | 动量: 突破转强 (阳线上穿5/10)
002752,2026-07-10,6.17,6.15,-0.32,-0.32,0,3,"形态: 两连阴 (-2.52%, -0.48%) | 趋势: 高于MA20"
002752,2026-07-09,6.17,6.15,-0.32,0.0,0,4,趋势: 高于MA20
002752,2026-07-01,5.76,6.15,6.77,10.42,1,10,"形态: 两连阴 (-0.87%, -3.50%)"
000798,2026-07-10,7.34,7.67,4.5,4.5,1,3,"形态: 两连阴 (-0.28%, -0.97%) | 动量: 突破转强 (阳线上穿5/10)"
000798,2026-07-03,7.52,7.67,1.99,1.99,1,8,趋势: 高于MA20 | 动量: 突破转强 (阳线上穿5/10)
000798,2026-07-09,7.17,7.67,6.97,6.97,1,4,"形态: 两连阴 (-3.07%, -0.28%)"
603730,2026-07-07,11.77,11.01,-6.46,-3.06,0,6,形态: 10日内有涨停
603730,2026-07-13,10.37,11.01,6.17,10.03,1,2,"量能: 放量 (1.56X) | 形态: 10日内有涨停 | 形态: 两连阴 (-0.18%, -2.68%)"
603730,2026-07-10,10.89,11.01,1.1,4.78,1,3,"形态: 10日内有涨停 | 形态: 两连阴 (-4.76%, -0.18%)"
603730,2026-07-03,13.0,11.01,-15.31,-5.31,0,8,量能: 放量 (2.02X) | 形态: 10日内有涨停 | 趋势: 高于MA20 | 动量: 突破转强 (阳线上穿5/10)
603730,2026-07-09,11.19,11.01,-1.61,1.97,0,4,"形态: 10日内有涨停 | 形态: 两连阴 (-4.39%, -4.76%)"
000026,2026-07-07,20.51,18.41,-10.24,-4.73,0,6,形态: 10日内有涨停 | 趋势: 高于MA20
000026,2026-07-13,17.59,18.41,4.66,4.66,1,2,形态: 10日内有涨停
000026,2026-07-10,19.54,18.41,-5.78,-5.78,0,3,"形态: 10日内有涨停 | 形态: 两连阴 (-8.34%, -0.27%)"
000026,2026-07-03,21.89,18.41,-15.9,-1.01,0,8,趋势: 多头排列 (5>20>60) | 形态: 10日内有涨停 | 趋势: 高于MA20 | 动量: 突破转强 (阳线上穿5/10)
000026,2026-07-09,18.75,18.41,-1.81,4.21,0,4,"形态: 10日内有涨停 | 形态: 两连阴 (-5.35%, -8.34%)"
000026,2026-07-01,21.05,18.41,-12.54,3.99,0,10,趋势: 多头排列 (5>20>60) | 形态: 10日内有涨停 | 趋势: 高于MA20
600522,2026-07-07,47.27,40.7,-13.9,-0.28,0,6,"形态: 10日内有涨停 | 形态: 两连阴 (-2.64%, -4.36%)"
600522,2026-07-03,50.22,40.7,-18.96,-4.36,0,8,"趋势: 多头排列 (5>20>60) | 形态: 10日内有涨停 | 形态: 两连阴 (-8.67%, -6.93%)"
600522,2026-07-09,47.14,40.7,-13.66,-2.61,0,4,"形态: 两连阴 (-1.58%, -5.10%)"
600522,2026-07-01,55.42,40.7,-26.56,-6.93,0,10,趋势: 多头排列 (5>20>60) | 形态: 10日内有涨停 | 趋势: 高于MA20
600422,2026-07-13,8.78,8.84,0.68,1.48,1,2,量能: 放量 (2.11X) | 趋势: 高于MA20 | 动量: 突破转强 (阳线上穿5/10)
600422,2026-07-10,8.28,8.84,6.76,7.61,1,3,趋势: 高于MA20 | 动量: 突破转强 (阳线上穿5/10)
600422,2026-07-03,8.27,8.84,6.89,7.74,1,8,趋势: 高于MA20
600422,2026-07-01,8.24,8.84,7.28,8.13,1,10,动量: 突破转强 (阳线上穿5/10)
002877,2026-07-03,7.43,7.14,-3.9,-2.02,0,8,动量: 突破转强 (阳线上穿5/10)
002877,2026-07-09,7.0,7.14,2.0,2.0,1,4,"形态: 两连阴 (-2.88%, -0.99%)"
600589,2026-07-07,8.93,7.59,-15.01,0.9,0,6,"形态: 两连阴 (-0.83%, -4.06%)"
600589,2026-07-13,7.84,7.59,-3.19,-3.19,0,2,"形态: 两连阴 (-1.89%, -1.47%)"
600589,2026-07-01,10.54,7.59,-27.99,-8.16,0,10,量能: 放量 (1.62X) | 趋势: 高于MA20 | 动量: 突破转强 (阳线上穿5/10)
000592,2026-07-07,6.14,5.8,-5.54,-0.49,0,6,"形态: 10日内有涨停 | 形态: 两连阴 (-10.05%, -7.45%)"
000592,2026-07-13,5.69,5.8,1.93,1.93,1,2,形态: 10日内有涨停
000592,2026-07-10,6.11,5.8,-5.07,-5.07,0,3,形态: 10日内有涨停
000592,2026-07-03,6.98,5.8,-16.91,-7.45,0,8,量能: 放量 (2.02X) | 形态: 10日内有涨停
000592,2026-07-09,5.92,5.8,-2.03,3.21,0,4,"形态: 10日内有涨停 | 形态: 两连阴 (-4.95%, -4.72%)"
000592,2026-07-01,7.05,5.8,-17.73,10.07,0,10,动量: 突破转强 (阳线上穿5/10)
600257,2026-07-10,4.46,4.9,9.87,9.87,1,3,"形态: 两连阴 (-1.13%, -0.46%) | 动量: 突破转强 (阳线上穿5/10)"
600257,2026-07-03,4.57,4.9,7.22,7.22,1,8,动量: 突破转强 (阳线上穿5/10)
600257,2026-07-09,4.34,4.9,12.9,12.9,1,4,"形态: 两连阴 (-3.29%, -1.13%)"
600257,2026-07-01,4.49,4.9,9.13,9.13,1,10,"形态: 两连阴 (-0.23%, -1.81%)"
601061,2026-07-13,10.25,10.82,5.56,5.56,1,2,"形态: 两连阴 (-1.75%, -0.09%)"
601061,2026-07-10,10.66,10.82,1.5,1.5,1,3,"形态: 两连阴 (-2.07%, -1.75%)"
601061,2026-07-09,10.67,10.82,1.41,1.41,1,4,"形态: 两连阴 (-2.46%, -2.07%)"
600783,2026-07-07,19.04,15.87,-16.65,4.78,0,6,形态: 10日内有涨停
600783,2026-07-13,17.96,15.87,-11.64,-7.8,0,2,形态: 10日内有涨停
600783,2026-07-10,19.95,15.87,-20.45,-9.97,0,3,形态: 10日内有涨停
600783,2026-07-03,22.28,15.87,-28.77,-10.01,0,8,形态: 10日内有涨停 | 趋势: 高于MA20 | 动量: 突破转强 (阳线上穿5/10)
600783,2026-07-09,19.37,15.87,-18.07,2.99,0,4,形态: 10日内有涨停
600783,2026-07-01,21.91,15.87,-27.57,1.69,0,10,形态: 10日内有涨停 | 趋势: 高于MA20 | 动量: 突破转强 (阳线上穿5/10)
600707,2026-07-07,12.95,10.62,-17.99,-3.55,0,6,"趋势: 多头排列 (5>20>60) | 形态: 10日内有涨停 | 形态: 两连阴 (-10.01%, -9.99%)"
600707,2026-07-13,10.76,10.62,-1.3,4.83,0,2,形态: 10日内有涨停
600707,2026-07-10,11.95,10.62,-11.13,-5.61,0,3,形态: 10日内有涨停
600707,2026-07-03,15.02,10.62,-29.29,-9.99,0,8,趋势: 多头排列 (5>20>60) | 形态: 10日内有涨停 | 趋势: 高于MA20
600707,2026-07-09,12.49,10.62,-14.97,-4.32,0,4,"形态: 10日内有涨停 | 形态: 两连阴 (-4.22%, -5.33%)"
600707,2026-07-01,17.66,10.62,-39.86,-5.49,0,10,趋势: 多头排列 (5>20>60) | 形态: 10日内有涨停 | 趋势: 高于MA20 | 动量: 突破转强 (阳线上穿5/10)
603687,2026-07-07,16.81,14.5,-13.74,0.12,0,6,"趋势: 多头排列 (5>20>60) | 形态: 10日内有涨停 | 形态: 两连阴 (-4.50%, -4.92%)"
603687,2026-07-03,18.9,14.5,-23.28,-4.92,0,8,趋势: 多头排列 (5>20>60) | 形态: 10日内有涨停 | 趋势: 高于MA20
603687,2026-07-09,16.83,14.5,-13.84,-8.2,0,4,"形态: 10日内有涨停 | 形态: 两连阴 (-6.46%, -4.05%)"
603687,2026-07-01,20.92,14.5,-30.69,-5.4,0,10,趋势: 多头排列 (5>20>60) | 形态: 10日内有涨停 | 趋势: 高于MA20 | 动量: 突破转强 (阳线上穿5/10)
002378,2026-07-07,28.99,25.84,-10.87,-3.86,0,6,"形态: 两连阴 (-7.37%, -7.46%)"
002378,2026-07-09,27.87,25.84,-7.28,-1.0,0,4,"形态: 两连阴 (-4.54%, -4.55%)"
002378,2026-07-01,32.9,25.84,-21.46,7.69,0,10,"趋势: 多头排列 (5>20>60) | 形态: 两连阴 (-6.05%, -1.53%)"
000825,2026-07-10,3.41,3.51,2.93,2.93,1,3,"形态: 两连阴 (-1.18%, -0.60%)"
000825,2026-07-09,3.33,3.51,5.41,5.41,1,4,"形态: 两连阴 (-2.31%, -1.18%)"
603098,2026-07-10,10.02,9.93,-0.9,-0.9,0,3,"形态: 两连阴 (-3.05%, -1.22%)"
603098,2026-07-03,10.84,9.93,-8.39,-2.31,0,8,动量: 突破转强 (阳线上穿5/10)
603098,2026-07-09,9.72,9.93,2.16,3.09,1,4,"形态: 两连阴 (-4.15%, -3.05%)"
603386,2026-07-07,16.47,13.93,-15.42,-2.55,0,6,"趋势: 多头排列 (5>20>60) | 形态: 10日内有涨停 | 形态: 两连阴 (-1.53%, -7.82%)"
603386,2026-07-03,18.66,13.93,-25.35,-7.82,0,8,"趋势: 多头排列 (5>20>60) | 形态: 10日内有涨停 | 形态: 两连阴 (-2.69%, -1.30%) | 趋势: 高于MA20"
603386,2026-07-09,16.05,13.93,-13.21,-4.61,0,4,"形态: 两连阴 (-4.24%, -5.34%)"
603386,2026-07-01,19.2,13.93,-27.45,-1.3,0,10,"趋势: 多头排列 (5>20>60) | 形态: 10日内有涨停 | 形态: 两连阴 (-3.71%, -1.40%) | 趋势: 高于MA20"
003036,2026-07-03,87.81,70.45,-19.77,-3.61,0,8,"形态: 两连阴 (-3.36%, -6.79%)"
003036,2026-07-01,89.38,70.45,-21.18,-1.76,0,10,趋势: 多头排列 (5>20>60) | 趋势: 高于MA20
601177,2026-07-07,14.14,13.12,-7.21,-2.26,0,6,形态: 10日内有涨停 | 趋势: 高于MA20
601177,2026-07-13,12.83,13.12,2.26,2.26,1,2,形态: 10日内有涨停
601177,2026-07-10,13.82,13.12,-5.07,-5.07,0,3,"形态: 10日内有涨停 | 形态: 两连阴 (-5.45%, -1.57%) | 趋势: 高于MA20"
601177,2026-07-03,14.31,13.12,-8.32,7.55,0,8,形态: 10日内有涨停 | 趋势: 高于MA20 | 动量: 突破转强 (阳线上穿5/10)
601177,2026-07-09,13.16,13.12,-0.3,5.02,0,4,"形态: 10日内有涨停 | 形态: 两连阴 (-8.12%, -5.45%)"
605299,2026-07-07,12.83,12.03,-6.24,-1.79,0,6,"形态: 两连阴 (-0.22%, -3.24%)"
605299,2026-07-10,12.6,12.03,-4.52,-3.97,0,3,"形态: 两连阴 (-2.34%, -0.16%)"
605299,2026-07-03,13.56,12.03,-11.28,-3.24,0,8,量能: 放量 (1.55X)
605299,2026-07-09,12.51,12.03,-3.84,0.72,0,4,"形态: 两连阴 (-2.21%, -2.34%)"
605299,2026-07-01,13.44,12.03,-10.49,1.12,0,10,"形态: 两连阴 (-0.67%, -0.60%)"
600933,2026-07-10,13.86,13.72,-1.01,-1.01,0,3,"形态: 两连阴 (-4.37%, -3.50%)"
600933,2026-07-03,15.39,13.72,-10.85,-1.82,0,8,"形态: 两连阴 (-0.81%, -0.34%) | 动量: 突破转强 (阳线上穿5/10)"
600933,2026-07-09,13.51,13.72,1.55,2.59,1,4,"形态: 两连阴 (-3.11%, -4.37%)"
002585,2026-07-07,11.37,9.24,-18.73,-7.04,0,6,"形态: 10日内有涨停 | 形态: 两连阴 (-3.41%, -6.34%)"
002585,2026-07-13,9.17,9.24,0.76,3.38,1,2,形态: 10日内有涨停
002585,2026-07-10,9.99,9.24,-7.51,-5.11,0,3,形态: 10日内有涨停
002585,2026-07-03,11.04,9.24,-16.3,2.99,0,8,"形态: 两连阴 (-3.06%, -4.91%)"
002585,2026-07-09,10.57,9.24,-12.58,-5.49,0,4,形态: 10日内有涨停
002585,2026-07-01,12.02,9.24,-23.13,-4.91,0,10,趋势: 多头排列 (5>20>60)
601218,2026-07-09,4.08,4.1,0.49,2.7,1,4,"形态: 两连阴 (-2.80%, -2.64%)"
000557,2026-07-10,3.57,3.66,2.52,2.52,1,3,动量: 突破转强 (阳线上穿5/10)
000557,2026-07-03,3.65,3.66,0.27,0.55,1,8,动量: 突破转强 (阳线上穿5/10)
603225,2026-07-13,17.11,17.97,5.03,5.03,1,2,"形态: 两连阴 (-2.13%, -1.95%)"
603225,2026-07-10,17.6,17.97,2.1,2.1,1,3,"形态: 两连阴 (-3.88%, -2.13%)"
603225,2026-07-03,19.8,17.97,-9.24,2.47,0,8,趋势: 多头排列 (5>20>60)
603225,2026-07-09,17.95,17.97,0.11,0.11,1,4,"形态: 两连阴 (-5.96%, -3.88%)"
603225,2026-07-01,21.28,17.97,-15.55,1.74,0,10,"趋势: 多头排列 (5>20>60) | 形态: 两连阴 (-3.02%, -4.47%) | 趋势: 高于MA20 | 动量: 突破转强 (阳线上穿5/10)"
002798,2026-07-07,5.3,5.07,-4.34,0.75,0,6,形态: 10日内有涨停
002798,2026-07-13,4.82,5.07,5.19,5.19,1,2,"形态: 10日内有涨停 | 形态: 两连阴 (-0.19%, -3.00%)"
002798,2026-07-10,5.17,5.07,-1.93,-1.93,0,3,形态: 10日内有涨停
002798,2026-07-03,5.68,5.07,-10.74,-4.23,0,8,量能: 放量 (2.02X) | 形态: 10日内有涨停 | 动量: 突破转强 (阳线上穿5/10)
002798,2026-07-09,5.33,5.07,-4.88,-3.0,0,4,形态: 10日内有涨停
002960,2026-07-03,8.76,8.19,-6.51,-2.74,0,8,趋势: 高于MA20 | 动量: 突破转强 (阳线上穿5/10)
002960,2026-07-01,8.62,8.19,-4.99,1.62,0,10,动量: 突破转强 (阳线上穿5/10)
603949,2026-07-07,18.37,13.76,-25.1,2.78,0,6,趋势: 高于MA20 | 动量: 突破转强 (阳线上穿5/10)
603949,2026-07-13,16.99,13.76,-19.01,-10.01,0,2,趋势: 多头排列 (5>20>60) | 量能: 放量 (1.77X)
603949,2026-07-10,18.88,13.76,-27.12,-10.01,0,3,趋势: 高于MA20 | 动量: 突破转强 (阳线上穿5/10)
603949,2026-07-03,18.05,13.76,-23.77,4.6,0,8,趋势: 高于MA20 | 动量: 突破转强 (阳线上穿5/10)
603949,2026-07-09,18.68,13.76,-26.34,1.07,0,4,趋势: 高于MA20 | 动量: 突破转强 (阳线上穿5/10)
603949,2026-07-01,17.65,13.76,-22.04,6.97,0,10,趋势: 高于MA20 | 动量: 突破转强 (阳线上穿5/10)
002342,2026-07-07,10.1,8.23,-18.51,9.6,0,6,"形态: 10日内有涨停 | 形态: 两连阴 (-5.11%, -7.85%) | 趋势: 高于MA20"
002342,2026-07-13,9.96,8.23,-17.37,-10.04,0,2,形态: 10日内有涨停
002342,2026-07-10,11.07,8.23,-25.65,-10.03,0,3,形态: 10日内有涨停 | 趋势: 高于MA20 | 动量: 突破转强 (阳线上穿5/10)
002342,2026-07-03,10.96,8.23,-24.91,1.0,0,8,形态: 10日内有涨停 | 趋势: 高于MA20
002342,2026-07-09,10.06,8.23,-18.19,10.04,0,4,形态: 10日内有涨停
002342,2026-07-01,11.25,8.23,-26.84,2.67,0,10,形态: 10日内有涨停 | 趋势: 高于MA20 | 动量: 突破转强 (阳线上穿5/10)
000955,2026-07-07,4.39,4.21,-4.1,-2.96,0,6,"形态: 10日内有涨停 | 形态: 两连阴 (-9.57%, -2.03%)"
000955,2026-07-13,4.12,4.21,2.18,2.18,1,2,形态: 10日内有涨停
000955,2026-07-10,4.26,4.21,-1.17,-1.17,0,3,"形态: 10日内有涨停 | 形态: 两连阴 (-3.64%, -1.18%)"
000955,2026-07-03,4.44,4.21,-5.18,-1.13,0,8,量能: 放量 (2.10X) | 形态: 10日内有涨停
000955,2026-07-09,4.18,4.21,0.72,1.91,1,4,形态: 10日内有涨停
000955,2026-07-01,4.46,4.21,-5.61,10.09,0,10,"形态: 10日内有涨停 | 形态: 两连阴 (-0.45%, -0.68%) | 趋势: 高于MA20"
603208,2026-07-07,10.72,10.63,-0.84,-0.09,0,6,"形态: 两连阴 (-0.98%, -1.89%) | 趋势: 高于MA20"
603208,2026-07-10,10.7,10.63,-0.65,-0.65,0,3,"形态: 两连阴 (-0.09%, -2.05%)"
603208,2026-07-03,11.14,10.63,-4.58,-1.89,0,8,趋势: 高于MA20
603208,2026-07-09,10.49,10.63,1.33,2.0,1,4,"形态: 两连阴 (-1.92%, -0.09%)"
603208,2026-07-01,11.16,10.63,-4.75,0.81,0,10,量能: 放量 (1.51X) | 趋势: 高于MA20 | 动量: 突破转强 (阳线上穿5/10)
600416,2026-07-09,8.99,8.57,-4.67,3.23,0,4,"形态: 两连阴 (-3.34%, -3.03%)"
002330,2026-07-10,3.66,3.82,4.37,4.37,1,3,趋势: 高于MA20 | 动量: 突破转强 (阳线上穿5/10)
002330,2026-07-03,3.65,3.82,4.66,4.66,1,8,动量: 突破转强 (阳线上穿5/10)
600219,2026-07-10,4.08,4.15,1.72,1.96,1,3,"形态: 两连阴 (-1.47%, -0.50%) | 动量: 突破转强 (阳线上穿5/10)"
600219,2026-07-09,4.01,4.15,3.49,3.74,1,4,"形态: 两连阴 (-2.39%, -1.47%)"
603915,2026-07-07,14.5,13.62,-6.07,-2.28,0,6,形态: 10日内有涨停 | 趋势: 高于MA20
603915,2026-07-13,13.48,13.62,1.04,1.04,1,2,形态: 10日内有涨停
603915,2026-07-10,14.17,13.62,-3.88,-3.88,0,3,形态: 10日内有涨停
603915,2026-07-03,16.03,13.62,-15.03,-4.87,0,8,形态: 10日内有涨停 | 趋势: 高于MA20 | 动量: 突破转强 (阳线上穿5/10)
603915,2026-07-09,14.07,13.62,-3.2,0.71,0,4,"形态: 10日内有涨停 | 形态: 两连阴 (-4.92%, -3.03%)"
603506,2026-07-03,10.12,9.82,-2.96,-1.48,0,8,动量: 突破转强 (阳线上穿5/10)
603506,2026-07-01,9.81,9.82,0.1,3.16,1,10,"形态: 两连阴 (-1.15%, -1.58%)"
603178,2026-07-07,16.35,14.31,-12.48,9.11,0,6,形态: 10日内有涨停 | 趋势: 高于MA20 | 动量: 突破转强 (阳线上穿5/10)
603178,2026-07-13,15.1,14.31,-5.23,-1.32,0,2,形态: 10日内有涨停
603178,2026-07-10,16.78,14.31,-14.72,-10.01,0,3,形态: 10日内有涨停 | 趋势: 高于MA20 | 动量: 突破转强 (阳线上穿5/10)
603178,2026-07-03,15.68,14.31,-8.74,13.78,0,8,形态: 10日内有涨停 | 动量: 突破转强 (阳线上穿5/10)
603178,2026-07-09,16.7,14.31,-14.31,0.48,0,4,量能: 放量 (1.50X) | 形态: 10日内有涨停 | 趋势: 高于MA20
000626,2026-07-10,6.45,6.77,4.96,4.96,1,3,动量: 突破转强 (阳线上穿5/10)
000626,2026-07-01,6.5,6.77,4.15,4.15,1,10,"形态: 两连阴 (-1.39%, -1.09%)"
002307,2026-07-10,2.99,2.92,-2.34,-2.34,0,3,动量: 突破转强 (阳线上穿5/10)
002307,2026-07-01,3.03,2.92,-3.63,0.33,0,10,"形态: 两连阴 (-7.96%, -0.35%)"
000510,2026-07-07,19.68,18.29,-7.06,-1.02,0,6,"形态: 两连阴 (-3.76%, -5.99%)"
000510,2026-07-03,22.03,18.29,-16.98,-5.99,0,8,"趋势: 多头排列 (5>20>60) | 形态: 10日内有涨停 | 形态: 两连阴 (-0.32%, -7.55%) | 趋势: 高于MA20"
000510,2026-07-09,19.48,18.29,-6.11,-2.98,0,4,"形态: 两连阴 (-4.97%, -1.27%)"
000510,2026-07-01,24.76,18.29,-26.13,-7.55,0,10,趋势: 多头排列 (5>20>60) | 形态: 10日内有涨停 | 趋势: 高于MA20
002187,2026-07-10,4.8,4.94,2.92,2.92,1,3,量能: 放量 (1.51X) | 动量: 突破转强 (阳线上穿5/10)
002187,2026-07-03,4.89,4.94,1.02,1.02,1,8,动量: 突破转强 (阳线上穿5/10)
600218,2026-07-10,7.29,7.35,0.82,0.82,1,3,"形态: 两连阴 (-1.65%, -0.84%)"
600218,2026-07-03,7.51,7.35,-2.13,-0.4,0,8,动量: 突破转强 (阳线上穿5/10)
600218,2026-07-09,7.11,7.35,3.38,3.38,1,4,"形态: 两连阴 (-2.54%, -1.65%)"
600218,2026-07-01,7.34,7.35,0.14,2.32,1,10,"形态: 两连阴 (-1.22%, -0.96%)"
002559,2026-07-07,13.15,10.99,-16.43,-8.37,0,6,"趋势: 多头排列 (5>20>60) | 形态: 10日内有涨停 | 形态: 两连阴 (-7.41%, -6.95%) | 趋势: 高于MA20"
002559,2026-07-13,10.78,10.99,1.95,1.95,1,2,"形态: 10日内有涨停 | 形态: 两连阴 (-0.75%, -1.42%)"
002559,2026-07-10,11.79,10.99,-6.79,-6.79,0,3,"趋势: 多头排列 (5>20>60) | 形态: 10日内有涨停 | 形态: 两连阴 (-8.37%, -0.75%)"
002559,2026-07-03,14.24,10.99,-22.82,-6.95,0,8,趋势: 多头排列 (5>20>60) | 形态: 10日内有涨停 | 趋势: 高于MA20
002559,2026-07-09,11.96,10.99,-8.11,-1.42,0,4,"趋势: 多头排列 (5>20>60) | 形态: 10日内有涨停 | 形态: 两连阴 (-0.75%, -8.37%) | 趋势: 高于MA20"
002559,2026-07-01,13.98,10.99,-21.39,10.01,0,10,趋势: 多头排列 (5>20>60) | 形态: 10日内有涨停 | 趋势: 高于MA20 | 动量: 突破转强 (阳线上穿5/10)
002658,2026-07-07,7.56,7.02,-7.14,-3.7,0,6,"形态: 两连阴 (-0.84%, -4.33%)"
002658,2026-07-03,8.31,7.02,-15.52,-4.33,0,8,趋势: 高于MA20
002658,2026-07-09,7.27,7.02,-3.44,0.14,0,4,"形态: 两连阴 (-4.91%, -5.03%)"
002658,2026-07-01,8.34,7.02,-15.83,0.48,0,10,趋势: 高于MA20
600490,2026-07-07,6.11,5.88,-3.76,-1.96,0,6,"形态: 10日内有涨停 | 形态: 两连阴 (-2.48%, -2.39%)"
600490,2026-07-13,5.64,5.88,4.26,5.14,1,2,形态: 10日内有涨停
600490,2026-07-10,5.91,5.88,-0.51,0.34,0,3,"形态: 10日内有涨停 | 形态: 两连阴 (-1.96%, -2.17%)"
600490,2026-07-03,6.28,5.88,-6.37,-2.39,0,8,形态: 10日内有涨停
600490,2026-07-09,5.86,5.88,0.34,1.19,1,4,"形态: 10日内有涨停 | 形态: 两连阴 (-0.33%, -1.96%)"
603015,2026-07-03,12.0,10.16,-15.33,-5.25,0,8,"形态: 10日内有涨停 | 形态: 两连阴 (-1.23%, -1.08%)"
603015,2026-07-09,10.56,10.16,-3.79,0.38,0,4,"形态: 两连阴 (-3.25%, -4.91%)"
603015,2026-07-01,12.0,10.16,-15.33,0.0,0,10,形态: 10日内有涨停
600703,2026-07-07,17.78,14.25,-19.85,0.11,0,6,"趋势: 多头排列 (5>20>60) | 形态: 10日内有涨停 | 形态: 两连阴 (-4.25%, -4.83%)"
600703,2026-07-03,18.23,14.25,-21.83,-2.36,0,8,"趋势: 多头排列 (5>20>60) | 形态: 10日内有涨停 | 形态: 两连阴 (-6.50%, -4.03%)"
600703,2026-07-01,19.84,14.25,-28.18,-4.03,0,10,趋势: 多头排列 (5>20>60) | 形态: 10日内有涨停 | 趋势: 高于MA20
001914,2026-07-10,8.52,8.94,4.93,4.93,1,3,动量: 突破转强 (阳线上穿5/10)
001914,2026-07-03,8.49,8.94,5.3,5.3,1,8,动量: 突破转强 (阳线上穿5/10)
600590,2026-07-03,9.95,8.3,-16.58,-1.11,0,8,"形态: 两连阴 (-0.40%, -5.27%)"
600590,2026-07-09,8.98,8.3,-7.57,2.78,0,4,"形态: 两连阴 (-5.59%, -3.34%)"
000050,2026-07-07,8.33,6.72,-19.33,-3.48,0,6,"趋势: 多头排列 (5>20>60) | 形态: 两连阴 (-6.80%, -4.75%)"
000050,2026-07-03,9.05,6.72,-25.75,-4.75,0,8,趋势: 多头排列 (5>20>60) | 趋势: 高于MA20
000050,2026-07-09,8.04,6.72,-16.42,-3.61,0,4,"形态: 两连阴 (-3.36%, -5.64%)"
000050,2026-07-01,9.6,6.72,-30.0,1.15,0,10,趋势: 多头排列 (5>20>60) | 形态: 10日内有涨停 | 趋势: 高于MA20
002068,2026-07-07,12.35,9.13,-26.07,-6.4,0,6,"趋势: 多头排列 (5>20>60) | 形态: 10日内有涨停 | 形态: 两连阴 (-3.20%, -7.46%) | 趋势: 高于MA20"
002068,2026-07-03,14.2,9.13,-35.7,-7.46,0,8,趋势: 多头排列 (5>20>60) | 形态: 10日内有涨停 | 趋势: 高于MA20
002068,2026-07-09,11.56,9.13,-21.02,-5.1,0,4,"趋势: 多头排列 (5>20>60) | 形态: 两连阴 (-6.01%, -8.26%)"
002068,2026-07-01,15.31,9.13,-40.37,-4.18,0,10,趋势: 多头排列 (5>20>60) | 形态: 10日内有涨停 | 趋势: 高于MA20 | 动量: 突破转强 (阳线上穿5/10)
002799,2026-07-10,6.09,6.27,2.96,2.96,1,3,"形态: 两连阴 (-0.17%, -1.00%)"
002799,2026-07-09,5.95,6.27,5.38,5.38,1,4,"形态: 两连阴 (-2.90%, -0.17%)"
002799,2026-07-01,6.2,6.27,1.13,1.13,1,10,"形态: 两连阴 (-0.97%, -0.82%)"
002085,2026-07-03,11.47,10.15,-11.51,-1.39,0,8,"形态: 两连阴 (-0.45%, -0.72%)"
002085,2026-07-09,10.42,10.15,-2.59,1.34,0,4,"形态: 两连阴 (-4.24%, -4.06%)"
002251,2026-07-07,3.4,3.61,6.18,6.18,1,6,"形态: 两连阴 (-0.84%, -0.56%)"
002251,2026-07-10,3.49,3.61,3.44,3.44,1,3,"量能: 放量 (1.53X) | 形态: 两连阴 (-1.18%, -0.60%) | 动量: 突破转强 (阳线上穿5/10)"
002251,2026-07-09,3.34,3.61,8.08,8.08,1,4,"形态: 两连阴 (-3.41%, -1.18%)"
002251,2026-07-01,3.59,3.61,0.56,0.56,1,10,量能: 放量 (1.54X)
603035,2026-07-10,10.79,10.95,1.48,1.48,1,3,"形态: 两连阴 (-2.88%, -0.83%)"
603035,2026-07-03,11.43,10.95,-4.2,-0.52,0,8,量能: 放量 (1.73X) | 趋势: 高于MA20 | 动量: 突破转强 (阳线上穿5/10)
603035,2026-07-09,10.72,10.95,2.15,2.15,1,4,"形态: 两连阴 (-2.11%, -2.88%)"
002394,2026-07-07,10.01,8.83,-11.79,-4.8,0,6,趋势: 高于MA20
002394,2026-07-10,9.2,8.83,-4.02,-4.02,0,3,"形态: 两连阴 (-4.80%, -4.20%)"
002394,2026-07-03,10.49,8.83,-15.82,-0.48,0,8,趋势: 高于MA20 | 动量: 突破转强 (阳线上穿5/10)
002394,2026-07-09,9.13,8.83,-3.29,0.77,0,4,"形态: 两连阴 (-4.12%, -4.80%)"
002394,2026-07-01,9.71,8.83,-9.06,8.03,0,10,量能: 放量 (1.58X) | 趋势: 高于MA20 | 动量: 突破转强 (阳线上穿5/10)
002488,2026-07-10,8.93,8.45,-5.38,-3.81,0,3,"形态: 两连阴 (-4.40%, -1.68%)"
002488,2026-07-03,9.62,8.45,-12.16,0.31,0,8,趋势: 高于MA20 | 动量: 突破转强 (阳线上穿5/10)
002488,2026-07-09,8.76,8.45,-3.54,1.94,0,4,"形态: 两连阴 (-3.42%, -4.40%)"
600603,2026-07-07,4.49,4.49,0.0,0.0,0,6,趋势: 高于MA20
600603,2026-07-10,4.46,4.49,0.67,0.67,1,3,"形态: 两连阴 (-0.89%, -1.35%)"
600603,2026-07-03,4.59,4.49,-2.18,3.92,0,8,趋势: 高于MA20 | 动量: 突破转强 (阳线上穿5/10)
600603,2026-07-09,4.39,4.49,2.28,2.28,1,4,"形态: 两连阴 (-5.87%, -0.89%)"
600603,2026-07-01,4.43,4.49,1.35,7.67,1,10,动量: 突破转强 (阳线上穿5/10)
600846,2026-07-07,10.92,11.25,3.02,4.67,1,6,形态: 10日内有涨停 | 趋势: 高于MA20
600846,2026-07-13,10.81,11.25,4.07,5.18,1,2,形态: 10日内有涨停 | 趋势: 高于MA20
600846,2026-07-10,11.31,11.25,-0.53,0.53,0,3,形态: 10日内有涨停 | 趋势: 高于MA20
600846,2026-07-03,10.93,11.25,2.93,4.76,1,8,形态: 10日内有涨停 | 趋势: 高于MA20 | 动量: 突破转强 (阳线上穿5/10)
600846,2026-07-09,11.43,11.25,-1.57,-0.52,0,4,"形态: 10日内有涨停 | 形态: 两连阴 (-4.63%, -1.10%) | 趋势: 高于MA20 | 动量: 突破转强 (阳线上穿5/10)"
600846,2026-07-01,10.54,11.25,6.74,8.63,1,10,形态: 10日内有涨停 | 趋势: 高于MA20 | 动量: 突破转强 (阳线上穿5/10)
605366,2026-07-07,11.15,9.19,-17.58,-3.5,0,6,"形态: 10日内有涨停 | 形态: 两连阴 (-5.54%, -7.88%)"
605366,2026-07-03,11.93,9.19,-22.97,-6.54,0,8,"形态: 10日内有涨停 | 形态: 两连阴 (-1.38%, -1.71%) | 趋势: 高于MA20"
605366,2026-07-09,10.76,9.19,-14.59,-4.18,0,4,形态: 10日内有涨停
605366,2026-07-01,12.85,9.19,-28.48,-1.71,0,10,"形态: 10日内有涨停 | 形态: 两连阴 (-2.78%, -6.80%) | 趋势: 高于MA20"
002973,2026-07-03,10.99,10.33,-6.01,-6.01,0,8,量能: 放量 (1.53X)
002973,2026-07-01,10.4,10.33,-0.67,5.67,0,10,"形态: 两连阴 (-3.32%, -1.05%)"
600429,2026-07-13,4.14,4.33,4.59,4.59,1,2,动量: 突破转强 (阳线上穿5/10)
600429,2026-07-10,4.13,4.33,4.84,4.84,1,3,动量: 突破转强 (阳线上穿5/10)
002370,2026-07-07,5.49,5.55,1.09,1.09,1,6,形态: 10日内有涨停 | 趋势: 高于MA20
002370,2026-07-13,5.46,5.55,1.65,1.65,1,2,趋势: 高于MA20
002370,2026-07-10,5.44,5.55,2.02,2.02,1,3,"形态: 10日内有涨停 | 形态: 两连阴 (-0.91%, -3.86%) | 趋势: 高于MA20"
002370,2026-07-03,5.72,5.55,-2.97,0.7,0,8,形态: 10日内有涨停 | 趋势: 高于MA20
002370,2026-07-09,5.23,5.55,6.12,6.12,1,4,"形态: 10日内有涨停 | 形态: 两连阴 (-4.69%, -0.91%)"
002370,2026-07-01,5.79,5.55,-4.15,0.17,0,10,形态: 10日内有涨停 | 趋势: 高于MA20 | 动量: 突破转强 (阳线上穿5/10)
600463,2026-07-03,8.07,7.84,-2.85,-2.85,0,8,动量: 突破转强 (阳线上穿5/10)
600463,2026-07-09,7.48,7.84,4.81,4.81,1,4,"形态: 两连阴 (-2.58%, -1.19%)"
600463,2026-07-01,7.92,7.84,-1.01,1.89,0,10,"形态: 两连阴 (-0.52%, -0.39%)"
600095,2026-07-07,7.52,7.81,3.86,3.86,1,6,"形态: 两连阴 (-0.38%, -0.51%)"
600095,2026-07-09,7.6,7.81,2.76,2.76,1,4,"形态: 两连阴 (-2.97%, -0.27%)"
600095,2026-07-01,8.03,7.81,-2.74,-2.62,0,10,"量能: 放量 (1.53X) | 形态: 两连阴 (-0.40%, -0.13%) | 趋势: 高于MA20 | 动量: 突破转强 (阳线上穿5/10)"
002820,2026-07-10,8.65,8.76,1.27,1.27,1,3,"形态: 两连阴 (-0.23%, -1.64%) | 动量: 突破转强 (阳线上穿5/10)"
002820,2026-07-03,8.91,8.76,-1.68,0.0,0,8,动量: 突破转强 (阳线上穿5/10)
002820,2026-07-09,8.41,8.76,4.16,4.16,1,4,"形态: 两连阴 (-3.82%, -0.23%)"
605007,2026-07-07,15.4,15.69,1.88,1.88,1,6,趋势: 高于MA20 | 动量: 突破转强 (阳线上穿5/10)
605007,2026-07-13,14.74,15.69,6.45,6.45,1,2,"形态: 两连阴 (-2.84%, -0.33%) | 趋势: 高于MA20"
605007,2026-07-10,15.0,15.69,4.6,4.6,1,3,趋势: 高于MA20
605007,2026-07-03,14.89,15.69,5.37,5.37,1,8,趋势: 高于MA20 | 动量: 突破转强 (阳线上穿5/10)
605007,2026-07-09,15.05,15.69,4.25,4.25,1,4,趋势: 高于MA20
605007,2026-07-01,14.09,15.69,11.36,11.36,1,10,趋势: 高于MA20 | 动量: 突破转强 (阳线上穿5/10)
603856,2026-07-07,13.67,12.02,-12.07,-4.24,0,6,趋势: 多头排列 (5>20>60) | 趋势: 高于MA20
603856,2026-07-10,13.09,12.02,-8.17,-7.18,0,3,"趋势: 多头排列 (5>20>60) | 形态: 两连阴 (-4.24%, -1.68%)"
603856,2026-07-03,13.81,12.02,-12.96,-0.43,0,8,"趋势: 多头排列 (5>20>60) | 形态: 两连阴 (-0.51%, -1.82%) | 趋势: 高于MA20 | 动量: 突破转强 (阳线上穿5/10)"
603856,2026-07-09,12.87,12.02,-6.6,1.71,0,4,"趋势: 多头排列 (5>20>60) | 形态: 两连阴 (-0.58%, -4.24%)"
603856,2026-07-01,13.76,12.02,-12.65,0.36,0,10,趋势: 多头排列 (5>20>60) | 趋势: 高于MA20
600302,2026-07-07,7.24,7.08,-2.21,12.43,0,6,"形态: 两连阴 (-2.43%, -5.34%)"
600302,2026-07-10,8.14,7.08,-13.02,-3.44,0,3,动量: 突破转强 (阳线上穿5/10)
000006,2026-07-10,7.08,6.48,-8.47,-6.64,0,3,量能: 放量 (1.64X)
000006,2026-07-09,6.84,6.48,-5.26,3.51,0,4,"形态: 两连阴 (-4.09%, -0.29%)"
002729,2026-07-07,15.73,13.38,-14.94,-7.25,0,6,量能: 放量 (1.62X)
002729,2026-07-03,17.8,13.38,-24.83,-1.8,0,8,形态: 10日内有涨停
002729,2026-07-09,14.59,13.38,-8.29,-2.74,0,4,"形态: 两连阴 (-10.01%, -8.14%)"
002729,2026-07-01,17.8,13.38,-24.83,0.0,0,9,"形态: 10日内有涨停 | 形态: 两连阴 (-4.07%, -3.26%)"
002181,2026-07-07,8.8,8.5,-3.41,3.41,0,6,"形态: 两连阴 (-4.68%, -2.14%)"
002181,2026-07-03,9.36,8.5,-9.19,-2.14,0,8,"形态: 两连阴 (-0.60%, -0.71%)"
002181,2026-07-09,8.67,8.5,-1.96,4.96,0,4,"形态: 两连阴 (-3.93%, -1.48%)"
603311,2026-07-07,30.51,28.29,-7.28,0.66,0,6,"形态: 两连阴 (-0.54%, -5.48%)"
603311,2026-07-03,33.0,28.29,-14.27,-5.48,0,8,"形态: 两连阴 (-2.51%, -7.14%)"
603311,2026-07-09,29.74,28.29,-4.88,3.26,0,4,"形态: 两连阴 (-2.18%, -4.16%)"
601777,2026-07-10,7.79,7.61,-2.31,-2.31,0,3,"形态: 两连阴 (-1.88%, -1.53%)"
601777,2026-07-03,8.15,7.61,-6.63,2.21,0,8,"形态: 两连阴 (-2.33%, -1.76%)"
601777,2026-07-09,7.73,7.61,-1.55,0.78,0,4,"形态: 两连阴 (-3.96%, -1.88%)"
002268,2026-07-07,14.54,14.42,-0.83,7.63,0,6,形态: 10日内有涨停 | 趋势: 高于MA20 | 动量: 突破转强 (阳线上穿5/10)
002268,2026-07-13,14.32,14.42,0.7,0.7,1,2,形态: 10日内有涨停 | 趋势: 高于MA20
002268,2026-07-10,15.34,14.42,-6.0,-6.0,0,3,形态: 10日内有涨停 | 趋势: 高于MA20 | 动量: 突破转强 (阳线上穿5/10)
002268,2026-07-03,13.55,14.42,6.42,15.5,1,8,形态: 10日内有涨停 | 趋势: 高于MA20 | 动量: 突破转强 (阳线上穿5/10)
002268,2026-07-09,15.15,14.42,-4.82,1.25,0,4,形态: 10日内有涨停 | 趋势: 高于MA20
002268,2026-07-01,14.19,14.42,1.62,10.29,1,10,形态: 10日内有涨停 | 趋势: 高于MA20 | 动量: 突破转强 (阳线上穿5/10)
000030,2026-07-03,4.09,4.1,0.24,0.24,1,8,动量: 突破转强 (阳线上穿5/10)
000030,2026-07-01,3.96,4.1,3.54,3.54,1,10,"形态: 两连阴 (-0.25%, -1.28%)"
000703,2026-07-07,14.1,14.48,2.7,3.12,1,6,趋势: 高于MA20
000703,2026-07-10,13.73,14.48,5.46,5.9,1,3,"形态: 两连阴 (-2.70%, -0.95%)"
000703,2026-07-03,14.56,14.48,-0.55,4.26,0,8,趋势: 高于MA20
000703,2026-07-09,13.59,14.48,6.55,6.99,1,4,"形态: 两连阴 (-7.11%, -2.70%)"
000703,2026-07-01,14.64,14.48,-1.09,3.69,0,10,"形态: 两连阴 (-10.02%, -9.53%) | 趋势: 高于MA20"
000993,2026-07-10,9.8,9.71,-0.92,-0.92,0,3,"形态: 两连阴 (-1.65%, -0.74%)"
000993,2026-07-09,9.44,9.71,2.86,3.81,1,4,"形态: 两连阴 (-3.01%, -1.65%)"
002027,2026-07-10,4.81,4.98,3.53,3.53,1,3,"形态: 两连阴 (-1.01%, -3.46%)"
002027,2026-07-09,4.74,4.98,5.06,5.06,1,4,"形态: 两连阴 (-1.98%, -1.01%)"
603305,2026-07-10,12.07,11.23,-6.96,-6.96,0,3,"形态: 两连阴 (-4.13%, -0.42%)"
603305,2026-07-03,13.03,11.23,-13.81,-1.3,0,8,量能: 放量 (1.73X) | 动量: 突破转强 (阳线上穿5/10)
603305,2026-07-09,11.8,11.23,-4.83,2.29,0,4,"形态: 两连阴 (-3.89%, -4.13%)"
002734,2026-07-13,15.03,15.83,5.32,5.32,1,2,"形态: 两连阴 (-1.98%, -1.07%)"
002734,2026-07-10,15.65,15.83,1.15,1.15,1,3,"形态: 两连阴 (-4.44%, -1.98%)"
002734,2026-07-09,15.82,15.83,0.06,0.06,1,4,"形态: 两连阴 (-4.14%, -4.44%)"
002734,2026-07-01,17.65,15.83,-10.31,-0.17,0,10,形态: 10日内有涨停 | 趋势: 高于MA20
002556,2026-07-10,4.59,4.75,3.49,3.49,1,3,"形态: 两连阴 (-0.22%, -1.74%)"
002556,2026-07-09,4.52,4.75,5.09,5.09,1,4,"形态: 两连阴 (-2.12%, -0.22%)"
002556,2026-07-01,4.56,4.75,4.17,4.17,1,10,量能: 放量 (1.55X)
605033,2026-07-10,17.37,17.71,1.96,1.96,1,3,"形态: 两连阴 (-1.49%, -1.04%)"
605033,2026-07-03,18.1,17.71,-2.15,0.06,0,8,动量: 突破转强 (阳线上穿5/10)
605033,2026-07-09,17.06,17.71,3.81,3.81,1,4,"形态: 两连阴 (-3.37%, -1.49%)"
605033,2026-07-01,17.11,17.71,3.51,5.84,1,10,"形态: 两连阴 (-0.88%, -1.13%)"
002283,2026-07-07,9.97,8.47,-15.05,-4.21,0,6,形态: 10日内有涨停 | 趋势: 高于MA20
002283,2026-07-13,8.52,8.47,-0.59,0.94,0,2,形态: 10日内有涨停
002283,2026-07-10,9.3,8.47,-8.92,-7.53,0,3,形态: 10日内有涨停
002283,2026-07-03,10.24,8.47,-17.29,0.29,0,8,"形态: 10日内有涨停 | 形态: 两连阴 (-0.10%, -3.42%) | 趋势: 高于MA20 | 动量: 突破转强 (阳线上穿5/10)"
002283,2026-07-09,9.55,8.47,-11.31,-2.62,0,4,"形态: 10日内有涨停 | 形态: 两连阴 (-2.92%, -5.62%)"
002283,2026-07-01,9.64,8.47,-12.14,6.54,0,10,形态: 10日内有涨停
002596,2026-07-07,2.85,2.82,-1.05,0.0,0,6,"形态: 两连阴 (-4.95%, -3.58%)"
002596,2026-07-03,3.07,2.82,-8.14,-3.58,0,8,量能: 放量 (2.05X)
002596,2026-07-09,2.77,2.82,1.81,2.89,1,4,"形态: 两连阴 (-3.72%, -2.81%)"
002596,2026-07-01,2.94,2.82,-4.08,9.86,0,10,"形态: 两连阴 (-2.04%, -0.69%)"
600459,2026-07-07,22.68,19.55,-13.8,-3.79,0,6,"形态: 两连阴 (-8.76%, -6.56%)"
600459,2026-07-03,25.0,19.55,-21.8,-6.56,0,8,"趋势: 多头排列 (5>20>60) | 形态: 两连阴 (-2.11%, -3.08%)"
600459,2026-07-09,21.82,19.55,-10.4,-1.37,0,4,"形态: 两连阴 (-2.91%, -6.26%)"
600459,2026-07-01,28.27,19.55,-30.85,-3.08,0,10,趋势: 多头排列 (5>20>60) | 趋势: 高于MA20
600281,2026-07-07,3.97,4.01,1.01,1.01,1,6,"形态: 两连阴 (-2.34%, -3.83%)"
600281,2026-07-10,3.97,4.01,1.01,1.01,1,3,"形态: 两连阴 (-1.76%, -0.51%)"
600281,2026-07-09,3.88,4.01,3.35,3.35,1,4,"形态: 两连阴 (-1.24%, -1.76%)"
600281,2026-07-01,4.24,4.01,-5.42,0.94,0,10,"形态: 两连阴 (-1.18%, -2.38%)"
002462,2026-07-10,11.25,11.85,5.33,5.33,1,3,动量: 突破转强 (阳线上穿5/10)
002462,2026-07-01,11.13,11.85,6.47,6.47,1,10,"形态: 两连阴 (-0.45%, -2.45%)"
600765,2026-07-10,13.26,13.07,-1.43,-1.43,0,3,量能: 放量 (1.68X) | 动量: 突破转强 (阳线上穿5/10)
600765,2026-07-03,13.59,13.07,-3.83,-2.43,0,8,趋势: 高于MA20 | 动量: 突破转强 (阳线上穿5/10)
600765,2026-07-09,12.96,13.07,0.85,2.31,1,4,"形态: 两连阴 (-2.34%, -1.47%)"
002806,2026-07-07,16.65,15.11,-9.25,-2.1,0,6,"形态: 两连阴 (-0.54%, -5.78%)"
002806,2026-07-03,18.33,15.11,-17.57,-5.78,0,8,趋势: 多头排列 (5>20>60) | 趋势: 高于MA20
002806,2026-07-09,16.3,15.11,-7.3,-3.56,0,4,"形态: 两连阴 (-3.59%, -2.10%)"
002806,2026-07-01,19.38,15.11,-22.03,-4.9,0,10,趋势: 多头排列 (5>20>60) | 趋势: 高于MA20
002161,2026-07-07,5.27,5.05,-4.17,0.19,0,6,形态: 10日内有涨停
002161,2026-07-13,4.9,5.05,3.06,3.06,1,2,形态: 10日内有涨停
002161,2026-07-10,5.28,5.05,-4.36,-4.36,0,3,"形态: 10日内有涨停 | 形态: 两连阴 (-0.76%, -0.57%)"
002161,2026-07-03,5.62,5.05,-10.14,-2.85,0,8,形态: 10日内有涨停
002161,2026-07-09,5.2,5.05,-2.88,1.54,0,4,"形态: 10日内有涨停 | 形态: 两连阴 (-3.48%, -0.76%)"
002161,2026-07-01,5.92,5.05,-14.7,-5.07,0,10,形态: 10日内有涨停 | 趋势: 高于MA20 | 动量: 突破转强 (阳线上穿5/10)
603335,2026-07-07,7.89,6.38,-19.14,-7.6,0,6,"趋势: 多头排列 (5>20>60) | 形态: 10日内有涨停 | 形态: 两连阴 (-2.59%, -3.58%)"
603335,2026-07-13,6.52,6.38,-2.15,1.07,0,2,形态: 10日内有涨停
603335,2026-07-10,7.11,6.38,-10.27,-7.31,0,3,形态: 10日内有涨停
603335,2026-07-03,8.66,6.38,-26.33,-3.58,0,8,趋势: 多头排列 (5>20>60) | 形态: 10日内有涨停 | 趋势: 高于MA20
603335,2026-07-09,7.29,6.38,-12.48,-2.47,0,4,"形态: 10日内有涨停 | 形态: 两连阴 (-5.51%, -7.98%)"
603335,2026-07-01,9.25,6.38,-31.03,-3.89,0,10,趋势: 多头排列 (5>20>60) | 形态: 10日内有涨停 | 趋势: 高于MA20 | 动量: 突破转强 (阳线上穿5/10)
600469,2026-07-03,5.46,5.44,-0.37,3.48,0,8,动量: 突破转强 (阳线上穿5/10)
600469,2026-07-09,5.41,5.44,0.55,0.55,1,4,"形态: 两连阴 (-4.07%, -0.92%)"
600469,2026-07-01,5.48,5.44,-0.73,3.1,0,10,动量: 突破转强 (阳线上穿5/10)
002373,2026-07-10,7.25,7.23,-0.28,-0.28,0,3,动量: 突破转强 (阳线上穿5/10)
603985,2026-07-07,21.71,18.96,-12.67,-1.52,0,6,"形态: 10日内有涨停 | 形态: 两连阴 (-4.01%, -1.93%)"
603985,2026-07-13,19.77,18.96,-4.1,1.57,0,2,形态: 10日内有涨停
603985,2026-07-10,21.38,18.96,-11.32,-6.08,0,3,形态: 10日内有涨停
603985,2026-07-03,22.77,18.96,-16.73,-1.93,0,8,形态: 10日内有涨停
603985,2026-07-09,21.27,18.96,-10.86,0.52,0,4,"形态: 10日内有涨停 | 形态: 两连阴 (-2.78%, -3.64%)"
603985,2026-07-01,25.16,18.96,-24.64,-5.72,0,10,量能: 放量 (1.60X) | 形态: 10日内有涨停 | 趋势: 高于MA20 | 动量: 突破转强 (阳线上穿5/10)
002824,2026-07-07,29.7,25.38,-14.55,6.06,0,6,"形态: 两连阴 (-3.32%, -5.61%)"
002824,2026-07-03,32.08,25.38,-20.89,-1.81,0,8,趋势: 多头排列 (5>20>60)
002824,2026-07-01,34.84,25.38,-27.15,-4.76,0,10,趋势: 多头排列 (5>20>60) | 趋势: 高于MA20
601001,2026-07-13,16.7,18.13,8.56,8.56,1,2,"形态: 两连阴 (-5.78%, -3.88%)"
002611,2026-07-07,17.68,15.02,-15.05,-2.09,0,6,动量: 突破转强 (阳线上穿5/10)
002611,2026-07-13,16.43,15.02,-8.58,-7.43,0,2,量能: 放量 (1.69X)
002611,2026-07-03,18.18,15.02,-17.38,-2.75,0,8,"量能: 放量 (1.57X) | 形态: 两连阴 (-1.08%, -0.40%) | 趋势: 高于MA20 | 动量: 突破转强 (阳线上穿5/10)"
000922,2026-07-07,12.63,11.49,-9.03,-1.82,0,6,"形态: 两连阴 (-1.70%, -1.95%)"
000922,2026-07-03,13.31,11.49,-13.67,-1.95,0,8,"形态: 两连阴 (-1.29%, -1.74%)"
000922,2026-07-09,12.4,11.49,-7.34,-1.94,0,4,"形态: 两连阴 (-3.22%, -6.10%)"
000922,2026-07-01,13.78,11.49,-16.62,-1.74,0,10,趋势: 高于MA20
002345,2026-07-07,10.43,10.29,-1.34,-1.34,0,6,趋势: 高于MA20
002345,2026-07-10,10.06,10.29,2.29,2.29,1,3,"形态: 两连阴 (-3.07%, -1.78%) | 趋势: 高于MA20"
002345,2026-07-03,10.52,10.29,-2.19,0.86,0,8,量能: 放量 (1.69X) | 趋势: 高于MA20 | 动量: 突破转强 (阳线上穿5/10)
002345,2026-07-09,9.93,10.29,3.63,3.63,1,4,"形态: 两连阴 (-1.70%, -3.07%) | 趋势: 高于MA20"
002345,2026-07-01,9.39,10.29,9.58,12.99,1,10,趋势: 高于MA20 | 动量: 突破转强 (阳线上穿5/10)
600058,2026-07-07,10.45,8.88,-15.02,8.9,0,6,"形态: 10日内有涨停 | 形态: 两连阴 (-4.70%, -3.81%)"
600058,2026-07-10,11.38,8.88,-21.97,-10.02,0,3,趋势: 高于MA20 | 动量: 突破转强 (阳线上穿5/10)
600058,2026-07-03,10.75,8.88,-17.4,5.86,0,8,"形态: 10日内有涨停 | 形态: 两连阴 (-1.30%, -1.05%) | 趋势: 高于MA20"
600058,2026-07-09,11.3,8.88,-21.42,0.71,0,4,趋势: 高于MA20 | 动量: 突破转强 (阳线上穿5/10)
600058,2026-07-01,11.4,8.88,-22.11,-0.18,0,10,形态: 10日内有涨停 | 趋势: 高于MA20
605183,2026-07-10,14.31,14.38,0.49,0.49,1,3,"形态: 两连阴 (-2.92%, -2.60%)"
605183,2026-07-09,14.25,14.38,0.91,0.91,1,4,"形态: 两连阴 (-1.57%, -2.92%)"
605183,2026-07-01,15.06,14.38,-4.52,1.66,0,10,"形态: 两连阴 (-6.04%, -2.32%)"
002148,2026-07-07,6.29,5.99,-4.77,4.93,0,6,量能: 放量 (1.50X) | 形态: 10日内有涨停 | 趋势: 高于MA20
002148,2026-07-13,5.9,5.99,1.53,2.03,1,2,形态: 10日内有涨停
002148,2026-07-10,6.33,5.99,-5.37,-4.9,0,3,形态: 10日内有涨停 | 趋势: 高于MA20
002148,2026-07-03,6.56,5.99,-8.69,6.55,0,8,形态: 10日内有涨停 | 趋势: 高于MA20 | 动量: 突破转强 (阳线上穿5/10)
002148,2026-07-09,6.23,5.99,-3.85,1.61,0,4,形态: 10日内有涨停
000589,2026-07-13,4.25,4.4,3.53,3.53,1,2,"形态: 两连阴 (-0.70%, -0.70%)"
000589,2026-07-10,4.24,4.4,3.77,3.77,1,3,"形态: 两连阴 (-0.69%, -0.70%)"
000589,2026-07-03,4.28,4.4,2.8,3.74,1,8,动量: 突破转强 (阳线上穿5/10)
000589,2026-07-09,4.27,4.4,3.04,3.04,1,4,"形态: 两连阴 (-2.48%, -0.69%)"
002324,2026-07-10,10.48,9.67,-7.73,-7.63,0,3,"形态: 两连阴 (-4.47%, -1.15%)"
002324,2026-07-09,10.35,9.67,-6.57,1.26,0,4,"形态: 两连阴 (-4.20%, -4.47%)"
603758,2026-07-07,9.96,9.48,-4.82,-2.61,0,6,形态: 10日内有涨停 | 趋势: 高于MA20
603758,2026-07-13,9.14,9.48,3.72,3.72,1,2,形态: 10日内有涨停
603758,2026-07-10,9.61,9.48,-1.35,-1.35,0,3,"形态: 10日内有涨停 | 形态: 两连阴 (-2.61%, -1.03%)"
603758,2026-07-03,10.23,9.48,-7.33,1.47,0,8,形态: 10日内有涨停 | 趋势: 高于MA20 | 动量: 突破转强 (阳线上穿5/10)
603758,2026-07-09,9.6,9.48,-1.25,0.1,0,4,"形态: 10日内有涨停 | 形态: 两连阴 (-4.05%, -2.61%)"
603758,2026-07-01,9.83,9.48,-3.56,5.6,0,10,"形态: 10日内有涨停 | 形态: 两连阴 (-0.33%, -1.00%) | 趋势: 高于MA20 | 动量: 突破转强 (阳线上穿5/10)"
603500,2026-07-07,10.06,9.56,-4.97,1.29,0,6,"形态: 10日内有涨停 | 形态: 两连阴 (-5.42%, -3.05%)"
603500,2026-07-03,10.82,9.56,-11.65,-3.05,0,8,形态: 10日内有涨停
603500,2026-07-09,10.1,9.56,-5.35,0.89,0,4,"形态: 两连阴 (-4.10%, -3.38%)"
603500,2026-07-01,11.36,9.56,-15.85,0.7,0,10,"形态: 10日内有涨停 | 形态: 两连阴 (-6.03%, -1.86%)"
002139,2026-07-07,9.76,9.82,0.61,1.95,1,6,趋势: 高于MA20
002139,2026-07-13,9.76,9.82,0.61,0.61,1,2,趋势: 高于MA20
002139,2026-07-10,9.82,9.82,0.0,0.0,0,3,趋势: 高于MA20
002139,2026-07-03,10.28,9.82,-4.47,-3.21,0,8,量能: 放量 (1.95X) | 趋势: 高于MA20 | 动量: 突破转强 (阳线上穿5/10)
002139,2026-07-09,9.76,9.82,0.61,0.61,1,4,趋势: 高于MA20
002139,2026-07-01,9.68,9.82,1.45,6.2,1,10,动量: 突破转强 (阳线上穿5/10)
605500,2026-07-10,6.41,6.38,-0.47,-0.31,0,3,"形态: 两连阴 (-0.63%, -1.11%) | 动量: 突破转强 (阳线上穿5/10)"
605500,2026-07-03,6.58,6.38,-3.04,-0.46,0,8,动量: 突破转强 (阳线上穿5/10)
605500,2026-07-09,6.26,6.38,1.92,2.4,1,4,"形态: 两连阴 (-2.75%, -0.63%)"
000039,2026-07-10,8.2,7.7,-6.1,-6.1,0,3,动量: 突破转强 (阳线上穿5/10)
000039,2026-07-03,8.26,7.7,-6.78,-0.73,0,8,"形态: 两连阴 (-0.25%, -2.84%)"
000039,2026-07-09,8.08,7.7,-4.7,1.49,0,4,"形态: 两连阴 (-2.81%, -0.75%)"
000039,2026-07-01,8.09,7.7,-4.82,2.1,0,10,"形态: 两连阴 (-2.85%, -0.98%)"
002111,2026-07-10,9.26,9.45,2.05,2.05,1,3,趋势: 高于MA20 | 动量: 突破转强 (阳线上穿5/10)
002111,2026-07-03,9.39,9.45,0.64,0.64,1,8,趋势: 高于MA20 | 动量: 突破转强 (阳线上穿5/10)
002111,2026-07-09,8.98,9.45,5.23,5.23,1,4,"形态: 两连阴 (-1.72%, -1.75%)"
600730,2026-07-03,12.16,9.05,-25.58,-10.03,0,8,趋势: 高于MA20 | 动量: 突破转强 (阳线上穿5/10)
600730,2026-07-09,10.61,9.05,-14.7,-2.45,0,4,"形态: 两连阴 (-2.38%, -2.81%)"
600730,2026-07-01,11.57,9.05,-21.78,5.1,0,10,动量: 突破转强 (阳线上穿5/10)
002706,2026-07-03,10.44,9.96,-4.6,0.0,0,8,"形态: 两连阴 (-2.93%, -3.68%)"
002706,2026-07-09,9.83,9.96,1.32,3.97,1,4,"形态: 两连阴 (-3.93%, -2.89%)"
000016,2026-07-10,2.49,2.6,4.42,4.42,1,3,动量: 突破转强 (阳线上穿5/10)
000016,2026-07-03,2.67,2.6,-2.62,-2.62,0,8,量能: 放量 (1.67X) | 动量: 突破转强 (阳线上穿5/10)
002337,2026-07-03,4.67,4.41,-5.57,-2.14,0,8,动量: 突破转强 (阳线上穿5/10)
002337,2026-07-09,4.39,4.41,0.46,1.59,1,4,"形态: 两连阴 (-3.06%, -1.58%)"
002427,2026-07-07,4.8,4.14,-13.75,-9.58,0,6,形态: 10日内有涨停 | 趋势: 高于MA20
002427,2026-07-13,4.02,4.14,2.99,2.99,1,2,形态: 10日内有涨停
002427,2026-07-10,4.34,4.14,-4.61,-4.61,0,3,"形态: 10日内有涨停 | 形态: 两连阴 (-10.00%, -3.24%)"
002427,2026-07-03,4.95,4.14,-16.36,2.22,0,8,形态: 10日内有涨停 | 趋势: 高于MA20
002427,2026-07-09,4.18,4.14,-0.96,3.83,0,4,"形态: 10日内有涨停 | 形态: 两连阴 (-5.14%, -10.00%)"
002427,2026-07-01,4.82,4.14,-14.11,9.96,0,10,形态: 10日内有涨停 | 趋势: 高于MA20
000970,2026-07-07,16.55,15.38,-7.07,-2.24,0,6,趋势: 多头排列 (5>20>60) | 形态: 10日内有涨停 | 趋势: 高于MA20 | 动量: 突破转强 (阳线上穿5/10)
000970,2026-07-13,15.07,15.38,2.06,7.37,1,2,趋势: 多头排列 (5>20>60) | 形态: 10日内有涨停 | 趋势: 高于MA20
000970,2026-07-10,15.52,15.38,-0.9,4.25,0,3,"趋势: 多头排列 (5>20>60) | 形态: 10日内有涨停 | 形态: 两连阴 (-3.75%, -5.59%) | 趋势: 高于MA20"
000970,2026-07-03,16.48,15.38,-6.67,0.42,0,8,趋势: 多头排列 (5>20>60) | 形态: 10日内有涨停 | 趋势: 高于MA20 | 动量: 突破转强 (阳线上穿5/10)
000970,2026-07-09,15.04,15.38,2.26,7.58,1,4,趋势: 多头排列 (5>20>60) | 形态: 10日内有涨停 | 趋势: 高于MA20
000970,2026-07-01,15.49,15.38,-0.71,6.84,0,10,趋势: 多头排列 (5>20>60) | 形态: 10日内有涨停 | 趋势: 高于MA20 | 动量: 突破转强 (阳线上穿5/10)
000678,2026-07-10,8.47,8.1,-4.37,-4.37,0,3,"形态: 两连阴 (-3.28%, -2.06%)"
000678,2026-07-03,9.59,8.1,-15.54,-6.36,0,8,量能: 放量 (1.76X) | 动量: 突破转强 (阳线上穿5/10)
000678,2026-07-09,8.09,8.1,0.12,4.7,1,4,"形态: 两连阴 (-4.90%, -3.28%)"
000678,2026-07-01,8.94,8.1,-9.4,7.27,0,10,动量: 突破转强 (阳线上穿5/10)
002560,2026-07-09,6.81,5.99,-12.04,0.73,0,4,"形态: 两连阴 (-2.89%, -3.40%)"
002560,2026-07-01,7.39,5.99,-18.94,2.57,0,10,"形态: 两连阴 (-1.71%, -0.40%)"
002587,2026-07-07,6.48,5.36,-17.28,-7.25,0,6,"形态: 10日内有涨停 | 形态: 两连阴 (-5.84%, -6.06%)"
002587,2026-07-13,5.37,5.36,-0.19,1.68,0,2,"形态: 10日内有涨停 | 形态: 两连阴 (-1.83%, -0.68%)"
002587,2026-07-10,5.86,5.36,-8.53,-6.83,0,3,"形态: 10日内有涨停 | 形态: 两连阴 (-7.25%, -1.83%)"
002587,2026-07-03,6.77,5.36,-20.83,-4.28,0,8,"趋势: 多头排列 (5>20>60) | 形态: 10日内有涨停 | 形态: 两连阴 (-3.59%, -4.52%)"
002587,2026-07-09,5.9,5.36,-9.15,-0.68,0,4,形态: 10日内有涨停
002587,2026-07-01,7.53,5.36,-28.82,-4.52,0,10,趋势: 多头排列 (5>20>60) | 量能: 放量 (1.61X) | 形态: 10日内有涨停 | 趋势: 高于MA20
603809,2026-07-10,9.11,9.0,-1.21,-1.21,0,3,"形态: 两连阴 (-2.10%, -0.79%) | 动量: 突破转强 (阳线上穿5/10)"
603809,2026-07-03,9.82,9.0,-8.35,-4.28,0,8,量能: 放量 (2.38X) | 趋势: 高于MA20 | 动量: 突破转强 (阳线上穿5/10)
603809,2026-07-09,8.79,9.0,2.39,3.64,1,4,"形态: 两连阴 (-3.72%, -2.10%)"
600333,2026-07-07,5.39,5.56,3.15,4.45,1,6,趋势: 高于MA20
600333,2026-07-13,5.5,5.56,1.09,2.36,1,2,趋势: 高于MA20
600333,2026-07-10,5.58,5.56,-0.36,0.9,0,3,趋势: 高于MA20 | 动量: 突破转强 (阳线上穿5/10)
600333,2026-07-03,5.49,5.56,1.28,2.55,1,8,趋势: 高于MA20 | 动量: 突破转强 (阳线上穿5/10)
600333,2026-07-09,5.49,5.56,1.28,2.55,1,4,趋势: 高于MA20 | 动量: 突破转强 (阳线上穿5/10)
603518,2026-07-07,7.88,8.05,2.16,2.16,1,6,趋势: 高于MA20
603518,2026-07-10,7.81,8.05,3.07,3.07,1,3,趋势: 高于MA20
603518,2026-07-03,8.19,8.05,-1.71,-0.49,0,8,量能: 放量 (1.94X) | 趋势: 高于MA20 | 动量: 突破转强 (阳线上穿5/10)
603518,2026-07-09,7.77,8.05,3.6,3.6,1,4,"形态: 两连阴 (-3.31%, -1.40%)"
002702,2026-07-10,4.53,4.55,0.44,0.44,1,3,"形态: 两连阴 (-0.68%, -0.23%) | 动量: 突破转强 (阳线上穿5/10)"
002702,2026-07-09,4.39,4.55,3.64,3.64,1,4,"形态: 两连阴 (-3.06%, -0.68%)"
002702,2026-07-01,4.59,4.55,-0.87,0.44,0,10,"形态: 两连阴 (-0.22%, -1.77%)"
002532,2026-07-10,11.17,12.75,14.15,14.15,1,3,"形态: 两连阴 (-2.55%, -3.61%)"
002532,2026-07-09,10.67,12.75,19.49,19.49,1,4,"形态: 两连阴 (-2.15%, -2.55%)"
603990,2026-07-07,22.21,18.96,-14.63,-5.67,0,6,趋势: 多头排列 (5>20>60) | 趋势: 高于MA20
603990,2026-07-03,21.69,18.96,-12.59,6.04,0,8,趋势: 高于MA20 | 动量: 突破转强 (阳线上穿5/10)
603990,2026-07-09,20.95,18.96,-9.5,-3.34,0,4,"趋势: 多头排列 (5>20>60) | 形态: 两连阴 (-3.43%, -5.67%)"
002279,2026-07-07,5.47,5.76,5.3,7.13,1,6,"形态: 两连阴 (-0.17%, -3.61%)"
002279,2026-07-13,5.86,5.76,-1.71,-1.71,0,2,量能: 放量 (1.72X) | 动量: 突破转强 (阳线上穿5/10)
002279,2026-07-10,5.75,5.76,0.17,1.91,1,3,动量: 突破转强 (阳线上穿5/10)
600151,2026-07-10,11.27,9.2,-18.37,-10.03,0,3,量能: 放量 (2.13X) | 动量: 突破转强 (阳线上穿5/10)
600151,2026-07-03,11.3,9.2,-18.58,-0.27,0,8,动量: 突破转强 (阳线上穿5/10)
600151,2026-07-09,10.44,9.2,-11.88,7.95,0,4,"形态: 两连阴 (-2.26%, -2.89%)"
002053,2026-07-07,9.17,9.39,2.4,2.4,1,6,"形态: 10日内有涨停 | 形态: 两连阴 (-2.35%, -0.21%)"
002053,2026-07-13,9.18,9.39,2.29,2.29,1,2,形态: 10日内有涨停
002053,2026-07-10,9.39,9.39,0.0,0.0,0,3,"形态: 10日内有涨停 | 形态: 两连阴 (-1.53%, -0.22%)"
002053,2026-07-03,9.57,9.39,-1.88,-0.21,0,8,形态: 10日内有涨停
002053,2026-07-09,9.01,9.39,4.22,4.22,1,4,"形态: 10日内有涨停 | 形态: 两连阴 (-3.98%, -1.53%)"
002053,2026-07-01,10.81,9.39,-13.14,-9.34,0,10,形态: 10日内有涨停 | 趋势: 高于MA20 | 动量: 突破转强 (阳线上穿5/10)
002103,2026-07-10,6.0,6.15,2.5,2.5,1,3,动量: 突破转强 (阳线上穿5/10)
002103,2026-07-03,6.16,6.15,-0.16,-0.16,0,8,动量: 突破转强 (阳线上穿5/10)
002103,2026-07-01,6.12,6.15,0.49,0.65,1,10,动量: 突破转强 (阳线上穿5/10)
002697,2026-07-13,4.4,4.66,5.91,5.91,1,2,趋势: 高于MA20
002697,2026-07-10,4.42,4.66,5.43,5.43,1,3,趋势: 高于MA20 | 动量: 突破转强 (阳线上穿5/10)
002697,2026-07-03,4.38,4.66,6.39,6.39,1,8,动量: 突破转强 (阳线上穿5/10)
002783,2026-07-10,7.05,7.01,-0.57,-0.57,0,3,"形态: 两连阴 (-0.42%, -1.82%)"
002783,2026-07-03,7.47,7.01,-6.16,-1.07,0,8,趋势: 高于MA20 | 动量: 突破转强 (阳线上穿5/10)
002783,2026-07-09,7.0,7.01,0.14,0.71,1,4,"形态: 两连阴 (-3.11%, -0.42%)"
002783,2026-07-01,7.43,7.01,-5.65,0.54,0,10,"形态: 两连阴 (-4.24%, -1.66%) | 动量: 突破转强 (阳线上穿5/10)"
001210,2026-07-07,20.02,20.77,3.75,3.75,1,6,"形态: 10日内有涨停 | 形态: 两连阴 (-3.68%, -6.70%)"
001210,2026-07-03,22.23,20.77,-6.57,-6.57,0,8,形态: 10日内有涨停
001210,2026-07-09,19.86,20.77,4.58,4.58,1,4,"形态: 10日内有涨停 | 形态: 两连阴 (-3.47%, -2.55%)"
001210,2026-07-01,22.92,20.77,-9.38,0.7,0,10,形态: 10日内有涨停
603909,2026-07-03,9.03,8.93,-1.11,-1.0,0,8,动量: 突破转强 (阳线上穿5/10)
603909,2026-07-09,8.63,8.93,3.48,3.48,1,4,"形态: 两连阴 (-2.68%, -1.03%)"
002177,2026-07-07,5.21,5.22,0.19,2.88,1,6,"形态: 两连阴 (-0.18%, -3.04%)"
605189,2026-07-07,14.55,15.64,7.49,7.49,1,6,形态: 10日内有涨停 | 趋势: 高于MA20
605189,2026-07-13,12.93,15.64,20.96,20.96,1,2,形态: 10日内有涨停
605189,2026-07-10,13.97,15.64,11.95,11.95,1,3,"形态: 10日内有涨停 | 形态: 两连阴 (-5.15%, -0.72%) | 趋势: 高于MA20"
605189,2026-07-03,16.05,15.64,-2.55,-2.55,0,8,量能: 放量 (1.80X) | 形态: 10日内有涨停 | 趋势: 高于MA20 | 动量: 突破转强 (阳线上穿5/10)
605189,2026-07-09,13.7,15.64,14.16,14.16,1,4,"形态: 10日内有涨停 | 形态: 两连阴 (-4.02%, -5.15%) | 趋势: 高于MA20"
605189,2026-07-01,13.26,15.64,17.95,21.04,1,10,"形态: 10日内有涨停 | 形态: 两连阴 (-1.45%, -1.39%) | 动量: 突破转强 (阳线上穿5/10)"
600191,2026-07-09,8.77,8.69,-0.91,0.91,0,4,"形态: 两连阴 (-1.76%, -1.90%)"
600191,2026-07-01,9.23,8.69,-5.85,-0.43,0,10,"形态: 两连阴 (-2.51%, -2.36%)"
601677,2026-07-10,15.29,16.2,5.95,5.95,1,3,"形态: 两连阴 (-2.66%, -3.30%)"
601677,2026-07-03,15.78,16.2,2.66,3.17,1,8,"形态: 两连阴 (-3.37%, -2.00%)"
601677,2026-07-09,15.22,16.2,6.44,6.44,1,4,"形态: 两连阴 (-0.68%, -2.66%)"
600268,2026-07-10,10.76,10.26,-4.65,-3.16,0,3,"形态: 两连阴 (-2.62%, -0.93%)"
600268,2026-07-09,10.68,10.26,-3.93,0.75,0,4,"形态: 两连阴 (-3.49%, -2.62%)"
002493,2026-07-13,10.89,11.1,1.93,3.67,1,2,"形态: 两连阴 (-1.44%, -0.27%)"
002493,2026-07-10,10.95,11.1,1.37,3.11,1,3,"形态: 两连阴 (-3.13%, -1.44%)"
002493,2026-07-03,11.68,11.1,-4.97,5.05,0,8,趋势: 高于MA20 | 动量: 突破转强 (阳线上穿5/10)
002493,2026-07-09,10.98,11.1,1.09,2.82,1,4,"形态: 两连阴 (-6.28%, -3.13%)"
002493,2026-07-01,11.26,11.1,-1.42,8.97,0,10,"形态: 两连阴 (-0.79%, -4.78%)"
600152,2026-07-07,8.85,7.91,-10.62,-3.95,0,6,"形态: 10日内有涨停 | 形态: 两连阴 (-2.71%, -2.89%)"
600152,2026-07-03,9.34,7.91,-15.31,-2.89,0,8,"形态: 10日内有涨停 | 形态: 两连阴 (-3.00%, -0.93%)"
600152,2026-07-09,8.5,7.91,-6.94,-0.47,0,4,"形态: 两连阴 (-2.43%, -4.97%)"
600152,2026-07-01,9.69,7.91,-18.37,-0.93,0,10,形态: 10日内有涨停
605001,2026-07-10,5.51,5.42,-1.63,-0.18,0,3,"形态: 两连阴 (-0.72%, -1.46%)"
605001,2026-07-03,5.78,5.42,-6.23,-0.52,0,8,动量: 突破转强 (阳线上穿5/10)
605001,2026-07-09,5.41,5.42,0.18,1.85,1,4,"形态: 两连阴 (-3.83%, -0.72%)"
002255,2026-07-07,9.02,8.02,-11.09,-5.1,0,6,形态: 10日内有涨停
002255,2026-07-10,8.45,8.02,-5.09,-4.62,0,3,"形态: 10日内有涨停 | 形态: 两连阴 (-5.10%, -1.64%)"
002255,2026-07-03,9.45,8.02,-15.13,0.21,0,8,"形态: 10日内有涨停 | 形态: 两连阴 (-0.61%, -3.69%) | 趋势: 高于MA20"
002255,2026-07-09,8.42,8.02,-4.75,0.36,0,4,"形态: 10日内有涨停 | 形态: 两连阴 (-4.75%, -5.10%)"
002255,2026-07-01,9.76,8.02,-17.83,-2.97,0,10,形态: 10日内有涨停 | 趋势: 高于MA20
002350,2026-07-13,15.07,14.6,-3.12,4.11,0,2,形态: 10日内有涨停 | 趋势: 高于MA20 | 动量: 突破转强 (阳线上穿5/10)
002350,2026-07-10,14.74,14.6,-0.95,6.45,0,3,形态: 10日内有涨停 | 趋势: 高于MA20 | 动量: 突破转强 (阳线上穿5/10)
002350,2026-07-09,14.69,14.6,-0.61,6.81,0,4,量能: 放量 (1.82X) | 形态: 10日内有涨停 | 趋势: 高于MA20
002541,2026-07-07,18.1,20.96,15.8,15.8,1,6,趋势: 高于MA20
002541,2026-07-13,19.89,20.96,5.38,5.38,1,2,量能: 放量 (1.60X) | 趋势: 高于MA20 | 动量: 突破转强 (阳线上穿5/10)
002541,2026-07-10,19.66,20.96,6.61,6.61,1,3,趋势: 高于MA20 | 动量: 突破转强 (阳线上穿5/10)
002541,2026-07-03,18.3,20.96,14.54,14.54,1,8,趋势: 高于MA20 | 动量: 突破转强 (阳线上穿5/10)
002541,2026-07-09,18.87,20.96,11.08,11.08,1,4,趋势: 高于MA20 | 动量: 突破转强 (阳线上穿5/10)
002541,2026-07-01,17.57,20.96,19.29,19.29,1,10,趋势: 高于MA20 | 动量: 突破转强 (阳线上穿5/10)
603900,2026-07-10,5.73,5.6,-2.27,0.35,0,3,"形态: 两连阴 (-0.53%, -1.41%)"
603900,2026-07-03,6.05,5.6,-7.44,-1.16,0,8,动量: 突破转强 (阳线上穿5/10)
603900,2026-07-09,5.6,5.6,0.0,2.68,0,4,"形态: 两连阴 (-4.52%, -0.53%)"
600597,2026-07-13,6.48,6.78,4.63,4.63,1,2,量能: 放量 (1.53X) | 趋势: 高于MA20 | 动量: 突破转强 (阳线上穿5/10)
600597,2026-07-03,6.33,6.78,7.11,7.11,1,8,动量: 突破转强 (阳线上穿5/10)
000582,2026-07-10,11.16,11.29,1.16,1.16,1,3,动量: 突破转强 (阳线上穿5/10)
000582,2026-07-03,11.26,11.29,0.27,1.87,1,8,动量: 突破转强 (阳线上穿5/10)
000159,2026-07-10,5.54,5.6,1.08,1.08,1,3,动量: 突破转强 (阳线上穿5/10)
000159,2026-07-03,5.57,5.6,0.54,0.54,1,8,动量: 突破转强 (阳线上穿5/10)
000159,2026-07-09,5.5,5.6,1.82,1.82,1,4,"形态: 两连阴 (-0.72%, -1.45%)"
600886,2026-07-07,13.45,14.54,8.1,8.1,1,6,趋势: 高于MA20
600886,2026-07-13,13.98,14.54,4.01,4.01,1,2,趋势: 高于MA20 | 动量: 突破转强 (阳线上穿5/10)
600886,2026-07-10,13.73,14.54,5.9,5.9,1,3,趋势: 高于MA20
600886,2026-07-09,13.73,14.54,5.9,5.9,1,4,量能: 放量 (1.56X) | 趋势: 高于MA20 | 动量: 突破转强 (阳线上穿5/10)
600886,2026-07-01,13.39,14.54,8.59,8.59,1,10,动量: 突破转强 (阳线上穿5/10)
000753,2026-07-07,4.37,4.47,2.29,2.29,1,6,"形态: 两连阴 (-3.18%, -1.31%)"
000753,2026-07-09,4.36,4.47,2.52,2.52,1,4,"形态: 两连阴 (-3.10%, -0.69%)"
002319,2026-07-10,11.2,10.64,-5.0,-5.0,0,3,趋势: 高于MA20
002319,2026-07-03,11.2,10.64,-5.0,1.07,0,8,动量: 突破转强 (阳线上穿5/10)
002319,2026-07-09,11.32,10.64,-6.01,-1.06,0,4,趋势: 高于MA20 | 动量: 突破转强 (阳线上穿5/10)
603079,2026-07-10,11.32,11.55,2.03,2.03,1,3,"形态: 两连阴 (-1.67%, -2.15%)"
603079,2026-07-03,12.0,11.55,-3.75,-0.08,0,8,趋势: 高于MA20 | 动量: 突破转强 (阳线上穿5/10)
603079,2026-07-09,10.94,11.55,5.58,5.58,1,4,"形态: 两连阴 (-5.17%, -1.67%)"
003025,2026-07-10,13.0,12.18,-6.31,-5.15,0,3,"形态: 两连阴 (-6.51%, -2.71%)"
003025,2026-07-03,15.06,12.18,-19.12,-4.45,0,8,动量: 突破转强 (阳线上穿5/10)
003025,2026-07-09,12.58,12.18,-3.18,3.34,0,4,"形态: 两连阴 (-3.89%, -6.51%)"
002031,2026-07-07,6.04,5.08,-15.89,-9.11,0,6,趋势: 高于MA20 | 动量: 突破转强 (阳线上穿5/10)
002031,2026-07-10,5.48,5.08,-7.3,-5.11,0,3,"形态: 两连阴 (-9.11%, -1.09%)"
002031,2026-07-03,6.22,5.08,-18.33,-2.89,0,8,量能: 放量 (1.67X) | 形态: 10日内有涨停 | 趋势: 高于MA20 | 动量: 突破转强 (阳线上穿5/10)
002031,2026-07-01,5.73,5.08,-11.34,8.55,0,10,形态: 10日内有涨停 | 动量: 突破转强 (阳线上穿5/10)
603182,2026-07-10,11.8,12.06,2.2,2.2,1,3,"形态: 两连阴 (-2.35%, -1.80%)"
603182,2026-07-03,12.19,12.06,-1.07,0.9,0,8,动量: 突破转强 (阳线上穿5/10)
603182,2026-07-09,11.45,12.06,5.33,5.33,1,4,"形态: 两连阴 (-2.93%, -2.35%)"
603182,2026-07-01,11.79,12.06,2.29,4.33,1,10,"形态: 两连阴 (-0.34%, -2.48%)"
600366,2026-07-07,16.51,13.8,-16.41,-5.51,0,6,趋势: 多头排列 (5>20>60) | 趋势: 高于MA20 | 动量: 突破转强 (阳线上穿5/10)
600366,2026-07-13,13.73,13.8,0.51,3.28,1,2,趋势: 多头排列 (5>20>60)
600366,2026-07-10,15.25,13.8,-9.51,-7.02,0,3,"趋势: 多头排列 (5>20>60) | 形态: 两连阴 (-5.51%, -2.44%) | 趋势: 高于MA20"
600366,2026-07-03,16.83,13.8,-18.0,-1.9,0,8,趋势: 多头排列 (5>20>60) | 趋势: 高于MA20 | 动量: 突破转强 (阳线上穿5/10)
600366,2026-07-09,15.22,13.8,-9.33,0.2,0,4,趋势: 多头排列 (5>20>60) | 趋势: 高于MA20
600366,2026-07-01,15.99,13.8,-13.7,5.25,0,10,趋势: 多头排列 (5>20>60) | 量能: 放量 (1.63X) | 趋势: 高于MA20 | 动量: 突破转强 (阳线上穿5/10)
603876,2026-07-07,24.45,20.96,-14.27,-7.2,0,6,"形态: 两连阴 (-4.52%, -1.45%)"
603876,2026-07-13,20.25,20.96,3.51,3.51,1,2,"形态: 两连阴 (-3.92%, -3.67%)"
603876,2026-07-10,21.0,20.96,-0.19,-0.19,0,3,"形态: 两连阴 (-7.20%, -3.92%)"
603876,2026-07-03,24.06,20.96,-12.88,1.62,0,8,"形态: 两连阴 (-1.23%, -1.91%)"
603876,2026-07-01,25.69,20.96,-18.41,-1.91,0,10,"形态: 两连阴 (-2.64%, -0.69%)"
002347,2026-07-10,5.65,5.47,-3.19,-3.19,0,3,"形态: 两连阴 (-3.54%, -0.18%)"
002347,2026-07-03,6.19,5.47,-11.63,-5.49,0,8,动量: 突破转强 (阳线上穿5/10)
002347,2026-07-09,5.44,5.47,0.55,3.86,1,4,"形态: 两连阴 (-3.42%, -3.54%)"
600869,2026-07-07,24.38,20.43,-16.2,-5.25,0,6,"形态: 两连阴 (-4.14%, -9.98%)"
600869,2026-07-13,20.43,20.43,0.0,4.99,0,2,"形态: 两连阴 (-0.04%, -3.07%)"
600869,2026-07-10,22.38,20.43,-8.71,-4.16,0,3,"形态: 两连阴 (-5.25%, -0.04%)"
600869,2026-07-03,28.45,20.43,-28.19,-9.98,0,8,"形态: 10日内有涨停 | 形态: 两连阴 (-3.73%, -7.88%)"
600869,2026-07-09,23.09,20.43,-11.52,-3.07,0,4,"形态: 两连阴 (-4.80%, -5.25%)"
600869,2026-07-01,32.22,20.43,-36.59,-7.88,0,10,趋势: 多头排列 (5>20>60) | 形态: 10日内有涨停
002045,2026-07-09,7.55,7.58,0.4,1.59,1,4,"形态: 两连阴 (-2.58%, -0.93%)"
000566,2026-07-07,5.79,5.15,-11.05,-10.02,0,6,形态: 10日内有涨停 | 趋势: 高于MA20
000566,2026-07-13,4.78,5.15,7.74,7.74,1,2,趋势: 多头排列 (5>20>60) | 形态: 10日内有涨停 | 趋势: 高于MA20
000566,2026-07-10,4.95,5.15,4.04,4.04,1,3,"趋势: 多头排列 (5>20>60) | 形态: 10日内有涨停 | 形态: 两连阴 (-10.02%, -9.21%) | 趋势: 高于MA20"
000566,2026-07-03,6.14,5.15,-16.12,4.72,0,8,量能: 放量 (1.84X) | 形态: 10日内有涨停 | 趋势: 高于MA20 | 动量: 突破转强 (阳线上穿5/10)
000566,2026-07-09,4.73,5.15,8.88,8.88,1,4,"形态: 10日内有涨停 | 形态: 两连阴 (-9.95%, -10.02%) | 趋势: 高于MA20"
000566,2026-07-01,5.49,5.15,-6.19,17.12,0,10,形态: 10日内有涨停 | 趋势: 高于MA20 | 动量: 突破转强 (阳线上穿5/10)
605008,2026-07-07,12.15,12.15,0.0,0.66,0,6,趋势: 高于MA20
605008,2026-07-13,11.58,12.15,4.92,4.92,1,2,"形态: 两连阴 (-1.72%, -1.41%) | 趋势: 高于MA20"
605008,2026-07-10,11.85,12.15,2.53,2.53,1,3,趋势: 高于MA20
605008,2026-07-03,11.8,12.15,2.97,3.64,1,8,量能: 放量 (1.56X) | 趋势: 高于MA20 | 动量: 突破转强 (阳线上穿5/10)
605008,2026-07-09,12.02,12.15,1.08,1.08,1,4,趋势: 高于MA20
605008,2026-07-01,11.4,12.15,6.58,7.28,1,10,趋势: 高于MA20 | 动量: 突破转强 (阳线上穿5/10)
000572,2026-07-07,3.58,3.54,-1.12,-0.28,0,6,"形态: 10日内有涨停 | 形态: 两连阴 (-6.27%, -2.57%)"
000572,2026-07-13,3.38,3.54,4.73,4.73,1,2,形态: 10日内有涨停
000572,2026-07-10,3.57,3.54,-0.84,-0.84,0,3,形态: 10日内有涨停
000572,2026-07-03,3.89,3.54,-9.0,-2.57,0,8,量能: 放量 (2.39X) | 形态: 10日内有涨停
000572,2026-07-09,3.44,3.54,2.91,3.78,1,4,"形态: 10日内有涨停 | 形态: 两连阴 (-5.54%, -4.75%)"
002423,2026-07-07,8.7,8.95,2.87,2.87,1,6,形态: 10日内有涨停
002423,2026-07-13,8.62,8.95,3.83,3.83,1,2,形态: 10日内有涨停
002423,2026-07-10,8.77,8.95,2.05,2.05,1,3,形态: 10日内有涨停
002423,2026-07-03,9.0,8.95,-0.56,-0.44,0,8,形态: 10日内有涨停
002423,2026-07-09,8.81,8.95,1.59,1.59,1,4,形态: 10日内有涨停
002423,2026-07-01,9.05,8.95,-1.1,-0.55,0,10,"量能: 放量 (2.02X) | 形态: 10日内有涨停 | 形态: 两连阴 (-0.60%, -1.08%) | 动量: 突破转强 (阳线上穿5/10)"
601898,2026-07-13,12.87,13.12,1.94,2.95,1,2,"形态: 两连阴 (-0.77%, -2.01%)"
601898,2026-07-10,12.67,13.12,3.55,4.58,1,3,"形态: 两连阴 (-0.99%, -0.77%)"
601898,2026-07-09,12.93,13.12,1.47,2.47,1,4,"形态: 两连阴 (-1.94%, -0.99%)"
600481,2026-07-07,4.43,4.13,-6.77,3.84,0,6,形态: 10日内有涨停
600481,2026-07-10,4.6,4.13,-10.22,-8.7,0,3,量能: 放量 (1.54X)
600481,2026-07-03,4.67,4.13,-11.56,2.78,0,8,形态: 10日内有涨停
600481,2026-07-09,4.33,4.13,-4.62,6.24,0,4,形态: 10日内有涨停
600481,2026-07-01,5.12,4.13,-19.34,-6.25,0,10,形态: 10日内有涨停 | 趋势: 高于MA20 | 动量: 突破转强 (阳线上穿5/10)
600106,2026-07-10,4.65,4.41,-5.16,-5.16,0,3,动量: 突破转强 (阳线上穿5/10)
600106,2026-07-09,4.49,4.41,-1.78,3.56,0,4,"形态: 两连阴 (-3.05%, -0.45%)"
603356,2026-07-07,17.93,15.21,-15.17,-5.41,0,6,形态: 10日内有涨停 | 趋势: 高于MA20 | 动量: 突破转强 (阳线上穿5/10)
603356,2026-07-13,15.34,15.21,-0.85,-0.26,0,2,"形态: 10日内有涨停 | 形态: 两连阴 (-2.36%, -1.57%)"
603356,2026-07-10,16.3,15.21,-6.69,-5.89,0,3,"形态: 10日内有涨停 | 形态: 两连阴 (-5.41%, -2.36%)"
603356,2026-07-03,18.02,15.21,-15.59,-0.5,0,8,量能: 放量 (1.56X) | 趋势: 高于MA20 | 动量: 突破转强 (阳线上穿5/10)
603356,2026-07-09,16.56,15.21,-8.15,-1.57,0,4,形态: 10日内有涨停
603356,2026-07-01,16.84,15.21,-9.68,7.01,0,10,趋势: 高于MA20
601700,2026-07-07,4.5,4.61,2.44,2.44,1,6,"形态: 两连阴 (-2.37%, -1.10%)"
601700,2026-07-10,4.47,4.61,3.13,3.13,1,3,动量: 突破转强 (阳线上穿5/10)
601700,2026-07-01,4.58,4.61,0.66,1.31,1,10,动量: 突破转强 (阳线上穿5/10)
600493,2026-07-13,5.73,5.91,3.14,3.14,1,2,趋势: 高于MA20
600493,2026-07-10,5.87,5.91,0.68,0.68,1,3,趋势: 高于MA20 | 动量: 突破转强 (阳线上穿5/10)
600493,2026-07-03,5.87,5.91,0.68,0.68,1,8,动量: 突破转强 (阳线上穿5/10)
600493,2026-07-09,5.78,5.91,2.25,2.25,1,4,趋势: 高于MA20
002248,2026-07-07,8.89,8.47,-4.72,-0.56,0,6,趋势: 高于MA20
002248,2026-07-03,9.52,8.47,-11.03,-3.36,0,8,趋势: 高于MA20 | 动量: 突破转强 (阳线上穿5/10)
002248,2026-07-09,8.7,8.47,-2.64,1.61,0,4,"形态: 两连阴 (-3.37%, -2.36%)"
002248,2026-07-01,9.09,8.47,-6.82,4.73,0,10,趋势: 高于MA20
603967,2026-07-13,11.16,11.43,2.42,2.42,1,2,"形态: 两连阴 (-1.85%, -0.54%)"
603967,2026-07-03,11.29,11.43,1.24,3.28,1,8,动量: 突破转强 (阳线上穿5/10)
603967,2026-07-01,10.8,11.43,5.83,7.96,1,10,"形态: 两连阴 (-0.19%, -3.45%)"
002278,2026-07-10,7.64,7.49,-1.96,-1.96,0,3,量能: 放量 (1.59X) | 动量: 突破转强 (阳线上穿5/10)
002278,2026-07-03,7.95,7.49,-5.79,-1.76,0,8,动量: 突破转强 (阳线上穿5/10)
002278,2026-07-09,7.4,7.49,1.22,3.24,1,4,"形态: 两连阴 (-3.97%, -1.87%)"
002278,2026-07-01,7.72,7.49,-2.98,2.98,0,10,"形态: 两连阴 (-0.52%, -1.18%)"
000630,2026-07-10,6.1,6.06,-0.66,1.48,0,3,"形态: 两连阴 (-0.66%, -0.33%)"
000630,2026-07-03,6.47,6.06,-6.34,-2.63,0,8,"形态: 两连阴 (-1.10%, -1.27%)"
000630,2026-07-09,6.02,6.06,0.66,2.82,1,4,"形态: 两连阴 (-3.49%, -0.66%)"
600724,2026-07-07,5.22,5.29,1.34,4.02,1,6,形态: 10日内有涨停
600724,2026-07-13,5.21,5.29,1.54,1.54,1,2,形态: 10日内有涨停
600724,2026-07-10,5.43,5.29,-2.58,-2.58,0,3,量能: 放量 (1.52X) | 形态: 10日内有涨停 | 动量: 突破转强 (阳线上穿5/10)
600724,2026-07-03,5.5,5.29,-3.82,-0.36,0,8,形态: 10日内有涨停
600724,2026-07-09,5.28,5.29,0.19,2.84,1,4,形态: 10日内有涨停
600724,2026-07-01,5.58,5.29,-5.2,-1.43,0,10,"形态: 10日内有涨停 | 形态: 两连阴 (-5.45%, -2.50%)"
002098,2026-07-10,6.46,6.56,1.55,1.55,1,3,"形态: 两连阴 (-0.46%, -2.45%)"
002098,2026-07-03,6.76,6.56,-2.96,-0.44,0,8,动量: 突破转强 (阳线上穿5/10)
002098,2026-07-09,6.36,6.56,3.14,3.14,1,4,"形态: 两连阴 (-2.67%, -0.46%)"
002098,2026-07-01,6.58,6.56,-0.3,2.74,0,10,"形态: 两连阴 (-0.61%, -1.08%)"
600986,2026-07-07,6.43,6.67,3.73,8.86,1,6,"形态: 两连阴 (-2.29%, -2.63%)"
600986,2026-07-10,7.0,6.67,-4.71,-4.71,0,3,量能: 放量 (2.08X) | 动量: 突破转强 (阳线上穿5/10)
600986,2026-07-09,6.55,6.67,1.83,6.87,1,4,"形态: 两连阴 (-3.45%, -0.31%)"
601608,2026-07-13,5.54,5.07,-8.48,-7.4,0,2,量能: 放量 (2.64X) | 形态: 10日内有涨停 | 趋势: 高于MA20 | 动量: 突破转强 (阳线上穿5/10)
601608,2026-07-10,5.04,5.07,0.6,9.92,1,3,量能: 放量 (1.71X) | 形态: 10日内有涨停 | 趋势: 高于MA20 | 动量: 突破转强 (阳线上穿5/10)
601608,2026-07-03,4.95,5.07,2.42,11.92,1,8,动量: 突破转强 (阳线上穿5/10)
601608,2026-07-09,4.58,5.07,10.7,20.96,1,4,"形态: 两连阴 (-4.16%, -1.74%)"
002805,2026-07-07,26.33,20.37,-22.64,-6.38,0,6,趋势: 多头排列 (5>20>60) | 形态: 10日内有涨停 | 趋势: 高于MA20
002805,2026-07-13,21.38,20.37,-4.72,-0.89,0,2,"形态: 10日内有涨停 | 形态: 两连阴 (-4.75%, -6.01%)"
002805,2026-07-10,22.07,20.37,-7.7,-3.13,0,3,"形态: 10日内有涨停 | 形态: 两连阴 (-6.38%, -4.75%)"
002805,2026-07-03,26.66,20.37,-23.59,2.96,0,8,趋势: 多头排列 (5>20>60) | 形态: 10日内有涨停 | 趋势: 高于MA20
002805,2026-07-09,23.48,20.37,-13.25,-6.01,0,4,"形态: 10日内有涨停 | 形态: 两连阴 (-4.08%, -6.38%)"
002805,2026-07-01,28.92,20.37,-29.56,-5.08,0,10,趋势: 多头排列 (5>20>60) | 形态: 10日内有涨停 | 趋势: 高于MA20 | 动量: 突破转强 (阳线上穿5/10)
600063,2026-07-07,6.7,5.72,-14.63,-7.76,0,6,"形态: 两连阴 (-7.06%, -8.13%)"
600063,2026-07-09,6.18,5.72,-7.44,-1.78,0,4,"形态: 两连阴 (-4.42%, -8.06%)"
600063,2026-07-01,8.23,5.72,-30.5,-0.24,0,10,"形态: 两连阴 (-1.40%, -1.94%) | 趋势: 高于MA20 | 动量: 突破转强 (阳线上穿5/10)"
603878,2026-07-10,4.95,4.85,-2.02,-2.02,0,3,"形态: 两连阴 (-1.22%, -0.62%)"
603878,2026-07-09,4.84,4.85,0.21,2.27,1,4,"形态: 两连阴 (-3.33%, -1.22%)"
603878,2026-07-01,5.23,4.85,-7.27,0.38,0,10,"形态: 两连阴 (-1.51%, -1.53%)"
603458,2026-07-07,8.96,8.2,-8.48,0.67,0,6,"形态: 两连阴 (-5.72%, -9.87%)"
603458,2026-07-13,8.07,8.2,1.61,3.72,1,2,"形态: 两连阴 (-0.22%, -3.44%)"
603458,2026-07-03,11.04,8.2,-25.72,-9.87,0,8,"形态: 两连阴 (-9.97%, -9.99%)"
603458,2026-07-01,13.01,8.2,-36.97,-9.99,0,10,趋势: 多头排列 (5>20>60) | 形态: 10日内有涨停
603638,2026-07-07,26.5,21.02,-20.68,-10.0,0,6,趋势: 多头排列 (5>20>60) | 形态: 10日内有涨停 | 趋势: 高于MA20 | 动量: 突破转强 (阳线上穿5/10)
603638,2026-07-13,21.13,21.02,-0.52,-0.52,0,2,形态: 10日内有涨停
603638,2026-07-10,22.73,21.02,-7.52,-7.04,0,3,"趋势: 多头排列 (5>20>60) | 形态: 10日内有涨停 | 形态: 两连阴 (-10.00%, -5.45%)"
603638,2026-07-03,27.9,21.02,-24.66,-5.02,0,8,量能: 放量 (2.50X) | 形态: 10日内有涨停 | 趋势: 高于MA20 | 动量: 突破转强 (阳线上穿5/10)
603638,2026-07-09,22.55,21.02,-6.78,0.8,0,4,趋势: 多头排列 (5>20>60) | 形态: 10日内有涨停
603638,2026-07-01,23.52,21.02,-10.63,18.62,0,10,趋势: 高于MA20 | 动量: 突破转强 (阳线上穿5/10)
002202,2026-07-07,22.19,18.88,-14.92,0.77,0,6,形态: 10日内有涨停
002202,2026-07-13,20.27,18.88,-6.86,-5.43,0,2,形态: 10日内有涨停
002202,2026-07-10,22.36,18.88,-15.56,-9.35,0,3,"量能: 放量 (1.55X) | 形态: 10日内有涨停 | 形态: 两连阴 (-5.18%, -3.37%)"
002202,2026-07-03,24.59,18.88,-23.22,-2.77,0,8,形态: 10日内有涨停 | 趋势: 高于MA20 | 动量: 突破转强 (阳线上穿5/10)
002202,2026-07-09,20.33,18.88,-7.13,9.99,0,4,"形态: 10日内有涨停 | 形态: 两连阴 (-7.19%, -5.18%)"
002202,2026-07-01,24.66,18.88,-23.44,-0.28,0,10,形态: 10日内有涨停 | 趋势: 高于MA20 | 动量: 突破转强 (阳线上穿5/10)
600163,2026-07-10,4.81,4.9,1.87,1.87,1,3,"形态: 两连阴 (-2.45%, -1.05%)"
600163,2026-07-09,4.72,4.9,3.81,3.81,1,4,"形态: 两连阴 (-3.36%, -2.45%)"
002078,2026-07-07,12.86,13.95,8.48,8.48,1,6,趋势: 高于MA20 | 动量: 突破转强 (阳线上穿5/10)
002078,2026-07-13,13.23,13.95,5.44,5.44,1,2,趋势: 高于MA20 | 动量: 突破转强 (阳线上穿5/10)
002078,2026-07-10,13.1,13.95,6.49,6.49,1,3,趋势: 高于MA20 | 动量: 突破转强 (阳线上穿5/10)
002078,2026-07-09,12.89,13.95,8.22,8.22,1,4,趋势: 高于MA20 | 动量: 突破转强 (阳线上穿5/10)
002624,2026-07-07,11.77,11.24,-4.5,-3.31,0,6,"形态: 10日内有涨停 | 形态: 两连阴 (-5.76%, -0.17%)"
002624,2026-07-10,11.38,11.24,-1.23,-1.23,0,3,"形态: 10日内有涨停 | 形态: 两连阴 (-4.93%, -1.43%)"
002624,2026-07-03,11.62,11.24,-3.27,1.29,0,8,形态: 10日内有涨停
002624,2026-07-09,11.03,11.24,1.9,3.17,1,4,形态: 10日内有涨停
002624,2026-07-01,12.56,11.24,-10.51,-1.83,0,10,形态: 10日内有涨停 | 动量: 突破转强 (阳线上穿5/10)
600189,2026-07-07,7.19,7.61,5.84,5.84,1,6,"形态: 两连阴 (-0.51%, -2.70%)"
600189,2026-07-13,7.15,7.61,6.43,6.43,1,2,"量能: 放量 (1.75X) | 形态: 两连阴 (-1.24%, -1.12%)"
600189,2026-07-03,7.79,7.61,-2.31,-2.31,0,8,趋势: 高于MA20
600189,2026-07-01,7.85,7.61,-3.06,-0.25,0,10,趋势: 高于MA20 | 动量: 突破转强 (阳线上穿5/10)
600877,2026-07-07,16.07,13.8,-14.13,6.41,0,6,形态: 10日内有涨停 | 趋势: 高于MA20
600877,2026-07-10,16.93,13.8,-18.49,-9.98,0,3,量能: 放量 (1.50X) | 趋势: 高于MA20
600877,2026-07-03,16.75,13.8,-17.61,2.09,0,8,形态: 10日内有涨停 | 趋势: 高于MA20
600877,2026-07-09,17.1,13.8,-19.3,-0.99,0,4,"形态: 两连阴 (-4.35%, -1.68%) | 趋势: 高于MA20 | 动量: 突破转强 (阳线上穿5/10)"
600877,2026-07-01,17.56,13.8,-21.41,-2.62,0,10,形态: 10日内有涨停 | 趋势: 高于MA20 | 动量: 突破转强 (阳线上穿5/10)
002698,2026-07-07,12.75,12.29,-3.61,-2.04,0,6,形态: 10日内有涨停 | 趋势: 高于MA20
002698,2026-07-13,11.82,12.29,3.98,3.98,1,2,形态: 10日内有涨停
002698,2026-07-10,12.49,12.29,-1.6,-1.6,0,3,形态: 10日内有涨停 | 趋势: 高于MA20
002698,2026-07-03,13.74,12.29,-10.55,-2.98,0,8,形态: 10日内有涨停 | 趋势: 高于MA20 | 动量: 突破转强 (阳线上穿5/10)
002698,2026-07-09,12.24,12.29,0.41,2.04,1,4,"形态: 10日内有涨停 | 形态: 两连阴 (-4.35%, -4.55%) | 趋势: 高于MA20"
002698,2026-07-01,13.28,12.29,-7.45,3.46,0,10,量能: 放量 (2.09X) | 形态: 10日内有涨停 | 趋势: 高于MA20 | 动量: 突破转强 (阳线上穿5/10)
600749,2026-07-13,13.6,13.86,1.91,1.91,1,2,形态: 10日内有涨停
600749,2026-07-10,14.85,13.86,-6.67,-6.67,0,3,形态: 10日内有涨停 | 趋势: 高于MA20 | 动量: 突破转强 (阳线上穿5/10)
600749,2026-07-03,14.07,13.86,-1.49,8.96,0,8,动量: 突破转强 (阳线上穿5/10)
600749,2026-07-09,14.65,13.86,-5.39,1.37,0,4,量能: 放量 (1.55X) | 形态: 10日内有涨停 | 趋势: 高于MA20
603901,2026-07-13,9.46,9.73,2.85,4.76,1,2,"形态: 两连阴 (-0.78%, -0.88%)"
603901,2026-07-10,10.11,9.73,-3.76,-1.98,0,3,"形态: 两连阴 (-3.56%, -0.78%)"
603901,2026-07-03,11.65,9.73,-16.48,-5.32,0,8,趋势: 高于MA20 | 动量: 突破转强 (阳线上穿5/10)
603901,2026-07-09,10.2,9.73,-4.61,-0.88,0,4,"形态: 两连阴 (-3.35%, -3.56%)"
603901,2026-07-01,11.23,9.73,-13.36,3.74,0,10,趋势: 高于MA20 | 动量: 突破转强 (阳线上穿5/10)
002245,2026-07-07,20.79,20.54,-1.2,0.48,0,6,形态: 10日内有涨停 | 趋势: 高于MA20
002245,2026-07-13,18.99,20.54,8.16,10.01,1,2,形态: 10日内有涨停
002245,2026-07-10,19.14,20.54,7.31,9.14,1,3,形态: 10日内有涨停
002245,2026-07-03,20.34,20.54,0.98,9.98,1,8,趋势: 高于MA20 | 动量: 突破转强 (阳线上穿5/10)
002245,2026-07-09,20.52,20.54,0.1,1.8,1,4,"形态: 10日内有涨停 | 形态: 两连阴 (-7.06%, -4.33%) | 趋势: 高于MA20"
603776,2026-07-07,20.69,19.67,-4.93,-2.61,0,6,"趋势: 多头排列 (5>20>60) | 形态: 两连阴 (-2.02%, -1.22%)"
603776,2026-07-13,18.99,19.67,3.58,3.58,1,2,量能: 放量 (1.57X)
603776,2026-07-03,21.36,19.67,-7.91,-1.22,0,8,趋势: 多头排列 (5>20>60) | 趋势: 高于MA20
603776,2026-07-09,20.15,19.67,-2.38,-2.38,0,4,"形态: 两连阴 (-1.94%, -3.29%)"
603776,2026-07-01,21.8,19.67,-9.77,0.0,0,10,趋势: 多头排列 (5>20>60) | 趋势: 高于MA20 | 动量: 突破转强 (阳线上穿5/10)
000403,2026-07-10,9.22,9.77,5.97,5.97,1,3,"形态: 两连阴 (-0.99%, -0.11%) | 动量: 突破转强 (阳线上穿5/10)"
000403,2026-07-03,9.29,9.77,5.17,5.17,1,8,动量: 突破转强 (阳线上穿5/10)
000403,2026-07-09,9.02,9.77,8.31,8.31,1,4,"形态: 两连阴 (-5.98%, -0.99%)"
600222,2026-07-07,7.72,7.89,2.2,2.2,1,6,趋势: 多头排列 (5>20>60) | 形态: 10日内有涨停 | 趋势: 高于MA20
600222,2026-07-10,7.41,7.89,6.48,6.48,1,3,"形态: 10日内有涨停 | 形态: 两连阴 (-3.11%, -1.20%)"
600222,2026-07-03,7.91,7.89,-0.25,2.02,0,8,形态: 10日内有涨停 | 趋势: 高于MA20 | 动量: 突破转强 (阳线上穿5/10)
600222,2026-07-09,7.39,7.89,6.77,6.77,1,4,"形态: 10日内有涨停 | 形态: 两连阴 (-4.34%, -3.11%)"
600222,2026-07-01,7.52,7.89,4.92,7.31,1,10,形态: 10日内有涨停 | 动量: 突破转强 (阳线上穿5/10)
600768,2026-07-13,14.12,14.04,-0.57,0.99,0,2,量能: 放量 (1.63X)
600768,2026-07-03,15.76,14.04,-10.91,-1.33,0,8,趋势: 高于MA20 | 动量: 突破转强 (阳线上穿5/10)
600768,2026-07-01,15.42,14.04,-8.95,2.2,0,10,"形态: 两连阴 (-1.25%, -0.27%)"
603209,2026-07-07,13.72,13.61,-0.8,-0.44,0,6,量能: 放量 (1.94X) | 趋势: 高于MA20 | 动量: 突破转强 (阳线上穿5/10)
603209,2026-07-13,13.41,13.61,1.49,1.86,1,2,趋势: 高于MA20
603209,2026-07-10,13.44,13.61,1.26,1.64,1,3,"形态: 两连阴 (-2.41%, -1.42%) | 趋势: 高于MA20 | 动量: 突破转强 (阳线上穿5/10)"
603209,2026-07-03,13.32,13.61,2.18,3.0,1,8,动量: 突破转强 (阳线上穿5/10)
603209,2026-07-09,13.2,13.61,3.11,3.48,1,4,趋势: 高于MA20
603209,2026-07-01,12.85,13.61,5.91,6.77,1,10,"形态: 两连阴 (-1.18%, -0.32%)"
002215,2026-07-13,9.0,8.98,-0.22,-0.22,0,2,趋势: 高于MA20 | 动量: 突破转强 (阳线上穿5/10)
002215,2026-07-03,8.83,8.98,1.7,5.89,1,8,动量: 突破转强 (阳线上穿5/10)
002215,2026-07-09,9.35,8.98,-3.96,-3.74,0,4,量能: 放量 (1.99X) | 趋势: 高于MA20 | 动量: 突破转强 (阳线上穿5/10)
002215,2026-07-01,8.56,8.98,4.91,9.23,1,10,"形态: 两连阴 (-0.59%, -2.26%)"
002579,2026-07-07,17.59,14.63,-16.83,2.67,0,6,"趋势: 多头排列 (5>20>60) | 形态: 10日内有涨停 | 形态: 两连阴 (-0.10%, -8.48%)"
002579,2026-07-13,15.97,14.63,-8.39,1.82,0,2,形态: 10日内有涨停
002579,2026-07-10,17.74,14.63,-17.53,-8.34,0,3,形态: 10日内有涨停
002579,2026-07-03,19.57,14.63,-25.24,-7.72,0,8,"趋势: 多头排列 (5>20>60) | 形态: 10日内有涨停 | 形态: 两连阴 (-1.25%, -8.50%) | 趋势: 高于MA20"
002579,2026-07-09,18.06,14.63,-18.99,-1.77,0,4,"形态: 10日内有涨停 | 形态: 两连阴 (-1.79%, -6.65%)"
002579,2026-07-01,21.41,14.63,-31.67,-8.5,0,10,趋势: 多头排列 (5>20>60) | 形态: 10日内有涨停 | 趋势: 高于MA20
603890,2026-07-03,23.44,23.26,-0.77,0.47,0,8,"形态: 两连阴 (-5.76%, -7.68%)"
603890,2026-07-09,22.92,23.26,1.48,1.48,1,4,"形态: 两连阴 (-5.14%, -3.49%)"
603890,2026-07-01,26.03,23.26,-10.64,-7.68,0,10,趋势: 多头排列 (5>20>60)
605336,2026-07-07,10.4,10.07,-3.17,0.1,0,6,"形态: 两连阴 (-4.84%, -8.05%)"
605336,2026-07-03,12.18,10.07,-17.32,-8.05,0,8,"量能: 放量 (2.01X) | 形态: 两连阴 (-4.99%, -1.08%)"
605336,2026-07-01,12.94,10.07,-22.18,-1.08,0,10,"形态: 两连阴 (-4.97%, -5.02%)"
000655,2026-07-10,6.3,6.6,4.76,4.76,1,3,"形态: 两连阴 (-0.78%, -2.19%)"
000655,2026-07-09,6.24,6.6,5.77,5.77,1,4,"形态: 两连阴 (-2.13%, -0.78%)"
600678,2026-07-03,7.1,6.09,-14.23,-9.01,0,8,趋势: 高于MA20 | 动量: 突破转强 (阳线上穿5/10)
600678,2026-07-01,6.74,6.09,-9.64,5.34,0,10,趋势: 高于MA20
000048,2026-07-07,21.52,21.11,-1.91,11.99,0,6,趋势: 多头排列 (5>20>60) | 形态: 10日内有涨停 | 趋势: 高于MA20
000048,2026-07-13,22.96,21.11,-8.06,-3.75,0,2,趋势: 多头排列 (5>20>60) | 量能: 放量 (1.78X) | 形态: 10日内有涨停 | 趋势: 高于MA20
000048,2026-07-10,24.1,21.11,-12.41,-4.73,0,3,趋势: 多头排列 (5>20>60) | 形态: 10日内有涨停 | 趋势: 高于MA20 | 动量: 突破转强 (阳线上穿5/10)
000048,2026-07-03,21.24,21.11,-0.61,13.47,0,8,趋势: 多头排列 (5>20>60) | 形态: 10日内有涨停 | 趋势: 高于MA20
000048,2026-07-09,21.91,21.11,-3.65,10.0,0,4,趋势: 多头排列 (5>20>60) | 趋势: 高于MA20 | 动量: 突破转强 (阳线上穿5/10)
000048,2026-07-01,22.5,21.11,-6.18,7.11,0,10,趋势: 多头排列 (5>20>60) | 形态: 10日内有涨停 | 趋势: 高于MA20 | 动量: 突破转强 (阳线上穿5/10)
600135,2026-07-07,7.6,7.09,-6.71,1.05,0,6,"形态: 两连阴 (-1.11%, -2.62%)"
600135,2026-07-09,7.52,7.09,-5.72,2.13,0,4,"形态: 两连阴 (-2.44%, -2.24%)"
002724,2026-07-10,4.9,4.97,1.43,1.43,1,3,动量: 突破转强 (阳线上穿5/10)
002724,2026-07-03,5.1,4.97,-2.55,-1.96,0,8,动量: 突破转强 (阳线上穿5/10)
002724,2026-07-09,4.77,4.97,4.19,4.19,1,4,"形态: 两连阴 (-4.00%, -0.83%)"
600100,2026-07-10,6.96,6.72,-3.45,-3.16,0,3,趋势: 高于MA20 | 动量: 突破转强 (阳线上穿5/10)
600100,2026-07-09,6.83,6.72,-1.61,1.9,0,4,动量: 突破转强 (阳线上穿5/10)
600100,2026-07-01,6.98,6.72,-3.72,-0.29,0,10,动量: 突破转强 (阳线上穿5/10)
002583,2026-07-10,8.24,7.92,-3.88,-3.52,0,3,量能: 放量 (1.64X) | 动量: 突破转强 (阳线上穿5/10)
002583,2026-07-09,8.07,7.92,-1.86,2.11,0,4,动量: 突破转强 (阳线上穿5/10)
002246,2026-07-07,18.02,18.24,1.22,1.22,1,6,趋势: 高于MA20
002246,2026-07-13,17.85,18.24,2.18,2.18,1,2,量能: 放量 (2.03X)
002246,2026-07-03,19.05,18.24,-4.25,-2.36,0,8,趋势: 高于MA20 | 动量: 突破转强 (阳线上穿5/10)
002246,2026-07-09,18.0,18.24,1.33,1.33,1,4,"形态: 两连阴 (-3.12%, -2.94%)"
002246,2026-07-01,19.19,18.24,-4.95,-0.73,0,10,趋势: 高于MA20
002249,2026-07-07,8.29,6.98,-15.8,-10.01,0,6,形态: 10日内有涨停 | 趋势: 高于MA20
002249,2026-07-13,6.91,6.98,1.01,1.01,1,2,形态: 10日内有涨停
002249,2026-07-10,7.32,6.98,-4.64,-4.64,0,3,"形态: 10日内有涨停 | 形态: 两连阴 (-10.01%, -5.23%)"
002249,2026-07-03,8.33,6.98,-16.21,4.08,0,8,形态: 10日内有涨停 | 趋势: 高于MA20 | 动量: 突破转强 (阳线上穿5/10)
002249,2026-07-09,7.07,6.98,-1.27,3.54,0,4,"形态: 10日内有涨停 | 形态: 两连阴 (-4.38%, -10.01%)"
002037,2026-07-10,6.07,6.09,0.33,0.33,1,3,"形态: 两连阴 (-0.66%, -1.16%)"
002037,2026-07-03,6.41,6.09,-4.99,-2.65,0,8,动量: 突破转强 (阳线上穿5/10)
002037,2026-07-09,5.96,6.09,2.18,2.18,1,4,"形态: 两连阴 (-2.72%, -0.66%)"
600884,2026-07-13,12.01,12.14,1.08,1.42,1,2,"形态: 两连阴 (-4.56%, -1.51%)"
600884,2026-07-10,11.76,12.14,3.23,3.57,1,3,"形态: 两连阴 (-6.43%, -4.56%)"
600338,2026-07-07,14.29,12.62,-11.69,-5.53,0,6,"形态: 两连阴 (-0.66%, -1.26%)"
600338,2026-07-13,12.49,12.62,1.04,2.56,1,2,"形态: 两连阴 (-0.74%, -1.12%)"
600338,2026-07-10,13.25,12.62,-4.75,-3.32,0,3,"形态: 两连阴 (-5.53%, -0.74%)"
600338,2026-07-09,13.4,12.62,-5.82,-1.12,0,4,"形态: 两连阴 (-3.77%, -5.53%)"
002123,2026-07-07,8.14,8.53,4.79,16.46,1,6,形态: 10日内有涨停 | 趋势: 高于MA20 | 动量: 突破转强 (阳线上穿5/10)
002123,2026-07-13,8.93,8.53,-4.48,6.16,0,2,形态: 10日内有涨停 | 趋势: 高于MA20 | 动量: 突破转强 (阳线上穿5/10)
002123,2026-07-10,8.66,8.53,-1.5,9.47,0,3,形态: 10日内有涨停 | 趋势: 高于MA20 | 动量: 突破转强 (阳线上穿5/10)
002123,2026-07-03,7.95,8.53,7.3,19.25,1,8,形态: 10日内有涨停 | 趋势: 高于MA20
002123,2026-07-09,8.65,8.53,-1.39,9.6,0,4,形态: 10日内有涨停 | 趋势: 高于MA20 | 动量: 突破转强 (阳线上穿5/10)
002123,2026-07-01,7.91,8.53,7.84,19.85,1,10,量能: 放量 (1.82X) | 形态: 10日内有涨停 | 趋势: 高于MA20 | 动量: 突破转强 (阳线上穿5/10)
600288,2026-07-07,15.55,15.46,-0.58,10.48,0,6,量能: 放量 (3.39X) | 形态: 10日内有涨停 | 趋势: 高于MA20 | 动量: 突破转强 (阳线上穿5/10)
600288,2026-07-13,16.64,15.46,-7.09,3.25,0,2,"形态: 10日内有涨停 | 形态: 两连阴 (-1.93%, -1.43%) | 趋势: 高于MA20 | 动量: 突破转强 (阳线上穿5/10)"
600288,2026-07-10,16.54,15.46,-6.53,3.87,0,3,形态: 10日内有涨停 | 趋势: 高于MA20
600288,2026-07-03,12.85,15.46,20.31,33.7,1,8,"形态: 两连阴 (-1.88%, -3.45%) | 趋势: 高于MA20"
600288,2026-07-09,16.78,15.46,-7.87,2.38,0,4,量能: 放量 (1.54X) | 形态: 10日内有涨停 | 趋势: 高于MA20
600288,2026-07-01,13.05,15.46,18.47,31.65,1,10,趋势: 高于MA20
000593,2026-07-07,26.25,21.56,-17.87,-9.98,0,6,趋势: 多头排列 (5>20>60) | 量能: 放量 (1.82X) | 形态: 10日内有涨停 | 趋势: 高于MA20 | 动量: 突破转强 (阳线上穿5/10)
000593,2026-07-13,20.03,21.56,7.64,7.64,1,2,形态: 10日内有涨停
000593,2026-07-10,22.26,21.56,-3.14,-3.14,0,3,"趋势: 多头排列 (5>20>60) | 形态: 10日内有涨停 | 形态: 两连阴 (-9.98%, -5.92%)"
000593,2026-07-09,22.23,21.56,-3.01,0.13,0,4,趋势: 多头排列 (5>20>60) | 形态: 10日内有涨停
000593,2026-07-01,22.67,21.56,-4.9,15.79,0,10,趋势: 高于MA20
603711,2026-07-13,11.35,11.02,-2.91,2.29,0,2,"形态: 两连阴 (-0.96%, -0.26%)"
603711,2026-07-10,11.34,11.02,-2.82,2.38,0,3,"形态: 两连阴 (-0.61%, -0.96%)"
603711,2026-07-09,11.37,11.02,-3.08,2.11,0,4,"形态: 两连阴 (-2.04%, -0.61%)"
002845,2026-07-07,15.21,14.21,-6.57,5.52,0,6,"趋势: 多头排列 (5>20>60) | 形态: 两连阴 (-3.78%, -1.67%)"
002845,2026-07-13,15.67,14.21,-9.32,-1.4,0,2,形态: 10日内有涨停
002845,2026-07-10,15.56,14.21,-8.68,0.71,0,3,量能: 放量 (1.94X) | 形态: 10日内有涨停
002845,2026-07-03,15.54,14.21,-8.56,3.28,0,8,趋势: 多头排列 (5>20>60)
002845,2026-07-09,16.05,14.21,-11.46,-2.37,0,4,"形态: 10日内有涨停 | 形态: 两连阴 (-0.46%, -4.08%) | 趋势: 高于MA20 | 动量: 突破转强 (阳线上穿5/10)"
002845,2026-07-01,16.42,14.21,-13.46,-1.64,0,10,趋势: 多头排列 (5>20>60) | 趋势: 高于MA20 | 动量: 突破转强 (阳线上穿5/10)
600558,2026-07-07,4.85,4.77,-1.65,-1.65,0,6,"形态: 两连阴 (-0.20%, -1.98%)"
600558,2026-07-10,4.76,4.77,0.21,0.21,1,3,"形态: 两连阴 (-1.86%, -0.84%)"
600558,2026-07-09,4.72,4.77,1.06,1.06,1,4,"形态: 两连阴 (-2.22%, -1.86%)"
601133,2026-07-07,34.86,33.49,-3.93,4.3,0,6,"趋势: 多头排列 (5>20>60) | 形态: 10日内有涨停 | 形态: 两连阴 (-1.50%, -3.96%) | 趋势: 高于MA20"
601133,2026-07-13,36.36,33.49,-7.89,-2.61,0,2,趋势: 高于MA20
601133,2026-07-10,36.07,33.49,-7.15,0.8,0,3,趋势: 多头排列 (5>20>60) | 量能: 放量 (1.53X) | 形态: 10日内有涨停 | 趋势: 高于MA20
601133,2026-07-03,37.38,33.49,-10.41,-2.73,0,8,"趋势: 多头排列 (5>20>60) | 形态: 10日内有涨停 | 形态: 两连阴 (-6.22%, -8.11%) | 趋势: 高于MA20"
601133,2026-07-09,35.55,33.49,-5.79,2.28,0,4,"趋势: 多头排列 (5>20>60) | 量能: 放量 (1.69X) | 形态: 10日内有涨停 | 形态: 两连阴 (-2.90%, -1.43%) | 趋势: 高于MA20"
601133,2026-07-01,41.3,33.49,-18.91,-8.11,0,10,趋势: 多头排列 (5>20>60) | 形态: 10日内有涨停 | 趋势: 高于MA20
002276,2026-07-10,9.75,9.46,-2.97,-2.97,0,3,"形态: 两连阴 (-2.71%, -1.13%)"
002276,2026-07-03,10.72,9.46,-11.75,-3.36,0,8,量能: 放量 (1.86X) | 动量: 突破转强 (阳线上穿5/10)
002276,2026-07-09,9.6,9.46,-1.46,1.56,0,4,"形态: 两连阴 (-3.67%, -2.71%)"
603823,2026-07-07,72.45,65.24,-9.95,-3.67,0,6,趋势: 多头排列 (5>20>60) | 形态: 10日内有涨停 | 趋势: 高于MA20 | 动量: 突破转强 (阳线上穿5/10)
603823,2026-07-13,66.0,65.24,-1.15,0.73,0,2,"趋势: 多头排列 (5>20>60) | 形态: 10日内有涨停 | 形态: 两连阴 (-0.96%, -4.28%) | 趋势: 高于MA20"
603823,2026-07-10,66.16,65.24,-1.39,0.48,0,3,"趋势: 多头排列 (5>20>60) | 形态: 10日内有涨停 | 形态: 两连阴 (-3.67%, -0.96%) | 趋势: 高于MA20"
603823,2026-07-03,59.88,65.24,8.95,20.99,1,8,趋势: 多头排列 (5>20>60) | 形态: 10日内有涨停 | 趋势: 高于MA20
603823,2026-07-09,69.12,65.24,-5.61,-3.82,0,4,趋势: 多头排列 (5>20>60) | 形态: 10日内有涨停 | 趋势: 高于MA20
603823,2026-07-01,56.78,65.24,14.9,27.6,1,10,趋势: 多头排列 (5>20>60) | 形态: 10日内有涨停 | 趋势: 高于MA20 | 动量: 突破转强 (阳线上穿5/10)
002648,2026-07-13,22.07,23.43,6.16,7.25,1,2,"形态: 两连阴 (-0.79%, -0.26%)"
002648,2026-07-10,22.68,23.43,3.31,4.37,1,3,"形态: 两连阴 (-3.25%, -0.79%)"
002648,2026-07-03,24.02,23.43,-2.46,2.83,0,8,形态: 10日内有涨停 | 趋势: 高于MA20
002648,2026-07-09,22.74,23.43,3.03,4.09,1,4,"形态: 两连阴 (-4.09%, -3.25%)"
002648,2026-07-01,24.91,23.43,-5.94,-0.72,0,10,"形态: 10日内有涨停 | 形态: 两连阴 (-2.57%, -3.05%) | 趋势: 高于MA20 | 动量: 突破转强 (阳线上穿5/10)"
002184,2026-07-07,9.47,9.35,-1.27,-1.27,0,6,"形态: 10日内有涨停 | 形态: 两连阴 (-5.31%, -2.30%)"
002184,2026-07-13,8.89,9.35,5.17,5.17,1,2,形态: 10日内有涨停
002184,2026-07-10,9.34,9.35,0.11,0.11,1,3,"形态: 10日内有涨停 | 形态: 两连阴 (-2.11%, -0.43%)"
002184,2026-07-03,9.98,9.35,-6.31,-2.3,0,8,形态: 10日内有涨停
002184,2026-07-09,9.23,9.35,1.3,1.3,1,4,"形态: 10日内有涨停 | 形态: 两连阴 (-2.87%, -2.11%)"
002184,2026-07-01,10.08,9.35,-7.24,4.56,0,10,形态: 10日内有涨停 | 动量: 突破转强 (阳线上穿5/10)
002858,2026-07-10,10.73,10.7,-0.28,-0.28,0,3,"形态: 两连阴 (-1.21%, -0.76%)"
002858,2026-07-09,10.5,10.7,1.9,2.19,1,4,"形态: 两连阴 (-2.90%, -1.21%)"
000425,2026-07-07,8.78,8.39,-4.44,-3.64,0,6,趋势: 高于MA20 | 动量: 突破转强 (阳线上穿5/10)
000425,2026-07-10,8.43,8.39,-0.47,-0.47,0,3,"形态: 两连阴 (-3.64%, -1.30%)"
002968,2026-07-10,8.44,8.51,0.83,0.83,1,3,"形态: 两连阴 (-1.31%, -0.60%)"
002968,2026-07-03,8.8,8.51,-3.3,-1.7,0,8,动量: 突破转强 (阳线上穿5/10)
002968,2026-07-09,8.26,8.51,3.03,3.03,1,4,"形态: 两连阴 (-2.66%, -1.31%)"
002067,2026-07-07,3.96,4.0,1.01,3.03,1,6,形态: 10日内有涨停
002067,2026-07-13,3.95,4.0,1.27,1.27,1,2,形态: 10日内有涨停
002067,2026-07-10,4.08,4.0,-1.96,-1.96,0,3,形态: 10日内有涨停 | 趋势: 高于MA20 | 动量: 突破转强 (阳线上穿5/10)
002067,2026-07-03,4.2,4.0,-4.76,-0.24,0,8,形态: 10日内有涨停 | 趋势: 高于MA20 | 动量: 突破转强 (阳线上穿5/10)
002067,2026-07-09,4.05,4.0,-1.23,0.74,0,4,"形态: 10日内有涨停 | 形态: 两连阴 (-5.49%, -7.07%) | 趋势: 高于MA20 | 动量: 突破转强 (阳线上穿5/10)"
002910,2026-07-07,11.7,9.19,-21.45,10.0,0,6,趋势: 多头排列 (5>20>60) | 形态: 10日内有涨停 | 趋势: 高于MA20
002910,2026-07-13,9.58,9.19,-4.07,-4.07,0,2,"形态: 10日内有涨停 | 形态: 两连阴 (-10.02%, -8.12%)"
002910,2026-07-10,10.64,9.19,-13.63,-9.96,0,3,趋势: 多头排列 (5>20>60) | 形态: 10日内有涨停
002910,2026-07-03,11.11,9.19,-17.28,15.84,0,8,趋势: 多头排列 (5>20>60) | 形态: 10日内有涨停 | 趋势: 高于MA20
002910,2026-07-09,11.58,9.19,-20.64,-8.12,0,4,趋势: 多头排列 (5>20>60) | 形态: 10日内有涨停 | 趋势: 高于MA20
002910,2026-07-01,11.36,9.19,-19.1,13.29,0,10,形态: 10日内有涨停 | 趋势: 高于MA20
002320,2026-07-10,6.38,6.36,-0.31,-0.31,0,3,"形态: 两连阴 (-0.63%, -1.12%) | 动量: 突破转强 (阳线上穿5/10)"
002320,2026-07-03,6.55,6.36,-2.9,-0.31,0,8,动量: 突破转强 (阳线上穿5/10)
002320,2026-07-09,6.19,6.36,2.75,3.07,1,4,"形态: 两连阴 (-3.52%, -0.63%)"
002320,2026-07-01,6.43,6.36,-1.09,1.87,0,10,"形态: 两连阴 (-1.09%, -1.26%)"
001376,2026-07-10,10.09,9.97,-1.19,-1.19,0,3,"形态: 两连阴 (-1.38%, -1.10%)"
001376,2026-07-09,9.86,9.97,1.12,2.33,1,4,"形态: 两连阴 (-5.16%, -1.38%)"
601919,2026-07-13,14.12,14.66,3.82,3.82,1,2,趋势: 高于MA20 | 动量: 突破转强 (阳线上穿5/10)
601919,2026-07-10,13.98,14.66,4.86,4.86,1,3,趋势: 高于MA20 | 动量: 突破转强 (阳线上穿5/10)
601919,2026-07-03,13.72,14.66,6.85,6.85,1,8,动量: 突破转强 (阳线上穿5/10)
601919,2026-07-09,13.92,14.66,5.32,5.32,1,4,趋势: 高于MA20
002040,2026-07-10,7.74,8.01,3.49,3.49,1,3,"形态: 两连阴 (-0.91%, -0.79%) | 动量: 突破转强 (阳线上穿5/10)"
002040,2026-07-09,7.55,8.01,6.09,6.09,1,4,"形态: 两连阴 (-2.29%, -0.91%)"
002040,2026-07-01,7.68,8.01,4.3,4.3,1,10,"形态: 两连阴 (-0.40%, -1.06%)"
000498,2026-07-13,4.91,5.07,3.26,3.26,1,2,动量: 突破转强 (阳线上穿5/10)
000498,2026-07-03,4.95,5.07,2.42,2.42,1,8,动量: 突破转强 (阳线上穿5/10)
002401,2026-07-10,11.68,11.7,0.17,0.17,1,3,动量: 突破转强 (阳线上穿5/10)
002401,2026-07-01,11.73,11.7,-0.26,1.62,0,10,"形态: 两连阴 (-0.60%, -0.26%)"
