代码,信号日期,信号价格,当前价格,当前收益%,最高收益%,是否获利,持有天数,触发条件
605228,2026-07-07,14.49,13.88,-4.21,1.66,0,4,趋势: 高于MA20
605228,2026-07-10,14.31,13.88,-3.0,-3.0,0,1,趋势: 高于MA20
605228,2026-07-03,14.46,13.88,-4.01,3.11,0,6,趋势: 高于MA20 | 动量: 突破转强 (阳线上穿5/10)
605228,2026-07-09,14.73,13.88,-5.77,-2.85,0,2,"形态: 两连阴 (-2.82%, -3.24%) | 趋势: 高于MA20 | 动量: 突破转强 (阳线上穿5/10)"
605228,2026-07-01,13.61,13.88,1.98,9.55,1,8,趋势: 高于MA20 | 动量: 突破转强 (阳线上穿5/10)
601636,2026-07-07,7.75,6.74,-13.03,-6.45,0,4,"趋势: 多头排列 (5>20>60) | 形态: 10日内有涨停 | 形态: 两连阴 (-7.47%, -6.53%)"
601636,2026-07-10,7.08,6.74,-4.8,-4.8,0,1,"形态: 10日内有涨停 | 形态: 两连阴 (-6.45%, -0.55%)"
601636,2026-07-03,8.42,6.74,-19.95,-6.53,0,6,"趋势: 多头排列 (5>20>60) | 形态: 10日内有涨停 | 形态: 两连阴 (-4.50%, -6.86%) | 趋势: 高于MA20"
601636,2026-07-09,7.21,6.74,-6.52,-1.8,0,2,"形态: 10日内有涨停 | 形态: 两连阴 (-1.52%, -6.45%)"
601636,2026-07-01,9.77,6.74,-31.01,-6.86,0,8,趋势: 多头排列 (5>20>60) | 形态: 10日内有涨停 | 趋势: 高于MA20
600966,2026-07-10,4.9,4.56,-6.94,-6.94,0,1,"形态: 两连阴 (-3.14%, -0.41%)"
600966,2026-07-03,5.04,4.56,-9.52,3.17,0,6,动量: 突破转强 (阳线上穿5/10)
600966,2026-07-09,4.91,4.56,-7.13,-0.2,0,2,"形态: 两连阴 (-2.12%, -3.14%)"
002629,2026-07-10,4.56,4.3,-5.7,-5.7,0,1,"形态: 两连阴 (-1.12%, -0.68%) | 趋势: 高于MA20 | 动量: 突破转强 (阳线上穿5/10)"
002629,2026-07-03,4.67,4.3,-7.92,-1.93,0,6,动量: 突破转强 (阳线上穿5/10)
002629,2026-07-09,4.37,4.3,-1.6,4.35,0,2,"形态: 两连阴 (-2.84%, -1.12%)"
002629,2026-07-01,4.58,4.3,-6.11,1.97,0,8,动量: 突破转强 (阳线上穿5/10)
001313,2026-07-07,8.07,7.29,-9.67,0.5,0,4,形态: 10日内有涨停 | 趋势: 高于MA20 | 动量: 突破转强 (阳线上穿5/10)
001313,2026-07-10,8.1,7.29,-10.0,-10.0,0,1,形态: 10日内有涨停 | 趋势: 高于MA20
001313,2026-07-03,7.77,7.29,-6.18,4.38,0,6,形态: 10日内有涨停 | 趋势: 高于MA20
001313,2026-07-09,8.11,7.29,-10.11,-0.12,0,2,形态: 10日内有涨停 | 趋势: 高于MA20 | 动量: 突破转强 (阳线上穿5/10)
001313,2026-07-01,7.8,7.29,-6.54,10.0,0,8,量能: 放量 (1.56X) | 形态: 10日内有涨停 | 趋势: 高于MA20 | 动量: 突破转强 (阳线上穿5/10)
002811,2026-07-03,11.86,10.33,-12.9,-5.14,0,6,趋势: 高于MA20 | 动量: 突破转强 (阳线上穿5/10)
002811,2026-07-09,10.95,10.33,-5.66,1.1,0,2,"形态: 两连阴 (-3.02%, -1.65%)"
002811,2026-07-01,11.5,10.33,-10.17,3.13,0,8,"形态: 两连阴 (-0.09%, -0.18%)"
002406,2026-07-03,6.95,6.12,-11.94,2.45,0,6,动量: 突破转强 (阳线上穿5/10)
605337,2026-07-03,8.7,8.51,-2.18,0.92,0,6,动量: 突破转强 (阳线上穿5/10)
000712,2026-07-03,9.05,8.28,-8.51,-1.22,0,6,趋势: 高于MA20
000712,2026-07-09,8.49,8.28,-2.47,0.82,0,2,"形态: 两连阴 (-3.80%, -1.74%)"
000712,2026-07-01,9.21,8.28,-10.1,-1.74,0,8,趋势: 高于MA20 | 动量: 突破转强 (阳线上穿5/10)
600722,2026-07-07,7.82,7.8,-0.26,2.81,0,4,"形态: 两连阴 (-1.54%, -1.93%)"
600722,2026-07-10,8.04,7.8,-2.99,-2.99,0,1,"量能: 放量 (1.54X) | 形态: 两连阴 (-0.13%, -0.38%)"
600722,2026-07-09,7.78,7.8,0.26,3.34,1,2,"量能: 放量 (1.84X) | 形态: 两连阴 (-4.05%, -0.13%)"
600722,2026-07-01,8.36,7.8,-6.7,0.96,0,8,"形态: 两连阴 (-0.73%, -0.25%)"
002600,2026-07-07,15.93,13.64,-14.38,-2.07,0,4,趋势: 多头排列 (5>20>60) | 形态: 10日内有涨停
002600,2026-07-10,15.16,13.64,-10.03,-10.03,0,1,形态: 10日内有涨停
002600,2026-07-03,18.02,13.64,-24.31,-9.93,0,6,趋势: 多头排列 (5>20>60) | 形态: 10日内有涨停 | 趋势: 高于MA20 | 动量: 突破转强 (阳线上穿5/10)
002600,2026-07-09,15.6,13.64,-12.56,-2.82,0,2,"形态: 10日内有涨停 | 形态: 两连阴 (-1.85%, -5.46%)"
002600,2026-07-01,17.8,13.64,-23.37,1.24,0,8,趋势: 多头排列 (5>20>60) | 形态: 10日内有涨停 | 趋势: 高于MA20 | 动量: 突破转强 (阳线上穿5/10)
000060,2026-07-10,6.49,6.11,-5.86,-5.86,0,1,"形态: 两连阴 (-4.08%, -1.52%)"
000060,2026-07-03,7.23,6.11,-15.49,2.07,0,6,形态: 10日内有涨停
000060,2026-07-09,6.49,6.11,-5.86,0.0,0,2,"形态: 两连阴 (-6.91%, -4.08%)"
000060,2026-07-01,7.65,6.11,-20.13,-3.14,0,8,趋势: 多头排列 (5>20>60) | 形态: 10日内有涨停
600748,2026-07-10,3.7,3.53,-4.59,-4.59,0,1,"形态: 两连阴 (-1.65%, -0.28%)"
600748,2026-07-09,3.57,3.53,-1.12,3.64,0,2,"形态: 两连阴 (-4.46%, -1.65%)"
002688,2026-07-07,4.95,4.9,-1.01,-0.81,0,4,趋势: 高于MA20
002688,2026-07-10,4.91,4.9,-0.2,-0.2,0,1,"形态: 两连阴 (-1.01%, -0.41%)"
002688,2026-07-03,5.04,4.9,-2.78,0.99,0,6,趋势: 高于MA20 | 动量: 突破转强 (阳线上穿5/10)
002688,2026-07-09,4.88,4.9,0.41,0.61,1,2,"形态: 两连阴 (-2.75%, -1.01%)"
601008,2026-07-03,4.26,4.14,-2.82,0.7,0,6,动量: 突破转强 (阳线上穿5/10)
600192,2026-07-10,6.66,6.2,-6.91,-6.91,0,1,"量能: 放量 (1.73X) | 形态: 10日内有涨停 | 形态: 两连阴 (-1.77%, -0.66%) | 动量: 突破转强 (阳线上穿5/10)"
600192,2026-07-09,6.05,6.2,2.48,10.08,1,2,"形态: 两连阴 (-3.28%, -1.77%)"
600192,2026-07-01,6.65,6.2,-6.77,0.15,0,8,形态: 10日内有涨停
002038,2026-07-07,5.83,6.72,15.27,15.27,1,4,形态: 10日内有涨停 | 趋势: 高于MA20
002038,2026-07-10,6.38,6.72,5.33,5.33,1,1,形态: 10日内有涨停 | 趋势: 高于MA20 | 动量: 突破转强 (阳线上穿5/10)
002038,2026-07-03,6.39,6.72,5.16,5.16,1,6,形态: 10日内有涨停 | 趋势: 高于MA20
002038,2026-07-09,5.8,6.72,15.86,15.86,1,2,形态: 10日内有涨停 | 趋势: 高于MA20
002038,2026-07-01,6.28,6.72,7.01,7.01,1,8,形态: 10日内有涨停 | 趋势: 高于MA20 | 动量: 突破转强 (阳线上穿5/10)
002205,2026-07-10,10.31,9.77,-5.24,-5.24,0,1,"形态: 两连阴 (-1.15%, -3.01%)"
002205,2026-07-09,9.99,9.77,-2.2,3.2,0,2,"形态: 两连阴 (-5.44%, -1.15%)"
000830,2026-07-10,11.74,11.44,-2.56,-2.56,0,1,"形态: 两连阴 (-2.82%, -2.99%)"
000830,2026-07-03,12.79,11.44,-10.56,2.42,0,6,趋势: 高于MA20
000830,2026-07-09,11.68,11.44,-2.05,0.51,0,2,"形态: 两连阴 (-5.42%, -2.82%)"
000830,2026-07-01,12.48,11.44,-8.33,4.97,0,8,"形态: 两连阴 (-0.88%, -3.61%)"
000803,2026-07-07,6.85,6.4,-6.57,-2.92,0,4,"形态: 两连阴 (-0.29%, -0.29%)"
000803,2026-07-10,6.61,6.4,-3.18,-3.18,0,1,"形态: 两连阴 (-2.92%, -1.50%)"
000803,2026-07-09,6.55,6.4,-2.29,0.92,0,2,"形态: 两连阴 (-1.01%, -2.92%)"
603187,2026-07-07,12.04,11.86,-1.5,-0.83,0,4,趋势: 高于MA20
603187,2026-07-10,11.94,11.86,-0.67,-0.67,0,1,"形态: 两连阴 (-1.00%, -1.01%)"
603187,2026-07-03,12.17,11.86,-2.55,0.9,0,6,趋势: 高于MA20 | 动量: 突破转强 (阳线上穿5/10)
603187,2026-07-09,11.8,11.86,0.51,1.19,1,2,"形态: 两连阴 (-1.95%, -1.00%)"
002972,2026-07-07,17.5,17.7,1.14,1.14,1,4,趋势: 多头排列 (5>20>60) | 趋势: 高于MA20
002972,2026-07-10,16.96,17.7,4.36,4.36,1,1,趋势: 多头排列 (5>20>60)
002972,2026-07-03,18.81,17.7,-5.9,0.74,0,6,趋势: 多头排列 (5>20>60) | 趋势: 高于MA20
002972,2026-07-09,17.19,17.7,2.97,2.97,1,2,"趋势: 多头排列 (5>20>60) | 形态: 两连阴 (-7.65%, -4.11%) | 趋势: 高于MA20"
002972,2026-07-01,19.0,17.7,-6.84,0.37,0,8,趋势: 多头排列 (5>20>60) | 趋势: 高于MA20
002043,2026-07-07,11.76,11.08,-5.78,-4.85,0,4,趋势: 高于MA20 | 动量: 突破转强 (阳线上穿5/10)
002043,2026-07-10,11.01,11.08,0.64,0.64,1,1,"形态: 两连阴 (-4.85%, -3.40%)"
002043,2026-07-03,11.55,11.08,-4.07,1.82,0,6,动量: 突破转强 (阳线上穿5/10)
002043,2026-07-01,11.22,11.08,-1.25,4.81,0,8,"形态: 两连阴 (-1.33%, -0.27%)"
603677,2026-07-10,12.56,13.82,10.03,10.03,1,1,"形态: 两连阴 (-1.96%, -1.68%)"
603677,2026-07-03,13.65,13.82,1.25,1.25,1,6,动量: 突破转强 (阳线上穿5/10)
603677,2026-07-09,12.31,13.82,12.27,12.27,1,2,"形态: 两连阴 (-3.26%, -1.96%)"
000739,2026-07-07,18.03,18.19,0.89,0.89,1,4,趋势: 高于MA20
000739,2026-07-10,18.0,18.19,1.06,1.06,1,1,趋势: 高于MA20
000739,2026-07-03,18.24,18.19,-0.27,1.21,0,6,趋势: 高于MA20 | 动量: 突破转强 (阳线上穿5/10)
000739,2026-07-09,17.84,18.19,1.96,1.96,1,2,"形态: 两连阴 (-2.33%, -1.33%) | 趋势: 高于MA20"
000739,2026-07-01,17.19,18.19,5.82,7.39,1,8,趋势: 高于MA20 | 动量: 突破转强 (阳线上穿5/10)
601798,2026-07-07,7.02,6.78,-3.42,-1.14,0,4,形态: 10日内有涨停
601798,2026-07-10,6.94,6.78,-2.31,-2.31,0,1,"形态: 两连阴 (-2.14%, -0.58%)"
601798,2026-07-03,7.4,6.78,-8.38,-3.11,0,6,形态: 10日内有涨停 | 动量: 突破转强 (阳线上穿5/10)
601798,2026-07-09,6.83,6.78,-0.73,1.61,0,2,"形态: 两连阴 (-2.09%, -2.14%)"
601798,2026-07-01,7.24,6.78,-6.35,2.21,0,8,"形态: 10日内有涨停 | 形态: 两连阴 (-3.02%, -1.90%)"
000716,2026-07-07,4.36,4.39,0.69,0.69,1,4,动量: 突破转强 (阳线上穿5/10)
000716,2026-07-10,4.39,4.39,0.0,0.0,0,1,"形态: 两连阴 (-1.61%, -0.23%) | 趋势: 高于MA20 | 动量: 突破转强 (阳线上穿5/10)"
000716,2026-07-03,4.3,4.39,2.09,2.09,1,6,动量: 突破转强 (阳线上穿5/10)
603903,2026-07-07,15.82,15.24,-3.67,2.09,0,4,趋势: 多头排列 (5>20>60) | 形态: 10日内有涨停 | 趋势: 高于MA20 | 动量: 突破转强 (阳线上穿5/10)
603903,2026-07-10,15.92,15.24,-4.27,-4.27,0,1,趋势: 多头排列 (5>20>60) | 形态: 10日内有涨停 | 趋势: 高于MA20
603903,2026-07-03,14.15,15.24,7.7,14.13,1,6,趋势: 多头排列 (5>20>60) | 形态: 10日内有涨停 | 趋势: 高于MA20 | 动量: 突破转强 (阳线上穿5/10)
603903,2026-07-09,16.15,15.24,-5.63,-1.42,0,2,趋势: 多头排列 (5>20>60) | 形态: 10日内有涨停 | 趋势: 高于MA20 | 动量: 突破转强 (阳线上穿5/10)
603903,2026-07-01,13.53,15.24,12.64,19.36,1,8,形态: 10日内有涨停 | 趋势: 高于MA20 | 动量: 突破转强 (阳线上穿5/10)
002301,2026-07-07,8.33,7.78,-6.6,-0.12,0,4,趋势: 多头排列 (5>20>60) | 趋势: 高于MA20
002301,2026-07-10,8.25,7.78,-5.7,-5.7,0,1,趋势: 多头排列 (5>20>60) | 趋势: 高于MA20
002301,2026-07-03,8.09,7.78,-3.83,3.34,0,6,趋势: 多头排列 (5>20>60) | 趋势: 高于MA20 | 动量: 突破转强 (阳线上穿5/10)
002301,2026-07-09,8.32,7.78,-6.49,-0.84,0,2,"趋势: 多头排列 (5>20>60) | 形态: 两连阴 (-0.36%, -1.80%) | 趋势: 高于MA20 | 动量: 突破转强 (阳线上穿5/10)"
002301,2026-07-01,7.73,7.78,0.65,8.15,1,8,趋势: 高于MA20 | 动量: 突破转强 (阳线上穿5/10)
002863,2026-07-10,4.3,4.18,-2.79,-2.79,0,1,"形态: 两连阴 (-2.08%, -0.71%)"
002863,2026-07-03,4.51,4.18,-7.32,-1.11,0,6,动量: 突破转强 (阳线上穿5/10)
002863,2026-07-09,4.21,4.18,-0.71,2.14,0,2,"形态: 两连阴 (-2.91%, -2.08%)"
002863,2026-07-01,4.35,4.18,-3.91,3.68,0,8,"形态: 两连阴 (-0.93%, -0.70%)"
605377,2026-07-07,9.67,9.89,2.28,4.76,1,4,量能: 放量 (1.83X) | 形态: 10日内有涨停 | 趋势: 高于MA20
605377,2026-07-10,10.13,9.89,-2.37,-2.37,0,1,"形态: 10日内有涨停 | 形态: 两连阴 (-1.96%, -0.53%) | 趋势: 高于MA20 | 动量: 突破转强 (阳线上穿5/10)"
605377,2026-07-03,8.82,9.89,12.13,14.85,1,6,"形态: 10日内有涨停 | 形态: 两连阴 (-0.32%, -2.37%) | 趋势: 高于MA20"
605377,2026-07-09,9.43,9.89,4.88,7.42,1,2,"形态: 10日内有涨停 | 形态: 两连阴 (-0.31%, -1.96%) | 趋势: 高于MA20"
605377,2026-07-01,9.27,9.89,6.69,9.28,1,8,形态: 10日内有涨停 | 趋势: 高于MA20
603766,2026-07-07,13.0,12.1,-6.92,-0.62,0,4,趋势: 高于MA20
603766,2026-07-10,11.85,12.1,2.11,2.11,1,1,"形态: 两连阴 (-0.62%, -4.80%)"
603766,2026-07-03,12.86,12.1,-5.91,5.13,0,6,趋势: 高于MA20 | 动量: 突破转强 (阳线上穿5/10)
603766,2026-07-09,12.3,12.1,-1.63,-1.63,0,2,"形态: 两连阴 (-3.85%, -0.62%) | 趋势: 高于MA20"
603766,2026-07-01,12.8,12.1,-5.47,5.62,0,8,趋势: 高于MA20 | 动量: 突破转强 (阳线上穿5/10)
000819,2026-07-10,11.28,10.99,-2.57,-2.57,0,1,"形态: 两连阴 (-0.98%, -3.13%)"
000819,2026-07-09,10.82,10.99,1.57,4.25,1,2,"量能: 放量 (1.88X) | 形态: 两连阴 (-4.16%, -0.98%)"
000819,2026-07-01,11.71,10.99,-6.15,1.79,0,8,"形态: 两连阴 (-3.39%, -0.61%)"
002774,2026-07-07,14.25,15.26,7.09,11.58,1,4,趋势: 多头排列 (5>20>60) | 量能: 放量 (1.98X) | 形态: 10日内有涨停 | 趋势: 高于MA20
002774,2026-07-10,15.9,15.26,-4.03,-4.03,0,1,趋势: 多头排列 (5>20>60) | 形态: 10日内有涨停 | 趋势: 高于MA20 | 动量: 突破转强 (阳线上穿5/10)
002774,2026-07-03,14.39,15.26,6.05,10.49,1,6,趋势: 多头排列 (5>20>60) | 趋势: 高于MA20 | 动量: 突破转强 (阳线上穿5/10)
002774,2026-07-09,14.45,15.26,5.61,10.03,1,2,"趋势: 多头排列 (5>20>60) | 形态: 10日内有涨停 | 形态: 两连阴 (-9.98%, -5.26%) | 趋势: 高于MA20"
002774,2026-07-01,14.51,15.26,5.17,9.58,1,8,趋势: 多头排列 (5>20>60) | 趋势: 高于MA20 | 动量: 突破转强 (阳线上穿5/10)
002358,2026-07-10,5.31,5.08,-4.33,-4.33,0,1,"形态: 两连阴 (-1.86%, -0.38%)"
002358,2026-07-09,5.25,5.08,-3.24,1.14,0,2,"形态: 两连阴 (-2.19%, -1.86%)"
600711,2026-07-10,10.74,9.97,-7.17,-7.17,0,1,"形态: 两连阴 (-3.65%, -0.66%)"
600711,2026-07-09,10.48,9.97,-4.87,2.48,0,2,"形态: 两连阴 (-3.69%, -3.65%)"
605018,2026-07-07,14.03,12.26,-12.62,-5.56,0,4,形态: 10日内有涨停
605018,2026-07-10,13.12,12.26,-6.55,-6.55,0,1,形态: 10日内有涨停
605018,2026-07-03,14.92,12.26,-17.83,-3.95,0,6,形态: 10日内有涨停 | 动量: 突破转强 (阳线上穿5/10)
605018,2026-07-09,13.25,12.26,-7.47,-0.98,0,2,"形态: 10日内有涨停 | 形态: 两连阴 (-2.09%, -5.92%)"
605018,2026-07-01,14.35,12.26,-14.56,3.97,0,8,形态: 10日内有涨停
003018,2026-07-07,64.52,62.5,-3.13,5.87,0,4,趋势: 多头排列 (5>20>60) | 形态: 10日内有涨停
003018,2026-07-10,64.6,62.5,-3.25,-3.25,0,1,形态: 10日内有涨停
003018,2026-07-03,66.28,62.5,-5.7,3.06,0,6,"趋势: 多头排列 (5>20>60) | 形态: 10日内有涨停 | 形态: 两连阴 (-6.49%, -6.76%) | 趋势: 高于MA20"
003018,2026-07-09,68.31,62.5,-8.51,-5.43,0,2,"形态: 10日内有涨停 | 形态: 两连阴 (-4.84%, -3.75%) | 趋势: 高于MA20"
003018,2026-07-01,71.28,62.5,-12.32,-4.17,0,8,趋势: 多头排列 (5>20>60) | 形态: 10日内有涨停 | 趋势: 高于MA20
603269,2026-07-07,18.15,15.18,-16.36,-4.74,0,4,量能: 放量 (1.71X) | 形态: 10日内有涨停
603269,2026-07-10,16.87,15.18,-10.02,-10.02,0,1,"形态: 10日内有涨停 | 形态: 两连阴 (-4.74%, -1.85%)"
603269,2026-07-03,15.94,15.18,-4.77,13.86,0,6,"形态: 两连阴 (-0.43%, -1.95%)"
603269,2026-07-09,16.97,15.18,-10.55,-0.59,0,2,形态: 10日内有涨停
600499,2026-07-07,15.93,14.4,-9.6,-3.89,0,4,趋势: 高于MA20
600499,2026-07-10,14.43,14.4,-0.21,-0.21,0,1,"形态: 两连阴 (-3.89%, -0.26%)"
600499,2026-07-03,15.47,14.4,-6.92,5.95,0,6,趋势: 高于MA20 | 动量: 突破转强 (阳线上穿5/10)
600499,2026-07-09,15.27,14.4,-5.7,-5.5,0,2,"形态: 两连阴 (-2.81%, -3.89%) | 趋势: 高于MA20"
002333,2026-07-07,4.97,4.68,-5.84,-0.6,0,4,趋势: 高于MA20
002333,2026-07-10,4.86,4.68,-3.7,-3.7,0,1,"形态: 两连阴 (-0.60%, -1.82%) | 趋势: 高于MA20"
002333,2026-07-03,4.95,4.68,-5.45,0.4,0,6,趋势: 高于MA20 | 动量: 突破转强 (阳线上穿5/10)
002333,2026-07-09,4.85,4.68,-3.51,0.21,0,2,趋势: 高于MA20
002333,2026-07-01,4.76,4.68,-1.68,4.41,0,8,动量: 突破转强 (阳线上穿5/10)
603819,2026-07-07,13.65,12.89,-5.57,-0.51,0,4,量能: 放量 (2.67X) | 形态: 10日内有涨停 | 趋势: 高于MA20 | 动量: 突破转强 (阳线上穿5/10)
603819,2026-07-10,13.58,12.89,-5.08,-5.08,0,1,形态: 10日内有涨停 | 趋势: 高于MA20 | 动量: 突破转强 (阳线上穿5/10)
603819,2026-07-03,12.36,12.89,4.29,10.44,1,6,量能: 放量 (1.51X) | 趋势: 高于MA20 | 动量: 突破转强 (阳线上穿5/10)
603819,2026-07-09,13.41,12.89,-3.88,1.27,0,2,形态: 10日内有涨停 | 趋势: 高于MA20 | 动量: 突破转强 (阳线上穿5/10)
603162,2026-07-07,9.64,10.12,4.98,4.98,1,4,趋势: 高于MA20
603162,2026-07-10,10.12,10.12,0.0,0.0,0,1,形态: 10日内有涨停 | 趋势: 高于MA20 | 动量: 突破转强 (阳线上穿5/10)
603162,2026-07-03,9.63,10.12,5.09,5.09,1,6,动量: 突破转强 (阳线上穿5/10)
603162,2026-07-09,9.2,10.12,10.0,10.0,1,2,"形态: 两连阴 (-2.53%, -4.77%)"
603162,2026-07-01,9.24,10.12,9.52,9.52,1,8,"形态: 两连阴 (-1.09%, -0.88%)"
603815,2026-07-07,6.42,6.99,8.88,8.88,1,4,量能: 放量 (2.25X) | 形态: 10日内有涨停 | 趋势: 高于MA20 | 动量: 突破转强 (阳线上穿5/10)
603815,2026-07-10,6.79,6.99,2.95,2.95,1,1,形态: 10日内有涨停 | 趋势: 高于MA20 | 动量: 突破转强 (阳线上穿5/10)
603815,2026-07-03,5.55,6.99,25.95,25.95,1,6,动量: 突破转强 (阳线上穿5/10)
603815,2026-07-09,6.75,6.99,3.56,3.56,1,2,形态: 10日内有涨停 | 趋势: 高于MA20 | 动量: 突破转强 (阳线上穿5/10)
002691,2026-07-10,4.16,3.96,-4.81,-4.81,0,1,动量: 突破转强 (阳线上穿5/10)
002691,2026-07-03,4.46,3.96,-11.21,-3.81,0,6,动量: 突破转强 (阳线上穿5/10)
000735,2026-07-10,5.0,4.88,-2.4,-2.4,0,1,"形态: 两连阴 (-1.81%, -0.21%) | 趋势: 高于MA20 | 动量: 突破转强 (阳线上穿5/10)"
000735,2026-07-03,5.04,4.88,-3.17,1.59,0,6,趋势: 高于MA20
000735,2026-07-09,4.86,4.88,0.41,2.88,1,2,"形态: 两连阴 (-3.13%, -1.81%)"
000735,2026-07-01,4.98,4.88,-2.01,2.81,0,8,量能: 放量 (1.58X) | 动量: 突破转强 (阳线上穿5/10)
603272,2026-07-07,20.34,19.87,-2.31,8.65,0,4,"形态: 两连阴 (-4.99%, -10.00%)"
603272,2026-07-03,25.11,19.87,-20.87,-10.0,0,6,量能: 放量 (2.35X)
002012,2026-07-07,6.16,5.74,-6.82,-0.81,0,4,"形态: 两连阴 (-1.69%, -2.19%)"
002012,2026-07-10,6.11,5.74,-6.06,-6.06,0,1,"形态: 两连阴 (-1.14%, -0.33%)"
002012,2026-07-09,6.07,5.74,-5.44,0.66,0,2,"形态: 两连阴 (-1.60%, -1.14%)"
603085,2026-07-10,10.96,10.65,-2.83,-2.83,0,1,动量: 突破转强 (阳线上穿5/10)
603085,2026-07-03,11.22,10.65,-5.08,-1.78,0,6,动量: 突破转强 (阳线上穿5/10)
603085,2026-07-09,10.79,10.65,-1.3,1.58,0,2,"形态: 两连阴 (-2.09%, -0.93%)"
000506,2026-07-07,12.2,13.17,7.95,12.62,1,4,形态: 10日内有涨停
000506,2026-07-10,13.74,13.17,-4.15,-4.15,0,1,形态: 10日内有涨停 | 趋势: 高于MA20 | 动量: 突破转强 (阳线上穿5/10)
000506,2026-07-03,13.87,13.17,-5.05,-0.94,0,6,形态: 10日内有涨停 | 趋势: 高于MA20 | 动量: 突破转强 (阳线上穿5/10)
000506,2026-07-09,13.41,13.17,-1.79,2.46,0,2,形态: 10日内有涨停 | 趋势: 高于MA20
000506,2026-07-01,11.46,13.17,14.92,21.03,1,8,"形态: 两连阴 (-2.14%, -1.60%)"
002871,2026-07-07,20.39,18.84,-7.6,0.2,0,4,趋势: 多头排列 (5>20>60)
002871,2026-07-03,20.84,18.84,-9.6,1.49,0,6,趋势: 多头排列 (5>20>60) | 形态: 10日内有涨停
002871,2026-07-01,23.23,18.84,-18.9,-7.1,0,8,趋势: 多头排列 (5>20>60) | 形态: 10日内有涨停 | 趋势: 高于MA20 | 动量: 突破转强 (阳线上穿5/10)
000948,2026-07-10,13.3,13.45,1.13,1.13,1,1,形态: 10日内有涨停 | 趋势: 高于MA20
000948,2026-07-09,13.56,13.45,-0.81,-0.81,0,2,量能: 放量 (2.83X) | 形态: 10日内有涨停 | 趋势: 高于MA20 | 动量: 突破转强 (阳线上穿5/10)
600399,2026-07-10,4.13,3.86,-6.54,-6.54,0,1,"量能: 放量 (2.02X) | 形态: 两连阴 (-2.47%, -1.27%) | 动量: 突破转强 (阳线上穿5/10)"
600399,2026-07-09,3.9,3.86,-1.03,5.9,0,2,"形态: 两连阴 (-2.41%, -2.47%)"
600399,2026-07-01,4.22,3.86,-8.53,0.47,0,8,形态: 10日内有涨停
603218,2026-07-10,9.6,9.34,-2.71,-2.71,0,1,"形态: 两连阴 (-2.54%, -1.77%)"
603218,2026-07-03,10.34,9.34,-9.67,-2.03,0,6,动量: 突破转强 (阳线上穿5/10)
603218,2026-07-09,9.42,9.34,-0.85,1.91,0,2,"形态: 两连阴 (-2.86%, -2.54%)"
603709,2026-07-10,13.58,13.11,-3.46,-3.46,0,1,"形态: 两连阴 (-0.67%, -1.04%)"
603709,2026-07-03,14.12,13.11,-7.15,-0.21,0,6,动量: 突破转强 (阳线上穿5/10)
603709,2026-07-09,13.28,13.11,-1.28,2.26,0,2,"形态: 两连阴 (-4.12%, -0.67%)"
600530,2026-07-07,5.46,5.13,-6.04,-1.83,0,4,形态: 10日内有涨停
600530,2026-07-10,5.34,5.13,-3.93,-3.93,0,1,"形态: 10日内有涨停 | 形态: 两连阴 (-1.83%, -0.56%)"
600530,2026-07-03,5.7,5.13,-10.0,1.58,0,6,形态: 10日内有涨停 | 动量: 突破转强 (阳线上穿5/10)
600530,2026-07-09,5.33,5.13,-3.75,0.19,0,2,"形态: 10日内有涨停 | 形态: 两连阴 (-5.70%, -1.83%)"
600530,2026-07-01,5.06,5.13,1.38,14.43,1,8,"形态: 两连阴 (-6.16%, -1.99%)"
002131,2026-07-07,4.23,4.23,0.0,8.98,0,4,"形态: 两连阴 (-1.95%, -5.31%)"
002131,2026-07-10,4.61,4.23,-8.24,-8.24,0,1,量能: 放量 (1.83X) | 动量: 突破转强 (阳线上穿5/10)
002131,2026-07-09,4.35,4.23,-2.76,5.98,0,2,"形态: 两连阴 (-1.17%, -0.47%)"
600475,2026-07-07,13.93,13.15,-5.6,-4.24,0,4,"形态: 两连阴 (-1.69%, -1.17%) | 趋势: 高于MA20"
600475,2026-07-03,14.55,13.15,-9.62,-1.17,0,6,趋势: 高于MA20
600475,2026-07-09,13.28,13.15,-0.98,0.45,0,2,"形态: 两连阴 (-3.13%, -4.81%)"
600475,2026-07-01,15.38,13.15,-14.5,-3.77,0,8,趋势: 高于MA20 | 动量: 突破转强 (阳线上穿5/10)
600367,2026-07-07,45.68,37.7,-17.47,-5.28,0,4,"形态: 10日内有涨停 | 形态: 两连阴 (-9.09%, -10.00%)"
600367,2026-07-10,41.18,37.7,-8.45,-8.45,0,1,形态: 10日内有涨停
600367,2026-07-03,52.98,37.7,-28.84,-10.0,0,6,趋势: 多头排列 (5>20>60) | 形态: 10日内有涨停
600367,2026-07-09,43.27,37.7,-12.87,-4.83,0,2,"形态: 10日内有涨停 | 形态: 两连阴 (-4.19%, -6.61%)"
600367,2026-07-01,63.8,37.7,-40.91,-8.65,0,8,趋势: 多头排列 (5>20>60) | 形态: 10日内有涨停 | 趋势: 高于MA20 | 动量: 突破转强 (阳线上穿5/10)
002598,2026-07-10,6.8,6.73,-1.03,-1.03,0,1,趋势: 高于MA20 | 动量: 突破转强 (阳线上穿5/10)
002598,2026-07-03,6.99,6.73,-3.72,-2.43,0,6,趋势: 高于MA20 | 动量: 突破转强 (阳线上穿5/10)
000715,2026-07-10,4.77,4.72,-1.05,-1.05,0,1,趋势: 高于MA20 | 动量: 突破转强 (阳线上穿5/10)
000715,2026-07-03,4.78,4.72,-1.26,1.26,0,6,动量: 突破转强 (阳线上穿5/10)
603885,2026-07-10,10.28,10.03,-2.43,-2.43,0,1,"形态: 两连阴 (-1.14%, -2.31%)"
603885,2026-07-09,10.16,10.03,-1.28,1.18,0,2,"形态: 两连阴 (-1.59%, -1.14%)"
603885,2026-07-01,10.75,10.03,-6.7,-0.56,0,8,"形态: 两连阴 (-1.03%, -2.65%) | 动量: 突破转强 (阳线上穿5/10)"
002632,2026-07-10,8.9,8.52,-4.27,-4.27,0,1,量能: 放量 (2.19X) | 形态: 10日内有涨停
002632,2026-07-03,8.93,8.52,-4.59,2.46,0,6,"形态: 两连阴 (-1.00%, -2.13%)"
002632,2026-07-09,9.15,8.52,-6.89,-2.73,0,2,"形态: 10日内有涨停 | 形态: 两连阴 (-2.07%, -2.23%) | 动量: 突破转强 (阳线上穿5/10)"
605151,2026-07-07,18.63,17.72,-4.88,-1.18,0,4,形态: 10日内有涨停
605151,2026-07-10,18.41,17.72,-3.75,-3.75,0,1,"形态: 两连阴 (-2.90%, -1.05%)"
605151,2026-07-03,19.27,17.72,-8.04,-0.99,0,6,形态: 10日内有涨停 | 趋势: 高于MA20 | 动量: 突破转强 (阳线上穿5/10)
605151,2026-07-09,17.9,17.72,-1.01,2.85,0,2,"形态: 两连阴 (-2.36%, -2.90%)"
605151,2026-07-01,18.03,17.72,-1.72,6.88,0,8,"形态: 10日内有涨停 | 形态: 两连阴 (-2.70%, -2.11%)"
600848,2026-07-10,7.71,7.57,-1.82,-1.82,0,1,"形态: 两连阴 (-1.18%, -0.27%) | 动量: 突破转强 (阳线上穿5/10)"
600848,2026-07-03,7.75,7.57,-2.32,2.84,0,6,动量: 突破转强 (阳线上穿5/10)
600848,2026-07-09,7.52,7.57,0.66,2.53,1,2,"形态: 两连阴 (-4.27%, -1.18%)"
600596,2026-07-07,13.1,11.33,-13.51,2.44,0,4,形态: 10日内有涨停
600596,2026-07-03,13.3,11.33,-14.81,2.03,0,6,"形态: 10日内有涨停 | 形态: 两连阴 (-4.57%, -6.11%)"
600596,2026-07-09,13.42,11.33,-15.57,-6.18,0,2,"形态: 两连阴 (-3.46%, -3.59%)"
600596,2026-07-01,15.23,11.33,-25.61,-6.11,0,8,"趋势: 多头排列 (5>20>60) | 形态: 10日内有涨停 | 形态: 两连阴 (-10.00%, -0.37%)"
603803,2026-07-10,11.45,10.88,-4.98,-4.98,0,1,动量: 突破转强 (阳线上穿5/10)
603803,2026-07-03,11.17,10.88,-2.6,2.51,0,6,"形态: 两连阴 (-1.45%, -4.24%)"
002095,2026-07-10,13.03,12.55,-3.68,-3.68,0,1,动量: 突破转强 (阳线上穿5/10)
002095,2026-07-03,13.11,12.55,-4.27,-0.61,0,6,趋势: 高于MA20
002095,2026-07-01,13.22,12.55,-5.07,-0.83,0,8,趋势: 高于MA20
600199,2026-07-07,6.22,6.27,0.8,3.86,1,4,形态: 10日内有涨停
600199,2026-07-10,6.46,6.27,-2.94,-2.94,0,1,"形态: 10日内有涨停 | 形态: 两连阴 (-0.96%, -0.16%) | 动量: 突破转强 (阳线上穿5/10)"
600199,2026-07-03,6.6,6.27,-5.0,0.15,0,6,形态: 10日内有涨停 | 动量: 突破转强 (阳线上穿5/10)
600199,2026-07-09,6.15,6.27,1.95,5.04,1,2,"形态: 10日内有涨停 | 形态: 两连阴 (-5.90%, -0.96%)"
600199,2026-07-01,6.72,6.27,-6.7,-1.64,0,8,量能: 放量 (1.63X) | 形态: 10日内有涨停 | 动量: 突破转强 (阳线上穿5/10)
600158,2026-07-07,6.45,6.23,-3.41,1.4,0,4,"形态: 两连阴 (-0.15%, -2.21%)"
600158,2026-07-10,6.54,6.23,-4.74,-4.74,0,1,"形态: 两连阴 (-1.24%, -0.47%)"
600158,2026-07-09,6.34,6.23,-1.74,3.15,0,2,"形态: 两连阴 (-3.01%, -1.24%)"
600158,2026-07-01,6.85,6.23,-9.05,-0.58,0,8,"形态: 两连阴 (-0.59%, -0.44%)"
600888,2026-07-07,12.82,10.58,-17.47,-2.5,0,4,"趋势: 多头排列 (5>20>60) | 形态: 10日内有涨停 | 形态: 两连阴 (-5.21%, -3.73%)"
600888,2026-07-10,11.75,10.58,-9.96,-9.96,0,1,"形态: 两连阴 (-2.50%, -2.64%)"
600888,2026-07-03,14.2,10.58,-25.49,-3.73,0,6,趋势: 多头排列 (5>20>60) | 形态: 10日内有涨停 | 趋势: 高于MA20
600888,2026-07-09,12.17,10.58,-13.06,-3.45,0,2,"形态: 两连阴 (-6.22%, -2.50%)"
600888,2026-07-01,16.04,10.58,-34.04,-6.61,0,8,趋势: 多头排列 (5>20>60) | 形态: 10日内有涨停 | 趋势: 高于MA20 | 动量: 突破转强 (阳线上穿5/10)
000802,2026-07-07,3.64,3.45,-5.22,4.95,0,4,动量: 突破转强 (阳线上穿5/10)
000802,2026-07-10,3.82,3.45,-9.69,-9.69,0,1,量能: 放量 (1.63X) | 趋势: 高于MA20 | 动量: 突破转强 (阳线上穿5/10)
000802,2026-07-09,3.74,3.45,-7.75,2.14,0,2,动量: 突破转强 (阳线上穿5/10)
600279,2026-07-10,3.95,4.0,1.27,1.27,1,1,趋势: 高于MA20 | 动量: 突破转强 (阳线上穿5/10)
600279,2026-07-03,3.95,4.0,1.27,1.27,1,6,动量: 突破转强 (阳线上穿5/10)
000886,2026-07-10,4.28,4.16,-2.8,-2.8,0,1,趋势: 高于MA20 | 动量: 突破转强 (阳线上穿5/10)
000886,2026-07-03,4.2,4.16,-0.95,1.9,0,6,动量: 突破转强 (阳线上穿5/10)
000886,2026-07-09,4.15,4.16,0.24,3.13,1,2,动量: 突破转强 (阳线上穿5/10)
603886,2026-07-07,12.32,11.34,-7.95,-0.08,0,4,趋势: 多头排列 (5>20>60)
603886,2026-07-03,13.11,11.34,-13.5,-2.36,0,6,趋势: 多头排列 (5>20>60) | 趋势: 高于MA20 | 动量: 突破转强 (阳线上穿5/10)
603886,2026-07-09,12.23,11.34,-7.28,0.65,0,2,"形态: 两连阴 (-3.75%, -1.54%)"
603886,2026-07-01,12.69,11.34,-10.64,3.31,0,8,趋势: 多头排列 (5>20>60) | 趋势: 高于MA20
605300,2026-07-07,8.88,8.88,0.0,0.23,0,4,形态: 10日内有涨停
605300,2026-07-10,8.82,8.88,0.68,0.68,1,1,形态: 10日内有涨停
605300,2026-07-03,9.03,8.88,-1.66,0.89,0,6,"形态: 10日内有涨停 | 形态: 两连阴 (-3.79%, -1.39%)"
605300,2026-07-09,8.69,8.88,2.19,2.19,1,2,形态: 10日内有涨停
605300,2026-07-01,9.38,8.88,-5.33,-1.39,0,8,形态: 10日内有涨停 | 趋势: 高于MA20
601615,2026-07-10,11.37,10.35,-8.97,-8.97,0,1,量能: 放量 (1.74X) | 动量: 突破转强 (阳线上穿5/10)
601615,2026-07-03,11.8,10.35,-12.29,-3.64,0,6,动量: 突破转强 (阳线上穿5/10)
601615,2026-07-09,10.6,10.35,-2.36,7.26,0,2,"形态: 两连阴 (-5.12%, -2.98%)"
002795,2026-07-07,6.36,5.88,-7.55,1.42,0,4,"形态: 两连阴 (-5.12%, -2.92%)"
002795,2026-07-09,6.36,5.88,-7.55,1.42,0,2,"形态: 两连阴 (-4.50%, -1.10%)"
002795,2026-07-01,7.24,5.88,-18.78,-0.14,0,8,"量能: 放量 (1.66X) | 形态: 两连阴 (-0.44%, -2.05%) | 动量: 突破转强 (阳线上穿5/10)"
600007,2026-07-10,19.62,19.69,0.36,0.36,1,1,趋势: 高于MA20
600007,2026-07-09,19.62,19.69,0.36,0.36,1,2,趋势: 高于MA20 | 动量: 突破转强 (阳线上穿5/10)
600007,2026-07-01,19.26,19.69,2.23,2.86,1,8,动量: 突破转强 (阳线上穿5/10)
601872,2026-07-07,16.2,14.83,-8.46,-0.62,0,4,形态: 10日内有涨停
601872,2026-07-03,17.0,14.83,-12.76,4.0,0,6,"形态: 10日内有涨停 | 形态: 两连阴 (-3.98%, -2.02%) | 趋势: 高于MA20"
601872,2026-07-09,16.1,14.83,-7.89,-3.91,0,2,"形态: 两连阴 (-8.37%, -4.01%)"
601872,2026-07-01,16.87,14.83,-12.09,4.8,0,8,"形态: 10日内有涨停 | 形态: 两连阴 (-6.65%, -3.78%) | 趋势: 高于MA20"
605069,2026-07-07,13.62,11.64,-14.54,-5.07,0,4,"形态: 10日内有涨停 | 形态: 两连阴 (-5.16%, -7.63%) | 趋势: 高于MA20"
605069,2026-07-03,15.07,11.64,-22.76,-7.63,0,6,形态: 10日内有涨停 | 趋势: 高于MA20
605069,2026-07-09,12.92,11.64,-9.91,0.08,0,2,"形态: 两连阴 (-2.16%, -5.29%)"
605069,2026-07-01,15.83,11.64,-26.47,0.38,0,8,形态: 10日内有涨停 | 趋势: 高于MA20
600188,2026-07-10,18.16,17.97,-1.05,-1.05,0,1,"形态: 两连阴 (-0.71%, -1.00%)"
600188,2026-07-09,17.88,17.97,0.5,1.57,1,2,"形态: 两连阴 (-3.24%, -0.71%)"
600497,2026-07-07,10.34,8.9,-13.93,-5.32,0,4,"趋势: 多头排列 (5>20>60) | 形态: 10日内有涨停 | 形态: 两连阴 (-5.85%, -1.83%)"
600497,2026-07-03,10.95,8.9,-18.72,-1.83,0,6,趋势: 多头排列 (5>20>60) | 形态: 10日内有涨停 | 趋势: 高于MA20
600497,2026-07-09,9.79,8.9,-9.09,-2.86,0,2,"形态: 两连阴 (-3.81%, -7.16%)"
600497,2026-07-01,12.22,8.9,-27.17,-4.83,0,8,趋势: 多头排列 (5>20>60) | 形态: 10日内有涨停 | 趋势: 高于MA20
600629,2026-07-10,12.75,14.03,10.04,10.04,1,1,量能: 放量 (1.52X) | 形态: 10日内有涨停 | 动量: 突破转强 (阳线上穿5/10)
605555,2026-07-10,12.46,12.1,-2.89,-2.89,0,1,"形态: 两连阴 (-2.85%, -0.08%)"
605555,2026-07-03,13.7,12.1,-11.68,-5.11,0,6,动量: 突破转强 (阳线上穿5/10)
605555,2026-07-09,12.28,12.1,-1.47,1.47,0,2,"形态: 两连阴 (-2.69%, -2.85%)"
600379,2026-07-07,16.9,13.55,-19.82,-10.0,0,4,形态: 10日内有涨停 | 趋势: 高于MA20 | 动量: 突破转强 (阳线上穿5/10)
600379,2026-07-10,14.78,13.55,-8.32,-8.32,0,1,"趋势: 多头排列 (5>20>60) | 形态: 10日内有涨停 | 形态: 两连阴 (-10.00%, -2.43%) | 趋势: 高于MA20"
600379,2026-07-03,15.63,13.55,-13.31,8.13,0,6,形态: 10日内有涨停 | 趋势: 高于MA20 | 动量: 突破转强 (阳线上穿5/10)
600379,2026-07-09,14.84,13.55,-8.69,-0.4,0,2,形态: 10日内有涨停 | 趋势: 高于MA20
600379,2026-07-01,15.38,13.55,-11.9,9.88,0,8,形态: 10日内有涨停 | 趋势: 高于MA20 | 动量: 突破转强 (阳线上穿5/10)
600143,2026-07-07,15.38,14.72,-4.29,-1.11,0,4,形态: 10日内有涨停
600143,2026-07-10,15.21,14.72,-3.22,-3.22,0,1,形态: 10日内有涨停
600143,2026-07-03,17.01,14.72,-13.46,-5.0,0,6,量能: 放量 (1.91X) | 形态: 10日内有涨停 | 趋势: 高于MA20 | 动量: 突破转强 (阳线上穿5/10)
600143,2026-07-09,15.12,14.72,-2.65,0.6,0,2,"形态: 10日内有涨停 | 形态: 两连阴 (-4.83%, -4.10%)"
002254,2026-07-07,14.78,13.46,-8.93,-3.92,0,4,"形态: 10日内有涨停 | 形态: 两连阴 (-1.24%, -9.05%)"
002254,2026-07-03,16.68,13.46,-19.3,-9.05,0,6,"趋势: 多头排列 (5>20>60) | 形态: 10日内有涨停 | 形态: 两连阴 (-4.95%, -2.31%)"
002254,2026-07-09,14.07,13.46,-4.34,0.92,0,2,"形态: 两连阴 (-2.57%, -5.48%)"
002254,2026-07-01,17.29,13.46,-22.15,-2.31,0,8,趋势: 多头排列 (5>20>60) | 形态: 10日内有涨停 | 趋势: 高于MA20
600855,2026-07-10,13.82,12.44,-9.99,-9.99,0,1,量能: 放量 (1.93X) | 动量: 突破转强 (阳线上穿5/10)
600855,2026-07-03,14.56,12.44,-14.56,-5.08,0,6,趋势: 高于MA20 | 动量: 突破转强 (阳线上穿5/10)
600855,2026-07-09,13.01,12.44,-4.38,6.23,0,2,"形态: 两连阴 (-4.61%, -2.84%)"
600855,2026-07-01,14.31,12.44,-13.07,1.75,0,8,动量: 突破转强 (阳线上穿5/10)
601969,2026-07-07,8.23,7.79,-5.35,-1.09,0,4,"形态: 两连阴 (-0.57%, -1.27%)"
601969,2026-07-10,7.94,7.79,-1.89,-1.89,0,1,"形态: 两连阴 (-1.09%, -2.83%)"
601969,2026-07-09,7.91,7.79,-1.52,0.38,0,2,"形态: 两连阴 (-3.74%, -1.09%)"
603042,2026-07-07,12.04,11.19,-7.06,1.58,0,4,"形态: 两连阴 (-1.04%, -3.47%)"
603042,2026-07-03,13.27,11.19,-15.67,-3.47,0,6,"形态: 两连阴 (-3.33%, -3.66%)"
603042,2026-07-09,12.23,11.19,-8.5,-0.08,0,2,"形态: 两连阴 (-6.01%, -0.08%)"
000967,2026-07-07,9.65,8.23,-14.72,-3.11,0,4,形态: 10日内有涨停
000967,2026-07-10,9.08,8.23,-9.36,-9.36,0,1,"形态: 10日内有涨停 | 形态: 两连阴 (-3.11%, -1.60%)"
000967,2026-07-03,10.48,8.23,-21.47,-3.44,0,6,"形态: 10日内有涨停 | 形态: 两连阴 (-2.56%, -0.10%) | 趋势: 高于MA20"
000967,2026-07-09,9.2,8.23,-10.54,-1.3,0,2,"形态: 10日内有涨停 | 形态: 两连阴 (-4.64%, -3.11%)"
000967,2026-07-01,10.26,8.23,-19.79,2.14,0,8,形态: 10日内有涨停
002082,2026-07-07,12.17,11.88,-2.38,5.75,0,4,趋势: 高于MA20 | 动量: 突破转强 (阳线上穿5/10)
002082,2026-07-10,12.29,11.88,-3.34,-3.34,0,1,趋势: 高于MA20
002082,2026-07-03,11.59,11.88,2.5,11.04,1,6,动量: 突破转强 (阳线上穿5/10)
002082,2026-07-09,12.26,11.88,-3.1,0.24,0,2,趋势: 高于MA20
002082,2026-07-01,11.0,11.88,8.0,17.0,1,8,"形态: 两连阴 (-3.41%, -2.14%)"
000859,2026-07-07,9.0,7.97,-11.44,-4.0,0,4,"形态: 10日内有涨停 | 形态: 两连阴 (-4.23%, -2.21%)"
000859,2026-07-10,8.62,7.97,-7.54,-7.54,0,1,形态: 10日内有涨停
000859,2026-07-03,9.51,7.97,-16.19,-2.21,0,6,形态: 10日内有涨停
000859,2026-07-09,8.64,7.97,-7.75,-0.23,0,2,"形态: 10日内有涨停 | 形态: 两连阴 (-3.23%, -6.00%)"
000859,2026-07-01,10.44,7.97,-23.66,-4.89,0,8,形态: 10日内有涨停
002264,2026-07-10,5.93,5.78,-2.53,-2.53,0,1,"形态: 两连阴 (-0.17%, -1.37%) | 动量: 突破转强 (阳线上穿5/10)"
002264,2026-07-03,6.04,5.78,-4.3,-0.17,0,6,动量: 突破转强 (阳线上穿5/10)
002264,2026-07-09,5.78,5.78,0.0,2.6,0,2,"形态: 两连阴 (-2.65%, -0.17%)"
002810,2026-07-07,24.45,19.85,-18.81,-9.98,0,4,趋势: 高于MA20
002810,2026-07-10,20.65,19.85,-3.87,-3.87,0,1,"形态: 两连阴 (-9.98%, -3.68%)"
002810,2026-07-03,25.52,19.85,-22.22,-3.57,0,6,趋势: 高于MA20 | 动量: 突破转强 (阳线上穿5/10)
002810,2026-07-09,21.2,19.85,-6.37,-2.59,0,2,"量能: 放量 (1.61X) | 形态: 两连阴 (-0.65%, -9.98%)"
002810,2026-07-01,25.66,19.85,-22.64,-0.55,0,8,趋势: 高于MA20 | 动量: 突破转强 (阳线上穿5/10)
600635,2026-07-10,4.35,4.32,-0.69,-0.69,0,1,动量: 突破转强 (阳线上穿5/10)
600635,2026-07-03,4.54,4.32,-4.85,-3.3,0,6,动量: 突破转强 (阳线上穿5/10)
600635,2026-07-09,4.27,4.32,1.17,1.87,1,2,"形态: 两连阴 (-2.73%, -0.23%)"
600635,2026-07-01,4.42,4.32,-2.26,2.71,0,8,量能: 放量 (1.52X)
603070,2026-07-03,12.98,10.86,-16.33,-6.09,0,6,"形态: 两连阴 (-0.08%, -0.64%)"
603070,2026-07-09,11.35,10.86,-4.32,1.15,0,2,"形态: 两连阴 (-4.02%, -3.25%)"
002599,2026-07-10,5.3,5.11,-3.58,-3.58,0,1,"形态: 两连阴 (-1.13%, -0.76%)"
002599,2026-07-03,5.58,5.11,-8.42,-1.61,0,6,量能: 放量 (1.64X) | 动量: 突破转强 (阳线上穿5/10)
002599,2026-07-09,5.23,5.11,-2.29,1.34,0,2,"形态: 两连阴 (-2.91%, -1.13%)"
600470,2026-07-07,6.9,6.26,-9.28,0.87,0,4,形态: 10日内有涨停 | 趋势: 高于MA20 | 动量: 突破转强 (阳线上穿5/10)
600470,2026-07-10,6.96,6.26,-10.06,-10.06,0,1,趋势: 多头排列 (5>20>60) | 形态: 10日内有涨停 | 趋势: 高于MA20 | 动量: 突破转强 (阳线上穿5/10)
600470,2026-07-03,6.08,6.26,2.96,14.47,1,6,形态: 10日内有涨停 | 趋势: 高于MA20
600470,2026-07-09,6.77,6.26,-7.53,2.81,0,2,形态: 10日内有涨停 | 趋势: 高于MA20 | 动量: 突破转强 (阳线上穿5/10)
600470,2026-07-01,6.38,6.26,-1.88,9.09,0,8,"形态: 10日内有涨停 | 形态: 两连阴 (-2.14%, -2.36%) | 趋势: 高于MA20 | 动量: 突破转强 (阳线上穿5/10)"
002491,2026-07-07,23.16,19.87,-14.21,0.6,0,4,"形态: 10日内有涨停 | 形态: 两连阴 (-4.36%, -5.26%)"
002491,2026-07-03,25.47,19.87,-21.99,-5.26,0,6,"趋势: 多头排列 (5>20>60) | 形态: 10日内有涨停 | 形态: 两连阴 (-8.67%, -10.00%)"
002491,2026-07-09,23.3,19.87,-14.72,-5.24,0,2,"形态: 两连阴 (-4.02%, -2.37%)"
002491,2026-07-01,29.59,19.87,-32.85,-10.0,0,8,"趋势: 多头排列 (5>20>60) | 形态: 10日内有涨停 | 形态: 两连阴 (-8.16%, -2.41%) | 趋势: 高于MA20"
002016,2026-07-10,4.04,3.93,-2.72,-2.72,0,1,动量: 突破转强 (阳线上穿5/10)
002666,2026-07-10,3.88,3.79,-2.32,-2.32,0,1,"形态: 两连阴 (-1.28%, -1.04%)"
002666,2026-07-03,4.07,3.79,-6.88,-0.74,0,6,动量: 突破转强 (阳线上穿5/10)
002666,2026-07-09,3.82,3.79,-0.79,1.57,0,2,"形态: 两连阴 (-3.22%, -1.28%)"
603089,2026-07-10,8.33,8.16,-2.04,-2.04,0,1,"形态: 两连阴 (-1.79%, -2.07%)"
603089,2026-07-03,8.93,8.16,-8.62,-1.34,0,6,动量: 突破转强 (阳线上穿5/10)
603089,2026-07-09,8.06,8.16,1.24,3.35,1,2,"量能: 放量 (1.54X) | 形态: 两连阴 (-4.88%, -1.79%)"
603089,2026-07-01,8.59,8.16,-5.01,3.96,0,8,"形态: 两连阴 (-0.24%, -0.36%)"
600577,2026-07-10,8.63,7.88,-8.69,-8.69,0,1,"形态: 两连阴 (-2.37%, -0.23%)"
600577,2026-07-03,9.69,7.88,-18.68,-3.3,0,6,"形态: 两连阴 (-3.07%, -0.95%)"
600577,2026-07-09,8.64,7.88,-8.8,-0.12,0,2,"形态: 两连阴 (-5.34%, -2.37%)"
603637,2026-07-07,13.98,12.54,-10.3,-3.08,0,4,"形态: 两连阴 (-0.61%, -4.26%)"
603637,2026-07-01,14.32,12.54,-12.43,2.3,0,8,"形态: 10日内有涨停 | 形态: 两连阴 (-10.01%, -8.29%)"
002732,2026-07-10,12.75,12.51,-1.88,-1.88,0,1,"形态: 两连阴 (-0.55%, -1.19%)"
002732,2026-07-03,13.01,12.51,-3.84,1.31,0,6,动量: 突破转强 (阳线上穿5/10)
002732,2026-07-09,12.5,12.51,0.08,2.0,1,2,"形态: 两连阴 (-3.49%, -0.55%)"
002732,2026-07-01,12.69,12.51,-1.42,3.86,0,8,"形态: 两连阴 (-0.63%, -2.05%)"
601068,2026-07-10,4.28,4.14,-3.27,-3.27,0,1,"形态: 两连阴 (-0.71%, -0.47%)"
601068,2026-07-09,4.2,4.14,-1.43,1.9,0,2,"形态: 两连阴 (-2.97%, -0.71%)"
601068,2026-07-01,4.35,4.14,-4.83,1.15,0,8,"形态: 两连阴 (-0.90%, -1.82%)"
002201,2026-07-03,10.31,8.11,-21.34,-9.02,0,6,"形态: 两连阴 (-2.01%, -3.92%)"
002201,2026-07-09,8.7,8.11,-6.78,2.53,0,2,"形态: 两连阴 (-4.37%, -3.79%)"
002201,2026-07-01,10.71,8.11,-24.28,-3.73,0,8,形态: 10日内有涨停
001299,2026-07-10,9.97,9.67,-3.01,-3.01,0,1,"形态: 两连阴 (-0.79%, -1.68%)"
001299,2026-07-03,10.43,9.67,-7.29,-0.67,0,6,动量: 突破转强 (阳线上穿5/10)
001299,2026-07-09,9.93,9.67,-2.62,0.4,0,2,"形态: 两连阴 (-1.74%, -0.79%)"
002849,2026-07-07,15.54,15.68,0.9,0.9,1,4,"形态: 10日内有涨停 | 形态: 两连阴 (-1.27%, -3.17%)"
002849,2026-07-10,14.96,15.68,4.81,4.81,1,1,"形态: 10日内有涨停 | 形态: 两连阴 (-1.03%, -0.91%)"
002849,2026-07-03,16.38,15.68,-4.27,-3.17,0,6,"形态: 10日内有涨停 | 形态: 两连阴 (-0.12%, -1.83%)"
002849,2026-07-09,15.24,15.68,2.89,2.89,1,2,"形态: 10日内有涨停 | 形态: 两连阴 (-2.02%, -1.03%)"
002849,2026-07-01,16.9,15.68,-7.22,-1.83,0,8,形态: 10日内有涨停 | 趋势: 高于MA20
000155,2026-07-10,10.9,10.58,-2.94,-2.94,0,1,"形态: 两连阴 (-4.75%, -2.23%)"
000155,2026-07-09,10.98,10.58,-3.64,-0.73,0,2,"形态: 两连阴 (-1.83%, -4.75%)"
002403,2026-07-07,10.6,9.35,-11.79,-7.45,0,4,形态: 10日内有涨停 | 趋势: 高于MA20
002403,2026-07-10,9.81,9.35,-4.69,-4.69,0,1,"形态: 10日内有涨停 | 形态: 两连阴 (-7.55%, -1.12%) | 趋势: 高于MA20"
002403,2026-07-03,10.71,9.35,-12.7,9.99,0,6,形态: 10日内有涨停 | 趋势: 高于MA20 | 动量: 突破转强 (阳线上穿5/10)
002403,2026-07-09,9.69,9.35,-3.51,1.24,0,2,"形态: 10日内有涨停 | 形态: 两连阴 (-10.02%, -7.55%)"
002403,2026-07-01,9.81,9.35,-4.69,20.08,0,8,量能: 放量 (1.55X) | 形态: 10日内有涨停 | 趋势: 高于MA20 | 动量: 突破转强 (阳线上穿5/10)
600552,2026-07-07,23.48,19.92,-15.16,-0.64,0,4,"趋势: 多头排列 (5>20>60) | 形态: 10日内有涨停 | 形态: 两连阴 (-5.08%, -7.25%)"
600552,2026-07-03,25.39,19.92,-21.54,-7.25,0,6,"趋势: 多头排列 (5>20>60) | 形态: 10日内有涨停 | 形态: 两连阴 (-8.99%, -9.78%) | 趋势: 高于MA20"
600552,2026-07-09,23.33,19.92,-14.62,-5.14,0,2,"形态: 10日内有涨停 | 形态: 两连阴 (-0.30%, -6.60%)"
600552,2026-07-01,29.65,19.92,-32.82,-9.78,0,8,趋势: 多头排列 (5>20>60) | 形态: 10日内有涨停 | 趋势: 高于MA20
600965,2026-07-10,2.73,2.62,-4.03,-4.03,0,1,趋势: 高于MA20 | 动量: 突破转强 (阳线上穿5/10)
600965,2026-07-03,2.8,2.62,-6.43,-2.5,0,6,动量: 突破转强 (阳线上穿5/10)
600965,2026-07-01,2.68,2.62,-2.24,4.48,0,8,动量: 突破转强 (阳线上穿5/10)
600973,2026-07-01,7.13,5.8,-18.65,-7.15,0,8,动量: 突破转强 (阳线上穿5/10)
600651,2026-07-07,5.43,5.39,-0.74,4.05,0,4,"形态: 两连阴 (-0.18%, -0.18%)"
600651,2026-07-10,5.65,5.39,-4.6,-4.6,0,1,动量: 突破转强 (阳线上穿5/10)
600651,2026-07-09,5.47,5.39,-1.46,3.29,0,2,"形态: 两连阴 (-2.34%, -0.55%)"
002212,2026-07-10,5.78,5.62,-2.77,-2.77,0,1,动量: 突破转强 (阳线上穿5/10)
002212,2026-07-03,5.74,5.62,-2.09,0.7,0,6,"形态: 两连阴 (-2.17%, -2.22%)"
603598,2026-07-07,15.98,15.74,-1.5,4.13,0,4,"形态: 两连阴 (-8.36%, -3.39%)"
002434,2026-07-07,6.28,5.79,-7.8,-3.18,0,4,形态: 10日内有涨停
002434,2026-07-10,6.0,5.79,-3.5,-3.5,0,1,"形态: 10日内有涨停 | 形态: 两连阴 (-3.18%, -1.32%)"
002434,2026-07-03,6.67,5.79,-13.19,-2.85,0,6,形态: 10日内有涨停 | 趋势: 高于MA20 | 动量: 突破转强 (阳线上穿5/10)
002434,2026-07-09,6.0,5.79,-3.5,0.0,0,2,"形态: 10日内有涨停 | 形态: 两连阴 (-3.09%, -3.18%)"
600137,2026-07-10,16.74,16.2,-3.23,-3.23,0,1,"形态: 两连阴 (-1.80%, -1.10%) | 动量: 突破转强 (阳线上穿5/10)"
600137,2026-07-03,17.4,16.2,-6.9,-0.75,0,6,动量: 突破转强 (阳线上穿5/10)
600137,2026-07-09,16.2,16.2,0.0,3.33,0,2,"形态: 两连阴 (-3.42%, -1.80%)"
000070,2026-07-03,17.99,16.2,-9.95,4.45,0,6,"形态: 10日内有涨停 | 形态: 两连阴 (-5.95%, -8.67%)"
000070,2026-07-09,18.18,16.2,-10.89,-0.99,0,2,"形态: 两连阴 (-3.25%, -4.18%)"
000070,2026-07-01,19.6,16.2,-17.35,-4.13,0,8,趋势: 多头排列 (5>20>60) | 形态: 10日内有涨停
000812,2026-07-10,3.2,3.12,-2.5,-2.5,0,1,动量: 突破转强 (阳线上穿5/10)
000812,2026-07-03,3.25,3.12,-4.0,-1.54,0,6,动量: 突破转强 (阳线上穿5/10)
002208,2026-07-07,17.66,20.88,18.23,18.23,1,4,趋势: 多头排列 (5>20>60) | 形态: 10日内有涨停 | 趋势: 高于MA20
002208,2026-07-10,19.43,20.88,7.46,7.46,1,1,趋势: 多头排列 (5>20>60) | 量能: 放量 (2.20X) | 形态: 10日内有涨停 | 趋势: 高于MA20 | 动量: 突破转强 (阳线上穿5/10)
002208,2026-07-03,19.22,20.88,8.64,8.64,1,6,"趋势: 多头排列 (5>20>60) | 形态: 10日内有涨停 | 形态: 两连阴 (-0.10%, -5.64%) | 趋势: 高于MA20"
002208,2026-07-09,19.12,20.88,9.21,9.21,1,2,"趋势: 多头排列 (5>20>60) | 形态: 10日内有涨停 | 形态: 两连阴 (-4.28%, -1.59%) | 趋势: 高于MA20 | 动量: 突破转强 (阳线上穿5/10)"
002208,2026-07-01,20.2,20.88,3.37,3.37,1,8,趋势: 多头排列 (5>20>60) | 形态: 10日内有涨停 | 趋势: 高于MA20
002137,2026-07-07,11.43,10.82,-5.34,7.17,0,4,趋势: 多头排列 (5>20>60) | 形态: 10日内有涨停 | 趋势: 高于MA20 | 动量: 突破转强 (阳线上穿5/10)
002137,2026-07-10,12.02,10.82,-9.98,-9.98,0,1,趋势: 多头排列 (5>20>60) | 形态: 10日内有涨停 | 趋势: 高于MA20
002137,2026-07-03,10.42,10.82,3.84,17.56,1,6,"趋势: 多头排列 (5>20>60) | 形态: 两连阴 (-6.35%, -8.17%)"
002137,2026-07-09,12.25,10.82,-11.67,-1.88,0,2,趋势: 多头排列 (5>20>60) | 形态: 10日内有涨停 | 趋势: 高于MA20 | 动量: 突破转强 (阳线上穿5/10)
002137,2026-07-01,10.77,10.82,0.46,13.74,1,8,趋势: 多头排列 (5>20>60) | 趋势: 高于MA20
002010,2026-07-10,4.59,4.47,-2.61,-2.61,0,1,"形态: 两连阴 (-0.22%, -1.09%)"
002010,2026-07-03,4.7,4.47,-4.89,0.85,0,6,动量: 突破转强 (阳线上穿5/10)
002010,2026-07-09,4.53,4.47,-1.32,1.32,0,2,"形态: 两连阴 (-3.16%, -0.22%)"
002010,2026-07-01,4.58,4.47,-2.4,3.49,0,8,"形态: 两连阴 (-0.22%, -1.97%)"
605208,2026-07-07,16.9,18.48,9.35,11.6,1,4,趋势: 多头排列 (5>20>60) | 形态: 10日内有涨停 | 趋势: 高于MA20
605208,2026-07-10,18.86,18.48,-2.01,-2.01,0,1,趋势: 多头排列 (5>20>60) | 形态: 10日内有涨停 | 趋势: 高于MA20 | 动量: 突破转强 (阳线上穿5/10)
605208,2026-07-03,16.87,18.48,9.54,11.8,1,6,趋势: 多头排列 (5>20>60) | 形态: 10日内有涨停 | 趋势: 高于MA20 | 动量: 突破转强 (阳线上穿5/10)
605208,2026-07-09,18.3,18.48,0.98,3.06,1,2,趋势: 多头排列 (5>20>60) | 形态: 10日内有涨停 | 趋势: 高于MA20 | 动量: 突破转强 (阳线上穿5/10)
605208,2026-07-01,16.55,18.48,11.66,13.96,1,8,形态: 10日内有涨停 | 趋势: 高于MA20 | 动量: 突破转强 (阳线上穿5/10)
002575,2026-07-07,4.64,4.56,-1.72,4.96,0,4,"形态: 两连阴 (-2.78%, -10.00%)"
000065,2026-07-07,9.19,8.59,-6.53,-2.5,0,4,"形态: 两连阴 (-0.31%, -3.28%)"
000065,2026-07-10,8.92,8.59,-3.7,-3.7,0,1,"形态: 两连阴 (-2.50%, -0.89%)"
000065,2026-07-09,8.88,8.59,-3.27,0.45,0,2,"形态: 两连阴 (-2.75%, -2.50%)"
000065,2026-07-01,9.84,8.59,-12.7,-0.41,0,8,"形态: 两连阴 (-3.75%, -1.80%)"
603366,2026-07-07,6.93,6.33,-8.66,-4.76,0,4,形态: 10日内有涨停 | 趋势: 高于MA20
603366,2026-07-10,6.6,6.33,-4.09,-4.09,0,1,形态: 10日内有涨停
603366,2026-07-03,7.06,6.33,-10.34,2.69,0,6,形态: 10日内有涨停 | 趋势: 高于MA20
603366,2026-07-09,6.49,6.33,-2.47,1.69,0,2,"形态: 10日内有涨停 | 形态: 两连阴 (-4.41%, -6.64%)"
603366,2026-07-01,7.41,6.33,-14.57,-2.16,0,8,量能: 放量 (2.32X) | 形态: 10日内有涨停 | 趋势: 高于MA20 | 动量: 突破转强 (阳线上穿5/10)
603002,2026-07-07,20.79,17.1,-17.75,-3.51,0,4,"趋势: 多头排列 (5>20>60) | 形态: 两连阴 (-1.80%, -4.07%)"
603002,2026-07-03,22.38,17.1,-23.59,-4.07,0,6,"趋势: 多头排列 (5>20>60) | 形态: 10日内有涨停 | 形态: 两连阴 (-1.61%, -4.16%) | 趋势: 高于MA20"
603002,2026-07-09,20.06,17.1,-14.76,-5.28,0,2,"形态: 两连阴 (-3.17%, -4.76%)"
603002,2026-07-01,23.78,17.1,-28.09,-4.16,0,8,"趋势: 多头排列 (5>20>60) | 形态: 10日内有涨停 | 形态: 两连阴 (-7.28%, -0.62%) | 趋势: 高于MA20"
603567,2026-07-07,4.65,4.87,4.73,4.73,1,4,形态: 10日内有涨停
603567,2026-07-10,4.78,4.87,1.88,1.88,1,1,形态: 10日内有涨停 | 动量: 突破转强 (阳线上穿5/10)
603567,2026-07-03,4.79,4.87,1.67,1.67,1,6,形态: 10日内有涨停 | 动量: 突破转强 (阳线上穿5/10)
603567,2026-07-09,4.62,4.87,5.41,5.41,1,2,形态: 10日内有涨停
603567,2026-07-01,4.82,4.87,1.04,1.04,1,8,形态: 10日内有涨停 | 动量: 突破转强 (阳线上穿5/10)
000338,2026-07-07,29.72,26.6,-10.5,-6.09,0,4,趋势: 高于MA20 | 动量: 突破转强 (阳线上穿5/10)
000338,2026-07-10,27.57,26.6,-3.52,-3.52,0,1,"形态: 两连阴 (-6.09%, -0.25%)"
002772,2026-07-07,12.64,13.13,3.88,3.88,1,4,趋势: 高于MA20
002772,2026-07-10,12.72,13.13,3.22,3.22,1,1,趋势: 高于MA20
002772,2026-07-03,13.88,13.13,-5.4,-5.4,0,6,量能: 放量 (2.02X) | 趋势: 高于MA20 | 动量: 突破转强 (阳线上穿5/10)
002772,2026-07-09,12.6,13.13,4.21,4.21,1,2,趋势: 高于MA20
002636,2026-07-07,100.03,86.98,-13.05,-0.47,0,4,"趋势: 多头排列 (5>20>60) | 形态: 两连阴 (-4.15%, -9.50%)"
002636,2026-07-03,106.95,86.98,-18.67,-6.47,0,6,趋势: 多头排列 (5>20>60) | 趋势: 高于MA20
002636,2026-07-01,111.36,86.98,-21.89,0.2,0,8,趋势: 多头排列 (5>20>60) | 趋势: 高于MA20
002675,2026-07-07,12.62,12.83,1.66,1.66,1,4,趋势: 高于MA20
002675,2026-07-10,12.83,12.83,0.0,0.0,0,1,"形态: 两连阴 (-0.48%, -1.51%) | 趋势: 高于MA20 | 动量: 突破转强 (阳线上穿5/10)"
002675,2026-07-03,12.92,12.83,-0.7,0.08,0,6,趋势: 高于MA20 | 动量: 突破转强 (阳线上穿5/10)
002675,2026-07-09,12.37,12.83,3.72,3.72,1,2,"形态: 两连阴 (-2.40%, -0.48%)"
002675,2026-07-01,12.78,12.83,0.39,1.17,1,8,趋势: 高于MA20 | 动量: 突破转强 (阳线上穿5/10)
001318,2026-07-03,10.45,10.05,-3.83,0.67,0,6,动量: 突破转强 (阳线上穿5/10)
601600,2026-07-10,8.35,8.11,-2.87,-2.87,0,1,"形态: 两连阴 (-0.97%, -0.98%) | 动量: 突破转强 (阳线上穿5/10)"
601600,2026-07-03,8.33,8.11,-2.64,1.8,0,6,"形态: 两连阴 (-0.24%, -0.37%)"
601600,2026-07-09,8.1,8.11,0.12,3.09,1,2,"形态: 两连阴 (-2.59%, -0.97%)"
000957,2026-07-10,9.32,8.99,-3.54,-3.54,0,1,"形态: 两连阴 (-1.25%, -2.22%)"
000957,2026-07-03,9.86,8.99,-8.82,-0.2,0,6,动量: 突破转强 (阳线上穿5/10)
000957,2026-07-09,9.26,8.99,-2.92,0.65,0,2,"形态: 两连阴 (-2.54%, -1.25%)"
002669,2026-07-07,15.07,12.62,-16.26,-6.24,0,4,"形态: 两连阴 (-6.03%, -9.43%)"
002669,2026-07-10,13.54,12.62,-6.79,-6.79,0,1,"形态: 两连阴 (-6.24%, -1.27%)"
002669,2026-07-03,17.29,12.62,-27.01,-9.43,0,6,趋势: 多头排列 (5>20>60)
002669,2026-07-09,13.95,12.62,-9.53,-2.94,0,2,"形态: 两连阴 (-3.77%, -6.24%)"
002669,2026-07-01,17.84,12.62,-29.26,3.14,0,8,趋势: 多头排列 (5>20>60) | 趋势: 高于MA20 | 动量: 突破转强 (阳线上穿5/10)
600156,2026-07-07,8.62,7.73,-10.32,-2.67,0,4,"形态: 10日内有涨停 | 形态: 两连阴 (-0.10%, -3.78%)"
600156,2026-07-10,8.39,7.73,-7.87,-7.87,0,1,形态: 10日内有涨停
600156,2026-07-03,9.52,7.73,-18.8,-3.78,0,6,量能: 放量 (2.09X) | 形态: 10日内有涨停 | 趋势: 高于MA20
600156,2026-07-09,8.34,7.73,-7.31,0.6,0,2,"形态: 10日内有涨停 | 形态: 两连阴 (-5.90%, -3.71%)"
000633,2026-07-10,4.85,4.79,-1.24,-1.24,0,1,"形态: 两连阴 (-1.85%, -0.21%)"
000633,2026-07-03,4.99,4.79,-4.01,0.0,0,6,动量: 突破转强 (阳线上穿5/10)
000633,2026-07-09,4.77,4.79,0.42,1.68,1,2,"形态: 两连阴 (-2.40%, -1.85%)"
600250,2026-07-10,7.9,7.66,-3.04,-3.04,0,1,"形态: 两连阴 (-0.26%, -1.42%) | 动量: 突破转强 (阳线上穿5/10)"
600250,2026-07-03,8.1,7.66,-5.43,-1.36,0,6,动量: 突破转强 (阳线上穿5/10)
600250,2026-07-09,7.66,7.66,0.0,3.13,0,2,"形态: 两连阴 (-2.50%, -0.26%)"
600084,2026-07-10,4.32,4.4,1.85,1.85,1,1,趋势: 高于MA20 | 动量: 突破转强 (阳线上穿5/10)
600084,2026-07-03,4.24,4.4,3.77,8.02,1,6,趋势: 高于MA20 | 动量: 突破转强 (阳线上穿5/10)
002023,2026-07-07,12.19,10.41,-14.6,-5.0,0,4,"趋势: 多头排列 (5>20>60) | 形态: 两连阴 (-2.53%, -2.68%)"
002023,2026-07-10,11.57,10.41,-10.03,-10.03,0,1,"形态: 两连阴 (-5.00%, -0.43%)"
002023,2026-07-03,12.7,10.41,-18.03,-2.68,0,6,趋势: 多头排列 (5>20>60) | 趋势: 高于MA20
002023,2026-07-09,11.53,10.41,-9.71,0.35,0,2,"形态: 两连阴 (-1.38%, -5.00%)"
002023,2026-07-01,13.48,10.41,-22.77,-3.34,0,8,趋势: 多头排列 (5>20>60) | 趋势: 高于MA20 | 动量: 突破转强 (阳线上穿5/10)
002716,2026-07-03,8.44,7.36,-12.8,2.01,0,6,量能: 放量 (1.70X) | 动量: 突破转强 (阳线上穿5/10)
002716,2026-07-09,7.81,7.36,-5.76,1.54,0,2,"形态: 两连阴 (-9.64%, -0.26%)"
603172,2026-07-07,16.65,15.98,-4.02,-0.48,0,4,"形态: 两连阴 (-1.01%, -2.56%)"
603172,2026-07-10,16.57,15.98,-3.56,-3.56,0,1,"形态: 两连阴 (-1.92%, -0.80%)"
603172,2026-07-09,16.2,15.98,-1.36,2.28,0,2,"形态: 两连阴 (-2.92%, -1.92%)"
603172,2026-07-01,16.75,15.98,-4.6,6.15,0,8,"形态: 两连阴 (-1.31%, -1.02%)"
002044,2026-07-07,4.39,4.34,-1.14,5.69,0,4,"形态: 两连阴 (-2.57%, -3.46%)"
002044,2026-07-10,4.64,4.34,-6.47,-6.47,0,1,量能: 放量 (1.66X)
002372,2026-07-10,7.98,7.51,-5.89,-5.89,0,1,"量能: 放量 (1.61X) | 形态: 两连阴 (-2.95%, -3.28%)"
002372,2026-07-09,7.96,7.51,-5.65,0.25,0,2,"量能: 放量 (1.53X) | 形态: 两连阴 (-1.40%, -2.95%)"
002115,2026-07-10,10.95,11.6,5.94,5.94,1,1,形态: 10日内有涨停 | 趋势: 高于MA20 | 动量: 突破转强 (阳线上穿5/10)
002115,2026-07-09,9.95,11.6,16.58,16.58,1,2,"形态: 两连阴 (-1.98%, -1.51%)"
603871,2026-07-10,11.25,11.19,-0.53,-0.53,0,1,趋势: 高于MA20
603871,2026-07-03,11.11,11.19,0.72,4.14,1,6,动量: 突破转强 (阳线上穿5/10)
603871,2026-07-01,10.6,11.19,5.57,9.15,1,8,"形态: 两连阴 (-1.90%, -0.97%)"
603648,2026-07-10,9.43,9.38,-0.53,-0.53,0,1,量能: 放量 (1.59X) | 趋势: 高于MA20 | 动量: 突破转强 (阳线上穿5/10)
603648,2026-07-03,9.15,9.38,2.51,3.06,1,6,动量: 突破转强 (阳线上穿5/10)
603648,2026-07-09,9.31,9.38,0.75,1.29,1,2,趋势: 高于MA20 | 动量: 突破转强 (阳线上穿5/10)
603648,2026-07-01,8.88,9.38,5.63,6.19,1,8,"形态: 两连阴 (-2.04%, -0.58%) | 动量: 突破转强 (阳线上穿5/10)"
000571,2026-07-07,6.52,5.96,-8.59,1.84,0,4,趋势: 多头排列 (5>20>60) | 趋势: 高于MA20
000571,2026-07-10,6.4,5.96,-6.88,-6.88,0,1,趋势: 多头排列 (5>20>60) | 趋势: 高于MA20
000571,2026-07-03,6.84,5.96,-12.87,0.29,0,6,趋势: 多头排列 (5>20>60) | 形态: 10日内有涨停 | 趋势: 高于MA20
000571,2026-07-09,6.49,5.96,-8.17,-1.39,0,2,趋势: 多头排列 (5>20>60) | 趋势: 高于MA20
000571,2026-07-01,6.64,5.96,-10.24,4.97,0,8,趋势: 多头排列 (5>20>60) | 形态: 10日内有涨停 | 趋势: 高于MA20 | 动量: 突破转强 (阳线上穿5/10)
600128,2026-07-10,7.8,7.61,-2.44,-2.44,0,1,"形态: 两连阴 (-0.65%, -0.26%) | 动量: 突破转强 (阳线上穿5/10)"
600128,2026-07-09,7.62,7.61,-0.13,2.36,0,2,"形态: 两连阴 (-3.27%, -0.65%)"
002302,2026-07-10,4.43,4.3,-2.93,-2.93,0,1,量能: 放量 (1.51X) | 动量: 突破转强 (阳线上穿5/10)
002302,2026-07-01,4.37,4.3,-1.6,2.06,0,8,"形态: 两连阴 (-0.46%, -1.14%)"
603587,2026-07-10,11.46,11.46,0.0,0.0,0,1,"形态: 两连阴 (-0.26%, -0.95%)"
603587,2026-07-03,11.84,11.46,-3.21,1.94,0,6,趋势: 高于MA20 | 动量: 突破转强 (阳线上穿5/10)
603587,2026-07-09,11.53,11.46,-0.61,-0.61,0,2,"形态: 两连阴 (-3.31%, -0.26%)"
603018,2026-07-10,5.28,5.19,-1.7,-1.7,0,1,"形态: 两连阴 (-0.37%, -0.75%)"
603018,2026-07-09,5.28,5.19,-1.7,0.0,0,2,"形态: 两连阴 (-1.11%, -0.37%)"
603018,2026-07-01,5.22,5.19,-0.57,3.45,0,8,"形态: 两连阴 (-19.16%, -0.96%)"
000561,2026-07-10,7.58,6.94,-8.44,-8.44,0,1,量能: 放量 (2.47X) | 趋势: 高于MA20 | 动量: 突破转强 (阳线上穿5/10)
000561,2026-07-03,7.64,6.94,-9.16,-0.79,0,6,动量: 突破转强 (阳线上穿5/10)
000561,2026-07-09,7.1,6.94,-2.25,6.76,0,2,"形态: 两连阴 (-4.06%, -1.27%)"
000505,2026-07-10,5.34,5.26,-1.5,-1.5,0,1,量能: 放量 (1.52X) | 趋势: 高于MA20 | 动量: 突破转强 (阳线上穿5/10)
000505,2026-07-03,5.3,5.26,-0.75,0.75,0,6,动量: 突破转强 (阳线上穿5/10)
600331,2026-07-03,11.7,9.88,-15.56,-3.76,0,6,动量: 突破转强 (阳线上穿5/10)
000520,2026-07-07,4.59,4.07,-11.33,-4.14,0,4,趋势: 多头排列 (5>20>60) | 形态: 10日内有涨停 | 趋势: 高于MA20
000520,2026-07-10,4.34,4.07,-6.22,-6.22,0,1,"趋势: 多头排列 (5>20>60) | 形态: 10日内有涨停 | 形态: 两连阴 (-4.14%, -1.82%) | 趋势: 高于MA20"
000520,2026-07-03,4.55,4.07,-10.55,3.3,0,6,量能: 放量 (1.84X) | 形态: 10日内有涨停 | 趋势: 高于MA20 | 动量: 突破转强 (阳线上穿5/10)
000520,2026-07-09,4.32,4.07,-5.79,0.46,0,2,"趋势: 多头排列 (5>20>60) | 形态: 10日内有涨停 | 形态: 两连阴 (-2.34%, -4.14%) | 趋势: 高于MA20"
000520,2026-07-01,4.1,4.07,-0.73,14.63,0,8,形态: 10日内有涨停 | 动量: 突破转强 (阳线上穿5/10)
600721,2026-07-10,6.8,6.75,-0.74,-0.74,0,1,"形态: 两连阴 (-1.62%, -2.09%) | 动量: 突破转强 (阳线上穿5/10)"
600721,2026-07-03,6.96,6.75,-3.02,0.86,0,6,动量: 突破转强 (阳线上穿5/10)
600721,2026-07-09,6.55,6.75,3.05,3.82,1,2,"形态: 两连阴 (-3.13%, -1.62%)"
002951,2026-07-07,14.84,13.06,-11.99,9.97,0,4,形态: 10日内有涨停 | 动量: 突破转强 (阳线上穿5/10)
002951,2026-07-10,14.51,13.06,-9.99,-9.99,0,1,形态: 10日内有涨停
002951,2026-07-09,15.8,13.06,-17.34,-8.16,0,2,量能: 放量 (1.96X) | 形态: 10日内有涨停 | 趋势: 高于MA20
002951,2026-07-01,13.35,13.06,-2.17,22.25,0,8,"形态: 两连阴 (-2.86%, -1.62%)"
600415,2026-07-10,10.17,9.98,-1.87,-1.87,0,1,"形态: 两连阴 (-2.34%, -0.60%)"
600415,2026-07-03,10.62,9.98,-6.03,0.0,0,6,动量: 突破转强 (阳线上穿5/10)
600415,2026-07-09,9.95,9.98,0.3,2.21,1,2,"形态: 两连阴 (-3.48%, -2.34%)"
600415,2026-07-01,10.39,9.98,-3.95,2.21,0,8,动量: 突破转强 (阳线上穿5/10)
002105,2026-07-10,5.04,4.89,-2.98,-2.98,0,1,动量: 突破转强 (阳线上穿5/10)
002105,2026-07-03,5.21,4.89,-6.14,-1.15,0,6,动量: 突破转强 (阳线上穿5/10)
002105,2026-07-09,4.9,4.89,-0.2,2.86,0,2,"形态: 两连阴 (-3.88%, -1.21%)"
600510,2026-07-07,6.88,6.55,-4.8,0.29,0,4,"形态: 两连阴 (-2.66%, -3.14%)"
600510,2026-07-10,6.9,6.55,-5.07,-5.07,0,1,"形态: 两连阴 (-2.47%, -0.30%)"
600510,2026-07-09,6.69,6.55,-2.09,3.14,0,2,"形态: 两连阴 (-3.10%, -2.47%)"
600510,2026-07-01,7.83,6.55,-16.35,-3.83,0,8,趋势: 高于MA20 | 动量: 突破转强 (阳线上穿5/10)
603189,2026-07-07,10.25,9.47,-7.61,0.0,0,4,"形态: 两连阴 (-1.93%, -3.57%)"
603189,2026-07-03,11.2,9.47,-15.45,-3.57,0,6,趋势: 高于MA20
603189,2026-07-01,10.91,9.47,-13.2,4.67,0,8,动量: 突破转强 (阳线上穿5/10)
002998,2026-07-07,7.0,6.92,-1.14,1.86,0,4,"形态: 10日内有涨停 | 形态: 两连阴 (-2.48%, -2.68%)"
002998,2026-07-10,7.13,6.92,-2.95,-2.95,0,1,形态: 10日内有涨停 | 趋势: 高于MA20 | 动量: 突破转强 (阳线上穿5/10)
002998,2026-07-03,7.46,6.92,-7.24,-2.68,0,6,量能: 放量 (1.94X) | 形态: 10日内有涨停 | 趋势: 高于MA20
002998,2026-07-09,6.81,6.92,1.62,4.7,1,2,"形态: 10日内有涨停 | 形态: 两连阴 (-3.58%, -3.00%)"
002998,2026-07-01,6.95,6.92,-0.43,10.07,0,8,量能: 放量 (2.24X) | 动量: 突破转强 (阳线上穿5/10)
603327,2026-07-07,8.6,7.66,-10.93,-3.49,0,4,形态: 10日内有涨停
603327,2026-07-10,8.2,7.66,-6.59,-6.59,0,1,"形态: 10日内有涨停 | 形态: 两连阴 (-3.49%, -0.84%)"
603327,2026-07-03,8.86,7.66,-13.54,-2.93,0,6,"形态: 10日内有涨停 | 形态: 两连阴 (-1.89%, -3.25%)"
603327,2026-07-09,8.23,7.66,-6.93,-0.36,0,2,形态: 10日内有涨停
603327,2026-07-01,8.32,7.66,-7.93,6.49,0,8,"形态: 两连阴 (-9.96%, -3.31%)"
603221,2026-07-07,11.99,11.77,-1.83,0.5,0,4,量能: 放量 (1.74X) | 形态: 10日内有涨停 | 趋势: 高于MA20 | 动量: 突破转强 (阳线上穿5/10)
603221,2026-07-10,12.05,11.77,-2.32,-2.32,0,1,形态: 10日内有涨停 | 趋势: 高于MA20 | 动量: 突破转强 (阳线上穿5/10)
603221,2026-07-03,10.71,11.77,9.9,12.51,1,6,量能: 放量 (2.25X) | 动量: 突破转强 (阳线上穿5/10)
603221,2026-07-09,11.71,11.77,0.51,2.9,1,2,形态: 10日内有涨停 | 趋势: 高于MA20 | 动量: 突破转强 (阳线上穿5/10)
001205,2026-07-10,13.31,13.05,-1.95,-1.95,0,1,"形态: 两连阴 (-0.82%, -1.42%)"
001205,2026-07-09,13.19,13.05,-1.06,0.91,0,2,"形态: 两连阴 (-2.39%, -0.82%)"
001205,2026-07-01,13.92,13.05,-6.25,-0.72,0,8,"形态: 两连阴 (-1.35%, -1.30%)"
603738,2026-07-07,49.63,41.91,-15.56,-3.08,0,4,"形态: 10日内有涨停 | 形态: 两连阴 (-9.99%, -3.31%)"
603738,2026-07-10,46.57,41.91,-10.01,-10.01,0,1,形态: 10日内有涨停
603738,2026-07-03,53.51,41.91,-21.68,-3.31,0,6,趋势: 多头排列 (5>20>60) | 形态: 10日内有涨停
603738,2026-07-09,48.1,41.91,-12.87,-3.18,0,2,"形态: 10日内有涨停 | 形态: 两连阴 (-4.08%, -7.39%)"
603738,2026-07-01,66.06,41.91,-36.56,-10.01,0,8,趋势: 多头排列 (5>20>60) | 形态: 10日内有涨停 | 趋势: 高于MA20 | 动量: 突破转强 (阳线上穿5/10)
000759,2026-07-07,5.89,6.14,4.24,13.07,1,4,"趋势: 多头排列 (5>20>60) | 形态: 10日内有涨停 | 形态: 两连阴 (-7.35%, -3.49%)"
000759,2026-07-10,6.66,6.14,-7.81,-7.81,0,1,趋势: 多头排列 (5>20>60) | 形态: 10日内有涨停 | 趋势: 高于MA20 | 动量: 突破转强 (阳线上穿5/10)
000759,2026-07-03,6.3,6.14,-2.54,5.71,0,6,趋势: 多头排列 (5>20>60) | 形态: 10日内有涨停 | 趋势: 高于MA20
000759,2026-07-09,6.58,6.14,-6.69,1.22,0,2,趋势: 多头排列 (5>20>60) | 形态: 10日内有涨停 | 趋势: 高于MA20 | 动量: 突破转强 (阳线上穿5/10)
000759,2026-07-01,6.46,6.14,-4.95,5.26,0,8,趋势: 多头排列 (5>20>60) | 形态: 10日内有涨停 | 趋势: 高于MA20 | 动量: 突破转强 (阳线上穿5/10)
603105,2026-07-10,6.71,6.49,-3.28,-3.28,0,1,"形态: 两连阴 (-0.45%, -0.90%)"
603105,2026-07-03,7.09,6.49,-8.46,-2.68,0,6,动量: 突破转强 (阳线上穿5/10)
603105,2026-07-09,6.57,6.49,-1.22,2.13,0,2,"形态: 两连阴 (-3.48%, -0.45%)"
603105,2026-07-01,6.97,6.49,-6.89,1.72,0,8,"形态: 两连阴 (-0.29%, -0.58%)"
603697,2026-07-10,10.3,10.2,-0.97,-0.97,0,1,量能: 放量 (1.52X) | 动量: 突破转强 (阳线上穿5/10)
600692,2026-07-10,5.51,5.34,-3.09,-3.09,0,1,"形态: 两连阴 (-0.55%, -1.30%) | 动量: 突破转强 (阳线上穿5/10)"
600692,2026-07-09,5.31,5.34,0.56,3.77,1,2,"形态: 两连阴 (-4.08%, -0.55%)"
600692,2026-07-01,5.61,5.34,-4.81,0.89,0,8,"形态: 两连阴 (-0.72%, -1.09%)"
000811,2026-07-07,52.6,48.12,-8.52,4.77,0,4,趋势: 多头排列 (5>20>60) | 形态: 10日内有涨停 | 趋势: 高于MA20
000811,2026-07-10,53.47,48.12,-10.01,-10.01,0,1,趋势: 多头排列 (5>20>60) | 形态: 10日内有涨停 | 趋势: 高于MA20
000811,2026-07-03,52.65,48.12,-8.6,4.67,0,6,"趋势: 多头排列 (5>20>60) | 形态: 10日内有涨停 | 形态: 两连阴 (-2.35%, -7.30%) | 趋势: 高于MA20"
000811,2026-07-09,55.11,48.12,-12.68,-2.98,0,2,"趋势: 多头排列 (5>20>60) | 形态: 10日内有涨停 | 形态: 两连阴 (-1.92%, -4.75%) | 趋势: 高于MA20 | 动量: 突破转强 (阳线上穿5/10)"
000811,2026-07-01,54.9,48.12,-12.35,0.38,0,8,趋势: 多头排列 (5>20>60) | 形态: 10日内有涨停 | 趋势: 高于MA20
000598,2026-07-10,6.73,6.84,1.63,1.63,1,1,趋势: 高于MA20 | 动量: 突破转强 (阳线上穿5/10)
000598,2026-07-09,6.71,6.84,1.94,1.94,1,2,趋势: 高于MA20
000632,2026-07-10,3.37,3.21,-4.75,-4.75,0,1,趋势: 高于MA20
000632,2026-07-03,3.45,3.21,-6.96,0.0,0,6,趋势: 高于MA20 | 动量: 突破转强 (阳线上穿5/10)
000632,2026-07-09,3.45,3.21,-6.96,-2.32,0,2,趋势: 高于MA20 | 动量: 突破转强 (阳线上穿5/10)
000632,2026-07-01,3.2,3.21,0.31,7.81,1,8,动量: 突破转强 (阳线上穿5/10)
600538,2026-07-10,5.27,4.89,-7.21,-7.21,0,1,"形态: 两连阴 (-3.01%, -1.28%)"
600538,2026-07-03,5.99,4.89,-18.36,-2.0,0,6,趋势: 高于MA20 | 动量: 突破转强 (阳线上穿5/10)
600538,2026-07-09,5.41,4.89,-9.61,-2.59,0,2,"形态: 两连阴 (-3.75%, -3.01%)"
603177,2026-07-10,8.65,8.9,2.89,2.89,1,1,"量能: 放量 (2.13X) | 形态: 两连阴 (-2.56%, -0.25%) | 动量: 突破转强 (阳线上穿5/10)"
603177,2026-07-09,7.96,8.9,11.81,11.81,1,2,"形态: 两连阴 (-2.62%, -2.56%)"
603177,2026-07-01,8.49,8.9,4.83,4.83,1,8,形态: 10日内有涨停
002749,2026-07-03,8.16,8.0,-1.96,1.1,0,6,动量: 突破转强 (阳线上穿5/10)
600719,2026-07-10,7.79,7.29,-6.42,-6.42,0,1,动量: 突破转强 (阳线上穿5/10)
600719,2026-07-03,7.74,7.29,-5.81,0.65,0,6,形态: 10日内有涨停
600719,2026-07-09,7.54,7.29,-3.32,3.32,0,2,"形态: 两连阴 (-3.74%, -1.74%)"
600719,2026-07-01,8.06,7.29,-9.55,-3.35,0,8,"形态: 10日内有涨停 | 形态: 两连阴 (-7.51%, -2.16%)"
605077,2026-07-10,10.54,10.27,-2.56,-2.56,0,1,"形态: 两连阴 (-1.31%, -1.90%)"
605077,2026-07-09,10.35,10.27,-0.77,1.84,0,2,"形态: 两连阴 (-3.95%, -1.31%)"
605077,2026-07-01,10.96,10.27,-6.3,1.73,0,8,"形态: 两连阴 (-0.09%, -2.08%)"
002639,2026-07-07,12.46,11.74,-5.78,1.04,0,4,"形态: 10日内有涨停 | 形态: 两连阴 (-0.73%, -4.33%)"
002639,2026-07-10,12.59,11.74,-6.75,-6.75,0,1,形态: 10日内有涨停
002639,2026-07-03,13.64,11.74,-13.93,-4.33,0,6,形态: 10日内有涨停
002639,2026-07-09,12.17,11.74,-3.53,3.45,0,2,"形态: 10日内有涨停 | 形态: 两连阴 (-4.52%, -2.65%)"
002639,2026-07-01,14.12,11.74,-16.86,-2.69,0,8,形态: 10日内有涨停 | 动量: 突破转强 (阳线上穿5/10)
600197,2026-07-10,9.79,9.69,-1.02,-1.02,0,1,"形态: 两连阴 (-0.51%, -1.34%)"
600197,2026-07-03,10.02,9.69,-3.29,0.0,0,6,动量: 突破转强 (阳线上穿5/10)
600197,2026-07-09,9.54,9.69,1.57,2.62,1,2,"形态: 两连阴 (-2.99%, -0.51%)"
600197,2026-07-01,9.89,9.69,-2.02,1.31,0,8,动量: 突破转强 (阳线上穿5/10)
000932,2026-07-10,3.5,3.53,0.86,0.86,1,1,"形态: 两连阴 (-0.58%, -1.45%) | 动量: 突破转强 (阳线上穿5/10)"
000932,2026-07-09,3.4,3.53,3.82,3.82,1,2,"形态: 两连阴 (-2.80%, -0.58%)"
603033,2026-07-07,9.19,8.18,-10.99,-7.83,0,4,形态: 10日内有涨停
603033,2026-07-10,8.3,8.18,-1.45,-1.45,0,1,形态: 10日内有涨停
603033,2026-07-03,9.95,8.18,-17.79,2.61,0,6,形态: 10日内有涨停 | 趋势: 高于MA20
603033,2026-07-09,8.47,8.18,-3.42,-2.01,0,2,"形态: 10日内有涨停 | 形态: 两连阴 (-9.99%, -8.05%)"
603033,2026-07-01,9.99,8.18,-18.12,4.1,0,8,量能: 放量 (1.62X) | 形态: 10日内有涨停 | 趋势: 高于MA20
002228,2026-07-07,3.09,2.95,-4.53,-0.97,0,4,动量: 突破转强 (阳线上穿5/10)
002228,2026-07-10,3.06,2.95,-3.59,-3.59,0,1,动量: 突破转强 (阳线上穿5/10)
002228,2026-07-03,3.09,2.95,-4.53,0.0,0,6,动量: 突破转强 (阳线上穿5/10)
600039,2026-07-07,8.47,8.38,-1.06,3.07,0,4,趋势: 高于MA20
600039,2026-07-10,8.44,8.38,-0.71,-0.71,0,1,趋势: 高于MA20
600039,2026-07-03,8.45,8.38,-0.83,3.31,0,6,趋势: 高于MA20 | 动量: 突破转强 (阳线上穿5/10)
600039,2026-07-09,8.5,8.38,-1.41,-0.71,0,2,趋势: 高于MA20
002757,2026-07-10,18.0,16.88,-6.22,-6.22,0,1,形态: 10日内有涨停 | 动量: 突破转强 (阳线上穿5/10)
002757,2026-07-09,17.91,16.88,-5.75,0.5,0,2,量能: 放量 (1.80X) | 形态: 10日内有涨停
603879,2026-07-10,4.46,4.26,-4.48,-4.48,0,1,"形态: 两连阴 (-1.15%, -0.23%)"
603879,2026-07-03,4.65,4.26,-8.39,-1.29,0,6,动量: 突破转强 (阳线上穿5/10)
603879,2026-07-09,4.29,4.26,-0.7,3.96,0,2,"形态: 两连阴 (-5.23%, -1.15%)"
603879,2026-07-01,4.63,4.26,-7.99,0.43,0,8,动量: 突破转强 (阳线上穿5/10)
601366,2026-07-10,3.44,3.45,0.29,0.29,1,1,趋势: 高于MA20 | 动量: 突破转强 (阳线上穿5/10)
601366,2026-07-03,3.44,3.45,0.29,0.29,1,6,动量: 突破转强 (阳线上穿5/10)
000559,2026-07-03,14.22,11.2,-21.24,-7.74,0,6,量能: 放量 (1.92X) | 趋势: 高于MA20 | 动量: 突破转强 (阳线上穿5/10)
000559,2026-07-09,11.94,11.2,-6.2,0.67,0,2,"形态: 两连阴 (-3.96%, -6.43%)"
000551,2026-07-07,19.2,16.79,-12.55,-2.86,0,4,趋势: 多头排列 (5>20>60) | 形态: 10日内有涨停 | 趋势: 高于MA20
000551,2026-07-10,18.65,16.79,-9.97,-9.97,0,1,趋势: 多头排列 (5>20>60) | 形态: 10日内有涨停 | 趋势: 高于MA20
000551,2026-07-03,20.5,16.79,-18.1,-2.93,0,6,趋势: 多头排列 (5>20>60) | 形态: 10日内有涨停 | 趋势: 高于MA20 | 动量: 突破转强 (阳线上穿5/10)
000551,2026-07-09,18.44,16.79,-8.95,1.14,0,2,"趋势: 多头排列 (5>20>60) | 形态: 10日内有涨停 | 形态: 两连阴 (-3.52%, -8.23%) | 趋势: 高于MA20"
000551,2026-07-01,21.0,16.79,-20.05,-2.38,0,8,趋势: 多头排列 (5>20>60) | 形态: 10日内有涨停 | 趋势: 高于MA20 | 动量: 突破转强 (阳线上穿5/10)
600523,2026-07-10,11.38,11.32,-0.53,-0.53,0,1,量能: 放量 (1.51X) | 趋势: 高于MA20 | 动量: 突破转强 (阳线上穿5/10)
600523,2026-07-03,11.2,11.32,1.07,1.61,1,6,趋势: 高于MA20 | 动量: 突破转强 (阳线上穿5/10)
600523,2026-07-09,11.33,11.32,-0.09,0.44,0,2,"量能: 放量 (1.55X) | 形态: 两连阴 (-2.89%, -0.28%) | 趋势: 高于MA20 | 动量: 突破转强 (阳线上穿5/10)"
600523,2026-07-01,10.9,11.32,3.85,4.4,1,8,动量: 突破转强 (阳线上穿5/10)
600515,2026-07-10,2.81,2.69,-4.27,-4.27,0,1,"量能: 放量 (1.58X) | 形态: 两连阴 (-0.36%, -0.73%) | 动量: 突破转强 (阳线上穿5/10)"
600515,2026-07-09,2.71,2.69,-0.74,3.69,0,2,"形态: 两连阴 (-2.14%, -0.36%)"
600099,2026-07-10,8.34,7.99,-4.2,-4.2,0,1,动量: 突破转强 (阳线上穿5/10)
600099,2026-07-03,8.61,7.99,-7.2,-1.05,0,6,动量: 突破转强 (阳线上穿5/10)
600099,2026-07-09,8.09,7.99,-1.24,3.09,0,2,"形态: 两连阴 (-3.99%, -1.59%)"
603421,2026-07-09,5.89,5.6,-4.92,1.02,0,2,"形态: 两连阴 (-2.34%, -0.51%)"
000973,2026-07-07,14.58,11.68,-19.89,-9.95,0,4,"量能: 放量 (1.90X) | 形态: 10日内有涨停 | 形态: 两连阴 (-3.17%, -3.71%) | 趋势: 高于MA20 | 动量: 突破转强 (阳线上穿5/10)"
000973,2026-07-10,12.15,11.68,-3.87,-3.87,0,1,"形态: 10日内有涨停 | 形态: 两连阴 (-9.95%, -4.80%)"
000973,2026-07-03,13.76,11.68,-15.12,5.96,0,6,"形态: 两连阴 (-0.49%, -0.49%)"
000973,2026-07-09,12.5,11.68,-6.56,-2.8,0,2,形态: 10日内有涨停
000973,2026-07-01,14.28,11.68,-18.21,2.1,0,8,趋势: 高于MA20
002887,2026-07-03,10.76,9.83,-8.64,-0.37,0,6,动量: 突破转强 (阳线上穿5/10)
002887,2026-07-09,10.72,9.83,-8.3,-3.45,0,2,"形态: 两连阴 (-0.47%, -2.27%) | 动量: 突破转强 (阳线上穿5/10)"
600706,2026-07-10,6.99,6.73,-3.72,-3.72,0,1,动量: 突破转强 (阳线上穿5/10)
600706,2026-07-03,7.07,6.73,-4.81,-0.99,0,6,动量: 突破转强 (阳线上穿5/10)
600706,2026-07-01,6.95,6.73,-3.17,1.73,0,8,"形态: 两连阴 (-0.29%, -1.46%)"
002531,2026-07-10,7.56,7.36,-2.65,-2.65,0,1,"形态: 两连阴 (-2.96%, -0.40%)"
002531,2026-07-03,8.52,7.36,-13.62,-6.69,0,6,"形态: 两连阴 (-1.42%, -1.32%)"
002531,2026-07-09,7.52,7.36,-2.13,0.53,0,2,"形态: 两连阴 (-2.14%, -2.96%)"
000856,2026-07-10,7.39,7.05,-4.6,-4.6,0,1,动量: 突破转强 (阳线上穿5/10)
000856,2026-07-03,7.68,7.05,-8.2,-1.56,0,6,动量: 突破转强 (阳线上穿5/10)
000856,2026-07-09,7.17,7.05,-1.67,3.07,0,2,"形态: 两连阴 (-3.97%, -1.38%)"
002052,2026-07-07,7.93,7.95,0.25,1.89,1,4,"形态: 10日内有涨停 | 形态: 两连阴 (-1.65%, -4.20%)"
002052,2026-07-10,8.08,7.95,-1.61,-1.61,0,1,形态: 10日内有涨停
002052,2026-07-03,8.34,7.95,-4.68,-3.12,0,6,形态: 10日内有涨停
002052,2026-07-09,8.08,7.95,-1.61,0.0,0,2,"形态: 10日内有涨停 | 形态: 两连阴 (-0.75%, -1.51%) | 动量: 突破转强 (阳线上穿5/10)"
002052,2026-07-01,8.55,7.95,-7.02,-0.82,0,8,量能: 放量 (1.50X) | 形态: 10日内有涨停 | 动量: 突破转强 (阳线上穿5/10)
000036,2026-07-07,4.16,4.21,1.2,1.2,1,4,"形态: 两连阴 (-0.46%, -0.93%)"
000036,2026-07-10,4.1,4.21,2.68,2.68,1,1,"形态: 两连阴 (-1.92%, -0.49%)"
000036,2026-07-09,4.06,4.21,3.69,3.69,1,2,"形态: 两连阴 (-2.80%, -1.92%)"
000036,2026-07-01,4.41,4.21,-4.54,-1.59,0,8,"形态: 两连阴 (-0.22%, -2.24%)"
600857,2026-07-07,19.46,19.8,1.75,3.75,1,4,"趋势: 多头排列 (5>20>60) | 形态: 10日内有涨停 | 形态: 两连阴 (-5.88%, -4.04%) | 趋势: 高于MA20"
600857,2026-07-10,20.19,19.8,-1.93,-1.93,0,1,趋势: 多头排列 (5>20>60) | 形态: 10日内有涨停 | 趋势: 高于MA20
600857,2026-07-03,21.3,19.8,-7.04,-4.04,0,6,趋势: 多头排列 (5>20>60) | 形态: 10日内有涨停 | 趋势: 高于MA20
600857,2026-07-09,19.4,19.8,2.06,4.07,1,2,"趋势: 多头排列 (5>20>60) | 形态: 10日内有涨停 | 形态: 两连阴 (-4.79%, -1.44%) | 趋势: 高于MA20"
600857,2026-07-01,21.91,19.8,-9.63,3.29,0,8,趋势: 多头排列 (5>20>60) | 形态: 10日内有涨停 | 趋势: 高于MA20 | 动量: 突破转强 (阳线上穿5/10)
603166,2026-07-07,11.73,10.26,-12.53,-6.73,0,4,形态: 10日内有涨停
603166,2026-07-10,10.87,10.26,-5.61,-5.61,0,1,"形态: 10日内有涨停 | 形态: 两连阴 (-6.73%, -0.37%)"
603166,2026-07-03,14.24,10.26,-27.95,-8.5,0,6,形态: 10日内有涨停
603166,2026-07-09,10.9,10.26,-5.87,-0.28,0,2,"形态: 10日内有涨停 | 形态: 两连阴 (-9.98%, -6.73%)"
603166,2026-07-01,14.71,10.26,-30.25,-3.2,0,8,"形态: 10日内有涨停 | 形态: 两连阴 (-2.49%, -2.27%) | 趋势: 高于MA20"
600028,2026-07-07,4.8,4.88,1.67,1.67,1,4,趋势: 高于MA20
600028,2026-07-10,4.76,4.88,2.52,2.52,1,1,趋势: 高于MA20
600028,2026-07-03,4.7,4.88,3.83,3.83,1,6,动量: 突破转强 (阳线上穿5/10)
600028,2026-07-09,4.81,4.88,1.46,1.46,1,2,趋势: 高于MA20
600372,2026-07-07,11.13,11.18,0.45,4.04,1,4,趋势: 高于MA20 | 动量: 突破转强 (阳线上穿5/10)
600372,2026-07-10,11.58,11.18,-3.45,-3.45,0,1,量能: 放量 (1.73X) | 趋势: 高于MA20 | 动量: 突破转强 (阳线上穿5/10)
600372,2026-07-03,11.24,11.18,-0.53,3.02,0,6,趋势: 高于MA20 | 动量: 突破转强 (阳线上穿5/10)
600372,2026-07-09,11.26,11.18,-0.71,2.84,0,2,趋势: 高于MA20 | 动量: 突破转强 (阳线上穿5/10)
600372,2026-07-01,11.01,11.18,1.54,5.18,1,8,趋势: 高于MA20 | 动量: 突破转强 (阳线上穿5/10)
600769,2026-07-07,18.11,16.47,-9.06,-2.71,0,4,趋势: 多头排列 (5>20>60) | 形态: 10日内有涨停
600769,2026-07-10,17.62,16.47,-6.53,-6.53,0,1,形态: 10日内有涨停
600769,2026-07-03,21.78,16.47,-24.38,-10.01,0,6,趋势: 多头排列 (5>20>60) | 形态: 10日内有涨停 | 趋势: 高于MA20 | 动量: 突破转强 (阳线上穿5/10)
600769,2026-07-09,17.5,16.47,-5.89,0.69,0,2,"形态: 10日内有涨停 | 形态: 两连阴 (-7.60%, -5.30%)"
600769,2026-07-01,20.7,16.47,-20.43,5.22,0,8,"趋势: 多头排列 (5>20>60) | 形态: 10日内有涨停 | 形态: 两连阴 (-0.48%, -0.92%) | 趋势: 高于MA20"
000729,2026-07-07,11.09,11.13,0.36,0.36,1,4,趋势: 高于MA20 | 动量: 突破转强 (阳线上穿5/10)
000729,2026-07-10,10.85,11.13,2.58,2.58,1,1,"形态: 两连阴 (-0.18%, -2.89%) | 趋势: 高于MA20"
000729,2026-07-09,10.75,11.13,3.53,3.53,1,2,趋势: 高于MA20
000729,2026-07-01,10.53,11.13,5.7,5.7,1,8,动量: 突破转强 (阳线上穿5/10)
002576,2026-07-10,13.92,13.23,-4.96,-4.96,0,1,"形态: 两连阴 (-3.97%, -0.07%)"
002576,2026-07-03,15.54,13.23,-14.86,-3.99,0,6,量能: 放量 (2.26X) | 趋势: 高于MA20 | 动量: 突破转强 (阳线上穿5/10)
002576,2026-07-09,13.78,13.23,-3.99,1.02,0,2,"形态: 两连阴 (-3.75%, -3.97%)"
601022,2026-07-10,7.7,7.71,0.13,0.13,1,1,"形态: 两连阴 (-0.78%, -1.17%)"
601022,2026-07-03,7.91,7.71,-2.53,0.25,0,6,趋势: 高于MA20 | 动量: 突破转强 (阳线上穿5/10)
601022,2026-07-09,7.57,7.71,1.85,1.85,1,2,"形态: 两连阴 (-2.65%, -0.78%)"
600371,2026-07-10,6.67,6.54,-1.95,-1.95,0,1,"形态: 两连阴 (-0.76%, -0.91%) | 趋势: 高于MA20 | 动量: 突破转强 (阳线上穿5/10)"
600371,2026-07-03,6.71,6.54,-2.53,0.6,0,6,动量: 突破转强 (阳线上穿5/10)
600371,2026-07-09,6.5,6.54,0.62,2.62,1,2,"形态: 两连阴 (-2.07%, -0.76%)"
002003,2026-07-03,8.78,8.72,-0.68,1.59,0,6,趋势: 高于MA20
002003,2026-07-01,8.53,8.72,2.23,4.57,1,8,动量: 突破转强 (阳线上穿5/10)
002348,2026-07-07,10.9,10.41,-4.5,0.83,0,4,动量: 突破转强 (阳线上穿5/10)
002348,2026-07-10,10.98,10.41,-5.19,-5.19,0,1,动量: 突破转强 (阳线上穿5/10)
002534,2026-07-10,17.51,17.55,0.23,0.23,1,1,动量: 突破转强 (阳线上穿5/10)
002534,2026-07-03,17.8,17.55,-1.4,-1.12,0,6,"形态: 两连阴 (-8.30%, -2.76%)"
601116,2026-07-10,9.95,9.49,-4.62,-4.62,0,1,动量: 突破转强 (阳线上穿5/10)
002918,2026-07-10,9.4,8.75,-6.91,-6.91,0,1,"形态: 两连阴 (-3.45%, -0.76%)"
002918,2026-07-09,9.17,8.75,-4.58,2.51,0,2,"形态: 两连阴 (-4.30%, -3.45%)"
002918,2026-07-01,10.25,8.75,-14.63,0.39,0,8,形态: 10日内有涨停
002678,2026-07-10,4.27,4.03,-5.62,-5.62,0,1,动量: 突破转强 (阳线上穿5/10)
002678,2026-07-09,4.21,4.03,-4.28,1.43,0,2,"形态: 两连阴 (-2.78%, -0.48%)"
001330,2026-07-07,5.22,4.8,-8.05,1.92,0,4,"形态: 10日内有涨停 | 形态: 两连阴 (-2.49%, -3.28%)"
001330,2026-07-10,5.32,4.8,-9.77,-9.77,0,1,"形态: 两连阴 (-2.30%, -0.20%)"
001330,2026-07-03,5.49,4.8,-12.57,-3.1,0,6,形态: 10日内有涨停
001330,2026-07-09,5.09,4.8,-5.7,4.52,0,2,"形态: 两连阴 (-1.69%, -2.30%)"
001330,2026-07-01,5.71,4.8,-15.94,-1.4,0,8,"形态: 10日内有涨停 | 形态: 两连阴 (-8.80%, -1.40%)"
002545,2026-07-10,16.53,15.88,-3.93,-3.93,0,1,"形态: 两连阴 (-4.66%, -3.37%)"
002545,2026-07-09,16.61,15.88,-4.39,-0.48,0,2,"形态: 两连阴 (-0.88%, -4.66%)"
002545,2026-07-01,17.16,15.88,-7.46,6.0,0,8,"形态: 两连阴 (-1.99%, -3.16%)"
600397,2026-07-07,20.78,17.5,-15.78,-4.43,0,4,"趋势: 多头排列 (5>20>60) | 形态: 10日内有涨停 | 形态: 两连阴 (-10.00%, -9.98%)"
600397,2026-07-10,18.84,17.5,-7.11,-7.11,0,1,形态: 10日内有涨停
600397,2026-07-03,25.65,17.5,-31.77,-9.98,0,6,趋势: 多头排列 (5>20>60) | 形态: 10日内有涨停 | 趋势: 高于MA20
600397,2026-07-09,19.86,17.5,-11.88,-5.14,0,2,"形态: 10日内有涨停 | 形态: 两连阴 (-10.00%, -7.89%)"
600397,2026-07-01,29.95,17.5,-41.57,-4.84,0,8,趋势: 多头排列 (5>20>60) | 形态: 10日内有涨停 | 趋势: 高于MA20 | 动量: 突破转强 (阳线上穿5/10)
603006,2026-07-07,13.95,11.22,-19.57,-6.16,0,4,趋势: 多头排列 (5>20>60) | 趋势: 高于MA20
603006,2026-07-10,12.47,11.22,-10.02,-10.02,0,1,"形态: 两连阴 (-6.16%, -1.30%)"
603006,2026-07-03,14.82,11.22,-24.29,-4.72,0,6,趋势: 多头排列 (5>20>60) | 趋势: 高于MA20 | 动量: 突破转强 (阳线上穿5/10)
603006,2026-07-09,12.92,11.22,-13.16,-3.48,0,2,"趋势: 多头排列 (5>20>60) | 形态: 两连阴 (-1.20%, -6.16%)"
603006,2026-07-01,14.46,11.22,-22.41,2.49,0,8,趋势: 多头排列 (5>20>60) | 趋势: 高于MA20 | 动量: 突破转强 (阳线上穿5/10)
600560,2026-07-10,10.73,10.32,-3.82,-3.82,0,1,"形态: 两连阴 (-1.48%, -1.41%)"
600560,2026-07-03,11.57,10.32,-10.8,-3.63,0,6,趋势: 高于MA20 | 动量: 突破转强 (阳线上穿5/10)
600560,2026-07-09,10.5,10.32,-1.71,2.19,0,2,"形态: 两连阴 (-3.05%, -1.48%)"
002476,2026-07-07,4.57,4.3,-5.91,-1.09,0,4,"形态: 两连阴 (-2.02%, -2.06%)"
002476,2026-07-09,4.52,4.3,-4.87,0.0,0,2,"形态: 两连阴 (-3.99%, -1.31%)"
600531,2026-07-03,15.24,12.4,-18.64,-4.4,0,6,形态: 10日内有涨停 | 趋势: 高于MA20
600531,2026-07-09,13.51,12.4,-8.22,-0.22,0,2,"形态: 两连阴 (-5.97%, -4.31%)"
600531,2026-07-01,15.73,12.4,-21.17,-3.12,0,8,"形态: 10日内有涨停 | 形态: 两连阴 (-2.76%, -4.71%) | 趋势: 高于MA20"
002949,2026-07-10,10.06,9.83,-2.29,-2.29,0,1,"形态: 两连阴 (-0.50%, -0.40%)"
002949,2026-07-03,10.5,9.83,-6.38,-0.48,0,6,动量: 突破转强 (阳线上穿5/10)
002949,2026-07-09,9.98,9.83,-1.5,0.8,0,2,"形态: 两连阴 (-3.64%, -0.50%)"
002769,2026-07-10,6.49,6.25,-3.7,-3.7,0,1,"形态: 两连阴 (-1.83%, -0.62%)"
002769,2026-07-03,6.83,6.25,-8.49,-2.78,0,6,动量: 突破转强 (阳线上穿5/10)
002769,2026-07-09,6.38,6.25,-2.04,1.72,0,2,"形态: 两连阴 (-1.51%, -1.83%)"
000507,2026-07-01,4.73,4.89,3.38,3.38,1,8,"形态: 两连阴 (-2.65%, -2.09%)"
603528,2026-07-10,5.95,5.51,-7.39,-7.39,0,1,动量: 突破转强 (阳线上穿5/10)
603528,2026-07-01,6.03,5.51,-8.62,0.66,0,8,"形态: 两连阴 (-1.34%, -0.17%)"
601933,2026-07-10,3.2,3.03,-5.31,-5.31,0,1,量能: 放量 (1.69X) | 趋势: 高于MA20 | 动量: 突破转强 (阳线上穿5/10)
601933,2026-07-09,3.06,3.03,-0.98,4.58,0,2,动量: 突破转强 (阳线上穿5/10)
601933,2026-07-01,3.12,3.03,-2.88,2.56,0,8,"形态: 两连阴 (-4.29%, -2.07%) | 动量: 突破转强 (阳线上穿5/10)"
000061,2026-07-10,5.65,5.59,-1.06,-1.06,0,1,动量: 突破转强 (阳线上穿5/10)
000061,2026-07-01,5.67,5.59,-1.41,1.06,0,8,动量: 突破转强 (阳线上穿5/10)
002164,2026-07-10,11.32,10.52,-7.07,-7.07,0,1,"形态: 两连阴 (-6.65%, -0.09%)"
002164,2026-07-03,12.91,10.52,-18.51,-6.82,0,6,量能: 放量 (1.57X) | 趋势: 高于MA20 | 动量: 突破转强 (阳线上穿5/10)
603017,2026-07-10,9.87,9.01,-8.71,-8.71,0,1,量能: 放量 (2.27X) | 动量: 突破转强 (阳线上穿5/10)
603017,2026-07-03,10.3,9.01,-12.52,-4.17,0,6,动量: 突破转强 (阳线上穿5/10)
603017,2026-07-09,9.29,9.01,-3.01,6.24,0,2,"形态: 两连阴 (-3.19%, -1.38%)"
601566,2026-07-10,8.27,8.13,-1.69,-1.69,0,1,"形态: 两连阴 (-0.71%, -1.20%)"
601566,2026-07-03,8.7,8.13,-6.55,0.57,0,6,动量: 突破转强 (阳线上穿5/10)
601566,2026-07-09,8.26,8.13,-1.57,0.12,0,2,"形态: 两连阴 (-3.77%, -0.71%)"
003003,2026-07-03,10.55,9.95,-5.69,-1.23,0,6,动量: 突破转强 (阳线上穿5/10)
003003,2026-07-09,10.03,9.95,-0.8,1.4,0,2,"形态: 两连阴 (-2.40%, -1.38%)"
002892,2026-07-03,9.96,9.06,-9.04,-5.82,0,6,量能: 放量 (1.59X) | 动量: 突破转强 (阳线上穿5/10)
002790,2026-07-10,5.54,5.45,-1.62,-1.62,0,1,"形态: 两连阴 (-0.54%, -1.09%)"
002790,2026-07-03,5.72,5.45,-4.72,-0.52,0,6,量能: 放量 (1.71X) | 动量: 突破转强 (阳线上穿5/10)
002790,2026-07-09,5.45,5.45,0.0,1.65,0,2,"形态: 两连阴 (-2.64%, -0.54%)"
000546,2026-07-10,4.58,4.32,-5.68,-5.68,0,1,"形态: 两连阴 (-4.15%, -1.73%)"
000546,2026-07-09,4.54,4.32,-4.85,0.88,0,2,"形态: 两连阴 (-2.63%, -4.15%)"
002644,2026-07-03,7.33,7.45,1.64,1.64,1,6,动量: 突破转强 (阳线上穿5/10)
600579,2026-07-07,7.68,7.82,1.82,5.08,1,4,趋势: 多头排列 (5>20>60) | 形态: 10日内有涨停 | 趋势: 高于MA20
600579,2026-07-10,7.79,7.82,0.39,0.39,1,1,趋势: 多头排列 (5>20>60) | 趋势: 高于MA20
600579,2026-07-03,7.91,7.82,-1.14,2.02,0,6,"形态: 10日内有涨停 | 形态: 两连阴 (-2.18%, -4.46%) | 趋势: 高于MA20"
600579,2026-07-09,8.07,7.82,-3.1,-3.1,0,2,趋势: 多头排列 (5>20>60) | 趋势: 高于MA20 | 动量: 突破转强 (阳线上穿5/10)
600579,2026-07-01,8.08,7.82,-3.22,-0.12,0,8,形态: 10日内有涨停 | 趋势: 高于MA20
600714,2026-07-07,16.37,14.23,-13.07,-2.75,0,4,"形态: 两连阴 (-4.36%, -4.33%)"
600714,2026-07-10,15.68,14.23,-9.25,-9.25,0,1,"形态: 两连阴 (-2.75%, -2.07%)"
600714,2026-07-09,15.59,14.23,-8.72,0.58,0,2,"形态: 两连阴 (-4.94%, -2.75%)"
600714,2026-07-01,20.73,14.23,-31.36,-9.21,0,8,量能: 放量 (1.88X)
600830,2026-07-10,8.06,7.75,-3.85,-3.85,0,1,动量: 突破转强 (阳线上穿5/10)
600830,2026-07-03,8.18,7.75,-5.26,-0.49,0,6,动量: 突破转强 (阳线上穿5/10)
002565,2026-07-03,12.61,10.04,-20.38,-9.99,0,6,动量: 突破转强 (阳线上穿5/10)
002565,2026-07-09,10.67,10.04,-5.9,4.5,0,2,"形态: 两连阴 (-4.32%, -4.42%)"
002565,2026-07-01,12.85,10.04,-21.87,-1.87,0,8,动量: 突破转强 (阳线上穿5/10)
002731,2026-07-07,3.92,2.57,-34.44,-9.95,0,4,量能: 放量 (5.00X)
002731,2026-07-10,2.86,2.57,-10.14,-10.14,0,1,"量能: 放量 (3.04X) | 形态: 两连阴 (-9.95%, -9.92%)"
002731,2026-07-09,3.18,2.57,-19.18,-10.06,0,2,"量能: 放量 (1.74X) | 形态: 两连阴 (-9.89%, -9.95%)"
603997,2026-07-07,11.64,11.85,1.8,1.8,1,4,"形态: 两连阴 (-0.73%, -1.87%)"
603997,2026-07-09,11.33,11.85,4.59,4.59,1,2,"形态: 两连阴 (-3.64%, -2.84%)"
002366,2026-07-07,5.46,4.98,-8.79,-3.48,0,4,形态: 10日内有涨停
002366,2026-07-10,5.27,4.98,-5.5,-5.5,0,1,形态: 10日内有涨停
002366,2026-07-03,5.8,4.98,-14.14,-2.41,0,6,形态: 10日内有涨停
002366,2026-07-09,5.22,4.98,-4.6,0.96,0,2,"形态: 10日内有涨停 | 形态: 两连阴 (-3.53%, -4.95%)"
002366,2026-07-01,5.98,4.98,-16.72,-3.01,0,8,形态: 10日内有涨停 | 动量: 突破转强 (阳线上穿5/10)
600419,2026-07-10,7.73,7.5,-2.98,-2.98,0,1,"形态: 两连阴 (-0.64%, -1.81%)"
600419,2026-07-03,8.0,7.5,-6.25,0.37,0,6,趋势: 高于MA20 | 动量: 突破转强 (阳线上穿5/10)
600419,2026-07-09,7.59,7.5,-1.19,1.84,0,2,"形态: 两连阴 (-3.11%, -0.64%)"
601108,2026-07-10,8.53,8.5,-0.35,-0.35,0,1,趋势: 高于MA20
601108,2026-07-03,9.12,8.5,-6.8,0.11,0,6,形态: 10日内有涨停 | 动量: 突破转强 (阳线上穿5/10)
601108,2026-07-09,8.72,8.5,-2.52,-2.18,0,2,"形态: 两连阴 (-5.81%, -1.28%) | 趋势: 高于MA20"
601108,2026-07-01,9.21,8.5,-7.71,-0.87,0,8,形态: 10日内有涨停 | 动量: 突破转强 (阳线上穿5/10)
603176,2026-07-10,4.35,4.19,-3.68,-3.68,0,1,动量: 突破转强 (阳线上穿5/10)
603176,2026-07-03,4.44,4.19,-5.63,-1.13,0,6,动量: 突破转强 (阳线上穿5/10)
002066,2026-07-09,21.0,19.85,-5.48,-3.48,0,2,"形态: 两连阴 (-3.77%, -1.11%) | 动量: 突破转强 (阳线上穿5/10)"
603778,2026-07-07,10.95,10.19,-6.94,3.38,0,4,"量能: 放量 (1.86X) | 形态: 10日内有涨停 | 形态: 两连阴 (-9.85%, -9.98%)"
603778,2026-07-10,11.32,10.19,-9.98,-9.98,0,1,形态: 10日内有涨停
603778,2026-07-03,11.62,10.19,-12.31,-2.58,0,6,形态: 10日内有涨停
603778,2026-07-09,11.02,10.19,-7.53,2.72,0,2,形态: 10日内有涨停
002471,2026-07-07,5.64,5.24,-7.09,3.19,0,4,形态: 10日内有涨停
002471,2026-07-10,5.82,5.24,-9.97,-9.97,0,1,量能: 放量 (1.63X) | 形态: 10日内有涨停
002471,2026-07-03,6.51,5.24,-19.51,-8.14,0,6,形态: 10日内有涨停 | 动量: 突破转强 (阳线上穿5/10)
002471,2026-07-09,5.53,5.24,-5.24,5.24,0,2,"形态: 10日内有涨停 | 形态: 两连阴 (-5.69%, -2.30%)"
603399,2026-07-07,19.7,14.99,-23.91,-10.0,0,4,趋势: 多头排列 (5>20>60) | 形态: 10日内有涨停
603399,2026-07-10,16.22,14.99,-7.58,-7.58,0,1,"形态: 两连阴 (-10.00%, -4.79%)"
603399,2026-07-03,20.0,14.99,-25.05,4.25,0,6,趋势: 多头排列 (5>20>60) | 形态: 10日内有涨停
603399,2026-07-09,16.88,14.99,-11.2,-3.91,0,2,"形态: 两连阴 (-5.52%, -10.00%)"
603399,2026-07-01,22.72,14.99,-34.02,-5.06,0,8,趋势: 多头排列 (5>20>60) | 形态: 10日内有涨停 | 趋势: 高于MA20 | 动量: 突破转强 (阳线上穿5/10)
002494,2026-07-10,4.61,4.46,-3.25,-3.25,0,1,动量: 突破转强 (阳线上穿5/10)
002494,2026-07-03,4.73,4.46,-5.71,-0.21,0,6,动量: 突破转强 (阳线上穿5/10)
600961,2026-07-07,28.1,25.45,-9.43,-1.6,0,4,"趋势: 多头排列 (5>20>60) | 形态: 两连阴 (-8.26%, -5.14%)"
600961,2026-07-03,29.99,25.45,-15.14,-5.14,0,6,趋势: 多头排列 (5>20>60) | 形态: 10日内有涨停 | 趋势: 高于MA20
600961,2026-07-09,27.65,25.45,-7.96,-4.09,0,2,"形态: 两连阴 (-1.23%, -6.16%)"
600961,2026-07-01,35.3,25.45,-27.9,-7.39,0,8,"趋势: 多头排列 (5>20>60) | 形态: 10日内有涨停 | 形态: 两连阴 (-1.55%, -4.06%) | 趋势: 高于MA20 | 动量: 突破转强 (阳线上穿5/10)"
002725,2026-07-09,11.68,10.65,-8.82,-1.28,0,2,"形态: 两连阴 (-4.70%, -0.09%)"
603165,2026-07-07,13.59,13.41,-1.32,1.18,0,4,形态: 10日内有涨停
603165,2026-07-10,13.75,13.41,-2.47,-2.47,0,1,形态: 10日内有涨停
603165,2026-07-03,14.7,13.41,-8.78,-2.38,0,6,量能: 放量 (1.60X) | 形态: 10日内有涨停 | 趋势: 高于MA20 | 动量: 突破转强 (阳线上穿5/10)
603165,2026-07-09,13.71,13.41,-2.19,0.29,0,2,"形态: 10日内有涨停 | 形态: 两连阴 (-5.30%, -1.03%)"
605122,2026-07-10,10.76,10.25,-4.74,-4.74,0,1,"形态: 两连阴 (-2.67%, -1.04%)"
605122,2026-07-09,10.45,10.25,-1.91,2.97,0,2,"形态: 两连阴 (-2.43%, -2.67%)"
605122,2026-07-01,10.88,10.25,-5.79,2.67,0,8,"形态: 两连阴 (-0.36%, -1.73%)"
002036,2026-07-07,6.73,6.19,-8.02,0.45,0,4,形态: 10日内有涨停
002036,2026-07-10,6.76,6.19,-8.43,-8.43,0,1,形态: 10日内有涨停
002036,2026-07-03,7.42,6.19,-16.58,-5.8,0,6,形态: 10日内有涨停
002036,2026-07-09,6.72,6.19,-7.89,0.6,0,2,"形态: 10日内有涨停 | 形态: 两连阴 (-3.72%, -2.67%)"
002036,2026-07-01,7.57,6.19,-18.23,-1.98,0,8,形态: 10日内有涨停
600051,2026-07-10,5.88,5.8,-1.36,-1.36,0,1,"形态: 两连阴 (-1.20%, -0.17%) | 动量: 突破转强 (阳线上穿5/10)"
600051,2026-07-03,6.03,5.8,-3.81,-1.0,0,6,动量: 突破转强 (阳线上穿5/10)
600051,2026-07-09,5.74,5.8,1.05,2.44,1,2,"形态: 两连阴 (-2.51%, -1.20%)"
600185,2026-07-01,4.59,4.32,-5.88,-0.22,0,8,"形态: 两连阴 (-0.22%, -0.44%)"
002474,2026-07-10,5.79,5.57,-3.8,-3.8,0,1,动量: 突破转强 (阳线上穿5/10)
002250,2026-07-07,14.92,13.72,-8.04,-3.89,0,4,形态: 10日内有涨停 | 趋势: 高于MA20
002250,2026-07-10,14.34,13.72,-4.32,-4.32,0,1,"形态: 10日内有涨停 | 形态: 两连阴 (-5.16%, -0.35%) | 趋势: 高于MA20"
002250,2026-07-03,15.65,13.72,-12.33,-0.58,0,6,量能: 放量 (2.02X) | 形态: 10日内有涨停 | 趋势: 高于MA20 | 动量: 突破转强 (阳线上穿5/10)
002250,2026-07-09,14.1,13.72,-2.7,1.7,0,2,"形态: 10日内有涨停 | 形态: 两连阴 (-4.11%, -5.16%)"
002250,2026-07-01,14.1,13.72,-2.7,10.99,0,8,趋势: 高于MA20 | 动量: 突破转强 (阳线上穿5/10)
605050,2026-07-03,9.98,9.39,-5.91,0.0,0,6,动量: 突破转强 (阳线上穿5/10)
605050,2026-07-01,9.55,9.39,-1.68,4.5,0,8,"形态: 两连阴 (-1.37%, -0.32%)"
000950,2026-07-10,5.18,5.29,2.12,2.12,1,1,趋势: 高于MA20
000950,2026-07-03,5.32,5.29,-0.56,1.32,0,6,趋势: 高于MA20 | 动量: 突破转强 (阳线上穿5/10)
002582,2026-07-10,8.85,8.59,-2.94,-2.94,0,1,"形态: 两连阴 (-0.68%, -1.49%) | 动量: 突破转强 (阳线上穿5/10)"
002582,2026-07-03,8.97,8.59,-4.24,1.23,0,6,动量: 突破转强 (阳线上穿5/10)
002582,2026-07-09,8.62,8.59,-0.35,2.67,0,2,"形态: 两连阴 (-2.97%, -0.68%)"
603227,2026-07-01,7.14,7.04,-1.4,1.12,0,8,"形态: 两连阴 (-1.40%, -0.57%)"
000837,2026-07-10,10.72,9.7,-9.51,-9.51,0,1,"形态: 两连阴 (-6.23%, -0.65%)"
000837,2026-07-03,12.43,9.7,-21.96,-5.07,0,6,趋势: 高于MA20 | 动量: 突破转强 (阳线上穿5/10)
000837,2026-07-09,10.62,9.7,-8.66,0.94,0,2,"形态: 两连阴 (-3.39%, -6.23%)"
605388,2026-07-10,4.98,4.83,-3.01,-3.01,0,1,"形态: 两连阴 (-0.61%, -1.23%) | 动量: 突破转强 (阳线上穿5/10)"
605388,2026-07-03,5.06,4.83,-4.55,-0.2,0,6,动量: 突破转强 (阳线上穿5/10)
605388,2026-07-09,4.82,4.83,0.21,3.32,1,2,"形态: 两连阴 (-2.77%, -0.61%)"
002107,2026-07-07,6.16,6.36,3.25,3.25,1,4,趋势: 高于MA20
002107,2026-07-10,6.27,6.36,1.44,1.44,1,1,趋势: 高于MA20
002107,2026-07-03,6.64,6.36,-4.22,-1.51,0,6,趋势: 高于MA20 | 动量: 突破转强 (阳线上穿5/10)
002107,2026-07-09,6.28,6.36,1.27,1.27,1,2,"形态: 两连阴 (-5.81%, -0.81%) | 趋势: 高于MA20"
002107,2026-07-01,6.1,6.36,4.26,8.85,1,8,量能: 放量 (1.64X) | 趋势: 高于MA20 | 动量: 突破转强 (阳线上穿5/10)
600960,2026-07-07,4.07,3.66,-10.07,-3.44,0,4,趋势: 高于MA20
600960,2026-07-09,3.93,3.66,-6.87,-0.76,0,2,"形态: 两连阴 (-2.63%, -3.44%)"
600960,2026-07-01,4.13,3.66,-11.38,1.21,0,8,趋势: 高于MA20 | 动量: 突破转强 (阳线上穿5/10)
002446,2026-07-07,10.11,9.47,-6.33,4.06,0,4,形态: 10日内有涨停
002446,2026-07-10,10.52,9.47,-9.98,-9.98,0,1,形态: 10日内有涨停
002446,2026-07-03,11.09,9.47,-14.61,-3.88,0,6,形态: 10日内有涨停 | 趋势: 高于MA20 | 动量: 突破转强 (阳线上穿5/10)
002446,2026-07-09,10.34,9.47,-8.41,1.74,0,2,形态: 10日内有涨停
002446,2026-07-01,11.18,9.47,-15.3,-0.81,0,8,量能: 放量 (1.65X) | 形态: 10日内有涨停 | 趋势: 高于MA20 | 动量: 突破转强 (阳线上穿5/10)
000953,2026-07-10,5.29,5.17,-2.27,-2.27,0,1,"形态: 两连阴 (-0.95%, -1.35%)"
000953,2026-07-03,5.44,5.17,-4.96,-0.37,0,6,动量: 突破转强 (阳线上穿5/10)
000953,2026-07-09,5.12,5.17,0.98,3.32,1,2,"形态: 两连阴 (-3.32%, -0.95%)"
601339,2026-07-10,7.26,7.42,2.2,2.2,1,1,趋势: 高于MA20 | 动量: 突破转强 (阳线上穿5/10)
601339,2026-07-03,7.24,7.42,2.49,2.49,1,6,趋势: 高于MA20
601339,2026-07-09,7.24,7.42,2.49,2.49,1,2,趋势: 高于MA20
600054,2026-07-03,10.99,10.79,-1.82,1.46,0,6,趋势: 高于MA20 | 动量: 突破转强 (阳线上穿5/10)
603588,2026-07-07,17.11,13.33,-22.09,-7.07,0,4,趋势: 多头排列 (5>20>60) | 趋势: 高于MA20
603588,2026-07-10,14.81,13.33,-9.99,-9.99,0,1,"形态: 两连阴 (-7.07%, -0.31%)"
603588,2026-07-03,19.8,13.33,-32.68,-10.0,0,6,趋势: 多头排列 (5>20>60) | 形态: 10日内有涨停 | 趋势: 高于MA20 | 动量: 突破转强 (阳线上穿5/10)
603588,2026-07-09,15.85,13.33,-15.9,-6.56,0,2,"趋势: 多头排列 (5>20>60) | 形态: 两连阴 (-3.98%, -7.07%)"
603588,2026-07-01,19.65,13.33,-32.16,0.76,0,8,趋势: 多头排列 (5>20>60) | 形态: 10日内有涨停 | 趋势: 高于MA20 | 动量: 突破转强 (阳线上穿5/10)
603110,2026-07-10,23.19,22.79,-1.72,-1.72,0,1,形态: 10日内有涨停 | 趋势: 高于MA20 | 动量: 突破转强 (阳线上穿5/10)
603110,2026-07-03,21.12,22.79,7.91,9.8,1,6,"形态: 两连阴 (-4.57%, -3.26%)"
603110,2026-07-01,22.11,22.79,3.08,4.88,1,8,趋势: 多头排列 (5>20>60)
002453,2026-07-07,4.34,3.93,-9.45,-4.84,0,4,"形态: 两连阴 (-2.74%, -2.60%)"
002453,2026-07-03,4.62,3.93,-14.94,-2.6,0,6,形态: 10日内有涨停
002453,2026-07-09,4.12,3.93,-4.61,0.24,0,2,"形态: 两连阴 (-3.56%, -7.14%)"
002453,2026-07-01,4.78,3.93,-17.78,-0.63,0,8,形态: 10日内有涨停
003016,2026-07-10,6.3,6.21,-1.43,-1.43,0,1,"形态: 两连阴 (-0.32%, -1.12%)"
003016,2026-07-03,6.48,6.21,-4.17,0.15,0,6,动量: 突破转强 (阳线上穿5/10)
003016,2026-07-09,6.19,6.21,0.32,1.78,1,2,"形态: 两连阴 (-3.24%, -0.32%)"
600233,2026-07-07,17.12,16.72,-2.34,-2.16,0,4,形态: 10日内有涨停 | 趋势: 高于MA20
600233,2026-07-10,16.74,16.72,-0.12,-0.12,0,1,"形态: 10日内有涨停 | 形态: 两连阴 (-2.16%, -0.54%) | 趋势: 高于MA20"
600233,2026-07-03,17.2,16.72,-2.79,1.22,0,6,形态: 10日内有涨停 | 趋势: 高于MA20
600233,2026-07-09,16.66,16.72,0.36,0.48,1,2,"形态: 10日内有涨停 | 形态: 两连阴 (-1.67%, -2.16%) | 趋势: 高于MA20"
600233,2026-07-01,17.33,16.72,-3.52,3.46,0,8,形态: 10日内有涨停 | 趋势: 高于MA20 | 动量: 突破转强 (阳线上穿5/10)
002094,2026-07-03,4.51,4.24,-5.99,-0.89,0,6,动量: 突破转强 (阳线上穿5/10)
600212,2026-07-10,5.03,4.82,-4.17,-4.17,0,1,"形态: 两连阴 (-2.37%, -2.22%)"
600212,2026-07-03,5.53,4.82,-12.84,-6.87,0,6,动量: 突破转强 (阳线上穿5/10)
600212,2026-07-09,4.84,4.82,-0.41,3.93,0,2,"形态: 两连阴 (-1.55%, -2.37%)"
600212,2026-07-01,5.28,4.82,-8.71,4.73,0,8,"形态: 两连阴 (-0.19%, -0.19%)"
603808,2026-07-10,7.6,7.46,-1.84,-1.84,0,1,"形态: 两连阴 (-0.65%, -1.44%)"
603808,2026-07-03,8.02,7.46,-6.98,-0.62,0,6,动量: 突破转强 (阳线上穿5/10)
603808,2026-07-09,7.54,7.46,-1.06,0.8,0,2,"形态: 两连阴 (-3.39%, -0.65%)"
605006,2026-07-07,16.96,15.33,-9.61,3.3,0,4,"形态: 两连阴 (-6.86%, -6.06%)"
605006,2026-07-09,17.52,15.33,-12.5,-4.39,0,2,"形态: 两连阴 (-1.45%, -5.60%)"
605006,2026-07-01,21.86,15.33,-29.87,-10.02,0,8,"趋势: 多头排列 (5>20>60) | 形态: 两连阴 (-9.98%, -6.06%) | 趋势: 高于MA20"
603777,2026-07-10,15.6,14.45,-7.37,-7.37,0,1,"形态: 两连阴 (-1.45%, -0.96%)"
603777,2026-07-03,16.44,14.45,-12.1,0.91,0,6,动量: 突破转强 (阳线上穿5/10)
603777,2026-07-09,15.45,14.45,-6.47,0.97,0,2,"形态: 两连阴 (-4.58%, -1.45%)"
603777,2026-07-01,15.72,14.45,-8.08,5.53,0,8,"形态: 两连阴 (-0.57%, -1.46%)"
600802,2026-07-10,4.27,4.08,-4.45,-4.45,0,1,动量: 突破转强 (阳线上穿5/10)
600802,2026-07-03,4.35,4.08,-6.21,-1.61,0,6,动量: 突破转强 (阳线上穿5/10)
600802,2026-07-01,4.27,4.08,-4.45,1.87,0,8,"形态: 两连阴 (-0.72%, -0.96%)"
002346,2026-07-10,21.81,20.33,-6.79,-6.79,0,1,量能: 放量 (1.75X) | 形态: 10日内有涨停 | 趋势: 高于MA20 | 动量: 突破转强 (阳线上穿5/10)
002346,2026-07-03,20.2,20.33,0.64,7.97,1,6,"形态: 10日内有涨停 | 形态: 两连阴 (-3.51%, -2.37%) | 趋势: 高于MA20"
002346,2026-07-09,19.83,20.33,2.52,9.98,1,2,"形态: 10日内有涨停 | 形态: 两连阴 (-4.09%, -3.89%) | 趋势: 高于MA20"
002346,2026-07-01,20.64,20.33,-1.5,5.67,0,8,形态: 10日内有涨停 | 趋势: 高于MA20
002331,2026-07-10,7.02,6.79,-3.28,-3.28,0,1,量能: 放量 (1.54X)
002331,2026-07-09,6.83,6.79,-0.59,2.78,0,2,"形态: 两连阴 (-3.39%, -0.44%)"
002339,2026-07-09,6.63,6.38,-3.77,1.06,0,2,"形态: 两连阴 (-2.50%, -1.20%)"
000417,2026-07-07,7.68,7.08,-7.81,7.29,0,4,"趋势: 多头排列 (5>20>60) | 形态: 两连阴 (-3.03%, -3.49%)"
000417,2026-07-10,7.78,7.08,-9.0,-9.0,0,1,量能: 放量 (2.00X) | 形态: 10日内有涨停
000417,2026-07-03,8.32,7.08,-14.9,-0.96,0,6,趋势: 多头排列 (5>20>60) | 趋势: 高于MA20
000417,2026-07-09,8.24,7.08,-14.08,-5.58,0,2,"形态: 10日内有涨停 | 形态: 两连阴 (-4.36%, -2.47%) | 趋势: 高于MA20"
000417,2026-07-01,9.0,7.08,-21.33,-4.67,0,8,趋势: 多头排列 (5>20>60) | 趋势: 高于MA20 | 动量: 突破转强 (阳线上穿5/10)
603022,2026-07-10,8.04,7.77,-3.36,-3.36,0,1,"形态: 两连阴 (-0.75%, -1.13%)"
603022,2026-07-09,7.84,7.77,-0.89,2.55,0,2,"形态: 两连阴 (-3.73%, -0.75%)"
603022,2026-07-01,8.25,7.77,-5.82,1.09,0,8,"形态: 两连阴 (-1.46%, -1.60%)"
600127,2026-07-10,5.45,5.59,2.57,2.57,1,1,趋势: 高于MA20 | 动量: 突破转强 (阳线上穿5/10)
600127,2026-07-03,5.39,5.59,3.71,3.71,1,6,动量: 突破转强 (阳线上穿5/10)
002235,2026-07-07,8.75,9.17,4.8,4.8,1,4,趋势: 高于MA20
002235,2026-07-10,8.68,9.17,5.65,5.65,1,1,趋势: 高于MA20
002235,2026-07-03,9.31,9.17,-1.5,-0.75,0,6,趋势: 高于MA20 | 动量: 突破转强 (阳线上穿5/10)
002235,2026-07-09,8.99,9.17,2.0,2.0,1,2,"形态: 两连阴 (-5.30%, -0.57%) | 趋势: 高于MA20"
002235,2026-07-01,7.89,9.17,16.22,18.0,1,8,"形态: 两连阴 (-2.62%, -0.51%)"
000890,2026-07-07,7.15,6.82,-4.62,3.22,0,4,"形态: 10日内有涨停 | 形态: 两连阴 (-9.98%, -7.27%)"
000890,2026-07-10,7.38,6.82,-7.59,-7.59,0,1,形态: 10日内有涨停
000890,2026-07-03,8.12,6.82,-16.01,-7.27,0,6,量能: 放量 (1.53X) | 形态: 10日内有涨停
000890,2026-07-09,7.08,6.82,-3.67,4.24,0,2,"形态: 10日内有涨停 | 形态: 两连阴 (-5.05%, -1.12%)"
600595,2026-07-10,5.94,5.78,-2.69,-2.69,0,1,量能: 放量 (1.67X) | 动量: 突破转强 (阳线上穿5/10)
600595,2026-07-03,5.91,5.78,-2.2,0.51,0,6,动量: 突破转强 (阳线上穿5/10)
600595,2026-07-09,5.7,5.78,1.4,4.21,1,2,"形态: 两连阴 (-2.53%, -1.73%)"
002383,2026-07-10,7.14,6.62,-7.28,-7.28,0,1,量能: 放量 (1.79X) | 趋势: 高于MA20 | 动量: 突破转强 (阳线上穿5/10)
002383,2026-07-03,7.21,6.62,-8.18,-0.97,0,6,趋势: 高于MA20 | 动量: 突破转强 (阳线上穿5/10)
002383,2026-07-01,6.99,6.62,-5.29,3.15,0,8,动量: 突破转强 (阳线上穿5/10)
002097,2026-07-10,7.13,6.78,-4.91,-4.91,0,1,"形态: 两连阴 (-2.23%, -0.85%)"
002097,2026-07-09,6.96,6.78,-2.59,2.44,0,2,"形态: 两连阴 (-2.31%, -2.23%)"
600235,2026-07-10,5.2,5.05,-2.88,-2.88,0,1,"形态: 两连阴 (-0.77%, -1.17%) | 动量: 突破转强 (阳线上穿5/10)"
600235,2026-07-03,5.27,5.05,-4.17,-0.19,0,6,动量: 突破转强 (阳线上穿5/10)
600235,2026-07-09,5.07,5.05,-0.39,2.56,0,2,"形态: 两连阴 (-1.71%, -0.77%)"
002062,2026-07-07,7.25,6.92,-4.55,4.0,0,4,"形态: 两连阴 (-4.30%, -1.59%)"
002062,2026-07-10,7.54,6.92,-8.22,-8.22,0,1,动量: 突破转强 (阳线上穿5/10)
000823,2026-07-07,19.32,16.25,-15.89,-0.67,0,4,"趋势: 多头排列 (5>20>60) | 形态: 10日内有涨停 | 形态: 两连阴 (-5.17%, -9.55%)"
000823,2026-07-03,22.19,16.25,-26.77,-9.55,0,6,趋势: 多头排列 (5>20>60) | 形态: 10日内有涨停 | 趋势: 高于MA20
000823,2026-07-09,19.19,16.25,-15.32,-5.94,0,2,"形态: 10日内有涨停 | 形态: 两连阴 (-3.74%, -4.35%)"
000823,2026-07-01,26.0,16.25,-37.5,-10.0,0,8,"趋势: 多头排列 (5>20>60) | 形态: 10日内有涨停 | 形态: 两连阴 (-8.85%, -1.12%) | 趋势: 高于MA20"
002584,2026-07-07,9.92,8.03,-19.05,-3.43,0,4,"趋势: 多头排列 (5>20>60) | 形态: 10日内有涨停 | 形态: 两连阴 (-9.55%, -5.93%) | 趋势: 高于MA20"
002584,2026-07-10,8.76,8.03,-8.33,-8.33,0,1,"形态: 10日内有涨停 | 形态: 两连阴 (-3.43%, -4.80%)"
002584,2026-07-03,9.95,8.03,-19.3,-0.3,0,6,趋势: 多头排列 (5>20>60) | 形态: 10日内有涨停 | 趋势: 高于MA20
002584,2026-07-09,9.12,8.03,-11.95,-3.95,0,2,趋势: 多头排列 (5>20>60) | 形态: 10日内有涨停
002584,2026-07-01,10.0,8.03,-19.7,10.0,0,8,趋势: 多头排列 (5>20>60) | 形态: 10日内有涨停 | 趋势: 高于MA20 | 动量: 突破转强 (阳线上穿5/10)
002404,2026-07-10,5.75,5.61,-2.43,-2.43,0,1,"形态: 两连阴 (-0.52%, -1.39%)"
002404,2026-07-03,5.89,5.61,-4.75,-0.34,0,6,动量: 突破转强 (阳线上穿5/10)
002404,2026-07-09,5.66,5.61,-0.88,1.59,0,2,"形态: 两连阴 (-1.70%, -0.52%)"
002404,2026-07-01,5.78,5.61,-2.94,1.9,0,8,形态: 10日内有涨停
002056,2026-07-07,30.95,24.08,-22.2,-3.26,0,4,趋势: 多头排列 (5>20>60) | 形态: 10日内有涨停 | 趋势: 高于MA20
002056,2026-07-10,26.75,24.08,-9.98,-9.98,0,1,"趋势: 多头排列 (5>20>60) | 形态: 两连阴 (-3.26%, -6.78%)"
002056,2026-07-03,32.82,24.08,-26.63,-5.7,0,6,趋势: 多头排列 (5>20>60) | 形态: 10日内有涨停 | 趋势: 高于MA20 | 动量: 突破转强 (阳线上穿5/10)
002056,2026-07-09,27.91,24.08,-13.72,-4.16,0,2,趋势: 多头排列 (5>20>60)
002056,2026-07-01,30.76,24.08,-21.72,6.7,0,8,趋势: 多头排列 (5>20>60) | 形态: 10日内有涨停 | 趋势: 高于MA20 | 动量: 突破转强 (阳线上穿5/10)
000758,2026-07-07,6.17,5.49,-11.02,-3.08,0,4,"形态: 两连阴 (-0.31%, -2.14%)"
000758,2026-07-10,5.76,5.49,-4.69,-4.69,0,1,"形态: 两连阴 (-3.08%, -3.51%)"
000758,2026-07-09,5.77,5.49,-4.85,-0.17,0,2,"形态: 两连阴 (-3.44%, -3.08%)"
002196,2026-07-03,13.99,10.8,-22.8,-5.79,0,6,量能: 放量 (1.72X) | 形态: 10日内有涨停 | 趋势: 高于MA20 | 动量: 突破转强 (阳线上穿5/10)
002196,2026-07-09,11.86,10.8,-8.94,0.84,0,2,"形态: 两连阴 (-4.02%, -6.32%)"
002196,2026-07-01,12.26,10.8,-11.91,14.11,0,8,形态: 10日内有涨停
600728,2026-07-10,4.29,4.16,-3.03,-3.03,0,1,动量: 突破转强 (阳线上穿5/10)
002357,2026-07-09,8.97,8.41,-6.24,-0.11,0,2,"形态: 两连阴 (-2.56%, -2.05%) | 动量: 突破转强 (阳线上穿5/10)"
002357,2026-07-01,8.9,8.41,-5.51,2.36,0,8,"形态: 两连阴 (-4.19%, -0.11%)"
002209,2026-07-10,10.17,9.98,-1.87,-1.87,0,1,"形态: 两连阴 (-1.82%, -2.35%)"
002209,2026-07-03,10.94,9.98,-8.78,-1.28,0,6,动量: 突破转强 (阳线上穿5/10)
002209,2026-07-09,9.99,9.98,-0.1,1.8,0,2,"形态: 两连阴 (-3.52%, -1.82%)"
002209,2026-07-01,10.57,9.98,-5.58,3.5,0,8,"形态: 两连阴 (-0.10%, -1.05%)"
601696,2026-07-07,11.81,11.43,-3.22,1.27,0,4,趋势: 多头排列 (5>20>60)
601696,2026-07-03,12.65,11.43,-9.64,-1.74,0,6,趋势: 多头排列 (5>20>60) | 趋势: 高于MA20
601696,2026-07-09,11.96,11.43,-4.43,-1.34,0,2,"形态: 两连阴 (-4.99%, -1.78%)"
601696,2026-07-01,13.16,11.43,-13.15,-3.88,0,8,趋势: 高于MA20 | 动量: 突破转强 (阳线上穿5/10)
600428,2026-07-07,8.29,9.82,18.46,18.46,1,4,趋势: 高于MA20
600428,2026-07-10,8.99,9.82,9.23,9.23,1,1,"形态: 10日内有涨停 | 形态: 两连阴 (-1.09%, -0.37%) | 趋势: 高于MA20 | 动量: 突破转强 (阳线上穿5/10)"
600428,2026-07-03,8.63,9.82,13.79,13.79,1,6,趋势: 高于MA20 | 动量: 突破转强 (阳线上穿5/10)
600428,2026-07-09,8.17,9.82,20.2,20.2,1,2,"形态: 两连阴 (-4.05%, -1.09%)"
600428,2026-07-01,8.23,9.82,19.32,19.32,1,8,趋势: 高于MA20 | 动量: 突破转强 (阳线上穿5/10)
603278,2026-07-07,10.27,9.35,-8.96,-2.14,0,4,形态: 10日内有涨停
603278,2026-07-10,10.05,9.35,-6.97,-6.97,0,1,"形态: 10日内有涨停 | 形态: 两连阴 (-6.04%, -0.83%)"
603278,2026-07-03,12.11,9.35,-22.79,-9.99,0,6,形态: 10日内有涨停 | 趋势: 高于MA20 | 动量: 突破转强 (阳线上穿5/10)
603278,2026-07-09,9.57,9.35,-2.3,5.02,0,2,"形态: 10日内有涨停 | 形态: 两连阴 (-5.78%, -6.04%)"
002459,2026-07-07,7.86,7.03,-10.56,-3.18,0,4,"形态: 两连阴 (-8.62%, -2.90%)"
002459,2026-07-10,7.61,7.03,-7.62,-7.62,0,1,"形态: 两连阴 (-4.33%, -0.27%)"
002459,2026-07-09,7.5,7.03,-6.27,1.47,0,2,"形态: 两连阴 (-2.12%, -4.33%)"
002459,2026-07-01,8.72,7.03,-19.38,3.78,0,8,量能: 放量 (1.74X) | 动量: 突破转强 (阳线上穿5/10)
002765,2026-07-07,7.78,6.96,-10.54,-5.27,0,4,形态: 10日内有涨停 | 趋势: 高于MA20
002765,2026-07-10,7.37,6.96,-5.56,-5.56,0,1,"形态: 10日内有涨停 | 形态: 两连阴 (-5.91%, -0.82%)"
002765,2026-07-03,7.91,6.96,-12.01,0.88,0,6,形态: 10日内有涨停 | 趋势: 高于MA20 | 动量: 突破转强 (阳线上穿5/10)
002765,2026-07-09,7.26,6.96,-4.13,1.52,0,2,"形态: 10日内有涨停 | 形态: 两连阴 (-2.51%, -5.91%)"
000789,2026-07-10,3.87,3.84,-0.78,-0.78,0,1,量能: 放量 (1.57X)
000789,2026-07-03,3.94,3.84,-2.54,0.51,0,6,动量: 突破转强 (阳线上穿5/10)
000789,2026-07-01,3.87,3.84,-0.78,2.33,0,8,"形态: 两连阴 (-1.02%, -3.36%)"
600258,2026-07-10,11.24,10.92,-2.85,-2.85,0,1,"形态: 两连阴 (-0.78%, -2.86%)"
600258,2026-07-03,11.53,10.92,-5.29,2.78,0,6,动量: 突破转强 (阳线上穿5/10)
600258,2026-07-09,11.19,10.92,-2.41,0.45,0,2,"形态: 两连阴 (-2.03%, -0.78%)"
603429,2026-07-07,7.8,7.39,-5.26,-0.77,0,4,"形态: 两连阴 (-1.82%, -4.28%)"
603429,2026-07-03,8.65,7.39,-14.57,-4.28,0,6,量能: 放量 (1.52X)
603429,2026-07-09,7.74,7.39,-4.52,-0.52,0,2,"形态: 两连阴 (-5.80%, -1.03%)"
603429,2026-07-01,8.39,7.39,-11.92,5.01,0,8,"形态: 两连阴 (-4.97%, -4.99%)"
002277,2026-07-07,6.0,5.5,-8.33,-1.0,0,4,"形态: 10日内有涨停 | 形态: 两连阴 (-1.70%, -3.31%)"
002277,2026-07-10,5.85,5.5,-5.98,-5.98,0,1,形态: 10日内有涨停
002277,2026-07-03,6.35,5.5,-13.39,-3.31,0,6,趋势: 多头排列 (5>20>60) | 形态: 10日内有涨停 | 趋势: 高于MA20
002277,2026-07-09,5.94,5.5,-7.41,-1.52,0,2,"形态: 10日内有涨停 | 形态: 两连阴 (-2.28%, -2.83%)"
002277,2026-07-01,6.48,5.5,-15.12,-0.31,0,8,形态: 10日内有涨停 | 趋势: 高于MA20 | 动量: 突破转强 (阳线上穿5/10)
002667,2026-07-03,12.43,11.55,-7.08,-6.28,0,6,动量: 突破转强 (阳线上穿5/10)
002667,2026-07-09,11.6,11.55,-0.43,-0.43,0,2,动量: 突破转强 (阳线上穿5/10)
002667,2026-07-01,11.28,11.55,2.39,10.2,1,8,"量能: 放量 (2.08X) | 形态: 两连阴 (-4.96%, -5.04%)"
002571,2026-07-10,10.41,10.11,-2.88,-2.88,0,1,动量: 突破转强 (阳线上穿5/10)
002571,2026-07-09,10.19,10.11,-0.79,2.16,0,2,"形态: 两连阴 (-0.58%, -3.30%)"
600353,2026-07-07,40.68,38.19,-6.12,3.74,0,4,趋势: 多头排列 (5>20>60) | 趋势: 高于MA20
600353,2026-07-10,42.2,38.19,-9.5,-9.5,0,1,形态: 10日内有涨停
600353,2026-07-03,44.53,38.19,-14.24,1.5,0,6,"趋势: 多头排列 (5>20>60) | 形态: 10日内有涨停 | 形态: 两连阴 (-6.14%, -1.17%) | 趋势: 高于MA20"
600353,2026-07-09,40.88,38.19,-6.58,3.23,0,2,"趋势: 多头排列 (5>20>60) | 形态: 10日内有涨停 | 形态: 两连阴 (-10.00%, -8.65%)"
600353,2026-07-01,42.8,38.19,-10.77,5.61,0,8,趋势: 多头排列 (5>20>60) | 形态: 10日内有涨停 | 趋势: 高于MA20
002258,2026-07-07,13.61,13.76,1.1,1.1,1,4,"趋势: 多头排列 (5>20>60) | 形态: 10日内有涨停 | 形态: 两连阴 (-0.58%, -0.15%) | 趋势: 高于MA20"
002258,2026-07-10,13.43,13.76,2.46,2.46,1,1,趋势: 多头排列 (5>20>60) | 形态: 10日内有涨停
002258,2026-07-03,13.75,13.76,0.07,0.07,1,6,形态: 10日内有涨停 | 趋势: 高于MA20
002258,2026-07-09,13.76,13.76,0.0,0.0,0,2,趋势: 多头排列 (5>20>60) | 形态: 10日内有涨停 | 趋势: 高于MA20 | 动量: 突破转强 (阳线上穿5/10)
002258,2026-07-01,12.57,13.76,9.47,10.02,1,8,形态: 10日内有涨停
600814,2026-07-10,6.4,6.32,-1.25,-1.25,0,1,量能: 放量 (1.56X) | 动量: 突破转强 (阳线上穿5/10)
600814,2026-07-03,6.41,6.32,-1.4,0.0,0,6,动量: 突破转强 (阳线上穿5/10)
002512,2026-07-10,3.57,3.31,-7.28,-7.28,0,1,形态: 10日内有涨停 | 动量: 突破转强 (阳线上穿5/10)
002512,2026-07-03,3.46,3.31,-4.34,3.18,0,6,动量: 突破转强 (阳线上穿5/10)
002512,2026-07-09,3.44,3.31,-3.78,3.78,0,2,形态: 10日内有涨停 | 动量: 突破转强 (阳线上穿5/10)
002512,2026-07-01,3.25,3.31,1.85,9.85,1,8,"形态: 两连阴 (-5.11%, -1.58%)"
605136,2026-07-10,7.26,7.18,-1.1,-1.1,0,1,动量: 突破转强 (阳线上穿5/10)
605136,2026-07-03,7.45,7.18,-3.62,-1.07,0,6,动量: 突破转强 (阳线上穿5/10)
605136,2026-07-09,7.09,7.18,1.27,2.4,1,2,"形态: 两连阴 (-2.85%, -0.98%)"
002631,2026-07-07,9.96,8.89,-10.74,0.9,0,4,"趋势: 多头排列 (5>20>60) | 形态: 10日内有涨停 | 形态: 两连阴 (-4.63%, -1.56%) | 趋势: 高于MA20"
002631,2026-07-10,9.68,8.89,-8.16,-8.16,0,1,趋势: 多头排列 (5>20>60) | 形态: 10日内有涨停 | 趋势: 高于MA20
002631,2026-07-03,10.91,8.89,-18.52,-1.56,0,6,趋势: 多头排列 (5>20>60) | 形态: 10日内有涨停 | 趋势: 高于MA20
002631,2026-07-09,9.62,8.89,-7.59,0.62,0,2,趋势: 多头排列 (5>20>60) | 形态: 10日内有涨停 | 趋势: 高于MA20
002631,2026-07-01,11.48,8.89,-22.56,-0.35,0,8,趋势: 多头排列 (5>20>60) | 形态: 10日内有涨停 | 趋势: 高于MA20 | 动量: 突破转强 (阳线上穿5/10)
002591,2026-07-01,6.32,5.98,-5.38,1.58,0,8,"形态: 两连阴 (-3.00%, -0.33%)"
001300,2026-07-10,11.82,11.14,-5.75,-5.75,0,1,动量: 突破转强 (阳线上穿5/10)
001300,2026-07-01,11.55,11.14,-3.55,2.68,0,8,"形态: 两连阴 (-1.39%, -0.79%)"
600148,2026-07-07,14.94,14.04,-6.02,-1.41,0,4,趋势: 高于MA20
600148,2026-07-10,14.73,14.04,-4.68,-4.68,0,1,"形态: 两连阴 (-2.07%, -0.75%)"
600148,2026-07-03,15.52,14.04,-9.54,-1.16,0,6,趋势: 高于MA20 | 动量: 突破转强 (阳线上穿5/10)
600148,2026-07-09,14.52,14.04,-3.31,1.45,0,2,"形态: 两连阴 (-2.61%, -2.07%)"
600148,2026-07-01,14.86,14.04,-5.52,4.44,0,8,"形态: 两连阴 (-0.41%, -0.21%) | 趋势: 高于MA20"
002029,2026-07-07,7.98,7.9,-1.0,0.25,0,4,形态: 10日内有涨停
002029,2026-07-10,8.0,7.9,-1.25,-1.25,0,1,形态: 10日内有涨停 | 动量: 突破转强 (阳线上穿5/10)
002029,2026-07-03,8.62,7.9,-8.35,-4.41,0,6,量能: 放量 (1.79X) | 形态: 10日内有涨停 | 趋势: 高于MA20 | 动量: 突破转强 (阳线上穿5/10)
002029,2026-07-09,7.76,7.9,1.8,3.09,1,2,"形态: 10日内有涨停 | 形态: 两连阴 (-3.16%, -2.88%)"
002543,2026-07-10,6.48,6.42,-0.93,-0.93,0,1,趋势: 高于MA20 | 动量: 突破转强 (阳线上穿5/10)
002543,2026-07-03,6.46,6.42,-0.62,2.94,0,6,动量: 突破转强 (阳线上穿5/10)
600138,2026-07-10,6.85,6.8,-0.73,-0.73,0,1,动量: 突破转强 (阳线上穿5/10)
600138,2026-07-03,6.79,6.8,0.15,0.88,1,6,动量: 突破转强 (阳线上穿5/10)
601058,2026-07-07,12.89,13.05,1.24,1.24,1,4,趋势: 高于MA20
601058,2026-07-10,12.44,13.05,4.9,4.9,1,1,"形态: 两连阴 (-0.70%, -4.92%) | 趋势: 高于MA20"
601058,2026-07-03,12.28,13.05,6.27,6.27,1,6,趋势: 高于MA20 | 动量: 突破转强 (阳线上穿5/10)
601058,2026-07-09,12.17,13.05,7.23,7.23,1,2,"形态: 两连阴 (-0.46%, -0.70%) | 趋势: 高于MA20"
002593,2026-07-10,4.09,3.94,-3.67,-3.67,0,1,"形态: 两连阴 (-1.23%, -0.50%) | 动量: 突破转强 (阳线上穿5/10)"
002593,2026-07-03,4.24,3.94,-7.08,-2.36,0,6,动量: 突破转强 (阳线上穿5/10)
002593,2026-07-09,3.99,3.94,-1.25,2.51,0,2,"形态: 两连阴 (-1.93%, -1.23%)"
601319,2026-07-10,7.06,7.07,0.14,0.14,1,1,趋势: 高于MA20
601319,2026-07-03,7.25,7.07,-2.48,0.83,0,6,动量: 突破转强 (阳线上穿5/10)
601319,2026-07-09,7.13,7.07,-0.84,-0.84,0,2,"形态: 两连阴 (-2.60%, -0.70%) | 趋势: 高于MA20"
601319,2026-07-01,7.25,7.07,-2.48,0.83,0,8,量能: 放量 (1.61X) | 动量: 突破转强 (阳线上穿5/10)
600838,2026-07-10,7.06,6.8,-3.68,-3.68,0,1,量能: 放量 (1.70X)
600838,2026-07-03,7.37,6.8,-7.73,-0.41,0,6,动量: 突破转强 (阳线上穿5/10)
603810,2026-07-10,11.23,10.82,-3.65,-3.65,0,1,"形态: 两连阴 (-0.98%, -0.72%)"
603810,2026-07-09,11.01,10.82,-1.73,2.0,0,2,"形态: 两连阴 (-4.44%, -0.98%)"
002448,2026-07-10,11.32,10.85,-4.15,-4.15,0,1,"形态: 两连阴 (-3.99%, -1.27%)"
002448,2026-07-03,12.31,10.85,-11.86,2.92,0,6,"量能: 放量 (1.74X) | 形态: 两连阴 (-3.66%, -2.28%)"
002448,2026-07-09,11.64,10.85,-6.79,-2.75,0,2,"形态: 两连阴 (-3.08%, -3.99%)"
002020,2026-07-07,15.05,14.02,-6.84,-4.85,0,4,形态: 10日内有涨停 | 趋势: 高于MA20 | 动量: 突破转强 (阳线上穿5/10)
002020,2026-07-10,14.32,14.02,-2.09,-2.09,0,1,"形态: 10日内有涨停 | 形态: 两连阴 (-5.98%, -3.11%) | 趋势: 高于MA20"
002020,2026-07-03,15.19,14.02,-7.7,-0.92,0,6,量能: 放量 (2.19X) | 形态: 10日内有涨停 | 趋势: 高于MA20 | 动量: 突破转强 (阳线上穿5/10)
002020,2026-07-09,13.71,14.02,2.26,4.45,1,2,形态: 10日内有涨停 | 趋势: 高于MA20
002020,2026-07-01,13.33,14.02,5.18,13.95,1,8,趋势: 高于MA20 | 动量: 突破转强 (阳线上穿5/10)
002405,2026-07-10,6.67,6.28,-5.85,-5.85,0,1,量能: 放量 (1.66X) | 动量: 突破转强 (阳线上穿5/10)
002272,2026-07-07,22.4,21.37,-4.6,5.98,0,4,"趋势: 多头排列 (5>20>60) | 形态: 两连阴 (-2.92%, -1.89%) | 趋势: 高于MA20"
002272,2026-07-10,23.74,21.37,-9.98,-9.98,0,1,趋势: 多头排列 (5>20>60) | 趋势: 高于MA20 | 动量: 突破转强 (阳线上穿5/10)
002272,2026-07-03,23.26,21.37,-8.13,2.06,0,6,趋势: 多头排列 (5>20>60) | 趋势: 高于MA20
002272,2026-07-09,22.58,21.37,-5.36,5.14,0,2,"趋势: 多头排列 (5>20>60) | 形态: 两连阴 (-1.84%, -2.68%) | 趋势: 高于MA20"
002272,2026-07-01,23.81,21.37,-10.25,0.63,0,8,趋势: 多头排列 (5>20>60) | 趋势: 高于MA20
000567,2026-07-07,6.0,5.72,-4.67,-0.5,0,4,趋势: 高于MA20
000567,2026-07-10,5.97,5.72,-4.19,-4.19,0,1,"形态: 两连阴 (-1.50%, -0.34%) | 趋势: 高于MA20"
000567,2026-07-03,6.16,5.72,-7.14,0.49,0,6,趋势: 高于MA20 | 动量: 突破转强 (阳线上穿5/10)
000567,2026-07-09,5.89,5.72,-2.89,1.36,0,2,"形态: 两连阴 (-3.07%, -1.50%)"
000567,2026-07-01,6.18,5.72,-7.44,0.16,0,8,趋势: 高于MA20 | 动量: 突破转强 (阳线上穿5/10)
601288,2026-07-10,6.23,6.37,2.25,2.25,1,1,动量: 突破转强 (阳线上穿5/10)
601288,2026-07-03,5.9,6.37,7.97,7.97,1,6,"形态: 两连阴 (-0.33%, -1.16%)"
603321,2026-07-10,5.87,5.69,-3.07,-3.07,0,1,"形态: 两连阴 (-1.55%, -0.35%) | 动量: 突破转强 (阳线上穿5/10)"
603321,2026-07-03,6.08,5.69,-6.41,-0.66,0,6,动量: 突破转强 (阳线上穿5/10)
603321,2026-07-09,5.71,5.69,-0.35,2.8,0,2,"形态: 两连阴 (-3.64%, -1.55%)"
603321,2026-07-01,5.86,5.69,-2.9,3.75,0,8,"形态: 两连阴 (-0.85%, -2.22%)"
605138,2026-07-03,5.99,5.68,-5.18,0.67,0,6,动量: 突破转强 (阳线上穿5/10)
002117,2026-07-10,7.99,7.63,-4.51,-4.51,0,1,"形态: 两连阴 (-0.74%, -1.50%)"
002117,2026-07-03,8.29,7.63,-7.96,-1.45,0,6,动量: 突破转强 (阳线上穿5/10)
002117,2026-07-09,7.88,7.63,-3.17,1.4,0,2,"形态: 两连阴 (-1.35%, -0.74%)"
002708,2026-07-10,11.3,10.17,-10.0,-10.0,0,1,"形态: 两连阴 (-7.61%, -0.79%)"
002708,2026-07-03,13.69,10.17,-25.71,-4.89,0,6,量能: 放量 (1.66X)
002708,2026-07-09,11.32,10.17,-10.16,-0.18,0,2,"形态: 两连阴 (-5.15%, -7.61%)"
000821,2026-07-03,8.41,7.28,-13.44,-5.11,0,6,动量: 突破转强 (阳线上穿5/10)
002483,2026-07-10,5.0,4.89,-2.2,-2.2,0,1,"形态: 两连阴 (-1.57%, -1.80%)"
002483,2026-07-03,5.15,4.89,-5.05,1.55,0,6,动量: 突破转强 (阳线上穿5/10)
002483,2026-07-09,4.91,4.89,-0.41,1.83,0,2,"形态: 两连阴 (-2.87%, -1.57%)"
002441,2026-07-10,7.61,7.41,-2.63,-2.63,0,1,"形态: 两连阴 (-1.94%, -0.79%)"
002441,2026-07-09,7.51,7.41,-1.33,1.33,0,2,"形态: 两连阴 (-2.89%, -1.94%)"
603889,2026-07-10,5.23,5.14,-1.72,-1.72,0,1,"形态: 两连阴 (-0.38%, -1.52%)"
603889,2026-07-09,5.17,5.14,-0.58,1.16,0,2,"形态: 两连阴 (-0.57%, -0.38%)"
603889,2026-07-01,5.08,5.14,1.18,6.1,1,8,"形态: 两连阴 (-1.48%, -3.95%)"
002188,2026-07-10,4.86,4.67,-3.91,-3.91,0,1,"形态: 两连阴 (-0.62%, -0.83%)"
002188,2026-07-03,5.14,4.67,-9.14,-1.36,0,6,动量: 突破转强 (阳线上穿5/10)
002188,2026-07-09,4.77,4.67,-2.1,1.89,0,2,"形态: 两连阴 (-4.54%, -0.62%)"
600860,2026-07-10,8.2,7.73,-5.73,-5.73,0,1,"形态: 两连阴 (-4.24%, -1.11%)"
600860,2026-07-03,8.71,7.73,-11.25,-2.41,0,6,趋势: 高于MA20 | 动量: 突破转强 (阳线上穿5/10)
600860,2026-07-01,8.53,7.73,-9.38,2.11,0,8,动量: 突破转强 (阳线上穿5/10)
000862,2026-07-10,4.7,4.59,-2.34,-2.34,0,1,"形态: 两连阴 (-1.07%, -0.43%)"
000862,2026-07-09,4.6,4.59,-0.22,2.17,0,2,"形态: 两连阴 (-3.31%, -1.07%)"
600012,2026-07-07,16.92,16.88,-0.24,2.25,0,4,趋势: 多头排列 (5>20>60) | 趋势: 高于MA20 | 动量: 突破转强 (阳线上穿5/10)
600012,2026-07-10,16.62,16.88,1.56,1.56,1,1,趋势: 多头排列 (5>20>60) | 趋势: 高于MA20
600012,2026-07-03,16.31,16.88,3.49,6.07,1,6,趋势: 高于MA20 | 动量: 突破转强 (阳线上穿5/10)
600012,2026-07-09,17.1,16.88,-1.29,-1.29,0,2,趋势: 多头排列 (5>20>60) | 趋势: 高于MA20
600012,2026-07-01,15.9,16.88,6.16,8.81,1,8,动量: 突破转强 (阳线上穿5/10)
603086,2026-07-10,5.35,5.21,-2.62,-2.62,0,1,"形态: 两连阴 (-1.65%, -2.24%)"
603086,2026-07-03,5.6,5.21,-6.96,0.18,0,6,动量: 突破转强 (阳线上穿5/10)
603086,2026-07-09,5.24,5.21,-0.57,2.1,0,2,"形态: 两连阴 (-2.85%, -1.65%)"
603086,2026-07-01,5.34,5.21,-2.43,5.06,0,8,"形态: 两连阴 (-0.38%, -1.14%)"
600755,2026-07-07,5.71,5.81,1.75,6.3,1,4,趋势: 高于MA20
600755,2026-07-10,5.95,5.81,-2.35,-2.35,0,1,趋势: 高于MA20
600755,2026-07-03,5.57,5.81,4.31,8.98,1,6,动量: 突破转强 (阳线上穿5/10)
600755,2026-07-09,6.07,5.81,-4.28,-1.98,0,2,趋势: 高于MA20 | 动量: 突破转强 (阳线上穿5/10)
603977,2026-07-07,13.82,11.88,-14.04,-5.79,0,4,"形态: 10日内有涨停 | 形态: 两连阴 (-1.34%, -5.23%)"
603977,2026-07-10,12.83,11.88,-7.4,-7.4,0,1,"形态: 两连阴 (-5.79%, -1.69%)"
603977,2026-07-03,15.49,11.88,-23.31,-5.23,0,6,"形态: 10日内有涨停 | 形态: 两连阴 (-1.82%, -3.15%) | 趋势: 高于MA20"
603977,2026-07-09,12.8,11.88,-7.19,0.23,0,2,"形态: 10日内有涨停 | 形态: 两连阴 (-5.86%, -5.79%)"
603977,2026-07-01,16.21,11.88,-26.71,-3.15,0,8,形态: 10日内有涨停 | 趋势: 高于MA20
002361,2026-07-07,11.96,11.46,-4.18,6.44,0,4,"形态: 两连阴 (-3.60%, -9.99%)"
002361,2026-07-10,12.73,11.46,-9.98,-9.98,0,1,形态: 10日内有涨停
002361,2026-07-03,14.21,11.46,-19.35,-9.99,0,6,"形态: 两连阴 (-0.80%, -1.27%)"
002361,2026-07-09,11.57,11.46,-0.95,10.03,0,2,"形态: 两连阴 (-6.49%, -5.18%)"
600586,2026-07-10,4.29,4.13,-3.73,-3.73,0,1,量能: 放量 (1.55X)
600586,2026-07-03,4.32,4.13,-4.4,-0.69,0,6,"形态: 两连阴 (-3.50%, -2.04%)"
600667,2026-07-07,26.32,22.73,-13.64,-0.19,0,4,趋势: 多头排列 (5>20>60) | 形态: 10日内有涨停 | 趋势: 高于MA20
600667,2026-07-10,25.26,22.73,-10.02,-10.02,0,1,趋势: 多头排列 (5>20>60) | 形态: 10日内有涨停 | 趋势: 高于MA20
600667,2026-07-03,29.96,22.73,-24.13,-8.51,0,6,趋势: 多头排列 (5>20>60) | 形态: 10日内有涨停 | 趋势: 高于MA20 | 动量: 突破转强 (阳线上穿5/10)
600667,2026-07-09,26.27,22.73,-13.48,-3.84,0,2,"趋势: 多头排列 (5>20>60) | 形态: 10日内有涨停 | 形态: 两连阴 (-3.98%, -9.27%) | 趋势: 高于MA20"
600667,2026-07-01,32.1,22.73,-29.19,-6.67,0,8,趋势: 多头排列 (5>20>60) | 形态: 10日内有涨停 | 趋势: 高于MA20 | 动量: 突破转强 (阳线上穿5/10)
001338,2026-07-10,8.59,8.5,-1.05,-1.05,0,1,"形态: 两连阴 (-0.23%, -1.41%)"
001338,2026-07-03,8.85,8.5,-3.95,-0.23,0,6,动量: 突破转强 (阳线上穿5/10)
001338,2026-07-09,8.42,8.5,0.95,2.02,1,2,"形态: 两连阴 (-3.06%, -0.23%)"
600828,2026-07-10,3.63,3.5,-3.58,-3.58,0,1,量能: 放量 (1.50X) | 动量: 突破转强 (阳线上穿5/10)
600828,2026-07-03,3.7,3.5,-5.41,-1.89,0,6,动量: 突破转强 (阳线上穿5/10)
600828,2026-07-09,3.49,3.5,0.29,4.01,1,2,"形态: 两连阴 (-3.59%, -0.57%)"
603158,2026-07-03,11.84,10.22,-13.68,3.63,0,6,"形态: 两连阴 (-1.88%, -1.17%)"
603158,2026-07-09,11.33,10.22,-9.8,-0.09,0,2,"形态: 两连阴 (-4.97%, -3.86%)"
603960,2026-07-09,15.89,15.06,-5.22,1.64,0,2,"形态: 两连阴 (-5.76%, -3.36%)"
600733,2026-07-10,4.83,4.51,-6.63,-6.63,0,1,量能: 放量 (1.58X) | 动量: 突破转强 (阳线上穿5/10)
600733,2026-07-09,4.64,4.51,-2.8,4.09,0,2,"形态: 两连阴 (-2.11%, -1.72%)"
600733,2026-07-01,4.87,4.51,-7.39,0.0,0,8,"形态: 两连阴 (-0.81%, -0.41%)"
002999,2026-07-03,5.61,5.36,-4.46,1.6,0,6,动量: 突破转强 (阳线上穿5/10)
002166,2026-07-10,6.34,6.3,-0.63,-0.63,0,1,"形态: 两连阴 (-0.48%, -1.12%)"
002166,2026-07-03,6.56,6.3,-3.96,0.3,0,6,动量: 突破转强 (阳线上穿5/10)
002166,2026-07-09,6.2,6.3,1.61,2.26,1,2,"形态: 两连阴 (-4.26%, -0.48%)"
600697,2026-07-10,9.85,9.64,-2.13,-2.13,0,1,"形态: 两连阴 (-1.12%, -1.03%)"
600697,2026-07-03,10.19,9.64,-5.4,-0.2,0,6,动量: 突破转强 (阳线上穿5/10)
600697,2026-07-09,9.58,9.64,0.63,2.82,1,2,"形态: 两连阴 (-3.74%, -1.12%)"
603599,2026-07-10,9.69,9.48,-2.17,-2.17,0,1,"形态: 两连阴 (-0.91%, -3.07%)"
603599,2026-07-09,9.48,9.48,0.0,2.22,0,2,"形态: 两连阴 (-1.79%, -0.91%)"
603599,2026-07-01,9.76,9.48,-2.87,2.97,0,8,"形态: 两连阴 (-1.11%, -2.64%)"
002921,2026-07-07,27.38,24.25,-11.43,0.29,0,4,形态: 10日内有涨停 | 趋势: 高于MA20
002921,2026-07-10,26.94,24.25,-9.99,-9.99,0,1,形态: 10日内有涨停 | 趋势: 高于MA20
002921,2026-07-03,29.95,24.25,-19.03,-6.14,0,6,形态: 10日内有涨停 | 趋势: 高于MA20 | 动量: 突破转强 (阳线上穿5/10)
002921,2026-07-09,27.46,24.25,-11.69,-1.89,0,2,"形态: 10日内有涨停 | 形态: 两连阴 (-2.60%, -4.16%) | 趋势: 高于MA20"
002921,2026-07-01,29.72,24.25,-18.41,0.77,0,8,形态: 10日内有涨停 | 趋势: 高于MA20 | 动量: 突破转强 (阳线上穿5/10)
603385,2026-07-10,5.02,4.89,-2.59,-2.59,0,1,"形态: 两连阴 (-0.80%, -1.22%) | 动量: 突破转强 (阳线上穿5/10)"
603385,2026-07-03,5.16,4.89,-5.23,0.19,0,6,动量: 突破转强 (阳线上穿5/10)
603385,2026-07-09,4.87,4.89,0.41,3.08,1,2,"形态: 两连阴 (-3.87%, -0.80%)"
603385,2026-07-01,5.04,4.89,-2.98,2.58,0,8,"形态: 两连阴 (-0.40%, -1.61%)"
000686,2026-07-07,8.48,8.08,-4.72,0.47,0,4,趋势: 高于MA20
000686,2026-07-10,8.15,8.08,-0.86,-0.86,0,1,趋势: 多头排列 (5>20>60)
000686,2026-07-03,8.61,8.08,-6.16,1.63,0,6,趋势: 高于MA20 | 动量: 突破转强 (阳线上穿5/10)
000686,2026-07-09,8.52,8.08,-5.16,-4.34,0,2,"趋势: 多头排列 (5>20>60) | 形态: 两连阴 (-3.09%, -0.59%) | 趋势: 高于MA20"
000686,2026-07-01,8.75,8.08,-7.66,0.0,0,8,趋势: 高于MA20 | 动量: 突破转强 (阳线上穿5/10)
605155,2026-07-07,12.75,11.89,-6.75,-3.29,0,4,形态: 10日内有涨停
605155,2026-07-10,12.33,11.89,-3.57,-3.57,0,1,形态: 10日内有涨停
605155,2026-07-03,13.56,11.89,-12.32,-3.47,0,6,形态: 10日内有涨停 | 趋势: 高于MA20 | 动量: 突破转强 (阳线上穿5/10)
605155,2026-07-09,12.2,11.89,-2.54,1.07,0,2,"形态: 10日内有涨停 | 形态: 两连阴 (-2.60%, -4.47%)"
605155,2026-07-01,13.02,11.89,-8.68,4.15,0,8,形态: 10日内有涨停 | 动量: 突破转强 (阳线上穿5/10)
002204,2026-07-10,5.2,5.04,-3.08,-3.08,0,1,"形态: 两连阴 (-0.77%, -0.58%)"
002204,2026-07-03,5.44,5.04,-7.35,-0.74,0,6,动量: 突破转强 (阳线上穿5/10)
002204,2026-07-09,5.12,5.04,-1.56,1.56,0,2,"形态: 两连阴 (-3.89%, -0.77%)"
601212,2026-07-03,5.18,4.58,-11.58,1.35,0,6,量能: 放量 (1.52X)
601212,2026-07-09,4.84,4.58,-5.37,2.07,0,2,"形态: 两连阴 (-6.86%, -1.84%)"
000612,2026-07-10,10.01,10.32,3.1,3.1,1,1,"形态: 两连阴 (-2.70%, -2.78%)"
000612,2026-07-03,10.75,10.32,-4.0,-1.67,0,6,形态: 10日内有涨停
000612,2026-07-09,9.8,10.32,5.31,5.31,1,2,"形态: 两连阴 (-1.99%, -2.70%)"
000612,2026-07-01,10.57,10.32,-2.37,1.7,0,8,形态: 10日内有涨停
002511,2026-07-07,7.01,7.02,0.14,0.43,1,4,趋势: 高于MA20 | 动量: 突破转强 (阳线上穿5/10)
002511,2026-07-10,6.98,7.02,0.57,0.57,1,1,趋势: 高于MA20
002511,2026-07-03,6.96,7.02,0.86,1.15,1,6,趋势: 高于MA20 | 动量: 突破转强 (阳线上穿5/10)
002511,2026-07-09,6.94,7.02,1.15,1.15,1,2,趋势: 高于MA20
002511,2026-07-01,6.78,7.02,3.54,3.83,1,8,动量: 突破转强 (阳线上穿5/10)
600969,2026-07-10,7.43,7.27,-2.15,-2.15,0,1,"形态: 两连阴 (-1.74%, -0.82%)"
600969,2026-07-03,8.04,7.27,-9.58,-3.23,0,6,动量: 突破转强 (阳线上穿5/10)
600969,2026-07-09,7.28,7.27,-0.14,2.06,0,2,"形态: 两连阴 (-3.98%, -1.74%)"
603928,2026-07-07,14.87,16.92,13.79,26.43,1,4,形态: 10日内有涨停 | 趋势: 高于MA20
603928,2026-07-10,18.8,16.92,-10.0,-10.0,0,1,形态: 10日内有涨停 | 趋势: 高于MA20 | 动量: 突破转强 (阳线上穿5/10)
603928,2026-07-03,14.7,16.92,15.1,27.89,1,6,形态: 10日内有涨停 | 趋势: 高于MA20
603928,2026-07-09,18.0,16.92,-6.0,4.44,0,2,形态: 10日内有涨停 | 趋势: 高于MA20 | 动量: 突破转强 (阳线上穿5/10)
603928,2026-07-01,14.4,16.92,17.5,30.56,1,8,量能: 放量 (2.82X) | 形态: 10日内有涨停 | 趋势: 高于MA20
002492,2026-07-03,5.64,5.15,-8.69,-3.37,0,6,动量: 突破转强 (阳线上穿5/10)
002492,2026-07-09,5.21,5.15,-1.15,1.92,0,2,"形态: 两连阴 (-2.57%, -2.45%)"
002492,2026-07-01,5.49,5.15,-6.19,2.73,0,8,"形态: 两连阴 (-1.99%, -0.18%)"
600778,2026-07-10,5.06,4.91,-2.96,-2.96,0,1,动量: 突破转强 (阳线上穿5/10)
600778,2026-07-03,5.18,4.91,-5.21,-0.58,0,6,动量: 突破转强 (阳线上穿5/10)
002169,2026-07-07,13.3,13.37,0.53,0.53,1,4,形态: 10日内有涨停
002169,2026-07-03,13.87,13.37,-3.6,0.0,0,6,"形态: 10日内有涨停 | 形态: 两连阴 (-1.23%, -4.29%)"
002169,2026-07-09,12.95,13.37,3.24,3.24,1,2,"形态: 两连阴 (-4.11%, -3.08%)"
002169,2026-07-01,14.46,13.37,-7.54,-4.08,0,8,形态: 10日内有涨停
603012,2026-07-07,8.26,7.83,-5.21,0.0,0,4,形态: 10日内有涨停 | 趋势: 高于MA20
603012,2026-07-10,8.26,7.83,-5.21,-5.21,0,1,形态: 10日内有涨停 | 趋势: 高于MA20
603012,2026-07-03,8.82,7.83,-11.22,-2.72,0,6,"量能: 放量 (1.53X) | 形态: 10日内有涨停 | 形态: 两连阴 (-1.22%, -0.99%) | 趋势: 高于MA20 | 动量: 突破转强 (阳线上穿5/10)"
603012,2026-07-09,8.22,7.83,-4.74,0.49,0,2,"形态: 10日内有涨停 | 形态: 两连阴 (-3.73%, -1.94%) | 趋势: 高于MA20"
603012,2026-07-01,8.1,7.83,-3.33,8.89,0,8,形态: 10日内有涨停 | 趋势: 高于MA20
603685,2026-07-10,29.75,27.15,-8.74,-8.74,0,1,量能: 放量 (1.94X) | 趋势: 高于MA20 | 动量: 突破转强 (阳线上穿5/10)
603685,2026-07-03,29.41,27.15,-7.68,1.16,0,6,动量: 突破转强 (阳线上穿5/10)
603685,2026-07-09,28.64,27.15,-5.2,3.88,0,2,"形态: 两连阴 (-4.40%, -2.41%)"
603685,2026-07-01,27.61,27.15,-1.67,7.75,0,8,"形态: 两连阴 (-1.89%, -0.18%)"
603277,2026-07-07,10.51,10.12,-3.71,-1.14,0,4,趋势: 高于MA20
603277,2026-07-10,10.39,10.12,-2.6,-2.6,0,1,"形态: 两连阴 (-1.62%, -1.55%) | 趋势: 高于MA20"
603277,2026-07-03,10.84,10.12,-6.64,0.18,0,6,趋势: 高于MA20 | 动量: 突破转强 (阳线上穿5/10)
603277,2026-07-09,10.18,10.12,-0.59,2.06,0,2,"形态: 两连阴 (-3.22%, -1.62%)"
000850,2026-07-07,3.81,3.79,-0.52,0.0,0,4,趋势: 高于MA20
000850,2026-07-10,3.76,3.79,0.8,0.8,1,1,趋势: 高于MA20
000850,2026-07-03,4.04,3.79,-6.19,-1.73,0,6,量能: 放量 (1.64X) | 趋势: 高于MA20 | 动量: 突破转强 (阳线上穿5/10)
000850,2026-07-09,3.75,3.79,1.07,1.07,1,2,趋势: 高于MA20
000892,2026-07-07,3.63,3.98,9.64,15.7,1,4,量能: 放量 (1.73X) | 形态: 10日内有涨停 | 趋势: 高于MA20
000892,2026-07-10,4.2,3.98,-5.24,-5.24,0,1,量能: 放量 (1.52X) | 形态: 10日内有涨停 | 趋势: 高于MA20 | 动量: 突破转强 (阳线上穿5/10)
000892,2026-07-03,3.42,3.98,16.37,22.81,1,6,量能: 放量 (1.90X) | 形态: 10日内有涨停
000892,2026-07-09,3.82,3.98,4.19,9.95,1,2,"量能: 放量 (1.53X) | 形态: 10日内有涨停 | 形态: 两连阴 (-3.46%, -4.41%) | 趋势: 高于MA20 | 动量: 突破转强 (阳线上穿5/10)"
603095,2026-07-10,13.35,12.6,-5.62,-5.62,0,1,"形态: 两连阴 (-2.37%, -1.21%)"
603095,2026-07-03,14.75,12.6,-14.58,-4.88,0,6,"形态: 两连阴 (-0.14%, -0.91%)"
603095,2026-07-09,13.02,12.6,-3.23,2.53,0,2,"形态: 两连阴 (-3.78%, -2.37%)"
002907,2026-07-07,13.24,14.5,9.52,9.52,1,4,"形态: 两连阴 (-2.27%, -0.22%) | 趋势: 高于MA20"
002907,2026-07-10,14.18,14.5,2.26,2.26,1,1,趋势: 多头排列 (5>20>60) | 量能: 放量 (2.06X) | 形态: 10日内有涨停 | 趋势: 高于MA20
002907,2026-07-03,13.77,14.5,5.3,5.3,1,6,趋势: 高于MA20
002907,2026-07-09,14.36,14.5,0.97,0.97,1,2,"量能: 放量 (1.83X) | 形态: 10日内有涨停 | 形态: 两连阴 (-3.64%, -1.44%) | 趋势: 高于MA20 | 动量: 突破转强 (阳线上穿5/10)"
002907,2026-07-01,14.12,14.5,2.69,2.69,1,8,形态: 10日内有涨停 | 趋势: 高于MA20 | 动量: 突破转强 (阳线上穿5/10)
002363,2026-07-10,6.26,6.01,-3.99,-3.99,0,1,"量能: 放量 (1.68X) | 形态: 两连阴 (-0.82%, -0.17%) | 动量: 突破转强 (阳线上穿5/10)"
002363,2026-07-03,6.34,6.01,-5.21,-0.79,0,6,动量: 突破转强 (阳线上穿5/10)
002363,2026-07-09,6.05,6.01,-0.66,3.47,0,2,"形态: 两连阴 (-2.86%, -0.82%)"
002548,2026-07-07,4.02,4.05,0.75,4.23,1,4,形态: 10日内有涨停 | 趋势: 高于MA20
002548,2026-07-10,4.19,4.05,-3.34,-3.34,0,1,"形态: 10日内有涨停 | 形态: 两连阴 (-3.48%, -1.80%) | 趋势: 高于MA20 | 动量: 突破转强 (阳线上穿5/10)"
002548,2026-07-03,4.05,4.05,0.0,3.46,0,6,形态: 10日内有涨停 | 趋势: 高于MA20
002548,2026-07-09,3.81,4.05,6.3,9.97,1,2,"形态: 10日内有涨停 | 形态: 两连阴 (-2.43%, -3.48%)"
002548,2026-07-01,4.06,4.05,-0.25,3.2,0,8,形态: 10日内有涨停 | 趋势: 高于MA20 | 动量: 突破转强 (阳线上穿5/10)
002825,2026-07-10,8.17,7.8,-4.53,-4.53,0,1,"形态: 两连阴 (-1.70%, -0.25%)"
002825,2026-07-09,8.08,7.8,-3.47,1.11,0,2,"形态: 两连阴 (-1.32%, -1.70%)"
600435,2026-07-10,11.39,10.35,-9.13,-9.13,0,1,量能: 放量 (2.07X) | 动量: 突破转强 (阳线上穿5/10)
600435,2026-07-03,11.44,10.35,-9.53,-0.44,0,6,动量: 突破转强 (阳线上穿5/10)
600435,2026-07-09,10.77,10.35,-3.9,5.76,0,2,"形态: 两连阴 (-2.60%, -1.75%)"
603515,2026-07-07,17.4,17.47,0.4,0.4,1,4,量能: 放量 (1.50X) | 动量: 突破转强 (阳线上穿5/10)
603515,2026-07-10,17.25,17.47,1.28,1.28,1,1,动量: 突破转强 (阳线上穿5/10)
600618,2026-07-10,10.03,9.59,-4.39,-4.39,0,1,"形态: 两连阴 (-0.89%, -0.20%)"
600618,2026-07-09,10.05,9.59,-4.58,-0.2,0,2,"形态: 两连阴 (-5.05%, -0.89%)"
600618,2026-07-01,10.78,9.59,-11.04,0.28,0,8,量能: 放量 (1.85X) | 趋势: 高于MA20 | 动量: 突破转强 (阳线上穿5/10)
600444,2026-07-10,12.99,12.48,-3.93,-3.93,0,1,"形态: 两连阴 (-1.61%, -1.09%)"
600444,2026-07-03,13.57,12.48,-8.03,-0.37,0,6,动量: 突破转强 (阳线上穿5/10)
600444,2026-07-09,12.66,12.48,-1.42,2.61,0,2,"形态: 两连阴 (-3.77%, -1.61%)"
002064,2026-07-07,10.85,9.8,-9.68,-5.99,0,4,趋势: 高于MA20
002064,2026-07-03,10.45,9.8,-6.22,6.41,0,6,趋势: 高于MA20 | 动量: 突破转强 (阳线上穿5/10)
002064,2026-07-09,10.2,9.8,-3.92,-0.88,0,2,"形态: 两连阴 (-2.43%, -6.18%)"
002064,2026-07-01,10.15,9.8,-3.45,9.56,0,8,"形态: 两连阴 (-3.55%, -5.57%)"
605222,2026-07-03,25.22,19.55,-22.48,-9.99,0,6,量能: 放量 (1.55X) | 趋势: 高于MA20 | 动量: 突破转强 (阳线上穿5/10)
605222,2026-07-09,20.34,19.55,-3.88,2.75,0,2,"形态: 两连阴 (-7.84%, -3.25%)"
002414,2026-07-10,14.64,13.99,-4.44,-4.44,0,1,量能: 放量 (2.49X) | 形态: 10日内有涨停 | 趋势: 高于MA20 | 动量: 突破转强 (阳线上穿5/10)
002414,2026-07-03,12.66,13.99,10.51,15.64,1,6,"形态: 两连阴 (-2.87%, -2.87%)"
002414,2026-07-09,13.31,13.99,5.11,9.99,1,2,形态: 10日内有涨停 | 趋势: 高于MA20 | 动量: 突破转强 (阳线上穿5/10)
603668,2026-07-07,11.94,11.48,-3.85,2.93,0,4,"形态: 两连阴 (-1.40%, -4.49%) | 趋势: 高于MA20"
603668,2026-07-03,12.69,11.48,-9.54,-3.15,0,6,形态: 10日内有涨停 | 趋势: 高于MA20
603668,2026-07-09,12.29,11.48,-6.59,-2.85,0,2,"形态: 两连阴 (-1.49%, -1.01%) | 趋势: 高于MA20"
603668,2026-07-01,12.61,11.48,-8.96,2.06,0,8,形态: 10日内有涨停 | 趋势: 高于MA20
603359,2026-07-10,2.38,2.3,-3.36,-3.36,0,1,趋势: 高于MA20 | 动量: 突破转强 (阳线上穿5/10)
603359,2026-07-03,2.33,2.3,-1.29,2.15,0,6,动量: 突破转强 (阳线上穿5/10)
603359,2026-07-09,2.27,2.3,1.32,4.85,1,2,动量: 突破转强 (阳线上穿5/10)
603569,2026-07-10,5.48,5.54,1.09,1.09,1,1,量能: 放量 (1.55X) | 趋势: 高于MA20 | 动量: 突破转强 (阳线上穿5/10)
603569,2026-07-03,5.53,5.54,0.18,0.18,1,6,动量: 突破转强 (阳线上穿5/10)
603569,2026-07-01,5.47,5.54,1.28,1.28,1,8,动量: 突破转强 (阳线上穿5/10)
603633,2026-07-09,6.48,6.04,-6.79,1.23,0,2,"形态: 两连阴 (-4.88%, -2.64%)"
002782,2026-07-03,19.92,15.93,-20.03,0.5,0,6,"形态: 两连阴 (-1.76%, -4.74%)"
002782,2026-07-09,17.75,15.93,-10.25,-1.97,0,2,"形态: 两连阴 (-6.14%, -6.55%)"
603300,2026-07-10,4.5,4.32,-4.0,-4.0,0,1,"形态: 两连阴 (-0.23%, -0.45%)"
603300,2026-07-09,4.41,4.32,-2.04,2.04,0,2,"形态: 两连阴 (-3.27%, -0.23%)"
601198,2026-07-07,13.85,13.68,-1.23,1.23,0,4,趋势: 多头排列 (5>20>60) | 趋势: 高于MA20
601198,2026-07-10,13.78,13.68,-0.73,-0.73,0,1,趋势: 多头排列 (5>20>60) | 趋势: 高于MA20
601198,2026-07-03,13.78,13.68,-0.73,1.74,0,6,趋势: 多头排列 (5>20>60) | 趋势: 高于MA20 | 动量: 突破转强 (阳线上穿5/10)
601198,2026-07-09,14.02,13.68,-2.43,-1.71,0,2,"趋势: 多头排列 (5>20>60) | 形态: 两连阴 (-0.72%, -0.51%) | 趋势: 高于MA20 | 动量: 突破转强 (阳线上穿5/10)"
601198,2026-07-01,13.99,13.68,-2.22,0.21,0,8,趋势: 高于MA20 | 动量: 突破转强 (阳线上穿5/10)
002203,2026-07-03,21.77,18.42,-15.39,-6.25,0,6,"形态: 两连阴 (-3.50%, -5.03%)"
002203,2026-07-01,22.05,18.42,-16.46,-1.27,0,8,趋势: 多头排列 (5>20>60) | 形态: 10日内有涨停
000987,2026-07-07,8.2,7.67,-6.46,-1.34,0,4,动量: 突破转强 (阳线上穿5/10)
000987,2026-07-10,8.09,7.67,-5.19,-5.19,0,1,趋势: 高于MA20 | 动量: 突破转强 (阳线上穿5/10)
000987,2026-07-03,8.13,7.67,-5.66,0.86,0,6,形态: 10日内有涨停 | 动量: 突破转强 (阳线上穿5/10)
000987,2026-07-09,8.0,7.67,-4.13,1.12,0,2,趋势: 高于MA20
000987,2026-07-01,8.17,7.67,-6.12,0.37,0,8,形态: 10日内有涨停 | 动量: 突破转强 (阳线上穿5/10)
000710,2026-07-10,7.83,7.6,-2.94,-2.94,0,1,"形态: 两连阴 (-1.05%, -1.06%) | 趋势: 高于MA20 | 动量: 突破转强 (阳线上穿5/10)"
000710,2026-07-03,8.03,7.6,-5.35,0.25,0,6,趋势: 高于MA20 | 动量: 突破转强 (阳线上穿5/10)
000710,2026-07-09,7.44,7.6,2.15,5.24,1,2,"形态: 两连阴 (-5.59%, -1.05%)"
000710,2026-07-01,7.88,7.6,-3.55,2.16,0,8,动量: 突破转强 (阳线上穿5/10)
601156,2026-07-07,17.43,16.7,-4.19,-2.29,0,4,趋势: 高于MA20
601156,2026-07-10,16.46,16.7,1.46,1.46,1,1,"趋势: 多头排列 (5>20>60) | 形态: 两连阴 (-2.29%, -3.58%)"
601156,2026-07-03,17.8,16.7,-6.18,0.84,0,6,趋势: 高于MA20
601156,2026-07-09,16.42,16.7,1.71,1.71,1,2,"趋势: 多头排列 (5>20>60) | 形态: 两连阴 (-2.90%, -2.29%)"
601156,2026-07-01,17.33,16.7,-3.64,3.58,0,8,量能: 放量 (1.91X) | 趋势: 高于MA20 | 动量: 突破转强 (阳线上穿5/10)
002099,2026-07-10,5.24,5.17,-1.34,-1.34,0,1,"形态: 两连阴 (-2.09%, -0.58%)"
002099,2026-07-03,5.47,5.17,-5.48,-0.91,0,6,趋势: 高于MA20 | 动量: 突破转强 (阳线上穿5/10)
002099,2026-07-09,5.12,5.17,0.98,2.34,1,2,"形态: 两连阴 (-2.95%, -2.09%)"
002099,2026-07-01,5.43,5.17,-4.79,0.74,0,8,趋势: 高于MA20 | 动量: 突破转强 (阳线上穿5/10)
002879,2026-07-10,13.1,12.51,-4.5,-4.5,0,1,"形态: 两连阴 (-2.41%, -1.00%)"
002879,2026-07-03,13.79,12.51,-9.28,1.81,0,6,动量: 突破转强 (阳线上穿5/10)
002879,2026-07-09,12.85,12.51,-2.65,1.95,0,2,"形态: 两连阴 (-5.27%, -2.41%)"
600326,2026-07-10,6.43,6.12,-4.82,-4.82,0,1,"形态: 两连阴 (-1.87%, -0.48%)"
600326,2026-07-03,6.74,6.12,-9.2,-1.63,0,6,动量: 突破转强 (阳线上穿5/10)
600326,2026-07-09,6.28,6.12,-2.55,2.39,0,2,"形态: 两连阴 (-3.02%, -1.87%)"
600546,2026-07-03,12.66,11.89,-6.08,1.11,0,6,趋势: 高于MA20 | 动量: 突破转强 (阳线上穿5/10)
000407,2026-07-10,3.77,3.75,-0.53,-0.53,0,1,"形态: 两连阴 (-0.26%, -1.06%)"
000407,2026-07-03,3.98,3.75,-5.78,-3.02,0,6,量能: 放量 (1.68X) | 趋势: 高于MA20 | 动量: 突破转强 (阳线上穿5/10)
000407,2026-07-09,3.74,3.75,0.27,0.8,1,2,"形态: 两连阴 (-1.81%, -0.26%)"
603313,2026-07-07,6.42,7.99,24.45,24.45,1,4,量能: 放量 (1.52X) | 形态: 10日内有涨停 | 趋势: 高于MA20 | 动量: 突破转强 (阳线上穿5/10)
603313,2026-07-10,7.26,7.99,10.06,10.06,1,1,形态: 10日内有涨停 | 趋势: 高于MA20
603313,2026-07-03,5.86,7.99,36.35,36.35,1,6,形态: 10日内有涨停 | 趋势: 高于MA20
603313,2026-07-09,7.26,7.99,10.06,10.06,1,2,量能: 放量 (1.97X) | 形态: 10日内有涨停 | 趋势: 高于MA20 | 动量: 突破转强 (阳线上穿5/10)
603313,2026-07-01,6.15,7.99,29.92,29.92,1,8,形态: 10日内有涨停 | 趋势: 高于MA20 | 动量: 突破转强 (阳线上穿5/10)
600676,2026-07-10,6.88,7.01,1.89,1.89,1,1,趋势: 高于MA20
600676,2026-07-03,6.75,7.01,3.85,3.85,1,6,趋势: 高于MA20
600676,2026-07-09,6.96,7.01,0.72,0.72,1,2,趋势: 高于MA20 | 动量: 突破转强 (阳线上穿5/10)
600676,2026-07-01,6.91,7.01,1.45,2.17,1,8,量能: 放量 (2.15X) | 形态: 10日内有涨停 | 趋势: 高于MA20 | 动量: 突破转强 (阳线上穿5/10)
002418,2026-07-03,3.86,3.35,-13.21,3.11,0,6,形态: 10日内有涨停
002418,2026-07-09,3.55,3.35,-5.63,2.54,0,2,"形态: 两连阴 (-8.29%, -3.01%)"
002418,2026-07-01,3.98,3.35,-15.83,0.0,0,8,形态: 10日内有涨停
002676,2026-07-10,4.99,4.75,-4.81,-4.81,0,1,"形态: 两连阴 (-1.20%, -0.20%)"
002676,2026-07-03,5.33,4.75,-10.88,-2.63,0,6,动量: 突破转强 (阳线上穿5/10)
002676,2026-07-09,4.93,4.75,-3.65,1.22,0,2,"形态: 两连阴 (-3.66%, -1.20%)"
002676,2026-07-01,5.22,4.75,-9.0,2.11,0,8,动量: 突破转强 (阳线上穿5/10)
000007,2026-07-07,11.59,10.01,-13.63,-3.36,0,4,量能: 放量 (1.55X)
000007,2026-07-10,11.1,10.01,-9.82,-9.82,0,1,"形态: 两连阴 (-3.36%, -3.12%)"
000007,2026-07-03,12.1,10.01,-17.27,6.45,0,6,"形态: 两连阴 (-0.89%, -2.36%)"
000007,2026-07-09,10.85,10.01,-7.74,2.3,0,2,"形态: 两连阴 (-10.02%, -3.36%)"
600313,2026-07-10,5.25,5.16,-1.71,-1.71,0,1,"形态: 两连阴 (-0.96%, -0.78%)"
600313,2026-07-09,5.1,5.16,1.18,2.94,1,2,"形态: 两连阴 (-2.63%, -0.96%)"
600359,2026-07-10,5.7,5.66,-0.7,-0.7,0,1,"形态: 两连阴 (-0.18%, -1.07%) | 动量: 突破转强 (阳线上穿5/10)"
600359,2026-07-09,5.56,5.66,1.8,2.52,1,2,"形态: 两连阴 (-1.92%, -0.18%)"
000301,2026-07-07,12.43,11.4,-8.29,3.14,0,4,量能: 放量 (1.52X) | 形态: 10日内有涨停 | 趋势: 高于MA20
000301,2026-07-10,12.55,11.4,-9.16,-9.16,0,1,形态: 10日内有涨停 | 趋势: 高于MA20
000301,2026-07-03,12.55,11.4,-9.16,10.04,0,6,趋势: 高于MA20 | 动量: 突破转强 (阳线上穿5/10)
000301,2026-07-09,12.48,11.4,-8.65,0.56,0,2,形态: 10日内有涨停 | 趋势: 高于MA20
000301,2026-07-01,12.02,11.4,-5.16,14.89,0,8,趋势: 高于MA20 | 动量: 突破转强 (阳线上穿5/10)
600179,2026-07-07,4.8,4.47,-6.88,-5.0,0,4,趋势: 多头排列 (5>20>60) | 形态: 10日内有涨停 | 趋势: 高于MA20 | 动量: 突破转强 (阳线上穿5/10)
600179,2026-07-10,4.5,4.47,-0.67,-0.67,0,1,形态: 10日内有涨停
600179,2026-07-03,4.59,4.47,-2.61,4.58,0,6,趋势: 多头排列 (5>20>60) | 形态: 10日内有涨停 | 趋势: 高于MA20
600179,2026-07-09,4.56,4.47,-1.97,-1.32,0,2,趋势: 多头排列 (5>20>60) | 形态: 10日内有涨停
600179,2026-07-01,4.84,4.47,-7.64,-0.83,0,8,"趋势: 多头排列 (5>20>60) | 量能: 放量 (1.56X) | 形态: 10日内有涨停 | 形态: 两连阴 (-5.29%, -1.79%) | 趋势: 高于MA20 | 动量: 突破转强 (阳线上穿5/10)"
600879,2026-07-07,20.63,21.36,3.54,12.89,1,4,趋势: 高于MA20
600879,2026-07-10,23.29,21.36,-8.29,-8.29,0,1,形态: 10日内有涨停 | 趋势: 高于MA20 | 动量: 突破转强 (阳线上穿5/10)
600879,2026-07-03,22.27,21.36,-4.09,4.58,0,6,趋势: 高于MA20 | 动量: 突破转强 (阳线上穿5/10)
600879,2026-07-09,21.19,21.36,0.8,9.91,1,2,趋势: 高于MA20
600879,2026-07-01,21.45,21.36,-0.42,8.58,0,8,趋势: 高于MA20 | 动量: 突破转强 (阳线上穿5/10)
603535,2026-07-10,6.07,5.9,-2.8,-2.8,0,1,"形态: 两连阴 (-0.17%, -1.66%)"
603535,2026-07-03,6.36,5.9,-7.23,-1.42,0,6,动量: 突破转强 (阳线上穿5/10)
603535,2026-07-09,5.94,5.9,-0.67,2.19,0,2,"形态: 两连阴 (-3.51%, -0.17%)"
002454,2026-07-10,4.82,4.63,-3.94,-3.94,0,1,"形态: 两连阴 (-1.64%, -0.21%)"
002454,2026-07-03,5.12,4.63,-9.57,-1.17,0,6,动量: 突破转强 (阳线上穿5/10)
002454,2026-07-09,4.79,4.63,-3.34,0.63,0,2,"形态: 两连阴 (-3.56%, -1.64%)"
002454,2026-07-01,4.82,4.63,-3.94,6.22,0,8,"形态: 两连阴 (-1.44%, -0.42%)"
000949,2026-07-07,5.56,5.1,-8.27,2.52,0,4,"形态: 两连阴 (-6.20%, -2.68%)"
000949,2026-07-01,6.55,5.1,-22.14,3.36,0,8,"形态: 两连阴 (-1.49%, -4.23%)"
001322,2026-07-07,6.36,6.05,-4.87,-0.16,0,4,"形态: 两连阴 (-2.47%, -0.48%) | 动量: 突破转强 (阳线上穿5/10)"
001322,2026-07-10,6.19,6.05,-2.26,-2.26,0,1,趋势: 高于MA20
001322,2026-07-09,6.35,6.05,-4.72,-2.52,0,2,趋势: 高于MA20 | 动量: 突破转强 (阳线上穿5/10)
001322,2026-07-01,6.16,6.05,-1.79,5.03,0,8,动量: 突破转强 (阳线上穿5/10)
000600,2026-07-07,8.27,7.73,-6.53,-2.18,0,4,"形态: 两连阴 (-1.53%, -4.55%)"
000600,2026-07-10,8.03,7.73,-3.74,-3.74,0,1,"形态: 两连阴 (-2.18%, -1.48%)"
000600,2026-07-09,7.97,7.73,-3.01,0.75,0,2,"形态: 两连阴 (-3.84%, -2.18%)"
000695,2026-07-07,12.78,11.8,-7.67,-2.11,0,4,动量: 突破转强 (阳线上穿5/10)
000695,2026-07-10,12.51,11.8,-5.68,-5.68,0,1,动量: 突破转强 (阳线上穿5/10)
000695,2026-07-01,12.62,11.8,-6.5,1.27,0,8,形态: 10日内有涨停
600601,2026-07-07,14.7,12.18,-17.14,-5.58,0,4,趋势: 多头排列 (5>20>60) | 形态: 10日内有涨停 | 趋势: 高于MA20
600601,2026-07-10,13.18,12.18,-7.59,-7.59,0,1,趋势: 多头排列 (5>20>60) | 形态: 10日内有涨停
600601,2026-07-03,15.12,12.18,-19.44,-0.86,0,6,趋势: 多头排列 (5>20>60) | 形态: 10日内有涨停 | 趋势: 高于MA20 | 动量: 突破转强 (阳线上穿5/10)
600601,2026-07-09,13.88,12.18,-12.25,-5.04,0,2,"趋势: 多头排列 (5>20>60) | 形态: 10日内有涨停 | 形态: 两连阴 (-1.93%, -9.52%) | 趋势: 高于MA20"
600601,2026-07-01,13.97,12.18,-12.81,8.23,0,8,趋势: 多头排列 (5>20>60) | 形态: 10日内有涨停 | 趋势: 高于MA20 | 动量: 突破转强 (阳线上穿5/10)
600773,2026-07-07,12.27,11.46,-6.6,9.29,0,4,"形态: 两连阴 (-0.54%, -2.24%)"
600773,2026-07-10,12.2,11.46,-6.07,-6.07,0,1,量能: 放量 (1.53X)
600773,2026-07-09,13.41,11.46,-14.54,-9.02,0,2,量能: 放量 (1.67X) | 动量: 突破转强 (阳线上穿5/10)
601399,2026-07-03,3.47,3.06,-11.82,-3.75,0,6,"形态: 两连阴 (-0.57%, -2.30%)"
601399,2026-07-09,3.14,3.06,-2.55,2.55,0,2,"形态: 两连阴 (-3.29%, -3.10%)"
000755,2026-07-10,4.52,4.6,1.77,1.77,1,1,趋势: 高于MA20
000755,2026-07-03,4.54,4.6,1.32,2.42,1,6,动量: 突破转强 (阳线上穿5/10)
601002,2026-07-10,4.41,4.85,9.98,9.98,1,1,"形态: 两连阴 (-1.59%, -0.92%) | 动量: 突破转强 (阳线上穿5/10)"
601002,2026-07-03,4.57,4.85,6.13,6.13,1,6,动量: 突破转强 (阳线上穿5/10)
601002,2026-07-09,4.3,4.85,12.79,12.79,1,2,"形态: 两连阴 (-2.22%, -1.59%)"
002763,2026-07-10,6.97,6.94,-0.43,-0.43,0,1,"形态: 两连阴 (-2.09%, -1.42%)"
002763,2026-07-03,7.3,6.94,-4.93,0.41,0,6,动量: 突破转强 (阳线上穿5/10)
002763,2026-07-09,6.92,6.94,0.29,0.72,1,2,"形态: 两连阴 (-2.18%, -2.09%)"
600198,2026-07-07,8.48,8.08,-4.72,-0.35,0,4,"形态: 两连阴 (-3.92%, -7.61%)"
600198,2026-07-03,9.07,8.08,-10.92,-6.5,0,6,趋势: 多头排列 (5>20>60)
600198,2026-07-01,9.66,8.08,-16.36,-2.28,0,8,趋势: 多头排列 (5>20>60) | 趋势: 高于MA20 | 动量: 突破转强 (阳线上穿5/10)
603679,2026-07-10,18.88,19.02,0.74,0.74,1,1,"形态: 两连阴 (-1.52%, -3.61%)"
603679,2026-07-03,20.43,19.02,-6.9,-6.41,0,6,趋势: 多头排列 (5>20>60) | 趋势: 高于MA20
603679,2026-07-01,20.45,19.02,-6.99,-0.1,0,8,趋势: 多头排列 (5>20>60) | 形态: 10日内有涨停 | 趋势: 高于MA20
002800,2026-07-07,12.76,12.02,-5.8,0.47,0,4,"形态: 两连阴 (-0.73%, -2.07%)"
002800,2026-07-10,12.82,12.02,-6.24,-6.24,0,1,"形态: 两连阴 (-4.39%, -0.16%)"
002800,2026-07-09,12.18,12.02,-1.31,5.25,0,2,"形态: 两连阴 (-3.55%, -4.39%)"
600643,2026-07-10,3.87,3.83,-1.03,-1.03,0,1,动量: 突破转强 (阳线上穿5/10)
600176,2026-07-07,60.0,50.13,-16.45,-2.17,0,4,趋势: 多头排列 (5>20>60) | 形态: 10日内有涨停 | 趋势: 高于MA20
600176,2026-07-03,70.9,50.13,-29.29,-10.0,0,6,"趋势: 多头排列 (5>20>60) | 形态: 10日内有涨停 | 形态: 两连阴 (-3.58%, -3.49%) | 趋势: 高于MA20 | 动量: 突破转强 (阳线上穿5/10)"
600176,2026-07-09,58.7,50.13,-14.6,-5.11,0,2,"趋势: 多头排列 (5>20>60) | 形态: 两连阴 (-5.97%, -6.57%)"
600176,2026-07-01,70.27,50.13,-28.66,0.9,0,8,趋势: 多头排列 (5>20>60) | 形态: 10日内有涨停 | 趋势: 高于MA20
600271,2026-07-10,6.86,6.51,-5.1,-5.1,0,1,量能: 放量 (2.11X) | 趋势: 高于MA20 | 动量: 突破转强 (阳线上穿5/10)
600271,2026-07-03,6.76,6.51,-3.7,1.48,0,6,动量: 突破转强 (阳线上穿5/10)
000017,2026-07-07,6.03,5.69,-5.64,8.62,0,4,形态: 10日内有涨停 | 趋势: 高于MA20
000017,2026-07-10,5.99,5.69,-5.01,-5.01,0,1,形态: 10日内有涨停 | 趋势: 高于MA20
000017,2026-07-03,6.09,5.69,-6.57,7.55,0,6,"形态: 10日内有涨停 | 形态: 两连阴 (-0.65%, -1.32%) | 趋势: 高于MA20 | 动量: 突破转强 (阳线上穿5/10)"
000017,2026-07-09,6.55,5.69,-13.13,-8.55,0,2,量能: 放量 (2.03X) | 形态: 10日内有涨停 | 趋势: 高于MA20 | 动量: 突破转强 (阳线上穿5/10)
000017,2026-07-01,6.08,5.69,-6.41,7.73,0,8,形态: 10日内有涨停 | 趋势: 高于MA20
600330,2026-07-07,25.12,21.51,-14.37,0.0,0,4,"形态: 10日内有涨停 | 形态: 两连阴 (-5.81%, -4.53%)"
600330,2026-07-03,26.28,21.51,-18.15,-4.41,0,6,"形态: 10日内有涨停 | 形态: 两连阴 (-2.92%, -6.81%)"
600330,2026-07-01,29.94,21.51,-28.16,-6.81,0,8,趋势: 多头排列 (5>20>60) | 形态: 10日内有涨停
002617,2026-07-07,9.7,7.6,-21.65,-3.3,0,4,"趋势: 多头排列 (5>20>60) | 量能: 放量 (1.58X) | 形态: 两连阴 (-4.69%, -1.97%) | 趋势: 高于MA20 | 动量: 突破转强 (阳线上穿5/10)"
002617,2026-07-03,9.15,7.6,-16.94,6.01,0,6,"趋势: 多头排列 (5>20>60) | 形态: 两连阴 (-2.72%, -4.10%) | 趋势: 高于MA20"
002617,2026-07-09,9.38,7.6,-18.98,-10.02,0,2,趋势: 高于MA20
002617,2026-07-01,10.01,7.6,-24.08,-3.1,0,8,趋势: 多头排列 (5>20>60) | 趋势: 高于MA20
603058,2026-07-10,8.9,8.36,-6.07,-6.07,0,1,动量: 突破转强 (阳线上穿5/10)
600203,2026-07-07,13.16,12.15,-7.67,1.82,0,4,量能: 放量 (1.54X) | 趋势: 高于MA20 | 动量: 突破转强 (阳线上穿5/10)
600203,2026-07-10,12.72,12.15,-4.48,-4.48,0,1,趋势: 高于MA20
600203,2026-07-03,12.82,12.15,-5.23,4.52,0,6,量能: 放量 (1.65X) | 趋势: 高于MA20 | 动量: 突破转强 (阳线上穿5/10)
600203,2026-07-09,13.4,12.15,-9.33,-5.07,0,2,趋势: 高于MA20 | 动量: 突破转强 (阳线上穿5/10)
600203,2026-07-01,12.34,12.15,-1.54,8.59,0,8,趋势: 高于MA20 | 动量: 突破转强 (阳线上穿5/10)
002410,2026-07-10,8.43,8.25,-2.14,-2.14,0,1,量能: 放量 (1.65X) | 动量: 突破转强 (阳线上穿5/10)
000565,2026-07-10,5.85,5.58,-4.62,-4.62,0,1,"形态: 两连阴 (-1.20%, -0.17%)"
000565,2026-07-03,6.17,5.58,-9.56,-1.94,0,6,动量: 突破转强 (阳线上穿5/10)
000565,2026-07-09,5.73,5.58,-2.62,2.09,0,2,"形态: 两连阴 (-3.97%, -1.20%)"
000565,2026-07-01,5.86,5.58,-4.78,5.29,0,8,"形态: 两连阴 (-1.21%, -0.35%)"
603088,2026-07-10,9.34,8.6,-7.92,-7.92,0,1,"形态: 两连阴 (-2.90%, -0.85%)"
603088,2026-07-03,10.24,8.6,-16.02,-1.76,0,6,趋势: 高于MA20 | 动量: 突破转强 (阳线上穿5/10)
603088,2026-07-09,9.31,8.6,-7.63,0.32,0,2,"形态: 两连阴 (-3.88%, -2.90%)"
600446,2026-07-07,9.99,9.75,-2.4,2.2,0,4,"形态: 10日内有涨停 | 形态: 两连阴 (-0.19%, -1.91%)"
600446,2026-07-10,10.17,9.75,-4.13,-4.13,0,1,形态: 10日内有涨停
600446,2026-07-03,10.46,9.75,-6.79,-1.91,0,6,形态: 10日内有涨停
600446,2026-07-09,10.21,9.75,-4.51,-0.39,0,2,形态: 10日内有涨停
600446,2026-07-01,11.07,9.75,-11.92,-5.33,0,8,形态: 10日内有涨停 | 动量: 突破转强 (阳线上穿5/10)
603601,2026-07-03,12.3,9.55,-22.36,-10.0,0,6,量能: 放量 (1.70X)
603601,2026-07-09,10.28,9.55,-7.1,3.21,0,2,"形态: 两连阴 (-5.60%, -4.88%)"
603601,2026-07-01,12.44,9.55,-23.23,-1.13,0,8,形态: 10日内有涨停
002171,2026-07-07,12.76,10.74,-15.83,-7.52,0,4,"形态: 两连阴 (-5.35%, -2.75%)"
002171,2026-07-01,13.99,10.74,-23.23,-1.14,0,8,趋势: 多头排列 (5>20>60) | 趋势: 高于MA20
600376,2026-07-07,3.57,3.33,-6.72,2.52,0,4,形态: 10日内有涨停 | 趋势: 高于MA20
600376,2026-07-10,3.66,3.33,-9.02,-9.02,0,1,形态: 10日内有涨停 | 趋势: 高于MA20 | 动量: 突破转强 (阳线上穿5/10)
600376,2026-07-03,3.81,3.33,-12.6,4.2,0,6,形态: 10日内有涨停 | 趋势: 高于MA20 | 动量: 突破转强 (阳线上穿5/10)
600376,2026-07-09,3.33,3.33,0.0,9.91,0,2,"形态: 10日内有涨停 | 形态: 两连阴 (-10.08%, -7.28%)"
600376,2026-07-01,3.42,3.33,-2.63,16.08,0,8,动量: 突破转强 (阳线上穿5/10)
600929,2026-07-10,4.64,4.56,-1.72,-1.72,0,1,"形态: 两连阴 (-0.21%, -1.91%)"
600929,2026-07-03,4.78,4.56,-4.6,1.88,0,6,动量: 突破转强 (阳线上穿5/10)
600929,2026-07-09,4.61,4.56,-1.08,0.65,0,2,"形态: 两连阴 (-3.29%, -0.21%)"
600236,2026-07-10,9.49,9.51,0.21,0.21,1,1,趋势: 高于MA20
600236,2026-07-03,9.54,9.51,-0.31,-0.31,0,6,动量: 突破转强 (阳线上穿5/10)
600236,2026-07-09,9.5,9.51,0.11,0.11,1,2,趋势: 高于MA20
600236,2026-07-01,9.24,9.51,2.92,3.25,1,8,动量: 突破转强 (阳线上穿5/10)
600909,2026-07-07,9.82,8.86,-9.78,2.85,0,4,"趋势: 多头排列 (5>20>60) | 形态: 10日内有涨停 | 形态: 两连阴 (-9.46%, -6.84%)"
600909,2026-07-10,9.43,8.86,-6.04,-6.04,0,1,形态: 10日内有涨停
600909,2026-07-03,10.82,8.86,-18.11,-6.65,0,6,趋势: 多头排列 (5>20>60) | 形态: 10日内有涨停 | 趋势: 高于MA20
600909,2026-07-09,10.1,8.86,-12.28,-6.63,0,2,"形态: 10日内有涨停 | 形态: 两连阴 (-2.58%, -6.52%) | 趋势: 高于MA20"
600909,2026-07-01,12.22,8.86,-27.5,-2.21,0,8,"趋势: 多头排列 (5>20>60) | 形态: 10日内有涨停 | 形态: 两连阴 (-3.46%, -5.20%) | 趋势: 高于MA20 | 动量: 突破转强 (阳线上穿5/10)"
600712,2026-07-10,4.84,4.66,-3.72,-3.72,0,1,"形态: 两连阴 (-0.83%, -0.84%) | 动量: 突破转强 (阳线上穿5/10)"
600712,2026-07-03,5.1,4.66,-8.63,-3.53,0,6,趋势: 高于MA20 | 动量: 突破转强 (阳线上穿5/10)
600712,2026-07-09,4.72,4.66,-1.27,2.54,0,2,"形态: 两连阴 (-2.44%, -0.83%)"
600712,2026-07-01,4.88,4.66,-4.51,4.51,0,8,动量: 突破转强 (阳线上穿5/10)
600226,2026-07-07,8.61,7.55,-12.31,-0.46,0,4,"形态: 10日内有涨停 | 形态: 两连阴 (-4.47%, -4.67%)"
600226,2026-07-10,8.21,7.55,-8.04,-8.04,0,1,"形态: 两连阴 (-0.46%, -1.05%)"
600226,2026-07-03,9.2,7.55,-17.93,-4.67,0,6,趋势: 多头排列 (5>20>60) | 形态: 10日内有涨停 | 趋势: 高于MA20
600226,2026-07-09,8.48,7.55,-10.97,-3.18,0,2,"形态: 两连阴 (-1.82%, -0.46%)"
600226,2026-07-01,9.68,7.55,-22.0,-0.52,0,8,趋势: 多头排列 (5>20>60) | 形态: 10日内有涨停 | 趋势: 高于MA20
002730,2026-07-07,26.62,27.9,4.81,5.56,1,4,"形态: 两连阴 (-3.00%, -0.40%)"
002730,2026-07-10,28.1,27.9,-0.71,-0.71,0,1,"量能: 放量 (1.76X) | 形态: 两连阴 (-1.01%, -0.76%) | 动量: 突破转强 (阳线上穿5/10)"
002730,2026-07-03,27.76,27.9,0.5,1.22,1,6,"形态: 两连阴 (-3.54%, -0.80%) | 趋势: 高于MA20"
002730,2026-07-09,26.15,27.9,6.69,7.46,1,2,"形态: 两连阴 (-3.73%, -1.01%)"
002730,2026-07-01,28.85,27.9,-3.29,-0.8,0,8,趋势: 高于MA20
002846,2026-07-10,9.88,9.49,-3.95,-3.95,0,1,"形态: 两连阴 (-3.18%, -1.09%)"
002846,2026-07-09,9.94,9.49,-4.53,-0.6,0,2,"形态: 两连阴 (-1.52%, -3.18%)"
000995,2026-07-10,9.97,9.66,-3.11,-3.11,0,1,"量能: 放量 (2.10X) | 形态: 两连阴 (-1.47%, -0.43%) | 动量: 突破转强 (阳线上穿5/10)"
000995,2026-07-03,9.99,9.66,-3.3,-0.2,0,6,动量: 突破转强 (阳线上穿5/10)
000995,2026-07-09,9.33,9.66,3.54,6.86,1,2,"形态: 两连阴 (-4.04%, -1.47%)"
002519,2026-07-10,5.98,5.39,-9.87,-9.87,0,1,量能: 放量 (2.36X) | 趋势: 高于MA20 | 动量: 突破转强 (阳线上穿5/10)
002519,2026-07-09,5.47,5.39,-1.46,9.32,0,2,"形态: 两连阴 (-3.03%, -2.02%)"
601789,2026-07-10,4.06,3.9,-3.94,-3.94,0,1,动量: 突破转强 (阳线上穿5/10)
601789,2026-07-01,4.12,3.9,-5.34,0.24,0,8,"形态: 两连阴 (-0.99%, -0.25%)"
600996,2026-07-10,6.47,6.47,0.0,0.0,0,1,量能: 放量 (1.51X)
600996,2026-07-03,6.73,6.47,-3.86,-3.86,0,6,"形态: 两连阴 (-2.59%, -4.14%)"
600996,2026-07-09,6.06,6.47,6.77,6.77,1,2,"形态: 两连阴 (-2.09%, -1.97%)"
600996,2026-07-01,6.76,6.47,-4.29,-0.44,0,8,"形态: 两连阴 (-9.99%, -8.32%)"
603331,2026-07-10,10.89,10.22,-6.15,-6.15,0,1,动量: 突破转强 (阳线上穿5/10)
603331,2026-07-03,11.45,10.22,-10.74,-2.88,0,6,量能: 放量 (2.26X) | 动量: 突破转强 (阳线上穿5/10)
603331,2026-07-09,10.48,10.22,-2.48,3.91,0,2,"形态: 两连阴 (-2.79%, -3.42%)"
002963,2026-07-07,18.9,18.32,-3.07,2.91,0,4,趋势: 多头排列 (5>20>60)
002963,2026-07-03,21.1,18.32,-13.18,-7.82,0,6,趋势: 多头排列 (5>20>60) | 形态: 10日内有涨停 | 趋势: 高于MA20
002963,2026-07-01,21.26,18.32,-13.83,-0.75,0,8,趋势: 多头排列 (5>20>60) | 形态: 10日内有涨停 | 趋势: 高于MA20
603101,2026-07-07,6.97,6.66,-4.45,-0.72,0,4,量能: 放量 (2.11X) | 趋势: 高于MA20 | 动量: 突破转强 (阳线上穿5/10)
603101,2026-07-10,6.87,6.66,-3.06,-3.06,0,1,"形态: 两连阴 (-0.72%, -3.76%) | 趋势: 高于MA20 | 动量: 突破转强 (阳线上穿5/10)"
603101,2026-07-03,6.91,6.66,-3.62,0.87,0,6,趋势: 高于MA20 | 动量: 突破转强 (阳线上穿5/10)
603101,2026-07-01,6.55,6.66,1.68,6.41,1,8,动量: 突破转强 (阳线上穿5/10)
002125,2026-07-07,12.41,11.06,-10.88,-4.51,0,4,"形态: 两连阴 (-4.34%, -1.31%)"
002125,2026-07-09,11.85,11.06,-6.67,-0.76,0,2,"形态: 两连阴 (-3.27%, -4.67%)"
600578,2026-07-07,5.74,5.62,-2.09,2.61,0,4,"形态: 两连阴 (-0.16%, -3.40%)"
600578,2026-07-09,5.82,5.62,-3.44,1.2,0,2,"形态: 两连阴 (-3.85%, -2.44%)"
002520,2026-07-07,7.8,6.05,-22.44,-10.0,0,4,趋势: 多头排列 (5>20>60) | 形态: 10日内有涨停 | 趋势: 高于MA20 | 动量: 突破转强 (阳线上穿5/10)
002520,2026-07-10,6.72,6.05,-9.97,-9.97,0,1,"趋势: 多头排列 (5>20>60) | 形态: 10日内有涨停 | 形态: 两连阴 (-10.00%, -4.99%)"
002520,2026-07-03,7.72,6.05,-21.63,1.04,0,6,趋势: 多头排列 (5>20>60) | 形态: 10日内有涨停 | 趋势: 高于MA20 | 动量: 突破转强 (阳线上穿5/10)
002520,2026-07-09,6.67,6.05,-9.3,0.75,0,2,趋势: 多头排列 (5>20>60) | 形态: 10日内有涨停
002520,2026-07-01,7.05,6.05,-14.18,10.64,0,8,趋势: 多头排列 (5>20>60) | 形态: 10日内有涨停 | 趋势: 高于MA20 | 动量: 突破转强 (阳线上穿5/10)
603219,2026-07-10,14.83,14.16,-4.52,-4.52,0,1,"形态: 两连阴 (-2.99%, -1.44%)"
603219,2026-07-03,16.78,14.16,-15.61,-3.64,0,6,趋势: 高于MA20 | 动量: 突破转强 (阳线上穿5/10)
603219,2026-07-09,14.4,14.16,-1.67,2.99,0,2,"形态: 两连阴 (-6.86%, -2.99%)"
603219,2026-07-01,15.36,14.16,-7.81,9.24,0,8,趋势: 高于MA20
603703,2026-07-09,9.93,9.32,-6.14,2.22,0,2,"形态: 两连阴 (-2.93%, -1.91%)"
002009,2026-07-07,19.79,17.17,-13.24,-5.91,0,4,形态: 10日内有涨停
002009,2026-07-10,18.62,17.17,-7.79,-7.79,0,1,"形态: 10日内有涨停 | 形态: 两连阴 (-6.11%, -0.81%)"
002009,2026-07-03,21.99,17.17,-21.92,-6.82,0,6,形态: 10日内有涨停 | 趋势: 高于MA20 | 动量: 突破转强 (阳线上穿5/10)
002009,2026-07-09,18.43,17.17,-6.84,1.03,0,2,"形态: 10日内有涨停 | 形态: 两连阴 (-3.42%, -6.11%)"
002009,2026-07-01,20.98,17.17,-18.16,4.81,0,8,量能: 放量 (1.52X) | 形态: 10日内有涨停 | 趋势: 高于MA20 | 动量: 突破转强 (阳线上穿5/10)
600476,2026-07-10,8.99,8.62,-4.12,-4.12,0,1,动量: 突破转强 (阳线上穿5/10)
600476,2026-07-03,9.39,8.62,-8.2,0.85,0,6,动量: 突破转强 (阳线上穿5/10)
002590,2026-07-10,9.55,9.04,-5.34,-5.34,0,1,"形态: 两连阴 (-2.92%, -0.62%)"
002590,2026-07-03,10.39,9.04,-12.99,-2.12,0,6,动量: 突破转强 (阳线上穿5/10)
002590,2026-07-09,9.58,9.04,-5.64,-0.31,0,2,"形态: 两连阴 (-2.36%, -2.92%)"
002033,2026-07-03,8.51,8.17,-4.0,0.59,0,6,趋势: 高于MA20 | 动量: 突破转强 (阳线上穿5/10)
002033,2026-07-01,8.4,8.17,-2.74,1.9,0,8,动量: 突破转强 (阳线上穿5/10)
001217,2026-07-07,8.71,8.4,-3.56,-1.38,0,4,"形态: 两连阴 (-2.28%, -0.33%)"
001217,2026-07-10,8.59,8.4,-2.21,-2.21,0,1,"形态: 两连阴 (-1.61%, -0.12%)"
001217,2026-07-09,8.56,8.4,-1.87,0.35,0,2,"形态: 两连阴 (-2.90%, -1.61%)"
001217,2026-07-01,9.15,8.4,-8.2,0.66,0,8,"量能: 放量 (1.78X) | 形态: 两连阴 (-0.70%, -1.52%) | 动量: 突破转强 (阳线上穿5/10)"
600858,2026-07-10,4.59,4.53,-1.31,-1.31,0,1,动量: 突破转强 (阳线上穿5/10)
600858,2026-07-03,4.62,4.53,-1.95,0.22,0,6,动量: 突破转强 (阳线上穿5/10)
600843,2026-07-10,7.36,6.92,-5.98,-5.98,0,1,"形态: 两连阴 (-4.87%, -4.99%)"
600843,2026-07-03,8.78,6.92,-21.18,1.25,0,6,形态: 10日内有涨停 | 趋势: 高于MA20 | 动量: 突破转强 (阳线上穿5/10)
600843,2026-07-09,7.23,6.92,-4.29,1.8,0,2,"形态: 两连阴 (-10.01%, -4.87%)"
600843,2026-07-01,8.95,6.92,-22.68,-0.67,0,8,形态: 10日内有涨停 | 趋势: 高于MA20 | 动量: 突破转强 (阳线上穿5/10)
002284,2026-07-10,9.47,8.93,-5.7,-5.7,0,1,"形态: 两连阴 (-2.95%, -1.15%)"
002284,2026-07-03,10.41,8.93,-14.22,-2.79,0,6,趋势: 高于MA20 | 动量: 突破转强 (阳线上穿5/10)
002284,2026-07-09,9.43,8.93,-5.3,0.42,0,2,"形态: 两连阴 (-2.87%, -2.95%)"
603898,2026-07-07,14.02,14.54,3.71,8.92,1,4,趋势: 多头排列 (5>20>60) | 趋势: 高于MA20
603898,2026-07-10,15.27,14.54,-4.78,-4.78,0,1,趋势: 多头排列 (5>20>60) | 形态: 10日内有涨停 | 趋势: 高于MA20 | 动量: 突破转强 (阳线上穿5/10)
603898,2026-07-03,15.02,14.54,-3.2,1.66,0,6,"趋势: 多头排列 (5>20>60) | 形态: 两连阴 (-0.50%, -7.18%) | 趋势: 高于MA20"
603898,2026-07-09,13.88,14.54,4.76,10.01,1,2,趋势: 多头排列 (5>20>60) | 形态: 10日内有涨停 | 趋势: 高于MA20
603898,2026-07-01,15.87,14.54,-8.38,-3.78,0,8,趋势: 多头排列 (5>20>60) | 趋势: 高于MA20
600970,2026-07-10,7.24,7.26,0.28,0.28,1,1,动量: 突破转强 (阳线上穿5/10)
600970,2026-07-09,7.15,7.26,1.54,1.54,1,2,"形态: 两连阴 (-2.99%, -0.14%)"
600356,2026-07-03,7.99,7.84,-1.88,2.25,0,6,动量: 突破转强 (阳线上穿5/10)
600356,2026-07-09,7.9,7.84,-0.76,0.63,0,2,"形态: 两连阴 (-2.94%, -1.01%)"
600356,2026-07-01,7.68,7.84,2.08,6.38,1,8,"形态: 两连阴 (-0.26%, -1.72%)"
603032,2026-07-07,26.78,19.9,-25.69,-10.01,0,4,趋势: 多头排列 (5>20>60) | 形态: 10日内有涨停 | 趋势: 高于MA20
603032,2026-07-10,21.4,19.9,-7.01,-7.01,0,1,"形态: 10日内有涨停 | 形态: 两连阴 (-10.01%, -7.93%)"
603032,2026-07-03,27.6,19.9,-27.9,7.79,0,6,"趋势: 多头排列 (5>20>60) | 形态: 10日内有涨停 | 形态: 两连阴 (-3.16%, -0.42%) | 趋势: 高于MA20 | 动量: 突破转强 (阳线上穿5/10)"
603032,2026-07-09,22.19,19.9,-10.32,-3.56,0,2,"趋势: 多头排列 (5>20>60) | 形态: 10日内有涨停 | 形态: 两连阴 (-9.98%, -10.01%)"
603032,2026-07-01,26.05,19.9,-23.61,14.2,0,8,趋势: 多头排列 (5>20>60) | 形态: 10日内有涨停 | 趋势: 高于MA20
603707,2026-07-07,7.39,7.63,3.25,3.25,1,4,趋势: 高于MA20
603707,2026-07-10,7.49,7.63,1.87,1.87,1,1,"形态: 两连阴 (-0.41%, -1.63%) | 趋势: 高于MA20 | 动量: 突破转强 (阳线上穿5/10)"
603707,2026-07-03,7.64,7.63,-0.13,-0.13,0,6,趋势: 高于MA20 | 动量: 突破转强 (阳线上穿5/10)
603707,2026-07-09,7.24,7.63,5.39,5.39,1,2,"形态: 两连阴 (-2.89%, -0.41%)"
603707,2026-07-01,7.29,7.63,4.66,4.8,1,8,动量: 突破转强 (阳线上穿5/10)
002842,2026-07-07,37.69,37.17,-1.38,-1.38,0,4,"形态: 10日内有涨停 | 形态: 两连阴 (-10.01%, -9.99%)"
002842,2026-07-10,35.35,37.17,5.15,5.15,1,1,形态: 10日内有涨停
002842,2026-07-03,45.15,37.17,-17.67,-9.99,0,6,趋势: 多头排列 (5>20>60) | 形态: 10日内有涨停 | 趋势: 高于MA20
002842,2026-07-09,36.3,37.17,2.4,2.4,1,2,"形态: 10日内有涨停 | 形态: 两连阴 (-7.26%, -4.27%)"
002842,2026-07-01,45.61,37.17,-18.5,10.0,0,8,"趋势: 多头排列 (5>20>60) | 形态: 10日内有涨停 | 形态: 两连阴 (-5.21%, -2.51%) | 趋势: 高于MA20"
603328,2026-07-09,11.16,10.02,-10.22,-2.42,0,2,"形态: 两连阴 (-3.90%, -7.36%)"
600215,2026-07-07,6.37,5.72,-10.2,-4.71,0,4,形态: 10日内有涨停 | 趋势: 高于MA20
600215,2026-07-10,6.01,5.72,-4.83,-4.83,0,1,"形态: 10日内有涨停 | 形态: 两连阴 (-4.71%, -1.81%)"
600215,2026-07-03,6.25,5.72,-8.48,10.08,0,6,趋势: 高于MA20 | 动量: 突破转强 (阳线上穿5/10)
600215,2026-07-09,5.96,5.72,-4.03,0.84,0,2,"形态: 10日内有涨停 | 形态: 两连阴 (-7.41%, -4.71%)"
002682,2026-07-10,4.3,4.08,-5.12,-5.12,0,1,动量: 突破转强 (阳线上穿5/10)
002682,2026-07-03,4.42,4.08,-7.69,-2.04,0,6,动量: 突破转强 (阳线上穿5/10)
002682,2026-07-09,4.2,4.08,-2.86,2.38,0,2,"形态: 两连阴 (-3.00%, -1.19%)"
002969,2026-07-03,14.06,11.93,-15.15,-4.77,0,6,"形态: 两连阴 (-0.71%, -0.72%)"
002969,2026-07-09,12.85,11.93,-7.16,3.19,0,2,"形态: 两连阴 (-3.73%, -2.56%)"
603602,2026-07-09,10.6,10.25,-3.3,2.83,0,2,"形态: 两连阴 (-3.14%, -1.67%)"
600576,2026-07-07,5.93,5.67,-4.38,-0.84,0,4,"趋势: 多头排列 (5>20>60) | 形态: 10日内有涨停 | 形态: 两连阴 (-0.16%, -1.92%) | 趋势: 高于MA20"
600576,2026-07-10,5.81,5.67,-2.41,-2.41,0,1,"趋势: 多头排列 (5>20>60) | 形态: 10日内有涨停 | 形态: 两连阴 (-0.84%, -2.55%)"
600576,2026-07-03,6.25,5.67,-9.28,-1.92,0,6,形态: 10日内有涨停 | 趋势: 高于MA20
600576,2026-07-09,5.73,5.67,-1.05,1.4,0,2,"趋势: 多头排列 (5>20>60) | 形态: 10日内有涨停 | 形态: 两连阴 (-3.26%, -0.84%)"
600576,2026-07-01,6.32,5.67,-10.28,-0.95,0,8,形态: 10日内有涨停 | 趋势: 高于MA20 | 动量: 突破转强 (阳线上穿5/10)
603073,2026-07-10,15.22,14.8,-2.76,-2.76,0,1,"形态: 两连阴 (-1.38%, -1.53%)"
603073,2026-07-03,15.9,14.8,-6.92,-0.69,0,6,动量: 突破转强 (阳线上穿5/10)
603073,2026-07-09,14.79,14.8,0.07,2.91,1,2,"形态: 两连阴 (-3.55%, -1.38%)"
000524,2026-07-10,9.87,8.88,-10.03,-10.03,0,1,量能: 放量 (2.17X) | 形态: 10日内有涨停 | 趋势: 高于MA20 | 动量: 突破转强 (阳线上穿5/10)
000524,2026-07-09,9.68,8.88,-8.26,1.96,0,2,量能: 放量 (4.70X) | 形态: 10日内有涨停 | 趋势: 高于MA20
600110,2026-07-07,15.23,11.54,-24.23,-9.98,0,4,趋势: 多头排列 (5>20>60) | 趋势: 高于MA20 | 动量: 突破转强 (阳线上穿5/10)
600110,2026-07-10,12.82,11.54,-9.98,-9.98,0,1,"形态: 两连阴 (-9.98%, -1.97%)"
600110,2026-07-03,15.75,11.54,-26.73,-3.3,0,6,趋势: 多头排列 (5>20>60) | 趋势: 高于MA20 | 动量: 突破转强 (阳线上穿5/10)
600110,2026-07-01,15.33,11.54,-24.72,2.74,0,8,趋势: 多头排列 (5>20>60) | 形态: 10日内有涨停 | 趋势: 高于MA20
600738,2026-07-10,3.78,3.72,-1.59,-1.59,0,1,"形态: 两连阴 (-0.53%, -1.07%) | 动量: 突破转强 (阳线上穿5/10)"
600738,2026-07-03,3.83,3.72,-2.87,0.78,0,6,动量: 突破转强 (阳线上穿5/10)
600738,2026-07-09,3.7,3.72,0.54,2.16,1,2,"形态: 两连阴 (-2.59%, -0.53%)"
600738,2026-07-01,3.68,3.72,1.09,4.89,1,8,"形态: 两连阴 (-0.82%, -0.83%)"
002651,2026-07-10,7.56,7.11,-5.95,-5.95,0,1,动量: 突破转强 (阳线上穿5/10)
002651,2026-07-03,7.92,7.11,-10.23,-3.03,0,6,趋势: 高于MA20 | 动量: 突破转强 (阳线上穿5/10)
002651,2026-07-09,7.37,7.11,-3.53,2.58,0,2,"形态: 两连阴 (-2.86%, -1.74%)"
603238,2026-07-10,11.33,10.99,-3.0,-3.0,0,1,"形态: 两连阴 (-1.13%, -2.02%)"
603238,2026-07-03,11.88,10.99,-7.49,-0.76,0,6,动量: 突破转强 (阳线上穿5/10)
603238,2026-07-09,11.13,10.99,-1.26,1.8,0,2,"形态: 两连阴 (-2.54%, -1.13%)"
603238,2026-07-01,11.4,10.99,-3.6,4.21,0,8,"形态: 两连阴 (-0.71%, -2.05%)"
000863,2026-07-07,4.16,4.11,-1.2,2.4,0,4,形态: 10日内有涨停
000863,2026-07-10,4.26,4.11,-3.52,-3.52,0,1,形态: 10日内有涨停
000863,2026-07-03,4.3,4.11,-4.42,1.4,0,6,形态: 10日内有涨停
000863,2026-07-09,4.23,4.11,-2.84,0.71,0,2,"形态: 10日内有涨停 | 形态: 两连阴 (-4.59%, -0.72%)"
000863,2026-07-01,4.62,4.11,-11.04,-1.95,0,8,形态: 10日内有涨停 | 趋势: 高于MA20 | 动量: 突破转强 (阳线上穿5/10)
603112,2026-07-03,17.31,15.5,-10.46,-4.85,0,6,"形态: 两连阴 (-0.18%, -1.14%) | 动量: 突破转强 (阳线上穿5/10)"
603112,2026-07-09,16.21,15.5,-4.38,-1.48,0,2,"形态: 两连阴 (-2.85%, -0.62%)"
601398,2026-07-07,7.26,7.53,3.72,3.72,1,4,动量: 突破转强 (阳线上穿5/10)
601398,2026-07-10,7.33,7.53,2.73,2.73,1,1,趋势: 高于MA20 | 动量: 突破转强 (阳线上穿5/10)
601398,2026-07-03,7.04,7.53,6.96,6.96,1,6,"形态: 两连阴 (-0.14%, -0.14%)"
000913,2026-07-03,10.59,10.38,-1.98,-0.85,0,6,动量: 突破转强 (阳线上穿5/10)
000913,2026-07-01,10.41,10.38,-0.29,1.73,0,8,"形态: 两连阴 (-0.19%, -1.06%)"
000796,2026-07-10,3.72,3.53,-5.11,-5.11,0,1,"形态: 两连阴 (-0.81%, -1.09%)"
000796,2026-07-09,3.63,3.53,-2.75,2.48,0,2,"形态: 两连阴 (-3.90%, -0.81%)"
600336,2026-07-10,6.08,5.89,-3.13,-3.13,0,1,"形态: 两连阴 (-3.10%, -0.34%)"
600336,2026-07-03,6.55,5.89,-10.08,-2.9,0,6,动量: 突破转强 (阳线上穿5/10)
600336,2026-07-09,5.91,5.89,-0.34,2.88,0,2,"形态: 两连阴 (-3.77%, -3.10%)"
000599,2026-07-10,4.38,4.25,-2.97,-2.97,0,1,动量: 突破转强 (阳线上穿5/10)
000599,2026-07-03,4.41,4.25,-3.63,-0.68,0,6,动量: 突破转强 (阳线上穿5/10)
000599,2026-07-01,4.32,4.25,-1.62,2.08,0,8,"形态: 两连阴 (-1.16%, -0.94%)"
605055,2026-07-07,10.82,9.68,-10.54,-4.71,0,4,形态: 10日内有涨停
605055,2026-07-10,10.0,9.68,-3.2,-3.2,0,1,"形态: 10日内有涨停 | 形态: 两连阴 (-4.71%, -6.79%)"
605055,2026-07-03,10.98,9.68,-11.84,0.82,0,6,量能: 放量 (1.71X) | 形态: 10日内有涨停
605055,2026-07-09,9.61,9.68,0.73,4.06,1,2,"形态: 10日内有涨停 | 形态: 两连阴 (-2.26%, -4.71%)"
605055,2026-07-01,10.13,9.68,-4.44,9.97,0,8,"形态: 两连阴 (-3.46%, -1.26%)"
601611,2026-07-07,10.33,9.87,-4.45,-0.1,0,4,形态: 10日内有涨停
601611,2026-07-10,10.32,9.87,-4.36,-4.36,0,1,形态: 10日内有涨停
601611,2026-07-03,10.83,9.87,-8.86,-2.03,0,6,形态: 10日内有涨停
601611,2026-07-09,10.08,9.87,-2.08,2.38,0,2,"形态: 10日内有涨停 | 形态: 两连阴 (-2.64%, -3.00%)"
601611,2026-07-01,11.28,9.87,-12.5,-3.99,0,8,形态: 10日内有涨停 | 趋势: 高于MA20 | 动量: 突破转强 (阳线上穿5/10)
601187,2026-07-10,7.08,7.36,3.95,3.95,1,1,动量: 突破转强 (阳线上穿5/10)
601187,2026-07-01,6.8,7.36,8.24,8.24,1,8,"形态: 两连阴 (-1.39%, -3.53%)"
600854,2026-07-10,4.2,4.11,-2.14,-2.14,0,1,"形态: 两连阴 (-0.72%, -1.21%) | 动量: 突破转强 (阳线上穿5/10)"
600854,2026-07-03,4.29,4.11,-4.2,1.17,0,6,动量: 突破转强 (阳线上穿5/10)
600854,2026-07-09,4.09,4.11,0.49,2.69,1,2,"形态: 两连阴 (-3.92%, -0.72%)"
002634,2026-07-03,4.65,4.18,-10.11,-5.81,0,6,动量: 突破转强 (阳线上穿5/10)
002026,2026-07-10,10.57,9.93,-6.05,-6.05,0,1,"形态: 两连阴 (-2.36%, -1.67%)"
002026,2026-07-03,11.3,9.93,-12.12,0.35,0,6,动量: 突破转强 (阳线上穿5/10)
002026,2026-07-09,10.58,9.93,-6.14,-0.09,0,2,"形态: 两连阴 (-2.82%, -2.36%)"
002083,2026-07-07,9.87,9.0,-8.81,-4.26,0,4,"形态: 两连阴 (-8.51%, -2.25%)"
002083,2026-07-09,9.45,9.0,-4.76,-1.59,0,2,"形态: 两连阴 (-1.10%, -4.86%)"
002083,2026-07-01,11.2,9.0,-19.64,-0.36,0,8,动量: 突破转强 (阳线上穿5/10)
002527,2026-07-10,11.52,10.54,-8.51,-8.51,0,1,"形态: 两连阴 (-6.54%, -1.83%)"
002527,2026-07-03,13.95,10.54,-24.44,-5.95,0,6,动量: 突破转强 (阳线上穿5/10)
002527,2026-07-09,11.78,10.54,-10.53,-2.21,0,2,"形态: 两连阴 (-2.13%, -6.54%)"
000829,2026-07-07,7.37,7.62,3.39,7.6,1,4,形态: 10日内有涨停
000829,2026-07-10,7.93,7.62,-3.91,-3.91,0,1,量能: 放量 (1.59X) | 形态: 10日内有涨停 | 趋势: 高于MA20 | 动量: 突破转强 (阳线上穿5/10)
000829,2026-07-03,7.58,7.62,0.53,4.62,1,6,形态: 10日内有涨停
000829,2026-07-09,7.67,7.62,-0.65,3.39,0,2,形态: 10日内有涨停 | 动量: 突破转强 (阳线上穿5/10)
000829,2026-07-01,7.85,7.62,-2.93,1.02,0,8,形态: 10日内有涨停 | 动量: 突破转强 (阳线上穿5/10)
002438,2026-07-10,13.43,12.68,-5.58,-5.58,0,1,"形态: 两连阴 (-3.24%, -1.26%)"
002438,2026-07-03,14.45,12.68,-12.25,-1.59,0,6,"形态: 两连阴 (-1.47%, -2.58%) | 趋势: 高于MA20"
002438,2026-07-09,13.28,12.68,-4.52,1.13,0,2,"形态: 两连阴 (-2.25%, -3.24%)"
002438,2026-07-01,14.71,12.68,-13.8,-1.77,0,8,趋势: 高于MA20
600736,2026-07-10,6.97,6.6,-5.31,-5.31,0,1,动量: 突破转强 (阳线上穿5/10)
600736,2026-07-09,6.82,6.6,-3.23,2.2,0,2,动量: 突破转强 (阳线上穿5/10)
600736,2026-07-01,6.75,6.6,-2.22,3.26,0,8,"形态: 两连阴 (-2.19%, -0.15%)"
603339,2026-07-07,14.06,15.98,13.66,15.58,1,4,趋势: 多头排列 (5>20>60) | 趋势: 高于MA20
603339,2026-07-10,16.25,15.98,-1.66,-1.66,0,1,趋势: 多头排列 (5>20>60) | 形态: 10日内有涨停 | 趋势: 高于MA20 | 动量: 突破转强 (阳线上穿5/10)
603339,2026-07-03,14.31,15.98,11.67,13.56,1,6,趋势: 多头排列 (5>20>60) | 趋势: 高于MA20
603339,2026-07-09,15.33,15.98,4.24,6.0,1,2,趋势: 多头排列 (5>20>60) | 量能: 放量 (1.57X) | 形态: 10日内有涨停 | 趋势: 高于MA20
603339,2026-07-01,14.46,15.98,10.51,12.38,1,8,趋势: 多头排列 (5>20>60) | 趋势: 高于MA20 | 动量: 突破转强 (阳线上穿5/10)
603626,2026-07-03,20.73,15.63,-24.6,-9.99,0,6,动量: 突破转强 (阳线上穿5/10)
603626,2026-07-09,16.9,15.63,-7.51,0.65,0,2,"形态: 两连阴 (-4.61%, -7.58%)"
600172,2026-07-07,18.36,15.3,-16.67,1.85,0,4,趋势: 多头排列 (5>20>60) | 形态: 10日内有涨停 | 趋势: 高于MA20
600172,2026-07-10,17.0,15.3,-10.0,-10.0,0,1,趋势: 多头排列 (5>20>60) | 形态: 10日内有涨停 | 趋势: 高于MA20
600172,2026-07-03,16.86,15.3,-9.25,10.91,0,6,趋势: 多头排列 (5>20>60) | 形态: 10日内有涨停 | 趋势: 高于MA20
600172,2026-07-09,18.7,15.3,-18.18,-9.09,0,2,"趋势: 多头排列 (5>20>60) | 形态: 10日内有涨停 | 形态: 两连阴 (-1.02%, -4.19%) | 趋势: 高于MA20 | 动量: 突破转强 (阳线上穿5/10)"
600172,2026-07-01,16.39,15.3,-6.65,14.09,0,8,趋势: 多头排列 (5>20>60) | 形态: 10日内有涨停 | 趋势: 高于MA20
601233,2026-07-07,22.52,19.31,-14.25,-3.86,0,4,趋势: 多头排列 (5>20>60)
601233,2026-07-10,20.66,19.31,-6.53,-6.53,0,1,"形态: 两连阴 (-3.86%, -2.91%)"
601233,2026-07-03,22.84,19.31,-15.46,3.72,0,6,趋势: 多头排列 (5>20>60) | 形态: 10日内有涨停 | 趋势: 高于MA20
601233,2026-07-09,21.02,19.31,-8.14,-1.71,0,2,"形态: 两连阴 (-4.94%, -3.86%)"
601233,2026-07-01,23.15,19.31,-16.59,2.33,0,8,"趋势: 多头排列 (5>20>60) | 形态: 10日内有涨停 | 形态: 两连阴 (-3.57%, -6.68%) | 趋势: 高于MA20"
603536,2026-07-10,8.1,8.02,-0.99,-0.99,0,1,"形态: 两连阴 (-0.13%, -0.13%) | 动量: 突破转强 (阳线上穿5/10)"
603536,2026-07-03,8.17,8.02,-1.84,0.37,0,6,动量: 突破转强 (阳线上穿5/10)
603536,2026-07-09,7.93,8.02,1.13,2.14,1,2,"形态: 两连阴 (-3.05%, -0.13%)"
600571,2026-07-10,9.81,9.3,-5.2,-5.2,0,1,量能: 放量 (1.54X) | 动量: 突破转强 (阳线上穿5/10)
600901,2026-07-03,6.14,6.08,-0.98,0.16,0,6,动量: 突破转强 (阳线上穿5/10)
603680,2026-07-10,9.92,9.45,-4.74,-4.74,0,1,"形态: 两连阴 (-1.89%, -0.41%)"
603680,2026-07-03,10.48,9.45,-9.83,-0.57,0,6,动量: 突破转强 (阳线上穿5/10)
603680,2026-07-09,9.81,9.45,-3.67,1.12,0,2,"形态: 两连阴 (-3.65%, -1.89%)"
603680,2026-07-01,10.29,9.45,-8.16,1.85,0,8,动量: 突破转强 (阳线上穿5/10)
605056,2026-07-10,14.77,14.29,-3.25,-3.25,0,1,"形态: 两连阴 (-2.28%, -0.73%)"
605056,2026-07-03,16.56,14.29,-13.71,-3.26,0,6,动量: 突破转强 (阳线上穿5/10)
605056,2026-07-09,14.92,14.29,-4.22,-1.01,0,2,"形态: 两连阴 (-4.00%, -2.28%)"
605167,2026-07-07,16.16,15.0,-7.18,0.12,0,4,趋势: 高于MA20
605167,2026-07-10,16.05,15.0,-6.54,-6.54,0,1,趋势: 高于MA20
605167,2026-07-03,17.6,15.0,-14.77,-8.07,0,6,形态: 10日内有涨停 | 趋势: 高于MA20 | 动量: 突破转强 (阳线上穿5/10)
605167,2026-07-09,16.18,15.0,-7.29,-0.8,0,2,"形态: 两连阴 (-0.12%, -1.42%) | 趋势: 高于MA20"
605167,2026-07-01,16.8,15.0,-10.71,4.76,0,8,形态: 10日内有涨停 | 趋势: 高于MA20 | 动量: 突破转强 (阳线上穿5/10)
600776,2026-07-10,12.99,12.07,-7.08,-7.08,0,1,动量: 突破转强 (阳线上穿5/10)
603982,2026-07-10,5.65,5.42,-4.07,-4.07,0,1,"形态: 两连阴 (-1.77%, -0.54%)"
603982,2026-07-03,5.9,5.42,-8.14,-1.36,0,6,趋势: 高于MA20 | 动量: 突破转强 (阳线上穿5/10)
603982,2026-07-09,5.51,5.42,-1.63,2.54,0,2,"形态: 两连阴 (-3.09%, -1.77%)"
000617,2026-07-10,6.77,6.53,-3.55,-3.55,0,1,量能: 放量 (1.54X) | 动量: 突破转强 (阳线上穿5/10)
000617,2026-07-09,6.66,6.53,-1.95,1.65,0,2,"形态: 两连阴 (-2.65%, -0.30%)"
600232,2026-07-10,5.99,5.79,-3.34,-3.34,0,1,"形态: 两连阴 (-1.48%, -1.51%)"
600232,2026-07-09,5.89,5.79,-1.7,1.7,0,2,"形态: 两连阴 (-2.72%, -1.48%)"
600232,2026-07-01,6.3,5.79,-8.1,2.38,0,8,"形态: 两连阴 (-2.57%, -2.17%)"
601279,2026-07-10,3.04,2.98,-1.97,-1.97,0,1,"形态: 两连阴 (-0.33%, -1.00%)"
601279,2026-07-03,3.13,2.98,-4.79,-0.64,0,6,动量: 突破转强 (阳线上穿5/10)
601279,2026-07-09,2.97,2.98,0.34,2.36,1,2,"形态: 两连阴 (-3.22%, -0.33%)"
601882,2026-07-07,20.4,17.75,-12.99,-5.0,0,4,形态: 10日内有涨停 | 趋势: 高于MA20
601882,2026-07-10,19.12,17.75,-7.17,-7.17,0,1,"形态: 10日内有涨停 | 形态: 两连阴 (-5.00%, -0.41%)"
601882,2026-07-03,21.3,17.75,-16.67,-3.1,0,6,形态: 10日内有涨停 | 趋势: 高于MA20 | 动量: 突破转强 (阳线上穿5/10)
601882,2026-07-09,19.3,17.75,-8.03,-0.93,0,2,"形态: 10日内有涨停 | 形态: 两连阴 (-1.16%, -5.00%)"
601882,2026-07-01,20.13,17.75,-11.82,5.81,0,8,形态: 10日内有涨停
600480,2026-07-07,8.89,8.36,-5.96,-1.01,0,4,形态: 10日内有涨停
600480,2026-07-10,8.8,8.36,-5.0,-5.0,0,1,形态: 10日内有涨停
600480,2026-07-03,9.2,8.36,-9.13,0.87,0,6,量能: 放量 (1.70X) | 形态: 10日内有涨停
600480,2026-07-09,8.6,8.36,-2.79,2.33,0,2,"形态: 10日内有涨停 | 形态: 两连阴 (-4.20%, -3.71%)"
603861,2026-07-07,15.2,12.62,-16.97,-10.0,0,4,量能: 放量 (2.04X) | 形态: 10日内有涨停 | 趋势: 高于MA20 | 动量: 突破转强 (阳线上穿5/10)
603861,2026-07-10,13.04,12.62,-3.22,-3.22,0,1,"形态: 10日内有涨停 | 形态: 两连阴 (-10.00%, -1.24%)"
603861,2026-07-03,12.56,12.62,0.48,21.02,1,6,"形态: 10日内有涨停 | 形态: 两连阴 (-0.39%, -4.28%)"
603861,2026-07-09,13.51,12.62,-6.59,-3.48,0,2,形态: 10日内有涨停
603861,2026-07-01,12.86,12.62,-1.87,18.2,0,8,"形态: 10日内有涨停 | 形态: 两连阴 (-4.63%, -5.00%)"
002707,2026-07-10,4.85,4.66,-3.92,-3.92,0,1,动量: 突破转强 (阳线上穿5/10)
601118,2026-07-10,4.94,4.69,-5.06,-5.06,0,1,"形态: 两连阴 (-0.82%, -0.41%) | 动量: 突破转强 (阳线上穿5/10)"
601118,2026-07-09,4.84,4.69,-3.1,2.07,0,2,"形态: 两连阴 (-1.80%, -0.82%)"
600682,2026-07-10,5.46,5.32,-2.56,-2.56,0,1,动量: 突破转强 (阳线上穿5/10)
000700,2026-07-07,16.15,14.05,-13.0,-3.34,0,4,趋势: 多头排列 (5>20>60) | 形态: 10日内有涨停 | 趋势: 高于MA20
000700,2026-07-10,15.61,14.05,-9.99,-9.99,0,1,趋势: 多头排列 (5>20>60) | 形态: 10日内有涨停 | 趋势: 高于MA20
000700,2026-07-03,17.6,14.05,-20.17,-4.83,0,6,趋势: 多头排列 (5>20>60) | 量能: 放量 (1.77X) | 形态: 10日内有涨停 | 趋势: 高于MA20 | 动量: 突破转强 (阳线上穿5/10)
000700,2026-07-09,15.18,14.05,-7.44,2.83,0,2,"趋势: 多头排列 (5>20>60) | 形态: 10日内有涨停 | 形态: 两连阴 (-3.58%, -9.60%)"
000700,2026-07-01,15.34,14.05,-8.41,14.73,0,8,动量: 突破转强 (阳线上穿5/10)
601598,2026-07-03,5.33,5.38,0.94,3.75,1,6,动量: 突破转强 (阳线上穿5/10)
601598,2026-07-01,5.1,5.38,5.49,8.43,1,8,"形态: 两连阴 (-3.43%, -2.17%)"
002275,2026-07-07,13.08,13.31,1.76,1.76,1,4,趋势: 高于MA20
002275,2026-07-10,13.12,13.31,1.45,1.45,1,1,趋势: 高于MA20
002275,2026-07-03,13.17,13.31,1.06,2.51,1,6,趋势: 高于MA20 | 动量: 突破转强 (阳线上穿5/10)
002275,2026-07-09,13.17,13.31,1.06,1.06,1,2,"形态: 两连阴 (-3.11%, -0.08%) | 趋势: 高于MA20"
002275,2026-07-01,12.55,13.31,6.06,7.57,1,8,动量: 突破转强 (阳线上穿5/10)
603045,2026-07-07,70.6,67.4,-4.53,0.92,0,4,形态: 10日内有涨停
603045,2026-07-03,75.9,67.4,-11.2,-6.13,0,6,形态: 10日内有涨停
603045,2026-07-01,73.5,67.4,-8.3,3.27,0,8,"形态: 10日内有涨停 | 形态: 两连阴 (-8.34%, -3.21%)"
601238,2026-07-10,5.19,4.89,-5.78,-5.78,0,1,"形态: 两连阴 (-0.19%, -0.58%) | 动量: 突破转强 (阳线上穿5/10)"
601238,2026-07-03,5.25,4.89,-6.86,1.14,0,6,动量: 突破转强 (阳线上穿5/10)
601238,2026-07-09,5.1,4.89,-4.12,1.76,0,2,"形态: 两连阴 (-3.20%, -0.19%)"
000701,2026-07-10,4.68,4.44,-5.13,-5.13,0,1,量能: 放量 (1.81X) | 动量: 突破转强 (阳线上穿5/10)
002322,2026-07-03,10.18,9.71,-4.62,-0.29,0,6,动量: 突破转强 (阳线上穿5/10)
002096,2026-07-10,8.8,8.76,-0.45,-0.45,0,1,"形态: 两连阴 (-0.11%, -0.68%)"
002096,2026-07-09,8.72,8.76,0.46,0.92,1,2,"形态: 两连阴 (-2.77%, -0.11%)"
002096,2026-07-01,8.93,8.76,-1.9,1.68,0,8,"形态: 两连阴 (-0.55%, -2.01%)"
605303,2026-07-10,22.59,22.82,1.02,1.02,1,1,"形态: 两连阴 (-1.02%, -0.28%) | 动量: 突破转强 (阳线上穿5/10)"
605303,2026-07-09,21.27,22.82,7.29,7.29,1,2,"形态: 两连阴 (-2.58%, -1.02%)"
605303,2026-07-01,22.85,22.82,-0.13,-0.13,0,8,"形态: 两连阴 (-4.17%, -5.19%)"
002564,2026-07-10,4.33,4.07,-6.0,-6.0,0,1,"量能: 放量 (1.51X) | 形态: 两连阴 (-0.24%, -0.47%)"
002564,2026-07-03,4.5,4.07,-9.56,-2.67,0,6,动量: 突破转强 (阳线上穿5/10)
002564,2026-07-09,4.21,4.07,-3.33,2.85,0,2,"形态: 两连阴 (-3.20%, -0.24%)"
002297,2026-07-07,25.5,21.63,-15.18,-3.8,0,4,"趋势: 多头排列 (5>20>60) | 形态: 两连阴 (-2.27%, -0.29%)"
002297,2026-07-03,27.58,21.63,-21.57,-0.29,0,6,趋势: 多头排列 (5>20>60) | 形态: 10日内有涨停 | 趋势: 高于MA20
002297,2026-07-09,24.53,21.63,-11.82,-2.04,0,2,"形态: 两连阴 (-7.27%, -4.82%)"
002297,2026-07-01,28.16,21.63,-23.19,0.21,0,8,趋势: 多头排列 (5>20>60) | 形态: 10日内有涨停 | 趋势: 高于MA20
002198,2026-07-10,3.43,3.35,-2.33,-2.33,0,1,趋势: 高于MA20 | 动量: 突破转强 (阳线上穿5/10)
002198,2026-07-03,3.51,3.35,-4.56,-2.28,0,6,量能: 放量 (1.61X) | 趋势: 高于MA20 | 动量: 突破转强 (阳线上穿5/10)
002537,2026-07-01,5.53,5.13,-7.23,0.0,0,8,"量能: 放量 (1.60X) | 形态: 两连阴 (-0.56%, -0.75%)"
002237,2026-07-07,12.76,12.34,-3.29,1.33,0,4,形态: 10日内有涨停
002237,2026-07-10,12.84,12.34,-3.89,-3.89,0,1,形态: 10日内有涨停
002237,2026-07-03,13.73,12.34,-10.12,-3.13,0,6,"形态: 10日内有涨停 | 形态: 两连阴 (-2.52%, -4.26%) | 趋势: 高于MA20"
002237,2026-07-09,12.93,12.34,-4.56,-0.7,0,2,形态: 10日内有涨停
002237,2026-07-01,14.32,12.34,-13.83,-4.12,0,8,形态: 10日内有涨停 | 趋势: 高于MA20
603214,2026-07-10,12.57,12.23,-2.7,-2.7,0,1,"形态: 两连阴 (-0.72%, -1.29%) | 动量: 突破转强 (阳线上穿5/10)"
603214,2026-07-03,13.05,12.23,-6.28,-1.07,0,6,动量: 突破转强 (阳线上穿5/10)
603214,2026-07-09,12.27,12.23,-0.33,2.44,0,2,"形态: 两连阴 (-3.02%, -0.72%)"
603332,2026-07-10,10.22,10.0,-2.15,-2.15,0,1,"形态: 两连阴 (-2.12%, -0.79%)"
603332,2026-07-03,10.85,10.0,-7.83,-0.55,0,6,动量: 突破转强 (阳线上穿5/10)
603332,2026-07-09,10.08,10.0,-0.79,1.39,0,2,"形态: 两连阴 (-3.80%, -2.12%)"
603332,2026-07-01,10.4,10.0,-3.85,4.33,0,8,"形态: 两连阴 (-0.67%, -2.22%)"
002802,2026-07-10,10.59,10.23,-3.4,-3.4,0,1,"形态: 两连阴 (-0.10%, -0.58%)"
002802,2026-07-09,10.29,10.23,-0.58,2.92,0,2,"形态: 两连阴 (-5.22%, -0.10%)"
002802,2026-07-01,10.8,10.23,-5.28,1.3,0,8,"形态: 两连阴 (-1.29%, -1.59%)"
002194,2026-07-03,9.55,8.31,-12.98,-5.55,0,6,"形态: 两连阴 (-0.10%, -2.76%)"
603817,2026-07-10,5.36,5.35,-0.19,-0.19,0,1,动量: 突破转强 (阳线上穿5/10)
603817,2026-07-03,5.42,5.35,-1.29,0.55,0,6,动量: 突破转强 (阳线上穿5/10)
603817,2026-07-01,5.3,5.35,0.94,2.83,1,8,"形态: 两连阴 (-0.19%, -1.73%)"
003042,2026-07-10,12.47,11.96,-4.09,-4.09,0,1,"形态: 两连阴 (-1.87%, -0.17%) | 动量: 突破转强 (阳线上穿5/10)"
003042,2026-07-03,12.82,11.96,-6.71,0.0,0,6,动量: 突破转强 (阳线上穿5/10)
003042,2026-07-09,12.08,11.96,-0.99,3.23,0,2,"形态: 两连阴 (-3.82%, -1.87%)"
003042,2026-07-01,12.57,11.96,-4.85,1.99,0,8,"形态: 两连阴 (-0.81%, -0.90%)"
000670,2026-07-07,7.07,6.49,-8.2,0.57,0,4,"形态: 两连阴 (-0.14%, -1.63%)"
000670,2026-07-03,7.35,6.49,-11.7,-1.63,0,6,"形态: 两连阴 (-0.66%, -2.39%)"
000670,2026-07-09,7.01,6.49,-7.42,1.43,0,2,"形态: 两连阴 (-2.21%, -5.66%)"
600817,2026-07-07,9.11,9.08,-0.33,0.33,0,4,趋势: 高于MA20
600817,2026-07-03,9.31,9.08,-2.47,-0.43,0,6,趋势: 高于MA20 | 动量: 突破转强 (阳线上穿5/10)
600817,2026-07-01,8.8,9.08,3.18,5.8,1,8,"形态: 两连阴 (-0.45%, -0.68%)"
002909,2026-07-09,4.75,4.59,-3.37,1.05,0,2,"形态: 两连阴 (-3.02%, -1.46%)"
002909,2026-07-01,5.01,4.59,-8.38,0.4,0,8,"形态: 两连阴 (-0.99%, -0.80%)"
600824,2026-07-10,3.48,3.45,-0.86,-0.86,0,1,趋势: 高于MA20 | 动量: 突破转强 (阳线上穿5/10)
600824,2026-07-03,3.47,3.45,-0.58,0.29,0,6,动量: 突破转强 (阳线上穿5/10)
600732,2026-07-07,12.61,11.2,-11.18,-5.55,0,4,"形态: 两连阴 (-1.40%, -2.25%)"
600732,2026-07-03,13.36,11.2,-16.17,-2.25,0,6,趋势: 高于MA20
600732,2026-07-09,11.86,11.2,-5.56,0.42,0,2,"形态: 两连阴 (-3.45%, -6.42%)"
600732,2026-07-01,13.86,11.2,-19.19,-2.24,0,8,趋势: 高于MA20 | 动量: 突破转强 (阳线上穿5/10)
600588,2026-07-07,9.0,9.36,4.0,7.44,1,4,"形态: 两连阴 (-0.43%, -1.29%)"
600588,2026-07-10,9.67,9.36,-3.21,-3.21,0,1,量能: 放量 (1.57X) | 趋势: 高于MA20 | 动量: 突破转强 (阳线上穿5/10)
600588,2026-07-09,9.43,9.36,-0.74,2.55,0,2,动量: 突破转强 (阳线上穿5/10)
600588,2026-07-01,9.46,9.36,-1.06,2.22,0,8,动量: 突破转强 (阳线上穿5/10)
605066,2026-07-07,6.6,6.16,-6.67,-1.82,0,4,"形态: 两连阴 (-0.14%, -2.59%)"
605066,2026-07-10,6.4,6.16,-3.75,-3.75,0,1,"形态: 两连阴 (-1.82%, -1.85%)"
605066,2026-07-03,6.95,6.16,-11.37,-2.59,0,6,趋势: 高于MA20
605066,2026-07-09,6.36,6.16,-3.14,0.63,0,2,"形态: 两连阴 (-2.51%, -1.82%)"
600080,2026-07-07,4.74,4.81,1.48,1.48,1,4,趋势: 高于MA20
600080,2026-07-10,4.77,4.81,0.84,0.84,1,1,趋势: 高于MA20
600080,2026-07-03,5.0,4.81,-3.8,-1.2,0,6,趋势: 高于MA20 | 动量: 突破转强 (阳线上穿5/10)
600080,2026-07-01,4.69,4.81,2.56,6.61,1,8,动量: 突破转强 (阳线上穿5/10)
002668,2026-07-07,10.52,10.71,1.81,1.81,1,4,"趋势: 多头排列 (5>20>60) | 形态: 两连阴 (-1.27%, -0.18%) | 趋势: 高于MA20"
002668,2026-07-10,10.48,10.71,2.19,2.19,1,1,趋势: 多头排列 (5>20>60) | 趋势: 高于MA20
002668,2026-07-03,10.89,10.71,-1.65,-0.18,0,6,趋势: 多头排列 (5>20>60) | 趋势: 高于MA20
002668,2026-07-09,10.57,10.71,1.32,1.32,1,2,"趋势: 多头排列 (5>20>60) | 形态: 两连阴 (-3.22%, -0.10%) | 趋势: 高于MA20"
002668,2026-07-01,10.91,10.71,-1.83,1.1,0,8,趋势: 多头排列 (5>20>60) | 趋势: 高于MA20
603028,2026-07-10,6.59,6.23,-5.46,-5.46,0,1,动量: 突破转强 (阳线上穿5/10)
603028,2026-07-03,6.94,6.23,-10.23,-3.03,0,6,动量: 突破转强 (阳线上穿5/10)
603028,2026-07-09,6.38,6.23,-2.35,3.29,0,2,"形态: 两连阴 (-3.71%, -2.16%)"
603028,2026-07-01,6.68,6.23,-6.74,3.89,0,8,"形态: 两连阴 (-0.60%, -2.41%)"
002465,2026-07-10,13.58,12.22,-10.01,-10.01,0,1,量能: 放量 (1.99X) | 趋势: 高于MA20 | 动量: 突破转强 (阳线上穿5/10)
002465,2026-07-03,13.0,12.22,-6.0,4.46,0,6,"形态: 两连阴 (-0.39%, -4.25%) | 动量: 突破转强 (阳线上穿5/10)"
002465,2026-07-09,12.47,12.22,-2.0,8.9,0,2,"形态: 两连阴 (-3.58%, -2.58%)"
002011,2026-07-03,10.77,9.99,-7.24,1.49,0,6,趋势: 高于MA20 | 动量: 突破转强 (阳线上穿5/10)
002011,2026-07-01,10.73,9.99,-6.9,1.86,0,8,动量: 突破转强 (阳线上穿5/10)
002952,2026-07-07,20.28,18.96,-6.51,-1.28,0,4,"形态: 两连阴 (-0.55%, -4.63%)"
002952,2026-07-09,19.92,18.96,-4.82,0.5,0,2,"形态: 两连阴 (-2.45%, -2.37%)"
000810,2026-07-07,11.7,11.56,-1.2,9.74,0,4,"形态: 两连阴 (-2.86%, -5.42%)"
000810,2026-07-10,12.84,11.56,-9.97,-9.97,0,1,形态: 10日内有涨停 | 趋势: 高于MA20 | 动量: 突破转强 (阳线上穿5/10)
000810,2026-07-03,12.91,11.56,-10.46,-0.54,0,6,趋势: 高于MA20
000810,2026-07-09,11.67,11.56,-0.94,10.03,0,2,"形态: 两连阴 (-4.18%, -3.08%)"
000810,2026-07-01,13.39,11.56,-13.67,-0.75,0,8,趋势: 高于MA20 | 动量: 突破转强 (阳线上穿5/10)
600241,2026-07-07,6.7,6.65,-0.75,-0.75,0,4,量能: 放量 (1.69X) | 形态: 10日内有涨停
600241,2026-07-10,6.6,6.65,0.76,0.76,1,1,"形态: 10日内有涨停 | 形态: 两连阴 (-2.39%, -0.46%)"
600241,2026-07-09,6.51,6.65,2.15,2.15,1,2,"形态: 10日内有涨停 | 形态: 两连阴 (-9.58%, -2.39%)"
002695,2026-07-10,10.58,10.54,-0.38,-0.38,0,1,动量: 突破转强 (阳线上穿5/10)
002695,2026-07-03,10.57,10.54,-0.28,1.99,0,6,动量: 突破转强 (阳线上穿5/10)
002413,2026-07-10,9.62,8.66,-9.98,-9.98,0,1,量能: 放量 (2.04X) | 动量: 突破转强 (阳线上穿5/10)
002413,2026-07-03,9.97,8.66,-13.14,-3.51,0,6,动量: 突破转强 (阳线上穿5/10)
002413,2026-07-09,8.99,8.66,-3.67,7.01,0,2,"形态: 两连阴 (-3.97%, -3.35%)"
002413,2026-07-01,10.09,8.66,-14.17,-1.19,0,8,趋势: 高于MA20 | 动量: 突破转强 (阳线上穿5/10)
603969,2026-07-07,7.81,7.1,-9.09,-1.54,0,4,趋势: 高于MA20
603969,2026-07-10,7.67,7.1,-7.43,-7.43,0,1,"形态: 两连阴 (-1.54%, -1.82%) | 趋势: 高于MA20"
603969,2026-07-03,8.07,7.1,-12.02,0.37,0,6,趋势: 高于MA20 | 动量: 突破转强 (阳线上穿5/10)
603969,2026-07-09,7.55,7.1,-5.96,1.59,0,2,"形态: 两连阴 (-3.58%, -1.54%)"
603969,2026-07-01,7.69,7.1,-7.67,5.33,0,8,趋势: 高于MA20 | 动量: 突破转强 (阳线上穿5/10)
603958,2026-07-09,16.25,14.82,-8.8,-3.82,0,2,"形态: 两连阴 (-3.86%, -0.64%)"
603958,2026-07-01,17.99,14.82,-17.62,-6.17,0,8,"形态: 两连阴 (-3.06%, -1.05%)"
603712,2026-07-10,12.81,11.8,-7.88,-7.88,0,1,量能: 放量 (2.32X) | 趋势: 高于MA20 | 动量: 突破转强 (阳线上穿5/10)
603712,2026-07-03,12.97,11.8,-9.02,-1.23,0,6,动量: 突破转强 (阳线上穿5/10)
603712,2026-07-09,11.92,11.8,-1.01,7.47,0,2,"形态: 两连阴 (-3.05%, -1.82%)"
603712,2026-07-01,13.06,11.8,-9.65,-0.69,0,8,动量: 突破转强 (阳线上穿5/10)
600468,2026-07-07,5.26,4.97,-5.51,-0.19,0,4,"形态: 10日内有涨停 | 形态: 两连阴 (-0.35%, -4.86%)"
600468,2026-07-10,5.25,4.97,-5.33,-5.33,0,1,"形态: 10日内有涨停 | 形态: 两连阴 (-2.47%, -0.19%)"
600468,2026-07-03,5.76,4.97,-13.72,-4.86,0,6,"形态: 10日内有涨停 | 形态: 两连阴 (-1.15%, -3.67%)"
600468,2026-07-09,5.12,4.97,-2.93,2.54,0,2,"形态: 10日内有涨停 | 形态: 两连阴 (-4.01%, -2.47%)"
600468,2026-07-01,6.0,4.97,-17.17,-3.67,0,8,形态: 10日内有涨停 | 趋势: 高于MA20
600859,2026-07-10,9.53,9.38,-1.57,-1.57,0,1,动量: 突破转强 (阳线上穿5/10)
603628,2026-07-10,9.25,8.9,-3.78,-3.78,0,1,"形态: 两连阴 (-1.71%, -0.65%)"
603628,2026-07-03,9.63,8.9,-7.58,-0.52,0,6,动量: 突破转强 (阳线上穿5/10)
603628,2026-07-09,9.11,8.9,-2.31,1.54,0,2,"形态: 两连阴 (-2.61%, -1.71%)"
605368,2026-07-10,6.44,6.55,1.71,1.71,1,1,动量: 突破转强 (阳线上穿5/10)
605368,2026-07-03,6.39,6.55,2.5,2.5,1,6,动量: 突破转强 (阳线上穿5/10)
600897,2026-07-10,14.67,14.58,-0.61,-0.61,0,1,"形态: 两连阴 (-0.07%, -0.89%)"
600897,2026-07-03,14.9,14.58,-2.15,-0.13,0,6,动量: 突破转强 (阳线上穿5/10)
600897,2026-07-09,14.53,14.58,0.34,0.96,1,2,"形态: 两连阴 (-1.41%, -0.07%)"
605108,2026-07-03,11.94,11.55,-3.27,1.01,0,6,动量: 突破转强 (阳线上穿5/10)
000635,2026-07-10,6.03,5.78,-4.15,-4.15,0,1,"形态: 两连阴 (-2.27%, -1.33%)"
000635,2026-07-09,5.94,5.78,-2.69,1.52,0,2,"形态: 两连阴 (-0.96%, -2.27%)"
000635,2026-07-01,6.17,5.78,-6.32,1.62,0,8,"形态: 两连阴 (-2.39%, -1.47%)"
002521,2026-07-07,7.21,6.43,-10.82,0.28,0,4,形态: 10日内有涨停 | 趋势: 高于MA20
002521,2026-07-10,6.7,6.43,-4.03,-4.03,0,1,量能: 放量 (1.78X) | 形态: 10日内有涨停
002521,2026-07-03,7.25,6.43,-11.31,1.93,0,6,形态: 10日内有涨停 | 趋势: 高于MA20
002521,2026-07-09,7.11,6.43,-9.56,-5.77,0,2,形态: 10日内有涨停 | 趋势: 高于MA20
002521,2026-07-01,7.37,6.43,-12.75,0.27,0,8,形态: 10日内有涨停 | 趋势: 高于MA20 | 动量: 突破转强 (阳线上穿5/10)
603505,2026-07-07,19.34,15.82,-18.2,-7.55,0,4,"趋势: 多头排列 (5>20>60) | 形态: 10日内有涨停 | 形态: 两连阴 (-9.23%, -8.58%)"
603505,2026-07-10,16.71,15.82,-5.33,-5.33,0,1,"形态: 10日内有涨停 | 形态: 两连阴 (-7.55%, -4.25%)"
603505,2026-07-03,22.14,15.82,-28.55,-8.58,0,6,趋势: 多头排列 (5>20>60) | 形态: 10日内有涨停 | 趋势: 高于MA20
603505,2026-07-09,17.12,15.82,-7.59,-2.39,0,2,"形态: 10日内有涨停 | 形态: 两连阴 (-4.45%, -7.55%)"
603505,2026-07-01,22.17,15.82,-28.64,10.01,0,8,趋势: 多头排列 (5>20>60) | 形态: 10日内有涨停 | 趋势: 高于MA20 | 动量: 突破转强 (阳线上穿5/10)
002540,2026-07-10,4.76,4.61,-3.15,-3.15,0,1,"形态: 两连阴 (-0.83%, -0.84%)"
002540,2026-07-03,4.91,4.61,-6.11,-0.41,0,6,动量: 突破转强 (阳线上穿5/10)
002540,2026-07-09,4.73,4.61,-2.54,0.63,0,2,"形态: 两连阴 (-1.64%, -0.83%)"
600057,2026-07-07,5.86,5.77,-1.54,-0.68,0,4,趋势: 高于MA20
600057,2026-07-10,5.75,5.77,0.35,0.35,1,1,"形态: 两连阴 (-0.68%, -2.06%)"
600057,2026-07-03,5.65,5.77,2.12,5.31,1,6,动量: 突破转强 (阳线上穿5/10)
600057,2026-07-09,5.7,5.77,1.23,1.23,1,2,"形态: 两连阴 (-1.51%, -0.68%)"
002221,2026-07-10,5.3,5.25,-0.94,-0.94,0,1,"形态: 两连阴 (-0.19%, -1.52%)"
002221,2026-07-09,5.17,5.25,1.55,2.51,1,2,"形态: 两连阴 (-4.19%, -0.19%)"
600679,2026-07-03,9.2,8.89,-3.37,-1.52,0,6,动量: 突破转强 (阳线上穿5/10)
600679,2026-07-01,9.09,8.89,-2.2,1.21,0,8,动量: 突破转强 (阳线上穿5/10)
002752,2026-07-07,6.36,5.98,-5.97,-2.52,0,4,量能: 放量 (1.55X) | 趋势: 高于MA20 | 动量: 突破转强 (阳线上穿5/10)
002752,2026-07-10,6.17,5.98,-3.08,-3.08,0,1,"形态: 两连阴 (-2.52%, -0.48%) | 趋势: 高于MA20"
002752,2026-07-09,6.17,5.98,-3.08,0.0,0,2,趋势: 高于MA20
002752,2026-07-01,5.76,5.98,3.82,10.42,1,8,"形态: 两连阴 (-0.87%, -3.50%)"
000798,2026-07-10,7.34,7.2,-1.91,-1.91,0,1,"形态: 两连阴 (-0.28%, -0.97%) | 动量: 突破转强 (阳线上穿5/10)"
000798,2026-07-03,7.52,7.2,-4.26,-0.4,0,6,趋势: 高于MA20 | 动量: 突破转强 (阳线上穿5/10)
000798,2026-07-09,7.17,7.2,0.42,2.37,1,2,"形态: 两连阴 (-3.07%, -0.28%)"
603730,2026-07-07,11.77,10.37,-11.89,-4.76,0,4,形态: 10日内有涨停
603730,2026-07-10,10.89,10.37,-4.78,-4.78,0,1,"形态: 10日内有涨停 | 形态: 两连阴 (-4.76%, -0.18%)"
603730,2026-07-03,13.0,10.37,-20.23,-5.31,0,6,量能: 放量 (2.02X) | 形态: 10日内有涨停 | 趋势: 高于MA20 | 动量: 突破转强 (阳线上穿5/10)
603730,2026-07-09,11.19,10.37,-7.33,-2.68,0,2,"形态: 10日内有涨停 | 形态: 两连阴 (-4.39%, -4.76%)"
000026,2026-07-07,20.51,17.59,-14.24,-4.73,0,4,形态: 10日内有涨停 | 趋势: 高于MA20
000026,2026-07-10,19.54,17.59,-9.98,-9.98,0,1,"形态: 10日内有涨停 | 形态: 两连阴 (-8.34%, -0.27%)"
000026,2026-07-03,21.89,17.59,-19.64,-1.01,0,6,趋势: 多头排列 (5>20>60) | 形态: 10日内有涨停 | 趋势: 高于MA20 | 动量: 突破转强 (阳线上穿5/10)
000026,2026-07-09,18.75,17.59,-6.19,4.21,0,2,"形态: 10日内有涨停 | 形态: 两连阴 (-5.35%, -8.34%)"
000026,2026-07-01,21.05,17.59,-16.44,3.99,0,8,趋势: 多头排列 (5>20>60) | 形态: 10日内有涨停 | 趋势: 高于MA20
600522,2026-07-07,47.27,41.32,-12.59,-0.28,0,4,"形态: 10日内有涨停 | 形态: 两连阴 (-2.64%, -4.36%)"
600522,2026-07-03,50.22,41.32,-17.72,-4.36,0,6,"趋势: 多头排列 (5>20>60) | 形态: 10日内有涨停 | 形态: 两连阴 (-8.67%, -6.93%)"
600522,2026-07-09,47.14,41.32,-12.35,-2.61,0,2,"形态: 两连阴 (-1.58%, -5.10%)"
600522,2026-07-01,55.42,41.32,-25.44,-6.93,0,8,趋势: 多头排列 (5>20>60) | 形态: 10日内有涨停 | 趋势: 高于MA20
600422,2026-07-10,8.28,8.78,6.04,6.04,1,1,趋势: 高于MA20 | 动量: 突破转强 (阳线上穿5/10)
600422,2026-07-03,8.27,8.78,6.17,6.17,1,6,趋势: 高于MA20
600422,2026-07-01,8.24,8.78,6.55,6.55,1,8,动量: 突破转强 (阳线上穿5/10)
002877,2026-07-03,7.43,6.81,-8.34,-2.02,0,6,动量: 突破转强 (阳线上穿5/10)
002877,2026-07-09,7.0,6.81,-2.71,1.71,0,2,"形态: 两连阴 (-2.88%, -0.99%)"
600589,2026-07-07,8.93,7.84,-12.21,0.9,0,4,"形态: 两连阴 (-0.83%, -4.06%)"
600589,2026-07-01,10.54,7.84,-25.62,-8.16,0,8,量能: 放量 (1.62X) | 趋势: 高于MA20 | 动量: 突破转强 (阳线上穿5/10)
000592,2026-07-07,6.14,5.69,-7.33,-0.49,0,4,"形态: 10日内有涨停 | 形态: 两连阴 (-10.05%, -7.45%)"
000592,2026-07-10,6.11,5.69,-6.87,-6.87,0,1,形态: 10日内有涨停
000592,2026-07-03,6.98,5.69,-18.48,-7.45,0,6,量能: 放量 (2.02X) | 形态: 10日内有涨停
000592,2026-07-09,5.92,5.69,-3.89,3.21,0,2,"形态: 10日内有涨停 | 形态: 两连阴 (-4.95%, -4.72%)"
000592,2026-07-01,7.05,5.69,-19.29,10.07,0,8,动量: 突破转强 (阳线上穿5/10)
600257,2026-07-10,4.46,4.34,-2.69,-2.69,0,1,"形态: 两连阴 (-1.13%, -0.46%) | 动量: 突破转强 (阳线上穿5/10)"
600257,2026-07-03,4.57,4.34,-5.03,-0.22,0,6,动量: 突破转强 (阳线上穿5/10)
600257,2026-07-09,4.34,4.34,0.0,2.76,0,2,"形态: 两连阴 (-3.29%, -1.13%)"
600257,2026-07-01,4.49,4.34,-3.34,1.78,0,8,"形态: 两连阴 (-0.23%, -1.81%)"
601061,2026-07-10,10.66,10.25,-3.85,-3.85,0,1,"形态: 两连阴 (-2.07%, -1.75%)"
601061,2026-07-09,10.67,10.25,-3.94,-0.09,0,2,"形态: 两连阴 (-2.46%, -2.07%)"
600783,2026-07-07,19.04,17.96,-5.67,4.78,0,4,形态: 10日内有涨停
600783,2026-07-10,19.95,17.96,-9.97,-9.97,0,1,形态: 10日内有涨停
600783,2026-07-03,22.28,17.96,-19.39,-10.01,0,6,形态: 10日内有涨停 | 趋势: 高于MA20 | 动量: 突破转强 (阳线上穿5/10)
600783,2026-07-09,19.37,17.96,-7.28,2.99,0,2,形态: 10日内有涨停
600783,2026-07-01,21.91,17.96,-18.03,1.69,0,8,形态: 10日内有涨停 | 趋势: 高于MA20 | 动量: 突破转强 (阳线上穿5/10)
600707,2026-07-07,12.95,10.76,-16.91,-3.55,0,4,"趋势: 多头排列 (5>20>60) | 形态: 10日内有涨停 | 形态: 两连阴 (-10.01%, -9.99%)"
600707,2026-07-10,11.95,10.76,-9.96,-9.96,0,1,形态: 10日内有涨停
600707,2026-07-03,15.02,10.76,-28.36,-9.99,0,6,趋势: 多头排列 (5>20>60) | 形态: 10日内有涨停 | 趋势: 高于MA20
600707,2026-07-09,12.49,10.76,-13.85,-4.32,0,2,"形态: 10日内有涨停 | 形态: 两连阴 (-4.22%, -5.33%)"
600707,2026-07-01,17.66,10.76,-39.07,-5.49,0,8,趋势: 多头排列 (5>20>60) | 形态: 10日内有涨停 | 趋势: 高于MA20 | 动量: 突破转强 (阳线上穿5/10)
603687,2026-07-07,16.81,14.42,-14.22,0.12,0,4,"趋势: 多头排列 (5>20>60) | 形态: 10日内有涨停 | 形态: 两连阴 (-4.50%, -4.92%)"
603687,2026-07-03,18.9,14.42,-23.7,-4.92,0,6,趋势: 多头排列 (5>20>60) | 形态: 10日内有涨停 | 趋势: 高于MA20
603687,2026-07-09,16.83,14.42,-14.32,-9.8,0,2,"形态: 10日内有涨停 | 形态: 两连阴 (-6.46%, -4.05%)"
603687,2026-07-01,20.92,14.42,-31.07,-5.4,0,8,趋势: 多头排列 (5>20>60) | 形态: 10日内有涨停 | 趋势: 高于MA20 | 动量: 突破转强 (阳线上穿5/10)
002378,2026-07-07,28.99,26.6,-8.24,-3.86,0,4,"形态: 两连阴 (-7.37%, -7.46%)"
002378,2026-07-09,27.87,26.6,-4.56,-1.79,0,2,"形态: 两连阴 (-4.54%, -4.55%)"
002378,2026-07-01,32.9,26.6,-19.15,7.69,0,8,"趋势: 多头排列 (5>20>60) | 形态: 两连阴 (-6.05%, -1.53%)"
000825,2026-07-10,3.41,3.4,-0.29,-0.29,0,1,"形态: 两连阴 (-1.18%, -0.60%)"
000825,2026-07-09,3.33,3.4,2.1,2.4,1,2,"形态: 两连阴 (-2.31%, -1.18%)"
603098,2026-07-10,10.02,9.64,-3.79,-3.79,0,1,"形态: 两连阴 (-3.05%, -1.22%)"
603098,2026-07-03,10.84,9.64,-11.07,-2.31,0,6,动量: 突破转强 (阳线上穿5/10)
603098,2026-07-09,9.72,9.64,-0.82,3.09,0,2,"形态: 两连阴 (-4.15%, -3.05%)"
603386,2026-07-07,16.47,13.78,-16.33,-2.55,0,4,"趋势: 多头排列 (5>20>60) | 形态: 10日内有涨停 | 形态: 两连阴 (-1.53%, -7.82%)"
603386,2026-07-03,18.66,13.78,-26.15,-7.82,0,6,"趋势: 多头排列 (5>20>60) | 形态: 10日内有涨停 | 形态: 两连阴 (-2.69%, -1.30%) | 趋势: 高于MA20"
603386,2026-07-09,16.05,13.78,-14.14,-4.61,0,2,"形态: 两连阴 (-4.24%, -5.34%)"
603386,2026-07-01,19.2,13.78,-28.23,-1.3,0,8,"趋势: 多头排列 (5>20>60) | 形态: 10日内有涨停 | 形态: 两连阴 (-3.71%, -1.40%) | 趋势: 高于MA20"
003036,2026-07-03,87.81,73.01,-16.85,-3.61,0,6,"形态: 两连阴 (-3.36%, -6.79%)"
003036,2026-07-01,89.38,73.01,-18.32,-1.76,0,8,趋势: 多头排列 (5>20>60) | 趋势: 高于MA20
601177,2026-07-07,14.14,12.83,-9.26,-2.26,0,4,形态: 10日内有涨停 | 趋势: 高于MA20
601177,2026-07-10,13.82,12.83,-7.16,-7.16,0,1,"形态: 10日内有涨停 | 形态: 两连阴 (-5.45%, -1.57%) | 趋势: 高于MA20"
601177,2026-07-03,14.31,12.83,-10.34,7.55,0,6,形态: 10日内有涨停 | 趋势: 高于MA20 | 动量: 突破转强 (阳线上穿5/10)
601177,2026-07-09,13.16,12.83,-2.51,5.02,0,2,"形态: 10日内有涨停 | 形态: 两连阴 (-8.12%, -5.45%)"
605299,2026-07-07,12.83,12.03,-6.24,-1.79,0,4,"形态: 两连阴 (-0.22%, -3.24%)"
605299,2026-07-10,12.6,12.03,-4.52,-4.52,0,1,"形态: 两连阴 (-2.34%, -0.16%)"
605299,2026-07-03,13.56,12.03,-11.28,-3.24,0,6,量能: 放量 (1.55X)
605299,2026-07-09,12.51,12.03,-3.84,0.72,0,2,"形态: 两连阴 (-2.21%, -2.34%)"
605299,2026-07-01,13.44,12.03,-10.49,1.12,0,8,"形态: 两连阴 (-0.67%, -0.60%)"
600933,2026-07-10,13.86,13.29,-4.11,-4.11,0,1,"形态: 两连阴 (-4.37%, -3.50%)"
600933,2026-07-03,15.39,13.29,-13.65,-1.82,0,6,"形态: 两连阴 (-0.81%, -0.34%) | 动量: 突破转强 (阳线上穿5/10)"
600933,2026-07-09,13.51,13.29,-1.63,2.59,0,2,"形态: 两连阴 (-3.11%, -4.37%)"
002585,2026-07-07,11.37,9.17,-19.35,-7.04,0,4,"形态: 10日内有涨停 | 形态: 两连阴 (-3.41%, -6.34%)"
002585,2026-07-10,9.99,9.17,-8.21,-8.21,0,1,形态: 10日内有涨停
002585,2026-07-03,11.04,9.17,-16.94,2.99,0,6,"形态: 两连阴 (-3.06%, -4.91%)"
002585,2026-07-09,10.57,9.17,-13.25,-5.49,0,2,形态: 10日内有涨停
002585,2026-07-01,12.02,9.17,-23.71,-4.91,0,8,趋势: 多头排列 (5>20>60)
601218,2026-07-09,4.08,4.0,-1.96,2.7,0,2,"形态: 两连阴 (-2.80%, -2.64%)"
000557,2026-07-10,3.57,3.54,-0.84,-0.84,0,1,动量: 突破转强 (阳线上穿5/10)
000557,2026-07-03,3.65,3.54,-3.01,0.55,0,6,动量: 突破转强 (阳线上穿5/10)
603225,2026-07-10,17.6,17.11,-2.78,-2.78,0,1,"形态: 两连阴 (-3.88%, -2.13%)"
603225,2026-07-03,19.8,17.11,-13.59,2.47,0,6,趋势: 多头排列 (5>20>60)
603225,2026-07-09,17.95,17.11,-4.68,-1.95,0,2,"形态: 两连阴 (-5.96%, -3.88%)"
603225,2026-07-01,21.28,17.11,-19.6,1.74,0,8,"趋势: 多头排列 (5>20>60) | 形态: 两连阴 (-3.02%, -4.47%) | 趋势: 高于MA20 | 动量: 突破转强 (阳线上穿5/10)"
002798,2026-07-07,5.3,4.82,-9.06,0.75,0,4,形态: 10日内有涨停
002798,2026-07-10,5.17,4.82,-6.77,-6.77,0,1,形态: 10日内有涨停
002798,2026-07-03,5.68,4.82,-15.14,-4.23,0,6,量能: 放量 (2.02X) | 形态: 10日内有涨停 | 动量: 突破转强 (阳线上穿5/10)
002798,2026-07-09,5.33,4.82,-9.57,-3.0,0,2,形态: 10日内有涨停
002960,2026-07-03,8.76,8.13,-7.19,-2.74,0,6,趋势: 高于MA20 | 动量: 突破转强 (阳线上穿5/10)
002960,2026-07-01,8.62,8.13,-5.68,1.62,0,8,动量: 突破转强 (阳线上穿5/10)
603949,2026-07-07,18.37,16.99,-7.51,2.78,0,4,趋势: 高于MA20 | 动量: 突破转强 (阳线上穿5/10)
603949,2026-07-10,18.88,16.99,-10.01,-10.01,0,1,趋势: 高于MA20 | 动量: 突破转强 (阳线上穿5/10)
603949,2026-07-03,18.05,16.99,-5.87,4.6,0,6,趋势: 高于MA20 | 动量: 突破转强 (阳线上穿5/10)
603949,2026-07-09,18.68,16.99,-9.05,1.07,0,2,趋势: 高于MA20 | 动量: 突破转强 (阳线上穿5/10)
603949,2026-07-01,17.65,16.99,-3.74,6.97,0,8,趋势: 高于MA20 | 动量: 突破转强 (阳线上穿5/10)
002342,2026-07-07,10.1,9.96,-1.39,9.6,0,4,"形态: 10日内有涨停 | 形态: 两连阴 (-5.11%, -7.85%) | 趋势: 高于MA20"
002342,2026-07-10,11.07,9.96,-10.03,-10.03,0,1,形态: 10日内有涨停 | 趋势: 高于MA20 | 动量: 突破转强 (阳线上穿5/10)
002342,2026-07-03,10.96,9.96,-9.12,1.0,0,6,形态: 10日内有涨停 | 趋势: 高于MA20
002342,2026-07-09,10.06,9.96,-0.99,10.04,0,2,形态: 10日内有涨停
002342,2026-07-01,11.25,9.96,-11.47,2.67,0,8,形态: 10日内有涨停 | 趋势: 高于MA20 | 动量: 突破转强 (阳线上穿5/10)
000955,2026-07-07,4.39,4.12,-6.15,-2.96,0,4,"形态: 10日内有涨停 | 形态: 两连阴 (-9.57%, -2.03%)"
000955,2026-07-10,4.26,4.12,-3.29,-3.29,0,1,"形态: 10日内有涨停 | 形态: 两连阴 (-3.64%, -1.18%)"
000955,2026-07-03,4.44,4.12,-7.21,-1.13,0,6,量能: 放量 (2.10X) | 形态: 10日内有涨停
000955,2026-07-09,4.18,4.12,-1.44,1.91,0,2,形态: 10日内有涨停
000955,2026-07-01,4.46,4.12,-7.62,10.09,0,8,"形态: 10日内有涨停 | 形态: 两连阴 (-0.45%, -0.68%) | 趋势: 高于MA20"
603208,2026-07-07,10.72,10.4,-2.99,-0.09,0,4,"形态: 两连阴 (-0.98%, -1.89%) | 趋势: 高于MA20"
603208,2026-07-10,10.7,10.4,-2.8,-2.8,0,1,"形态: 两连阴 (-0.09%, -2.05%)"
603208,2026-07-03,11.14,10.4,-6.64,-1.89,0,6,趋势: 高于MA20
603208,2026-07-09,10.49,10.4,-0.86,2.0,0,2,"形态: 两连阴 (-1.92%, -0.09%)"
603208,2026-07-01,11.16,10.4,-6.81,0.81,0,8,量能: 放量 (1.51X) | 趋势: 高于MA20 | 动量: 突破转强 (阳线上穿5/10)
600416,2026-07-09,8.99,9.0,0.11,3.23,1,2,"形态: 两连阴 (-3.34%, -3.03%)"
002330,2026-07-10,3.66,3.64,-0.55,-0.55,0,1,趋势: 高于MA20 | 动量: 突破转强 (阳线上穿5/10)
002330,2026-07-03,3.65,3.64,-0.27,1.1,0,6,动量: 突破转强 (阳线上穿5/10)
600219,2026-07-10,4.08,3.93,-3.68,-3.68,0,1,"形态: 两连阴 (-1.47%, -0.50%) | 动量: 突破转强 (阳线上穿5/10)"
600219,2026-07-09,4.01,3.93,-2.0,1.75,0,2,"形态: 两连阴 (-2.39%, -1.47%)"
603915,2026-07-07,14.5,13.48,-7.03,-2.28,0,4,形态: 10日内有涨停 | 趋势: 高于MA20
603915,2026-07-10,14.17,13.48,-4.87,-4.87,0,1,形态: 10日内有涨停
603915,2026-07-03,16.03,13.48,-15.91,-4.87,0,6,形态: 10日内有涨停 | 趋势: 高于MA20 | 动量: 突破转强 (阳线上穿5/10)
603915,2026-07-09,14.07,13.48,-4.19,0.71,0,2,"形态: 10日内有涨停 | 形态: 两连阴 (-4.92%, -3.03%)"
603506,2026-07-03,10.12,9.62,-4.94,-1.48,0,6,动量: 突破转强 (阳线上穿5/10)
603506,2026-07-01,9.81,9.62,-1.94,3.16,0,8,"形态: 两连阴 (-1.15%, -1.58%)"
603178,2026-07-07,16.35,15.1,-7.65,9.11,0,4,形态: 10日内有涨停 | 趋势: 高于MA20 | 动量: 突破转强 (阳线上穿5/10)
603178,2026-07-10,16.78,15.1,-10.01,-10.01,0,1,形态: 10日内有涨停 | 趋势: 高于MA20 | 动量: 突破转强 (阳线上穿5/10)
603178,2026-07-03,15.68,15.1,-3.7,13.78,0,6,形态: 10日内有涨停 | 动量: 突破转强 (阳线上穿5/10)
603178,2026-07-09,16.7,15.1,-9.58,0.48,0,2,量能: 放量 (1.50X) | 形态: 10日内有涨停 | 趋势: 高于MA20
000626,2026-07-10,6.45,6.2,-3.88,-3.88,0,1,动量: 突破转强 (阳线上穿5/10)
000626,2026-07-01,6.5,6.2,-4.62,-0.62,0,8,"形态: 两连阴 (-1.39%, -1.09%)"
002307,2026-07-10,2.99,2.91,-2.68,-2.68,0,1,动量: 突破转强 (阳线上穿5/10)
002307,2026-07-01,3.03,2.91,-3.96,0.33,0,8,"形态: 两连阴 (-7.96%, -0.35%)"
000510,2026-07-07,19.68,17.01,-13.57,-1.02,0,4,"形态: 两连阴 (-3.76%, -5.99%)"
000510,2026-07-03,22.03,17.01,-22.79,-5.99,0,6,"趋势: 多头排列 (5>20>60) | 形态: 10日内有涨停 | 形态: 两连阴 (-0.32%, -7.55%) | 趋势: 高于MA20"
000510,2026-07-09,19.48,17.01,-12.68,-2.98,0,2,"形态: 两连阴 (-4.97%, -1.27%)"
000510,2026-07-01,24.76,17.01,-31.3,-7.55,0,8,趋势: 多头排列 (5>20>60) | 形态: 10日内有涨停 | 趋势: 高于MA20
002187,2026-07-10,4.8,4.7,-2.08,-2.08,0,1,量能: 放量 (1.51X) | 动量: 突破转强 (阳线上穿5/10)
002187,2026-07-03,4.89,4.7,-3.89,-0.2,0,6,动量: 突破转强 (阳线上穿5/10)
600218,2026-07-10,7.29,7.07,-3.02,-3.02,0,1,"形态: 两连阴 (-1.65%, -0.84%)"
600218,2026-07-03,7.51,7.07,-5.86,-0.4,0,6,动量: 突破转强 (阳线上穿5/10)
600218,2026-07-09,7.11,7.07,-0.56,2.53,0,2,"形态: 两连阴 (-2.54%, -1.65%)"
600218,2026-07-01,7.34,7.07,-3.68,2.32,0,8,"形态: 两连阴 (-1.22%, -0.96%)"
002559,2026-07-07,13.15,10.78,-18.02,-8.37,0,4,"趋势: 多头排列 (5>20>60) | 形态: 10日内有涨停 | 形态: 两连阴 (-7.41%, -6.95%) | 趋势: 高于MA20"
002559,2026-07-10,11.79,10.78,-8.57,-8.57,0,1,"趋势: 多头排列 (5>20>60) | 形态: 10日内有涨停 | 形态: 两连阴 (-8.37%, -0.75%)"
002559,2026-07-03,14.24,10.78,-24.3,-6.95,0,6,趋势: 多头排列 (5>20>60) | 形态: 10日内有涨停 | 趋势: 高于MA20
002559,2026-07-09,11.96,10.78,-9.87,-1.42,0,2,"趋势: 多头排列 (5>20>60) | 形态: 10日内有涨停 | 形态: 两连阴 (-0.75%, -8.37%) | 趋势: 高于MA20"
002559,2026-07-01,13.98,10.78,-22.89,10.01,0,8,趋势: 多头排列 (5>20>60) | 形态: 10日内有涨停 | 趋势: 高于MA20 | 动量: 突破转强 (阳线上穿5/10)
002658,2026-07-07,7.56,6.88,-8.99,-3.7,0,4,"形态: 两连阴 (-0.84%, -4.33%)"
002658,2026-07-03,8.31,6.88,-17.21,-4.33,0,6,趋势: 高于MA20
002658,2026-07-09,7.27,6.88,-5.36,0.14,0,2,"形态: 两连阴 (-4.91%, -5.03%)"
002658,2026-07-01,8.34,6.88,-17.51,0.48,0,8,趋势: 高于MA20
600490,2026-07-07,6.11,5.64,-7.69,-1.96,0,4,"形态: 10日内有涨停 | 形态: 两连阴 (-2.48%, -2.39%)"
600490,2026-07-10,5.91,5.64,-4.57,-4.57,0,1,"形态: 10日内有涨停 | 形态: 两连阴 (-1.96%, -2.17%)"
600490,2026-07-03,6.28,5.64,-10.19,-2.39,0,6,形态: 10日内有涨停
600490,2026-07-09,5.86,5.64,-3.75,0.85,0,2,"形态: 10日内有涨停 | 形态: 两连阴 (-0.33%, -1.96%)"
603015,2026-07-03,12.0,10.09,-15.92,-5.25,0,6,"形态: 10日内有涨停 | 形态: 两连阴 (-1.23%, -1.08%)"
603015,2026-07-09,10.56,10.09,-4.45,0.38,0,2,"形态: 两连阴 (-3.25%, -4.91%)"
603015,2026-07-01,12.0,10.09,-15.92,0.0,0,8,形态: 10日内有涨停
600703,2026-07-07,17.78,15.73,-11.53,0.11,0,4,"趋势: 多头排列 (5>20>60) | 形态: 10日内有涨停 | 形态: 两连阴 (-4.25%, -4.83%)"
600703,2026-07-03,18.23,15.73,-13.71,-2.36,0,6,"趋势: 多头排列 (5>20>60) | 形态: 10日内有涨停 | 形态: 两连阴 (-6.50%, -4.03%)"
600703,2026-07-01,19.84,15.73,-20.72,-4.03,0,8,趋势: 多头排列 (5>20>60) | 形态: 10日内有涨停 | 趋势: 高于MA20
001914,2026-07-10,8.52,8.51,-0.12,-0.12,0,1,动量: 突破转强 (阳线上穿5/10)
001914,2026-07-03,8.49,8.51,0.24,1.88,1,6,动量: 突破转强 (阳线上穿5/10)
600590,2026-07-03,9.95,8.44,-15.18,-1.11,0,6,"形态: 两连阴 (-0.40%, -5.27%)"
600590,2026-07-09,8.98,8.44,-6.01,2.78,0,2,"形态: 两连阴 (-5.59%, -3.34%)"
000050,2026-07-07,8.33,7.16,-14.05,-3.48,0,4,"趋势: 多头排列 (5>20>60) | 形态: 两连阴 (-6.80%, -4.75%)"
000050,2026-07-03,9.05,7.16,-20.88,-4.75,0,6,趋势: 多头排列 (5>20>60) | 趋势: 高于MA20
000050,2026-07-09,8.04,7.16,-10.95,-3.61,0,2,"形态: 两连阴 (-3.36%, -5.64%)"
000050,2026-07-01,9.6,7.16,-25.42,1.15,0,8,趋势: 多头排列 (5>20>60) | 形态: 10日内有涨停 | 趋势: 高于MA20
002068,2026-07-07,12.35,9.87,-20.08,-6.4,0,4,"趋势: 多头排列 (5>20>60) | 形态: 10日内有涨停 | 形态: 两连阴 (-3.20%, -7.46%) | 趋势: 高于MA20"
002068,2026-07-03,14.2,9.87,-30.49,-7.46,0,6,趋势: 多头排列 (5>20>60) | 形态: 10日内有涨停 | 趋势: 高于MA20
002068,2026-07-09,11.56,9.87,-14.62,-5.1,0,2,"趋势: 多头排列 (5>20>60) | 形态: 两连阴 (-6.01%, -8.26%)"
002068,2026-07-01,15.31,9.87,-35.53,-4.18,0,8,趋势: 多头排列 (5>20>60) | 形态: 10日内有涨停 | 趋势: 高于MA20 | 动量: 突破转强 (阳线上穿5/10)
002799,2026-07-10,6.09,5.91,-2.96,-2.96,0,1,"形态: 两连阴 (-0.17%, -1.00%)"
002799,2026-07-09,5.95,5.91,-0.67,2.35,0,2,"形态: 两连阴 (-2.90%, -0.17%)"
002799,2026-07-01,6.2,5.91,-4.68,0.48,0,8,"形态: 两连阴 (-0.97%, -0.82%)"
002085,2026-07-03,11.47,10.0,-12.82,-1.39,0,6,"形态: 两连阴 (-0.45%, -0.72%)"
002085,2026-07-09,10.42,10.0,-4.03,1.34,0,2,"形态: 两连阴 (-4.24%, -4.06%)"
002251,2026-07-07,3.4,3.33,-2.06,2.65,0,4,"形态: 两连阴 (-0.84%, -0.56%)"
002251,2026-07-10,3.49,3.33,-4.58,-4.58,0,1,"量能: 放量 (1.53X) | 形态: 两连阴 (-1.18%, -0.60%) | 动量: 突破转强 (阳线上穿5/10)"
002251,2026-07-09,3.34,3.33,-0.3,4.49,0,2,"形态: 两连阴 (-3.41%, -1.18%)"
002251,2026-07-01,3.59,3.33,-7.24,-0.56,0,8,量能: 放量 (1.54X)
603035,2026-07-10,10.79,10.49,-2.78,-2.78,0,1,"形态: 两连阴 (-2.88%, -0.83%)"
603035,2026-07-03,11.43,10.49,-8.22,-0.52,0,6,量能: 放量 (1.73X) | 趋势: 高于MA20 | 动量: 突破转强 (阳线上穿5/10)
603035,2026-07-09,10.72,10.49,-2.15,0.65,0,2,"形态: 两连阴 (-2.11%, -2.88%)"
002394,2026-07-07,10.01,8.73,-12.79,-4.8,0,4,趋势: 高于MA20
002394,2026-07-10,9.2,8.73,-5.11,-5.11,0,1,"形态: 两连阴 (-4.80%, -4.20%)"
002394,2026-07-03,10.49,8.73,-16.78,-0.48,0,6,趋势: 高于MA20 | 动量: 突破转强 (阳线上穿5/10)
002394,2026-07-09,9.13,8.73,-4.38,0.77,0,2,"形态: 两连阴 (-4.12%, -4.80%)"
002394,2026-07-01,9.71,8.73,-10.09,8.03,0,8,量能: 放量 (1.58X) | 趋势: 高于MA20 | 动量: 突破转强 (阳线上穿5/10)
002488,2026-07-10,8.93,8.59,-3.81,-3.81,0,1,"形态: 两连阴 (-4.40%, -1.68%)"
002488,2026-07-03,9.62,8.59,-10.71,0.31,0,6,趋势: 高于MA20 | 动量: 突破转强 (阳线上穿5/10)
002488,2026-07-09,8.76,8.59,-1.94,1.94,0,2,"形态: 两连阴 (-3.42%, -4.40%)"
600603,2026-07-07,4.49,4.29,-4.45,-0.67,0,4,趋势: 高于MA20
600603,2026-07-10,4.46,4.29,-3.81,-3.81,0,1,"形态: 两连阴 (-0.89%, -1.35%)"
600603,2026-07-03,4.59,4.29,-6.54,3.92,0,6,趋势: 高于MA20 | 动量: 突破转强 (阳线上穿5/10)
600603,2026-07-09,4.39,4.29,-2.28,1.59,0,2,"形态: 两连阴 (-5.87%, -0.89%)"
600603,2026-07-01,4.43,4.29,-3.16,7.67,0,8,动量: 突破转强 (阳线上穿5/10)
600846,2026-07-07,10.92,10.81,-1.01,4.67,0,4,形态: 10日内有涨停 | 趋势: 高于MA20
600846,2026-07-10,11.31,10.81,-4.42,-4.42,0,1,形态: 10日内有涨停 | 趋势: 高于MA20
600846,2026-07-03,10.93,10.81,-1.1,4.76,0,6,形态: 10日内有涨停 | 趋势: 高于MA20 | 动量: 突破转强 (阳线上穿5/10)
600846,2026-07-09,11.43,10.81,-5.42,-1.05,0,2,"形态: 10日内有涨停 | 形态: 两连阴 (-4.63%, -1.10%) | 趋势: 高于MA20 | 动量: 突破转强 (阳线上穿5/10)"
600846,2026-07-01,10.54,10.81,2.56,8.63,1,8,形态: 10日内有涨停 | 趋势: 高于MA20 | 动量: 突破转强 (阳线上穿5/10)
605366,2026-07-07,11.15,9.28,-16.77,-3.5,0,4,"形态: 10日内有涨停 | 形态: 两连阴 (-5.54%, -7.88%)"
605366,2026-07-03,11.93,9.28,-22.21,-6.54,0,6,"形态: 10日内有涨停 | 形态: 两连阴 (-1.38%, -1.71%) | 趋势: 高于MA20"
605366,2026-07-09,10.76,9.28,-13.75,-4.18,0,2,形态: 10日内有涨停
605366,2026-07-01,12.85,9.28,-27.78,-1.71,0,8,"形态: 10日内有涨停 | 形态: 两连阴 (-2.78%, -6.80%) | 趋势: 高于MA20"
002973,2026-07-03,10.99,10.21,-7.1,-6.46,0,6,量能: 放量 (1.53X)
002973,2026-07-01,10.4,10.21,-1.83,5.67,0,8,"形态: 两连阴 (-3.32%, -1.05%)"
600429,2026-07-10,4.13,4.14,0.24,0.24,1,1,动量: 突破转强 (阳线上穿5/10)
002370,2026-07-07,5.49,5.46,-0.55,-0.55,0,4,形态: 10日内有涨停 | 趋势: 高于MA20
002370,2026-07-10,5.44,5.46,0.37,0.37,1,1,"形态: 10日内有涨停 | 形态: 两连阴 (-0.91%, -3.86%) | 趋势: 高于MA20"
002370,2026-07-03,5.72,5.46,-4.55,0.7,0,6,形态: 10日内有涨停 | 趋势: 高于MA20
002370,2026-07-09,5.23,5.46,4.4,4.4,1,2,"形态: 10日内有涨停 | 形态: 两连阴 (-4.69%, -0.91%)"
002370,2026-07-01,5.79,5.46,-5.7,0.17,0,8,形态: 10日内有涨停 | 趋势: 高于MA20 | 动量: 突破转强 (阳线上穿5/10)
600463,2026-07-03,8.07,7.4,-8.3,-3.84,0,6,动量: 突破转强 (阳线上穿5/10)
600463,2026-07-09,7.48,7.4,-1.07,2.94,0,2,"形态: 两连阴 (-2.58%, -1.19%)"
600463,2026-07-01,7.92,7.4,-6.57,1.89,0,8,"形态: 两连阴 (-0.52%, -0.39%)"
600095,2026-07-07,7.52,7.21,-4.12,1.06,0,4,"形态: 两连阴 (-0.38%, -0.51%)"
600095,2026-07-09,7.6,7.21,-5.13,-1.84,0,2,"形态: 两连阴 (-2.97%, -0.27%)"
600095,2026-07-01,8.03,7.21,-10.21,-2.62,0,8,"量能: 放量 (1.53X) | 形态: 两连阴 (-0.40%, -0.13%) | 趋势: 高于MA20 | 动量: 突破转强 (阳线上穿5/10)"
002820,2026-07-10,8.65,8.45,-2.31,-2.31,0,1,"形态: 两连阴 (-0.23%, -1.64%) | 动量: 突破转强 (阳线上穿5/10)"
002820,2026-07-03,8.91,8.45,-5.16,0.0,0,6,动量: 突破转强 (阳线上穿5/10)
002820,2026-07-09,8.41,8.45,0.48,2.85,1,2,"形态: 两连阴 (-3.82%, -0.23%)"
605007,2026-07-07,15.4,14.74,-4.29,0.58,0,4,趋势: 高于MA20 | 动量: 突破转强 (阳线上穿5/10)
605007,2026-07-10,15.0,14.74,-1.73,-1.73,0,1,趋势: 高于MA20
605007,2026-07-03,14.89,14.74,-1.01,4.03,0,6,趋势: 高于MA20 | 动量: 突破转强 (阳线上穿5/10)
605007,2026-07-09,15.05,14.74,-2.06,-0.33,0,2,趋势: 高于MA20
605007,2026-07-01,14.09,14.74,4.61,9.94,1,8,趋势: 高于MA20 | 动量: 突破转强 (阳线上穿5/10)
603856,2026-07-07,13.67,12.15,-11.12,-4.24,0,4,趋势: 多头排列 (5>20>60) | 趋势: 高于MA20
603856,2026-07-10,13.09,12.15,-7.18,-7.18,0,1,"趋势: 多头排列 (5>20>60) | 形态: 两连阴 (-4.24%, -1.68%)"
603856,2026-07-03,13.81,12.15,-12.02,-0.43,0,6,"趋势: 多头排列 (5>20>60) | 形态: 两连阴 (-0.51%, -1.82%) | 趋势: 高于MA20 | 动量: 突破转强 (阳线上穿5/10)"
603856,2026-07-09,12.87,12.15,-5.59,1.71,0,2,"趋势: 多头排列 (5>20>60) | 形态: 两连阴 (-0.58%, -4.24%)"
603856,2026-07-01,13.76,12.15,-11.7,0.36,0,8,趋势: 多头排列 (5>20>60) | 趋势: 高于MA20
600302,2026-07-07,7.24,7.86,8.56,12.43,1,4,"形态: 两连阴 (-2.43%, -5.34%)"
600302,2026-07-10,8.14,7.86,-3.44,-3.44,0,1,动量: 突破转强 (阳线上穿5/10)
000006,2026-07-10,7.08,6.61,-6.64,-6.64,0,1,量能: 放量 (1.64X)
000006,2026-07-09,6.84,6.61,-3.36,3.51,0,2,"形态: 两连阴 (-4.09%, -0.29%)"
002729,2026-07-07,15.73,13.21,-16.02,-7.25,0,4,量能: 放量 (1.62X)
002729,2026-07-03,17.8,13.21,-25.79,-1.8,0,6,形态: 10日内有涨停
002729,2026-07-09,14.59,13.21,-9.46,-2.74,0,2,"形态: 两连阴 (-10.01%, -8.14%)"
002729,2026-07-01,17.8,13.21,-25.79,0.0,0,7,"形态: 10日内有涨停 | 形态: 两连阴 (-4.07%, -3.26%)"
002181,2026-07-07,8.8,8.5,-3.41,3.41,0,4,"形态: 两连阴 (-4.68%, -2.14%)"
002181,2026-07-03,9.36,8.5,-9.19,-2.14,0,6,"形态: 两连阴 (-0.60%, -0.71%)"
002181,2026-07-09,8.67,8.5,-1.96,4.96,0,2,"形态: 两连阴 (-3.93%, -1.48%)"
603311,2026-07-07,30.51,28.28,-7.31,0.66,0,4,"形态: 两连阴 (-0.54%, -5.48%)"
603311,2026-07-03,33.0,28.28,-14.3,-5.48,0,6,"形态: 两连阴 (-2.51%, -7.14%)"
603311,2026-07-09,29.74,28.28,-4.91,3.26,0,2,"形态: 两连阴 (-2.18%, -4.16%)"
601777,2026-07-10,7.79,7.42,-4.75,-4.75,0,1,"形态: 两连阴 (-1.88%, -1.53%)"
601777,2026-07-03,8.15,7.42,-8.96,2.21,0,6,"形态: 两连阴 (-2.33%, -1.76%)"
601777,2026-07-09,7.73,7.42,-4.01,0.78,0,2,"形态: 两连阴 (-3.96%, -1.88%)"
002268,2026-07-07,14.54,14.32,-1.51,7.63,0,4,形态: 10日内有涨停 | 趋势: 高于MA20 | 动量: 突破转强 (阳线上穿5/10)
002268,2026-07-10,15.34,14.32,-6.65,-6.65,0,1,形态: 10日内有涨停 | 趋势: 高于MA20 | 动量: 突破转强 (阳线上穿5/10)
002268,2026-07-03,13.55,14.32,5.68,15.5,1,6,形态: 10日内有涨停 | 趋势: 高于MA20 | 动量: 突破转强 (阳线上穿5/10)
002268,2026-07-09,15.15,14.32,-5.48,1.25,0,2,形态: 10日内有涨停 | 趋势: 高于MA20
002268,2026-07-01,14.19,14.32,0.92,10.29,1,8,形态: 10日内有涨停 | 趋势: 高于MA20 | 动量: 突破转强 (阳线上穿5/10)
000030,2026-07-03,4.09,3.92,-4.16,0.0,0,6,动量: 突破转强 (阳线上穿5/10)
000030,2026-07-01,3.96,3.92,-1.01,3.28,0,8,"形态: 两连阴 (-0.25%, -1.28%)"
000703,2026-07-07,14.1,13.22,-6.24,-2.62,0,4,趋势: 高于MA20
000703,2026-07-10,13.73,13.22,-3.71,-3.71,0,1,"形态: 两连阴 (-2.70%, -0.95%)"
000703,2026-07-03,14.56,13.22,-9.2,4.26,0,6,趋势: 高于MA20
000703,2026-07-09,13.59,13.22,-2.72,1.03,0,2,"形态: 两连阴 (-7.11%, -2.70%)"
000703,2026-07-01,14.64,13.22,-9.7,3.69,0,8,"形态: 两连阴 (-10.02%, -9.53%) | 趋势: 高于MA20"
000993,2026-07-10,9.8,9.41,-3.98,-3.98,0,1,"形态: 两连阴 (-1.65%, -0.74%)"
000993,2026-07-09,9.44,9.41,-0.32,3.81,0,2,"形态: 两连阴 (-3.01%, -1.65%)"
002027,2026-07-10,4.81,4.75,-1.25,-1.25,0,1,"形态: 两连阴 (-1.01%, -3.46%)"
002027,2026-07-09,4.74,4.75,0.21,1.48,1,2,"形态: 两连阴 (-1.98%, -1.01%)"
603305,2026-07-10,12.07,11.11,-7.95,-7.95,0,1,"形态: 两连阴 (-4.13%, -0.42%)"
603305,2026-07-03,13.03,11.11,-14.74,-1.3,0,6,量能: 放量 (1.73X) | 动量: 突破转强 (阳线上穿5/10)
603305,2026-07-09,11.8,11.11,-5.85,2.29,0,2,"形态: 两连阴 (-3.89%, -4.13%)"
002734,2026-07-10,15.65,15.03,-3.96,-3.96,0,1,"形态: 两连阴 (-4.44%, -1.98%)"
002734,2026-07-09,15.82,15.03,-4.99,-1.07,0,2,"形态: 两连阴 (-4.14%, -4.44%)"
002734,2026-07-01,17.65,15.03,-14.84,-0.17,0,8,形态: 10日内有涨停 | 趋势: 高于MA20
002556,2026-07-10,4.59,4.54,-1.09,-1.09,0,1,"形态: 两连阴 (-0.22%, -1.74%)"
002556,2026-07-09,4.52,4.54,0.44,1.55,1,2,"形态: 两连阴 (-2.12%, -0.22%)"
002556,2026-07-01,4.56,4.54,-0.44,3.29,0,8,量能: 放量 (1.55X)
605033,2026-07-10,17.37,17.05,-1.84,-1.84,0,1,"形态: 两连阴 (-1.49%, -1.04%)"
605033,2026-07-03,18.1,17.05,-5.8,0.06,0,6,动量: 突破转强 (阳线上穿5/10)
605033,2026-07-09,17.06,17.05,-0.06,1.82,0,2,"形态: 两连阴 (-3.37%, -1.49%)"
605033,2026-07-01,17.11,17.05,-0.35,5.84,0,8,"形态: 两连阴 (-0.88%, -1.13%)"
002283,2026-07-07,9.97,8.52,-14.54,-4.21,0,4,形态: 10日内有涨停 | 趋势: 高于MA20
002283,2026-07-10,9.3,8.52,-8.39,-8.39,0,1,形态: 10日内有涨停
002283,2026-07-03,10.24,8.52,-16.8,0.29,0,6,"形态: 10日内有涨停 | 形态: 两连阴 (-0.10%, -3.42%) | 趋势: 高于MA20 | 动量: 突破转强 (阳线上穿5/10)"
002283,2026-07-09,9.55,8.52,-10.79,-2.62,0,2,"形态: 10日内有涨停 | 形态: 两连阴 (-2.92%, -5.62%)"
002283,2026-07-01,9.64,8.52,-11.62,6.54,0,8,形态: 10日内有涨停
002596,2026-07-07,2.85,2.69,-5.61,0.0,0,4,"形态: 两连阴 (-4.95%, -3.58%)"
002596,2026-07-03,3.07,2.69,-12.38,-3.58,0,6,量能: 放量 (2.05X)
002596,2026-07-09,2.77,2.69,-2.89,2.89,0,2,"形态: 两连阴 (-3.72%, -2.81%)"
002596,2026-07-01,2.94,2.69,-8.5,9.86,0,8,"形态: 两连阴 (-2.04%, -0.69%)"
600459,2026-07-07,22.68,20.01,-11.77,-3.79,0,4,"形态: 两连阴 (-8.76%, -6.56%)"
600459,2026-07-03,25.0,20.01,-19.96,-6.56,0,6,"趋势: 多头排列 (5>20>60) | 形态: 两连阴 (-2.11%, -3.08%)"
600459,2026-07-09,21.82,20.01,-8.3,-1.37,0,2,"形态: 两连阴 (-2.91%, -6.26%)"
600459,2026-07-01,28.27,20.01,-29.22,-3.08,0,8,趋势: 多头排列 (5>20>60) | 趋势: 高于MA20
600281,2026-07-07,3.97,3.76,-5.29,0.0,0,4,"形态: 两连阴 (-2.34%, -3.83%)"
600281,2026-07-10,3.97,3.76,-5.29,-5.29,0,1,"形态: 两连阴 (-1.76%, -0.51%)"
600281,2026-07-09,3.88,3.76,-3.09,2.32,0,2,"形态: 两连阴 (-1.24%, -1.76%)"
600281,2026-07-01,4.24,3.76,-11.32,0.94,0,8,"形态: 两连阴 (-1.18%, -2.38%)"
002462,2026-07-10,11.25,11.2,-0.44,-0.44,0,1,动量: 突破转强 (阳线上穿5/10)
002462,2026-07-01,11.13,11.2,0.63,2.61,1,8,"形态: 两连阴 (-0.45%, -2.45%)"
600765,2026-07-10,13.26,12.83,-3.24,-3.24,0,1,量能: 放量 (1.68X) | 动量: 突破转强 (阳线上穿5/10)
600765,2026-07-03,13.59,12.83,-5.59,-2.43,0,6,趋势: 高于MA20 | 动量: 突破转强 (阳线上穿5/10)
600765,2026-07-09,12.96,12.83,-1.0,2.31,0,2,"形态: 两连阴 (-2.34%, -1.47%)"
002806,2026-07-07,16.65,14.75,-11.41,-2.1,0,4,"形态: 两连阴 (-0.54%, -5.78%)"
002806,2026-07-03,18.33,14.75,-19.53,-5.78,0,6,趋势: 多头排列 (5>20>60) | 趋势: 高于MA20
002806,2026-07-09,16.3,14.75,-9.51,-3.56,0,2,"形态: 两连阴 (-3.59%, -2.10%)"
002806,2026-07-01,19.38,14.75,-23.89,-4.9,0,8,趋势: 多头排列 (5>20>60) | 趋势: 高于MA20
002161,2026-07-07,5.27,4.9,-7.02,0.19,0,4,形态: 10日内有涨停
002161,2026-07-10,5.28,4.9,-7.2,-7.2,0,1,"形态: 10日内有涨停 | 形态: 两连阴 (-0.76%, -0.57%)"
002161,2026-07-03,5.62,4.9,-12.81,-2.85,0,6,形态: 10日内有涨停
002161,2026-07-09,5.2,4.9,-5.77,1.54,0,2,"形态: 10日内有涨停 | 形态: 两连阴 (-3.48%, -0.76%)"
002161,2026-07-01,5.92,4.9,-17.23,-5.07,0,8,形态: 10日内有涨停 | 趋势: 高于MA20 | 动量: 突破转强 (阳线上穿5/10)
603335,2026-07-07,7.89,6.52,-17.36,-7.6,0,4,"趋势: 多头排列 (5>20>60) | 形态: 10日内有涨停 | 形态: 两连阴 (-2.59%, -3.58%)"
603335,2026-07-10,7.11,6.52,-8.3,-8.3,0,1,形态: 10日内有涨停
603335,2026-07-03,8.66,6.52,-24.71,-3.58,0,6,趋势: 多头排列 (5>20>60) | 形态: 10日内有涨停 | 趋势: 高于MA20
603335,2026-07-09,7.29,6.52,-10.56,-2.47,0,2,"形态: 10日内有涨停 | 形态: 两连阴 (-5.51%, -7.98%)"
603335,2026-07-01,9.25,6.52,-29.51,-3.89,0,8,趋势: 多头排列 (5>20>60) | 形态: 10日内有涨停 | 趋势: 高于MA20 | 动量: 突破转强 (阳线上穿5/10)
600469,2026-07-03,5.46,5.25,-3.85,3.48,0,6,动量: 突破转强 (阳线上穿5/10)
600469,2026-07-09,5.41,5.25,-2.96,-0.18,0,2,"形态: 两连阴 (-4.07%, -0.92%)"
600469,2026-07-01,5.48,5.25,-4.2,3.1,0,8,动量: 突破转强 (阳线上穿5/10)
002373,2026-07-10,7.25,7.03,-3.03,-3.03,0,1,动量: 突破转强 (阳线上穿5/10)
603985,2026-07-07,21.71,19.77,-8.94,-1.52,0,4,"形态: 10日内有涨停 | 形态: 两连阴 (-4.01%, -1.93%)"
603985,2026-07-10,21.38,19.77,-7.53,-7.53,0,1,形态: 10日内有涨停
603985,2026-07-03,22.77,19.77,-13.18,-1.93,0,6,形态: 10日内有涨停
603985,2026-07-09,21.27,19.77,-7.05,0.52,0,2,"形态: 10日内有涨停 | 形态: 两连阴 (-2.78%, -3.64%)"
603985,2026-07-01,25.16,19.77,-21.42,-5.72,0,8,量能: 放量 (1.60X) | 形态: 10日内有涨停 | 趋势: 高于MA20 | 动量: 突破转强 (阳线上穿5/10)
002824,2026-07-07,29.7,27.62,-7.0,6.06,0,4,"形态: 两连阴 (-3.32%, -5.61%)"
002824,2026-07-03,32.08,27.62,-13.9,-1.81,0,6,趋势: 多头排列 (5>20>60)
002824,2026-07-01,34.84,27.62,-20.72,-4.76,0,8,趋势: 多头排列 (5>20>60) | 趋势: 高于MA20
002611,2026-07-07,17.68,16.43,-7.07,-2.09,0,4,动量: 突破转强 (阳线上穿5/10)
002611,2026-07-03,18.18,16.43,-9.63,-2.75,0,6,"量能: 放量 (1.57X) | 形态: 两连阴 (-1.08%, -0.40%) | 趋势: 高于MA20 | 动量: 突破转强 (阳线上穿5/10)"
000922,2026-07-07,12.63,11.29,-10.61,-1.82,0,4,"形态: 两连阴 (-1.70%, -1.95%)"
000922,2026-07-03,13.31,11.29,-15.18,-1.95,0,6,"形态: 两连阴 (-1.29%, -1.74%)"
000922,2026-07-09,12.4,11.29,-8.95,-1.94,0,2,"形态: 两连阴 (-3.22%, -6.10%)"
000922,2026-07-01,13.78,11.29,-18.07,-1.74,0,8,趋势: 高于MA20
002345,2026-07-07,10.43,9.49,-9.01,-3.07,0,4,趋势: 高于MA20
002345,2026-07-10,10.06,9.49,-5.67,-5.67,0,1,"形态: 两连阴 (-3.07%, -1.78%) | 趋势: 高于MA20"
002345,2026-07-03,10.52,9.49,-9.79,0.86,0,6,量能: 放量 (1.69X) | 趋势: 高于MA20 | 动量: 突破转强 (阳线上穿5/10)
002345,2026-07-09,9.93,9.49,-4.43,1.31,0,2,"形态: 两连阴 (-1.70%, -3.07%) | 趋势: 高于MA20"
002345,2026-07-01,9.39,9.49,1.06,12.99,1,8,趋势: 高于MA20 | 动量: 突破转强 (阳线上穿5/10)
600058,2026-07-07,10.45,10.24,-2.01,8.9,0,4,"形态: 10日内有涨停 | 形态: 两连阴 (-4.70%, -3.81%)"
600058,2026-07-10,11.38,10.24,-10.02,-10.02,0,1,趋势: 高于MA20 | 动量: 突破转强 (阳线上穿5/10)
600058,2026-07-03,10.75,10.24,-4.74,5.86,0,6,"形态: 10日内有涨停 | 形态: 两连阴 (-1.30%, -1.05%) | 趋势: 高于MA20"
600058,2026-07-09,11.3,10.24,-9.38,0.71,0,2,趋势: 高于MA20 | 动量: 突破转强 (阳线上穿5/10)
600058,2026-07-01,11.4,10.24,-10.18,-0.18,0,8,形态: 10日内有涨停 | 趋势: 高于MA20
605183,2026-07-10,14.31,13.81,-3.49,-3.49,0,1,"形态: 两连阴 (-2.92%, -2.60%)"
605183,2026-07-09,14.25,13.81,-3.09,0.42,0,2,"形态: 两连阴 (-1.57%, -2.92%)"
605183,2026-07-01,15.06,13.81,-8.3,1.66,0,8,"形态: 两连阴 (-6.04%, -2.32%)"
002148,2026-07-07,6.29,5.9,-6.2,4.93,0,4,量能: 放量 (1.50X) | 形态: 10日内有涨停 | 趋势: 高于MA20
002148,2026-07-10,6.33,5.9,-6.79,-6.79,0,1,形态: 10日内有涨停 | 趋势: 高于MA20
002148,2026-07-03,6.56,5.9,-10.06,6.55,0,6,形态: 10日内有涨停 | 趋势: 高于MA20 | 动量: 突破转强 (阳线上穿5/10)
002148,2026-07-09,6.23,5.9,-5.3,1.61,0,2,形态: 10日内有涨停
000589,2026-07-10,4.24,4.25,0.24,0.24,1,1,"形态: 两连阴 (-0.69%, -0.70%)"
000589,2026-07-03,4.28,4.25,-0.7,3.74,0,6,动量: 突破转强 (阳线上穿5/10)
000589,2026-07-09,4.27,4.25,-0.47,-0.47,0,2,"形态: 两连阴 (-2.48%, -0.69%)"
002324,2026-07-10,10.48,9.65,-7.92,-7.92,0,1,"形态: 两连阴 (-4.47%, -1.15%)"
002324,2026-07-09,10.35,9.65,-6.76,1.26,0,2,"形态: 两连阴 (-4.20%, -4.47%)"
603758,2026-07-07,9.96,9.14,-8.23,-2.61,0,4,形态: 10日内有涨停 | 趋势: 高于MA20
603758,2026-07-10,9.61,9.14,-4.89,-4.89,0,1,"形态: 10日内有涨停 | 形态: 两连阴 (-2.61%, -1.03%)"
603758,2026-07-03,10.23,9.14,-10.65,1.47,0,6,形态: 10日内有涨停 | 趋势: 高于MA20 | 动量: 突破转强 (阳线上穿5/10)
603758,2026-07-09,9.6,9.14,-4.79,0.1,0,2,"形态: 10日内有涨停 | 形态: 两连阴 (-4.05%, -2.61%)"
603758,2026-07-01,9.83,9.14,-7.02,5.6,0,8,"形态: 10日内有涨停 | 形态: 两连阴 (-0.33%, -1.00%) | 趋势: 高于MA20 | 动量: 突破转强 (阳线上穿5/10)"
603500,2026-07-07,10.06,9.52,-5.37,1.29,0,4,"形态: 10日内有涨停 | 形态: 两连阴 (-5.42%, -3.05%)"
603500,2026-07-03,10.82,9.52,-12.01,-3.05,0,6,形态: 10日内有涨停
603500,2026-07-09,10.1,9.52,-5.74,0.89,0,2,"形态: 两连阴 (-4.10%, -3.38%)"
603500,2026-07-01,11.36,9.52,-16.2,0.7,0,8,"形态: 10日内有涨停 | 形态: 两连阴 (-6.03%, -1.86%)"
002139,2026-07-07,9.76,9.76,0.0,1.95,0,4,趋势: 高于MA20
002139,2026-07-10,9.82,9.76,-0.61,-0.61,0,1,趋势: 高于MA20
002139,2026-07-03,10.28,9.76,-5.06,-3.21,0,6,量能: 放量 (1.95X) | 趋势: 高于MA20 | 动量: 突破转强 (阳线上穿5/10)
002139,2026-07-09,9.76,9.76,0.0,0.61,0,2,趋势: 高于MA20
002139,2026-07-01,9.68,9.76,0.83,6.2,1,8,动量: 突破转强 (阳线上穿5/10)
605500,2026-07-10,6.41,6.17,-3.74,-3.74,0,1,"形态: 两连阴 (-0.63%, -1.11%) | 动量: 突破转强 (阳线上穿5/10)"
605500,2026-07-03,6.58,6.17,-6.23,-0.46,0,6,动量: 突破转强 (阳线上穿5/10)
605500,2026-07-09,6.26,6.17,-1.44,2.4,0,2,"形态: 两连阴 (-2.75%, -0.63%)"
000039,2026-07-10,8.2,7.64,-6.83,-6.83,0,1,动量: 突破转强 (阳线上穿5/10)
000039,2026-07-03,8.26,7.64,-7.51,-0.73,0,6,"形态: 两连阴 (-0.25%, -2.84%)"
000039,2026-07-09,8.08,7.64,-5.45,1.49,0,2,"形态: 两连阴 (-2.81%, -0.75%)"
000039,2026-07-01,8.09,7.64,-5.56,2.1,0,8,"形态: 两连阴 (-2.85%, -0.98%)"
002111,2026-07-10,9.26,8.89,-4.0,-4.0,0,1,趋势: 高于MA20 | 动量: 突破转强 (阳线上穿5/10)
002111,2026-07-03,9.39,8.89,-5.32,-0.96,0,6,趋势: 高于MA20 | 动量: 突破转强 (阳线上穿5/10)
002111,2026-07-09,8.98,8.89,-1.0,3.12,0,2,"形态: 两连阴 (-1.72%, -1.75%)"
600730,2026-07-03,12.16,9.59,-21.13,-10.03,0,6,趋势: 高于MA20 | 动量: 突破转强 (阳线上穿5/10)
600730,2026-07-09,10.61,9.59,-9.61,-2.45,0,2,"形态: 两连阴 (-2.38%, -2.81%)"
600730,2026-07-01,11.57,9.59,-17.11,5.1,0,8,动量: 突破转强 (阳线上穿5/10)
002706,2026-07-03,10.44,9.69,-7.18,0.0,0,6,"形态: 两连阴 (-2.93%, -3.68%)"
002706,2026-07-09,9.83,9.69,-1.42,3.56,0,2,"形态: 两连阴 (-3.93%, -2.89%)"
000016,2026-07-10,2.49,2.31,-7.23,-7.23,0,1,动量: 突破转强 (阳线上穿5/10)
000016,2026-07-03,2.67,2.31,-13.48,-4.12,0,6,量能: 放量 (1.67X) | 动量: 突破转强 (阳线上穿5/10)
002337,2026-07-03,4.67,4.27,-8.57,-2.14,0,6,动量: 突破转强 (阳线上穿5/10)
002337,2026-07-09,4.39,4.27,-2.73,1.59,0,2,"形态: 两连阴 (-3.06%, -1.58%)"
002427,2026-07-07,4.8,4.02,-16.25,-9.58,0,4,形态: 10日内有涨停 | 趋势: 高于MA20
002427,2026-07-10,4.34,4.02,-7.37,-7.37,0,1,"形态: 10日内有涨停 | 形态: 两连阴 (-10.00%, -3.24%)"
002427,2026-07-03,4.95,4.02,-18.79,2.22,0,6,形态: 10日内有涨停 | 趋势: 高于MA20
002427,2026-07-09,4.18,4.02,-3.83,3.83,0,2,"形态: 10日内有涨停 | 形态: 两连阴 (-5.14%, -10.00%)"
002427,2026-07-01,4.82,4.02,-16.6,9.96,0,8,形态: 10日内有涨停 | 趋势: 高于MA20
000970,2026-07-07,16.55,15.07,-8.94,-3.75,0,4,趋势: 多头排列 (5>20>60) | 形态: 10日内有涨停 | 趋势: 高于MA20 | 动量: 突破转强 (阳线上穿5/10)
000970,2026-07-10,15.52,15.07,-2.9,-2.9,0,1,"趋势: 多头排列 (5>20>60) | 形态: 10日内有涨停 | 形态: 两连阴 (-3.75%, -5.59%) | 趋势: 高于MA20"
000970,2026-07-03,16.48,15.07,-8.56,0.42,0,6,趋势: 多头排列 (5>20>60) | 形态: 10日内有涨停 | 趋势: 高于MA20 | 动量: 突破转强 (阳线上穿5/10)
000970,2026-07-09,15.04,15.07,0.2,3.19,1,2,趋势: 多头排列 (5>20>60) | 形态: 10日内有涨停 | 趋势: 高于MA20
000970,2026-07-01,15.49,15.07,-2.71,6.84,0,8,趋势: 多头排列 (5>20>60) | 形态: 10日内有涨停 | 趋势: 高于MA20 | 动量: 突破转强 (阳线上穿5/10)
000678,2026-07-10,8.47,7.94,-6.26,-6.26,0,1,"形态: 两连阴 (-3.28%, -2.06%)"
000678,2026-07-03,9.59,7.94,-17.21,-6.36,0,6,量能: 放量 (1.76X) | 动量: 突破转强 (阳线上穿5/10)
000678,2026-07-09,8.09,7.94,-1.85,4.7,0,2,"形态: 两连阴 (-4.90%, -3.28%)"
000678,2026-07-01,8.94,7.94,-11.19,7.27,0,8,动量: 突破转强 (阳线上穿5/10)
002560,2026-07-09,6.81,6.39,-6.17,0.73,0,2,"形态: 两连阴 (-2.89%, -3.40%)"
002560,2026-07-01,7.39,6.39,-13.53,2.57,0,8,"形态: 两连阴 (-1.71%, -0.40%)"
002587,2026-07-07,6.48,5.37,-17.13,-7.25,0,4,"形态: 10日内有涨停 | 形态: 两连阴 (-5.84%, -6.06%)"
002587,2026-07-10,5.86,5.37,-8.36,-8.36,0,1,"形态: 10日内有涨停 | 形态: 两连阴 (-7.25%, -1.83%)"
002587,2026-07-03,6.77,5.37,-20.68,-4.28,0,6,"趋势: 多头排列 (5>20>60) | 形态: 10日内有涨停 | 形态: 两连阴 (-3.59%, -4.52%)"
002587,2026-07-09,5.9,5.37,-8.98,-0.68,0,2,形态: 10日内有涨停
002587,2026-07-01,7.53,5.37,-28.69,-4.52,0,8,趋势: 多头排列 (5>20>60) | 量能: 放量 (1.61X) | 形态: 10日内有涨停 | 趋势: 高于MA20
603809,2026-07-10,9.11,8.88,-2.52,-2.52,0,1,"形态: 两连阴 (-2.10%, -0.79%) | 动量: 突破转强 (阳线上穿5/10)"
603809,2026-07-03,9.82,8.88,-9.57,-4.28,0,6,量能: 放量 (2.38X) | 趋势: 高于MA20 | 动量: 突破转强 (阳线上穿5/10)
603809,2026-07-09,8.79,8.88,1.02,3.64,1,2,"形态: 两连阴 (-3.72%, -2.10%)"
600333,2026-07-07,5.39,5.5,2.04,3.53,1,4,趋势: 高于MA20
600333,2026-07-10,5.58,5.5,-1.43,-1.43,0,1,趋势: 高于MA20 | 动量: 突破转强 (阳线上穿5/10)
600333,2026-07-03,5.49,5.5,0.18,1.64,1,6,趋势: 高于MA20 | 动量: 突破转强 (阳线上穿5/10)
600333,2026-07-09,5.49,5.5,0.18,1.64,1,2,趋势: 高于MA20 | 动量: 突破转强 (阳线上穿5/10)
603518,2026-07-07,7.88,7.66,-2.79,-0.89,0,4,趋势: 高于MA20
603518,2026-07-10,7.81,7.66,-1.92,-1.92,0,1,趋势: 高于MA20
603518,2026-07-03,8.19,7.66,-6.47,-0.49,0,6,量能: 放量 (1.94X) | 趋势: 高于MA20 | 动量: 突破转强 (阳线上穿5/10)
603518,2026-07-09,7.77,7.66,-1.42,0.51,0,2,"形态: 两连阴 (-3.31%, -1.40%)"
002702,2026-07-10,4.53,4.4,-2.87,-2.87,0,1,"形态: 两连阴 (-0.68%, -0.23%) | 动量: 突破转强 (阳线上穿5/10)"
002702,2026-07-09,4.39,4.4,0.23,3.19,1,2,"形态: 两连阴 (-3.06%, -0.68%)"
002702,2026-07-01,4.59,4.4,-4.14,0.44,0,8,"形态: 两连阴 (-0.22%, -1.77%)"
002532,2026-07-10,11.17,11.14,-0.27,-0.27,0,1,"形态: 两连阴 (-2.55%, -3.61%)"
002532,2026-07-09,10.67,11.14,4.4,4.69,1,2,"形态: 两连阴 (-2.15%, -2.55%)"
603990,2026-07-07,22.21,18.9,-14.9,-5.67,0,4,趋势: 多头排列 (5>20>60) | 趋势: 高于MA20
603990,2026-07-03,21.69,18.9,-12.86,6.04,0,6,趋势: 高于MA20 | 动量: 突破转强 (阳线上穿5/10)
603990,2026-07-09,20.95,18.9,-9.79,-3.34,0,2,"趋势: 多头排列 (5>20>60) | 形态: 两连阴 (-3.43%, -5.67%)"
002279,2026-07-07,5.47,5.86,7.13,7.13,1,4,"形态: 两连阴 (-0.17%, -3.61%)"
002279,2026-07-10,5.75,5.86,1.91,1.91,1,1,动量: 突破转强 (阳线上穿5/10)
600151,2026-07-10,11.27,10.14,-10.03,-10.03,0,1,量能: 放量 (2.13X) | 动量: 突破转强 (阳线上穿5/10)
600151,2026-07-03,11.3,10.14,-10.27,-0.27,0,6,动量: 突破转强 (阳线上穿5/10)
600151,2026-07-09,10.44,10.14,-2.87,7.95,0,2,"形态: 两连阴 (-2.26%, -2.89%)"
002053,2026-07-07,9.17,9.18,0.11,2.4,1,4,"形态: 10日内有涨停 | 形态: 两连阴 (-2.35%, -0.21%)"
002053,2026-07-10,9.39,9.18,-2.24,-2.24,0,1,"形态: 10日内有涨停 | 形态: 两连阴 (-1.53%, -0.22%)"
002053,2026-07-03,9.57,9.18,-4.08,-0.21,0,6,形态: 10日内有涨停
002053,2026-07-09,9.01,9.18,1.89,4.22,1,2,"形态: 10日内有涨停 | 形态: 两连阴 (-3.98%, -1.53%)"
002053,2026-07-01,10.81,9.18,-15.08,-9.34,0,8,形态: 10日内有涨停 | 趋势: 高于MA20 | 动量: 突破转强 (阳线上穿5/10)
002103,2026-07-10,6.0,5.83,-2.83,-2.83,0,1,动量: 突破转强 (阳线上穿5/10)
002103,2026-07-03,6.16,5.83,-5.36,-1.14,0,6,动量: 突破转强 (阳线上穿5/10)
002103,2026-07-01,6.12,5.83,-4.74,0.65,0,8,动量: 突破转强 (阳线上穿5/10)
002697,2026-07-10,4.42,4.4,-0.45,-0.45,0,1,趋势: 高于MA20 | 动量: 突破转强 (阳线上穿5/10)
002697,2026-07-03,4.38,4.4,0.46,1.14,1,6,动量: 突破转强 (阳线上穿5/10)
002783,2026-07-10,7.05,6.75,-4.26,-4.26,0,1,"形态: 两连阴 (-0.42%, -1.82%)"
002783,2026-07-03,7.47,6.75,-9.64,-1.07,0,6,趋势: 高于MA20 | 动量: 突破转强 (阳线上穿5/10)
002783,2026-07-09,7.0,6.75,-3.57,0.71,0,2,"形态: 两连阴 (-3.11%, -0.42%)"
002783,2026-07-01,7.43,6.75,-9.15,0.54,0,8,"形态: 两连阴 (-4.24%, -1.66%) | 动量: 突破转强 (阳线上穿5/10)"
001210,2026-07-07,20.02,19.31,-3.55,1.6,0,4,"形态: 10日内有涨停 | 形态: 两连阴 (-3.68%, -6.70%)"
001210,2026-07-03,22.23,19.31,-13.14,-6.7,0,6,形态: 10日内有涨停
001210,2026-07-09,19.86,19.31,-2.77,2.42,0,2,"形态: 10日内有涨停 | 形态: 两连阴 (-3.47%, -2.55%)"
001210,2026-07-01,22.92,19.31,-15.75,0.7,0,8,形态: 10日内有涨停
603909,2026-07-03,9.03,8.48,-6.09,-1.0,0,6,动量: 突破转强 (阳线上穿5/10)
603909,2026-07-09,8.63,8.48,-1.74,1.39,0,2,"形态: 两连阴 (-2.68%, -1.03%)"
002177,2026-07-07,5.21,5.06,-2.88,2.88,0,4,"形态: 两连阴 (-0.18%, -3.04%)"
605189,2026-07-07,14.55,12.93,-11.13,-3.99,0,4,形态: 10日内有涨停 | 趋势: 高于MA20
605189,2026-07-10,13.97,12.93,-7.44,-7.44,0,1,"形态: 10日内有涨停 | 形态: 两连阴 (-5.15%, -0.72%) | 趋势: 高于MA20"
605189,2026-07-03,16.05,12.93,-19.44,-5.55,0,6,量能: 放量 (1.80X) | 形态: 10日内有涨停 | 趋势: 高于MA20 | 动量: 突破转强 (阳线上穿5/10)
605189,2026-07-09,13.7,12.93,-5.62,1.97,0,2,"形态: 10日内有涨停 | 形态: 两连阴 (-4.02%, -5.15%) | 趋势: 高于MA20"
605189,2026-07-01,13.26,12.93,-2.49,21.04,0,8,"形态: 10日内有涨停 | 形态: 两连阴 (-1.45%, -1.39%) | 动量: 突破转强 (阳线上穿5/10)"
600191,2026-07-09,8.77,8.74,-0.34,0.91,0,2,"形态: 两连阴 (-1.76%, -1.90%)"
600191,2026-07-01,9.23,8.74,-5.31,-0.43,0,8,"形态: 两连阴 (-2.51%, -2.36%)"
601677,2026-07-10,15.29,14.98,-2.03,-2.03,0,1,"形态: 两连阴 (-2.66%, -3.30%)"
601677,2026-07-03,15.78,14.98,-5.07,3.17,0,6,"形态: 两连阴 (-3.37%, -2.00%)"
601677,2026-07-09,15.22,14.98,-1.58,0.46,0,2,"形态: 两连阴 (-0.68%, -2.66%)"
600268,2026-07-10,10.76,10.25,-4.74,-4.74,0,1,"形态: 两连阴 (-2.62%, -0.93%)"
600268,2026-07-09,10.68,10.25,-4.03,0.75,0,2,"形态: 两连阴 (-3.49%, -2.62%)"
002493,2026-07-10,10.95,10.89,-0.55,-0.55,0,1,"形态: 两连阴 (-3.13%, -1.44%)"
002493,2026-07-03,11.68,10.89,-6.76,5.05,0,6,趋势: 高于MA20 | 动量: 突破转强 (阳线上穿5/10)
002493,2026-07-09,10.98,10.89,-0.82,-0.27,0,2,"形态: 两连阴 (-6.28%, -3.13%)"
002493,2026-07-01,11.26,10.89,-3.29,8.97,0,8,"形态: 两连阴 (-0.79%, -4.78%)"
600152,2026-07-07,8.85,7.86,-11.19,-3.95,0,4,"形态: 10日内有涨停 | 形态: 两连阴 (-2.71%, -2.89%)"
600152,2026-07-03,9.34,7.86,-15.85,-2.89,0,6,"形态: 10日内有涨停 | 形态: 两连阴 (-3.00%, -0.93%)"
600152,2026-07-09,8.5,7.86,-7.53,-0.47,0,2,"形态: 两连阴 (-2.43%, -4.97%)"
600152,2026-07-01,9.69,7.86,-18.89,-0.93,0,8,形态: 10日内有涨停
605001,2026-07-10,5.51,5.34,-3.09,-3.09,0,1,"形态: 两连阴 (-0.72%, -1.46%)"
605001,2026-07-03,5.78,5.34,-7.61,-0.52,0,6,动量: 突破转强 (阳线上穿5/10)
605001,2026-07-09,5.41,5.34,-1.29,1.85,0,2,"形态: 两连阴 (-3.83%, -0.72%)"
002255,2026-07-07,9.02,7.98,-11.53,-5.1,0,4,形态: 10日内有涨停
002255,2026-07-10,8.45,7.98,-5.56,-5.56,0,1,"形态: 10日内有涨停 | 形态: 两连阴 (-5.10%, -1.64%)"
002255,2026-07-03,9.45,7.98,-15.56,0.21,0,6,"形态: 10日内有涨停 | 形态: 两连阴 (-0.61%, -3.69%) | 趋势: 高于MA20"
002255,2026-07-09,8.42,7.98,-5.23,0.36,0,2,"形态: 10日内有涨停 | 形态: 两连阴 (-4.75%, -5.10%)"
002255,2026-07-01,9.76,7.98,-18.24,-2.97,0,8,形态: 10日内有涨停 | 趋势: 高于MA20
002350,2026-07-10,14.74,15.07,2.24,2.24,1,1,形态: 10日内有涨停 | 趋势: 高于MA20 | 动量: 突破转强 (阳线上穿5/10)
002350,2026-07-09,14.69,15.07,2.59,2.59,1,2,量能: 放量 (1.82X) | 形态: 10日内有涨停 | 趋势: 高于MA20
002541,2026-07-07,18.1,19.89,9.89,9.89,1,4,趋势: 高于MA20
002541,2026-07-10,19.66,19.89,1.17,1.17,1,1,趋势: 高于MA20 | 动量: 突破转强 (阳线上穿5/10)
002541,2026-07-03,18.3,19.89,8.69,8.69,1,6,趋势: 高于MA20 | 动量: 突破转强 (阳线上穿5/10)
002541,2026-07-09,18.87,19.89,5.41,5.41,1,2,趋势: 高于MA20 | 动量: 突破转强 (阳线上穿5/10)
002541,2026-07-01,17.57,19.89,13.2,13.2,1,8,趋势: 高于MA20 | 动量: 突破转强 (阳线上穿5/10)
603900,2026-07-10,5.73,5.55,-3.14,-3.14,0,1,"形态: 两连阴 (-0.53%, -1.41%)"
603900,2026-07-03,6.05,5.55,-8.26,-1.16,0,6,动量: 突破转强 (阳线上穿5/10)
603900,2026-07-09,5.6,5.55,-0.89,2.32,0,2,"形态: 两连阴 (-4.52%, -0.53%)"
600597,2026-07-03,6.33,6.48,2.37,2.37,1,6,动量: 突破转强 (阳线上穿5/10)
000582,2026-07-10,11.16,10.86,-2.69,-2.69,0,1,动量: 突破转强 (阳线上穿5/10)
000582,2026-07-03,11.26,10.86,-3.55,1.87,0,6,动量: 突破转强 (阳线上穿5/10)
000159,2026-07-10,5.54,5.31,-4.15,-4.15,0,1,动量: 突破转强 (阳线上穿5/10)
000159,2026-07-03,5.57,5.31,-4.67,0.0,0,6,动量: 突破转强 (阳线上穿5/10)
000159,2026-07-09,5.5,5.31,-3.45,0.73,0,2,"形态: 两连阴 (-0.72%, -1.45%)"
600886,2026-07-07,13.45,13.98,3.94,3.94,1,4,趋势: 高于MA20
600886,2026-07-10,13.73,13.98,1.82,1.82,1,1,趋势: 高于MA20
600886,2026-07-09,13.73,13.98,1.82,1.82,1,2,量能: 放量 (1.56X) | 趋势: 高于MA20 | 动量: 突破转强 (阳线上穿5/10)
600886,2026-07-01,13.39,13.98,4.41,4.41,1,8,动量: 突破转强 (阳线上穿5/10)
000753,2026-07-07,4.37,4.29,-1.83,2.29,0,4,"形态: 两连阴 (-3.18%, -1.31%)"
000753,2026-07-09,4.36,4.29,-1.61,2.52,0,2,"形态: 两连阴 (-3.10%, -0.69%)"
002319,2026-07-10,11.2,10.55,-5.8,-5.8,0,1,趋势: 高于MA20
002319,2026-07-03,11.2,10.55,-5.8,1.07,0,6,动量: 突破转强 (阳线上穿5/10)
002319,2026-07-09,11.32,10.55,-6.8,-1.06,0,2,趋势: 高于MA20 | 动量: 突破转强 (阳线上穿5/10)
603079,2026-07-10,11.32,11.12,-1.77,-1.77,0,1,"形态: 两连阴 (-1.67%, -2.15%)"
603079,2026-07-03,12.0,11.12,-7.33,-0.08,0,6,趋势: 高于MA20 | 动量: 突破转强 (阳线上穿5/10)
603079,2026-07-09,10.94,11.12,1.65,3.47,1,2,"形态: 两连阴 (-5.17%, -1.67%)"
003025,2026-07-10,13.0,12.05,-7.31,-7.31,0,1,"形态: 两连阴 (-6.51%, -2.71%)"
003025,2026-07-03,15.06,12.05,-19.99,-4.45,0,6,动量: 突破转强 (阳线上穿5/10)
003025,2026-07-09,12.58,12.05,-4.21,3.34,0,2,"形态: 两连阴 (-3.89%, -6.51%)"
002031,2026-07-07,6.04,5.16,-14.57,-9.11,0,4,趋势: 高于MA20 | 动量: 突破转强 (阳线上穿5/10)
002031,2026-07-10,5.48,5.16,-5.84,-5.84,0,1,"形态: 两连阴 (-9.11%, -1.09%)"
002031,2026-07-03,6.22,5.16,-17.04,-2.89,0,6,量能: 放量 (1.67X) | 形态: 10日内有涨停 | 趋势: 高于MA20 | 动量: 突破转强 (阳线上穿5/10)
002031,2026-07-01,5.73,5.16,-9.95,8.55,0,8,形态: 10日内有涨停 | 动量: 突破转强 (阳线上穿5/10)
603182,2026-07-10,11.8,11.73,-0.59,-0.59,0,1,"形态: 两连阴 (-2.35%, -1.80%)"
603182,2026-07-03,12.19,11.73,-3.77,0.9,0,6,动量: 突破转强 (阳线上穿5/10)
603182,2026-07-09,11.45,11.73,2.45,3.06,1,2,"形态: 两连阴 (-2.93%, -2.35%)"
603182,2026-07-01,11.79,11.73,-0.51,4.33,0,8,"形态: 两连阴 (-0.34%, -2.48%)"
600366,2026-07-07,16.51,13.73,-16.84,-5.51,0,4,趋势: 多头排列 (5>20>60) | 趋势: 高于MA20 | 动量: 突破转强 (阳线上穿5/10)
600366,2026-07-10,15.25,13.73,-9.97,-9.97,0,1,"趋势: 多头排列 (5>20>60) | 形态: 两连阴 (-5.51%, -2.44%) | 趋势: 高于MA20"
600366,2026-07-03,16.83,13.73,-18.42,-1.9,0,6,趋势: 多头排列 (5>20>60) | 趋势: 高于MA20 | 动量: 突破转强 (阳线上穿5/10)
600366,2026-07-09,15.22,13.73,-9.79,0.2,0,2,趋势: 多头排列 (5>20>60) | 趋势: 高于MA20
600366,2026-07-01,15.99,13.73,-14.13,5.25,0,8,趋势: 多头排列 (5>20>60) | 量能: 放量 (1.63X) | 趋势: 高于MA20 | 动量: 突破转强 (阳线上穿5/10)
603876,2026-07-07,24.45,20.25,-17.18,-7.2,0,4,"形态: 两连阴 (-4.52%, -1.45%)"
603876,2026-07-10,21.0,20.25,-3.57,-3.57,0,1,"形态: 两连阴 (-7.20%, -3.92%)"
603876,2026-07-03,24.06,20.25,-15.84,1.62,0,6,"形态: 两连阴 (-1.23%, -1.91%)"
603876,2026-07-01,25.69,20.25,-21.18,-1.91,0,8,"形态: 两连阴 (-2.64%, -0.69%)"
002347,2026-07-10,5.65,5.3,-6.19,-6.19,0,1,"形态: 两连阴 (-3.54%, -0.18%)"
002347,2026-07-03,6.19,5.3,-14.38,-5.49,0,6,动量: 突破转强 (阳线上穿5/10)
002347,2026-07-09,5.44,5.3,-2.57,3.86,0,2,"形态: 两连阴 (-3.42%, -3.54%)"
600869,2026-07-07,24.38,20.43,-16.2,-5.25,0,4,"形态: 两连阴 (-4.14%, -9.98%)"
600869,2026-07-10,22.38,20.43,-8.71,-8.71,0,1,"形态: 两连阴 (-5.25%, -0.04%)"
600869,2026-07-03,28.45,20.43,-28.19,-9.98,0,6,"形态: 10日内有涨停 | 形态: 两连阴 (-3.73%, -7.88%)"
600869,2026-07-09,23.09,20.43,-11.52,-3.07,0,2,"形态: 两连阴 (-4.80%, -5.25%)"
600869,2026-07-01,32.22,20.43,-36.59,-7.88,0,8,趋势: 多头排列 (5>20>60) | 形态: 10日内有涨停
002045,2026-07-09,7.55,7.34,-2.78,1.59,0,2,"形态: 两连阴 (-2.58%, -0.93%)"
000566,2026-07-07,5.79,4.78,-17.44,-10.02,0,4,形态: 10日内有涨停 | 趋势: 高于MA20
000566,2026-07-10,4.95,4.78,-3.43,-3.43,0,1,"趋势: 多头排列 (5>20>60) | 形态: 10日内有涨停 | 形态: 两连阴 (-10.02%, -9.21%) | 趋势: 高于MA20"
000566,2026-07-03,6.14,4.78,-22.15,4.72,0,6,量能: 放量 (1.84X) | 形态: 10日内有涨停 | 趋势: 高于MA20 | 动量: 突破转强 (阳线上穿5/10)
000566,2026-07-09,4.73,4.78,1.06,4.65,1,2,"形态: 10日内有涨停 | 形态: 两连阴 (-9.95%, -10.02%) | 趋势: 高于MA20"
000566,2026-07-01,5.49,4.78,-12.93,17.12,0,8,形态: 10日内有涨停 | 趋势: 高于MA20 | 动量: 突破转强 (阳线上穿5/10)
605008,2026-07-07,12.15,11.58,-4.69,0.66,0,4,趋势: 高于MA20
605008,2026-07-10,11.85,11.58,-2.28,-2.28,0,1,趋势: 高于MA20
605008,2026-07-03,11.8,11.58,-1.86,3.64,0,6,量能: 放量 (1.56X) | 趋势: 高于MA20 | 动量: 突破转强 (阳线上穿5/10)
605008,2026-07-09,12.02,11.58,-3.66,-1.41,0,2,趋势: 高于MA20
605008,2026-07-01,11.4,11.58,1.58,7.28,1,8,趋势: 高于MA20 | 动量: 突破转强 (阳线上穿5/10)
000572,2026-07-07,3.58,3.38,-5.59,-0.28,0,4,"形态: 10日内有涨停 | 形态: 两连阴 (-6.27%, -2.57%)"
000572,2026-07-10,3.57,3.38,-5.32,-5.32,0,1,形态: 10日内有涨停
000572,2026-07-03,3.89,3.38,-13.11,-2.57,0,6,量能: 放量 (2.39X) | 形态: 10日内有涨停
000572,2026-07-09,3.44,3.38,-1.74,3.78,0,2,"形态: 10日内有涨停 | 形态: 两连阴 (-5.54%, -4.75%)"
002423,2026-07-07,8.7,8.62,-0.92,1.26,0,4,形态: 10日内有涨停
002423,2026-07-10,8.77,8.62,-1.71,-1.71,0,1,形态: 10日内有涨停
002423,2026-07-03,9.0,8.62,-4.22,-0.44,0,6,形态: 10日内有涨停
002423,2026-07-09,8.81,8.62,-2.16,-0.45,0,2,形态: 10日内有涨停
002423,2026-07-01,9.05,8.62,-4.75,-0.55,0,8,"量能: 放量 (2.02X) | 形态: 10日内有涨停 | 形态: 两连阴 (-0.60%, -1.08%) | 动量: 突破转强 (阳线上穿5/10)"
601898,2026-07-10,12.67,12.87,1.58,1.58,1,1,"形态: 两连阴 (-0.99%, -0.77%)"
601898,2026-07-09,12.93,12.87,-0.46,-0.46,0,2,"形态: 两连阴 (-1.94%, -0.99%)"
600481,2026-07-07,4.43,4.2,-5.19,3.84,0,4,形态: 10日内有涨停
600481,2026-07-10,4.6,4.2,-8.7,-8.7,0,1,量能: 放量 (1.54X)
600481,2026-07-03,4.67,4.2,-10.06,2.78,0,6,形态: 10日内有涨停
600481,2026-07-09,4.33,4.2,-3.0,6.24,0,2,形态: 10日内有涨停
600481,2026-07-01,5.12,4.2,-17.97,-6.25,0,8,形态: 10日内有涨停 | 趋势: 高于MA20 | 动量: 突破转强 (阳线上穿5/10)
600106,2026-07-10,4.65,4.33,-6.88,-6.88,0,1,动量: 突破转强 (阳线上穿5/10)
600106,2026-07-09,4.49,4.33,-3.56,3.56,0,2,"形态: 两连阴 (-3.05%, -0.45%)"
603356,2026-07-07,17.93,15.34,-14.45,-5.41,0,4,形态: 10日内有涨停 | 趋势: 高于MA20 | 动量: 突破转强 (阳线上穿5/10)
603356,2026-07-10,16.3,15.34,-5.89,-5.89,0,1,"形态: 10日内有涨停 | 形态: 两连阴 (-5.41%, -2.36%)"
603356,2026-07-03,18.02,15.34,-14.87,-0.5,0,6,量能: 放量 (1.56X) | 趋势: 高于MA20 | 动量: 突破转强 (阳线上穿5/10)
603356,2026-07-09,16.56,15.34,-7.37,-1.57,0,2,形态: 10日内有涨停
603356,2026-07-01,16.84,15.34,-8.91,7.01,0,8,趋势: 高于MA20
601700,2026-07-07,4.5,4.34,-3.56,-0.67,0,4,"形态: 两连阴 (-2.37%, -1.10%)"
601700,2026-07-10,4.47,4.34,-2.91,-2.91,0,1,动量: 突破转强 (阳线上穿5/10)
601700,2026-07-01,4.58,4.34,-5.24,1.31,0,8,动量: 突破转强 (阳线上穿5/10)
600493,2026-07-10,5.87,5.73,-2.39,-2.39,0,1,趋势: 高于MA20 | 动量: 突破转强 (阳线上穿5/10)
600493,2026-07-03,5.87,5.73,-2.39,0.51,0,6,动量: 突破转强 (阳线上穿5/10)
600493,2026-07-09,5.78,5.73,-0.87,1.56,0,2,趋势: 高于MA20
002248,2026-07-07,8.89,8.22,-7.54,-0.56,0,4,趋势: 高于MA20
002248,2026-07-03,9.52,8.22,-13.66,-3.36,0,6,趋势: 高于MA20 | 动量: 突破转强 (阳线上穿5/10)
002248,2026-07-09,8.7,8.22,-5.52,1.61,0,2,"形态: 两连阴 (-3.37%, -2.36%)"
002248,2026-07-01,9.09,8.22,-9.57,4.73,0,8,趋势: 高于MA20
603967,2026-07-03,11.29,11.16,-1.15,3.28,0,6,动量: 突破转强 (阳线上穿5/10)
603967,2026-07-01,10.8,11.16,3.33,7.96,1,8,"形态: 两连阴 (-0.19%, -3.45%)"
002278,2026-07-10,7.64,7.32,-4.19,-4.19,0,1,量能: 放量 (1.59X) | 动量: 突破转强 (阳线上穿5/10)
002278,2026-07-03,7.95,7.32,-7.92,-1.76,0,6,动量: 突破转强 (阳线上穿5/10)
002278,2026-07-09,7.4,7.32,-1.08,3.24,0,2,"形态: 两连阴 (-3.97%, -1.87%)"
002278,2026-07-01,7.72,7.32,-5.18,2.98,0,8,"形态: 两连阴 (-0.52%, -1.18%)"
000630,2026-07-10,6.1,5.86,-3.93,-3.93,0,1,"形态: 两连阴 (-0.66%, -0.33%)"
000630,2026-07-03,6.47,5.86,-9.43,-2.63,0,6,"形态: 两连阴 (-1.10%, -1.27%)"
000630,2026-07-09,6.02,5.86,-2.66,1.33,0,2,"形态: 两连阴 (-3.49%, -0.66%)"
600724,2026-07-07,5.22,5.21,-0.19,4.02,0,4,形态: 10日内有涨停
600724,2026-07-10,5.43,5.21,-4.05,-4.05,0,1,量能: 放量 (1.52X) | 形态: 10日内有涨停 | 动量: 突破转强 (阳线上穿5/10)
600724,2026-07-03,5.5,5.21,-5.27,-0.36,0,6,形态: 10日内有涨停
600724,2026-07-09,5.28,5.21,-1.33,2.84,0,2,形态: 10日内有涨停
600724,2026-07-01,5.58,5.21,-6.63,-1.43,0,8,"形态: 10日内有涨停 | 形态: 两连阴 (-5.45%, -2.50%)"
002098,2026-07-10,6.46,6.33,-2.01,-2.01,0,1,"形态: 两连阴 (-0.46%, -2.45%)"
002098,2026-07-03,6.76,6.33,-6.36,-0.44,0,6,动量: 突破转强 (阳线上穿5/10)
002098,2026-07-09,6.36,6.33,-0.47,1.57,0,2,"形态: 两连阴 (-2.67%, -0.46%)"
002098,2026-07-01,6.58,6.33,-3.8,2.74,0,8,"形态: 两连阴 (-0.61%, -1.08%)"
600986,2026-07-07,6.43,6.53,1.56,8.86,1,4,"形态: 两连阴 (-2.29%, -2.63%)"
600986,2026-07-10,7.0,6.53,-6.71,-6.71,0,1,量能: 放量 (2.08X) | 动量: 突破转强 (阳线上穿5/10)
600986,2026-07-09,6.55,6.53,-0.31,6.87,0,2,"形态: 两连阴 (-3.45%, -0.31%)"
601608,2026-07-10,5.04,5.54,9.92,9.92,1,1,量能: 放量 (1.71X) | 形态: 10日内有涨停 | 趋势: 高于MA20 | 动量: 突破转强 (阳线上穿5/10)
601608,2026-07-03,4.95,5.54,11.92,11.92,1,6,动量: 突破转强 (阳线上穿5/10)
601608,2026-07-09,4.58,5.54,20.96,20.96,1,2,"形态: 两连阴 (-4.16%, -1.74%)"
002805,2026-07-07,26.33,21.38,-18.8,-6.38,0,4,趋势: 多头排列 (5>20>60) | 形态: 10日内有涨停 | 趋势: 高于MA20
002805,2026-07-10,22.07,21.38,-3.13,-3.13,0,1,"形态: 10日内有涨停 | 形态: 两连阴 (-6.38%, -4.75%)"
002805,2026-07-03,26.66,21.38,-19.8,2.96,0,6,趋势: 多头排列 (5>20>60) | 形态: 10日内有涨停 | 趋势: 高于MA20
002805,2026-07-09,23.48,21.38,-8.94,-6.01,0,2,"形态: 10日内有涨停 | 形态: 两连阴 (-4.08%, -6.38%)"
002805,2026-07-01,28.92,21.38,-26.07,-5.08,0,8,趋势: 多头排列 (5>20>60) | 形态: 10日内有涨停 | 趋势: 高于MA20 | 动量: 突破转强 (阳线上穿5/10)
600063,2026-07-07,6.7,5.56,-17.01,-7.76,0,4,"形态: 两连阴 (-7.06%, -8.13%)"
600063,2026-07-09,6.18,5.56,-10.03,-1.78,0,2,"形态: 两连阴 (-4.42%, -8.06%)"
600063,2026-07-01,8.23,5.56,-32.44,-0.24,0,8,"形态: 两连阴 (-1.40%, -1.94%) | 趋势: 高于MA20 | 动量: 突破转强 (阳线上穿5/10)"
603878,2026-07-10,4.95,4.75,-4.04,-4.04,0,1,"形态: 两连阴 (-1.22%, -0.62%)"
603878,2026-07-09,4.84,4.75,-1.86,2.27,0,2,"形态: 两连阴 (-3.33%, -1.22%)"
603878,2026-07-01,5.23,4.75,-9.18,0.38,0,8,"形态: 两连阴 (-1.51%, -1.53%)"
603458,2026-07-07,8.96,8.07,-9.93,0.67,0,4,"形态: 两连阴 (-5.72%, -9.87%)"
603458,2026-07-03,11.04,8.07,-26.9,-9.87,0,6,"形态: 两连阴 (-9.97%, -9.99%)"
603458,2026-07-01,13.01,8.07,-37.97,-9.99,0,8,趋势: 多头排列 (5>20>60) | 形态: 10日内有涨停
603638,2026-07-07,26.5,21.13,-20.26,-10.0,0,4,趋势: 多头排列 (5>20>60) | 形态: 10日内有涨停 | 趋势: 高于MA20 | 动量: 突破转强 (阳线上穿5/10)
603638,2026-07-10,22.73,21.13,-7.04,-7.04,0,1,"趋势: 多头排列 (5>20>60) | 形态: 10日内有涨停 | 形态: 两连阴 (-10.00%, -5.45%)"
603638,2026-07-03,27.9,21.13,-24.27,-5.02,0,6,量能: 放量 (2.50X) | 形态: 10日内有涨停 | 趋势: 高于MA20 | 动量: 突破转强 (阳线上穿5/10)
603638,2026-07-09,22.55,21.13,-6.3,0.8,0,2,趋势: 多头排列 (5>20>60) | 形态: 10日内有涨停
603638,2026-07-01,23.52,21.13,-10.16,18.62,0,8,趋势: 高于MA20 | 动量: 突破转强 (阳线上穿5/10)
002202,2026-07-07,22.19,20.27,-8.65,0.77,0,4,形态: 10日内有涨停
002202,2026-07-10,22.36,20.27,-9.35,-9.35,0,1,"量能: 放量 (1.55X) | 形态: 10日内有涨停 | 形态: 两连阴 (-5.18%, -3.37%)"
002202,2026-07-03,24.59,20.27,-17.57,-2.77,0,6,形态: 10日内有涨停 | 趋势: 高于MA20 | 动量: 突破转强 (阳线上穿5/10)
002202,2026-07-09,20.33,20.27,-0.3,9.99,0,2,"形态: 10日内有涨停 | 形态: 两连阴 (-7.19%, -5.18%)"
002202,2026-07-01,24.66,20.27,-17.8,-0.28,0,8,形态: 10日内有涨停 | 趋势: 高于MA20 | 动量: 突破转强 (阳线上穿5/10)
600163,2026-07-10,4.81,4.73,-1.66,-1.66,0,1,"形态: 两连阴 (-2.45%, -1.05%)"
600163,2026-07-09,4.72,4.73,0.21,1.91,1,2,"形态: 两连阴 (-3.36%, -2.45%)"
002078,2026-07-07,12.86,13.23,2.88,2.88,1,4,趋势: 高于MA20 | 动量: 突破转强 (阳线上穿5/10)
002078,2026-07-10,13.1,13.23,0.99,0.99,1,1,趋势: 高于MA20 | 动量: 突破转强 (阳线上穿5/10)
002078,2026-07-09,12.89,13.23,2.64,2.64,1,2,趋势: 高于MA20 | 动量: 突破转强 (阳线上穿5/10)
002624,2026-07-07,11.77,10.48,-10.96,-3.31,0,4,"形态: 10日内有涨停 | 形态: 两连阴 (-5.76%, -0.17%)"
002624,2026-07-10,11.38,10.48,-7.91,-7.91,0,1,"形态: 10日内有涨停 | 形态: 两连阴 (-4.93%, -1.43%)"
002624,2026-07-03,11.62,10.48,-9.81,1.29,0,6,形态: 10日内有涨停
002624,2026-07-09,11.03,10.48,-4.99,3.17,0,2,形态: 10日内有涨停
002624,2026-07-01,12.56,10.48,-16.56,-1.83,0,8,形态: 10日内有涨停 | 动量: 突破转强 (阳线上穿5/10)
600189,2026-07-07,7.19,7.15,-0.56,0.83,0,4,"形态: 两连阴 (-0.51%, -2.70%)"
600189,2026-07-03,7.79,7.15,-8.22,-2.7,0,6,趋势: 高于MA20
600189,2026-07-01,7.85,7.15,-8.92,-0.25,0,8,趋势: 高于MA20 | 动量: 突破转强 (阳线上穿5/10)
600877,2026-07-07,16.07,15.24,-5.16,6.41,0,4,形态: 10日内有涨停 | 趋势: 高于MA20
600877,2026-07-10,16.93,15.24,-9.98,-9.98,0,1,量能: 放量 (1.50X) | 趋势: 高于MA20
600877,2026-07-03,16.75,15.24,-9.01,2.09,0,6,形态: 10日内有涨停 | 趋势: 高于MA20
600877,2026-07-09,17.1,15.24,-10.88,-0.99,0,2,"形态: 两连阴 (-4.35%, -1.68%) | 趋势: 高于MA20 | 动量: 突破转强 (阳线上穿5/10)"
600877,2026-07-01,17.56,15.24,-13.21,-2.62,0,8,形态: 10日内有涨停 | 趋势: 高于MA20 | 动量: 突破转强 (阳线上穿5/10)
002698,2026-07-07,12.75,11.82,-7.29,-2.04,0,4,形态: 10日内有涨停 | 趋势: 高于MA20
002698,2026-07-10,12.49,11.82,-5.36,-5.36,0,1,形态: 10日内有涨停 | 趋势: 高于MA20
002698,2026-07-03,13.74,11.82,-13.97,-2.98,0,6,形态: 10日内有涨停 | 趋势: 高于MA20 | 动量: 突破转强 (阳线上穿5/10)
002698,2026-07-09,12.24,11.82,-3.43,2.04,0,2,"形态: 10日内有涨停 | 形态: 两连阴 (-4.35%, -4.55%) | 趋势: 高于MA20"
002698,2026-07-01,13.28,11.82,-10.99,3.46,0,8,量能: 放量 (2.09X) | 形态: 10日内有涨停 | 趋势: 高于MA20 | 动量: 突破转强 (阳线上穿5/10)
600749,2026-07-10,14.85,13.6,-8.42,-8.42,0,1,形态: 10日内有涨停 | 趋势: 高于MA20 | 动量: 突破转强 (阳线上穿5/10)
600749,2026-07-03,14.07,13.6,-3.34,8.96,0,6,动量: 突破转强 (阳线上穿5/10)
600749,2026-07-09,14.65,13.6,-7.17,1.37,0,2,量能: 放量 (1.55X) | 形态: 10日内有涨停 | 趋势: 高于MA20
603901,2026-07-10,10.11,9.46,-6.43,-6.43,0,1,"形态: 两连阴 (-3.56%, -0.78%)"
603901,2026-07-03,11.65,9.46,-18.8,-5.32,0,6,趋势: 高于MA20 | 动量: 突破转强 (阳线上穿5/10)
603901,2026-07-09,10.2,9.46,-7.25,-0.88,0,2,"形态: 两连阴 (-3.35%, -3.56%)"
603901,2026-07-01,11.23,9.46,-15.76,3.74,0,8,趋势: 高于MA20 | 动量: 突破转强 (阳线上穿5/10)
002245,2026-07-07,20.79,18.99,-8.66,-1.3,0,4,形态: 10日内有涨停 | 趋势: 高于MA20
002245,2026-07-10,19.14,18.99,-0.78,-0.78,0,1,形态: 10日内有涨停
002245,2026-07-03,20.34,18.99,-6.64,9.98,0,6,趋势: 高于MA20 | 动量: 突破转强 (阳线上穿5/10)
002245,2026-07-09,20.52,18.99,-7.46,-6.73,0,2,"形态: 10日内有涨停 | 形态: 两连阴 (-7.06%, -4.33%) | 趋势: 高于MA20"
603776,2026-07-07,20.69,18.99,-8.22,-2.61,0,4,"趋势: 多头排列 (5>20>60) | 形态: 两连阴 (-2.02%, -1.22%)"
603776,2026-07-03,21.36,18.99,-11.1,-1.22,0,6,趋势: 多头排列 (5>20>60) | 趋势: 高于MA20
603776,2026-07-09,20.15,18.99,-5.76,-3.23,0,2,"形态: 两连阴 (-1.94%, -3.29%)"
603776,2026-07-01,21.8,18.99,-12.89,0.0,0,8,趋势: 多头排列 (5>20>60) | 趋势: 高于MA20 | 动量: 突破转强 (阳线上穿5/10)
000403,2026-07-10,9.22,9.21,-0.11,-0.11,0,1,"形态: 两连阴 (-0.99%, -0.11%) | 动量: 突破转强 (阳线上穿5/10)"
000403,2026-07-03,9.29,9.21,-0.86,4.41,0,6,动量: 突破转强 (阳线上穿5/10)
000403,2026-07-09,9.02,9.21,2.11,2.22,1,2,"形态: 两连阴 (-5.98%, -0.99%)"
600222,2026-07-07,7.72,7.2,-6.74,-3.11,0,4,趋势: 多头排列 (5>20>60) | 形态: 10日内有涨停 | 趋势: 高于MA20
600222,2026-07-10,7.41,7.2,-2.83,-2.83,0,1,"形态: 10日内有涨停 | 形态: 两连阴 (-3.11%, -1.20%)"
600222,2026-07-03,7.91,7.2,-8.98,2.02,0,6,形态: 10日内有涨停 | 趋势: 高于MA20 | 动量: 突破转强 (阳线上穿5/10)
600222,2026-07-09,7.39,7.2,-2.57,0.27,0,2,"形态: 10日内有涨停 | 形态: 两连阴 (-4.34%, -3.11%)"
600222,2026-07-01,7.52,7.2,-4.26,7.31,0,8,形态: 10日内有涨停 | 动量: 突破转强 (阳线上穿5/10)
600768,2026-07-03,15.76,14.12,-10.41,-1.33,0,6,趋势: 高于MA20 | 动量: 突破转强 (阳线上穿5/10)
600768,2026-07-01,15.42,14.12,-8.43,2.2,0,8,"形态: 两连阴 (-1.25%, -0.27%)"
603209,2026-07-07,13.72,13.41,-2.26,-2.04,0,4,量能: 放量 (1.94X) | 趋势: 高于MA20 | 动量: 突破转强 (阳线上穿5/10)
603209,2026-07-10,13.44,13.41,-0.22,-0.22,0,1,"形态: 两连阴 (-2.41%, -1.42%) | 趋势: 高于MA20 | 动量: 突破转强 (阳线上穿5/10)"
603209,2026-07-03,13.32,13.41,0.68,3.0,1,6,动量: 突破转强 (阳线上穿5/10)
603209,2026-07-09,13.2,13.41,1.59,1.82,1,2,趋势: 高于MA20
603209,2026-07-01,12.85,13.41,4.36,6.77,1,8,"形态: 两连阴 (-1.18%, -0.32%)"
002215,2026-07-03,8.83,9.0,1.93,5.89,1,6,动量: 突破转强 (阳线上穿5/10)
002215,2026-07-09,9.35,9.0,-3.74,-3.74,0,2,量能: 放量 (1.99X) | 趋势: 高于MA20 | 动量: 突破转强 (阳线上穿5/10)
002215,2026-07-01,8.56,9.0,5.14,9.23,1,8,"形态: 两连阴 (-0.59%, -2.26%)"
002579,2026-07-07,17.59,15.97,-9.21,2.67,0,4,"趋势: 多头排列 (5>20>60) | 形态: 10日内有涨停 | 形态: 两连阴 (-0.10%, -8.48%)"
002579,2026-07-10,17.74,15.97,-9.98,-9.98,0,1,形态: 10日内有涨停
002579,2026-07-03,19.57,15.97,-18.4,-7.72,0,6,"趋势: 多头排列 (5>20>60) | 形态: 10日内有涨停 | 形态: 两连阴 (-1.25%, -8.50%) | 趋势: 高于MA20"
002579,2026-07-09,18.06,15.97,-11.57,-1.77,0,2,"形态: 10日内有涨停 | 形态: 两连阴 (-1.79%, -6.65%)"
002579,2026-07-01,21.41,15.97,-25.41,-8.5,0,8,趋势: 多头排列 (5>20>60) | 形态: 10日内有涨停 | 趋势: 高于MA20
603890,2026-07-03,23.44,22.36,-4.61,0.47,0,6,"形态: 两连阴 (-5.76%, -7.68%)"
603890,2026-07-09,22.92,22.36,-2.44,0.0,0,2,"形态: 两连阴 (-5.14%, -3.49%)"
603890,2026-07-01,26.03,22.36,-14.1,-7.68,0,8,趋势: 多头排列 (5>20>60)
605336,2026-07-07,10.4,10.01,-3.75,0.1,0,4,"形态: 两连阴 (-4.84%, -8.05%)"
605336,2026-07-03,12.18,10.01,-17.82,-8.05,0,6,"量能: 放量 (2.01X) | 形态: 两连阴 (-4.99%, -1.08%)"
605336,2026-07-01,12.94,10.01,-22.64,-1.08,0,8,"形态: 两连阴 (-4.97%, -5.02%)"
000655,2026-07-10,6.3,6.18,-1.9,-1.9,0,1,"形态: 两连阴 (-0.78%, -2.19%)"
000655,2026-07-09,6.24,6.18,-0.96,0.96,0,2,"形态: 两连阴 (-2.13%, -0.78%)"
600678,2026-07-03,7.1,6.0,-15.49,-9.01,0,6,趋势: 高于MA20 | 动量: 突破转强 (阳线上穿5/10)
600678,2026-07-01,6.74,6.0,-10.98,5.34,0,8,趋势: 高于MA20
000048,2026-07-07,21.52,22.96,6.69,11.99,1,4,趋势: 多头排列 (5>20>60) | 形态: 10日内有涨停 | 趋势: 高于MA20
000048,2026-07-10,24.1,22.96,-4.73,-4.73,0,1,趋势: 多头排列 (5>20>60) | 形态: 10日内有涨停 | 趋势: 高于MA20 | 动量: 突破转强 (阳线上穿5/10)
000048,2026-07-03,21.24,22.96,8.1,13.47,1,6,趋势: 多头排列 (5>20>60) | 形态: 10日内有涨停 | 趋势: 高于MA20
000048,2026-07-09,21.91,22.96,4.79,10.0,1,2,趋势: 多头排列 (5>20>60) | 趋势: 高于MA20 | 动量: 突破转强 (阳线上穿5/10)
000048,2026-07-01,22.5,22.96,2.04,7.11,1,8,趋势: 多头排列 (5>20>60) | 形态: 10日内有涨停 | 趋势: 高于MA20 | 动量: 突破转强 (阳线上穿5/10)
600135,2026-07-07,7.6,7.15,-5.92,1.05,0,4,"形态: 两连阴 (-1.11%, -2.62%)"
600135,2026-07-09,7.52,7.15,-4.92,2.13,0,2,"形态: 两连阴 (-2.44%, -2.24%)"
002724,2026-07-10,4.9,4.72,-3.67,-3.67,0,1,动量: 突破转强 (阳线上穿5/10)
002724,2026-07-03,5.1,4.72,-7.45,-1.96,0,6,动量: 突破转强 (阳线上穿5/10)
002724,2026-07-09,4.77,4.72,-1.05,2.73,0,2,"形态: 两连阴 (-4.00%, -0.83%)"
600100,2026-07-10,6.96,6.69,-3.88,-3.88,0,1,趋势: 高于MA20 | 动量: 突破转强 (阳线上穿5/10)
600100,2026-07-09,6.83,6.69,-2.05,1.9,0,2,动量: 突破转强 (阳线上穿5/10)
600100,2026-07-01,6.98,6.69,-4.15,-0.29,0,8,动量: 突破转强 (阳线上穿5/10)
002583,2026-07-10,8.24,7.88,-4.37,-4.37,0,1,量能: 放量 (1.64X) | 动量: 突破转强 (阳线上穿5/10)
002583,2026-07-09,8.07,7.88,-2.35,2.11,0,2,动量: 突破转强 (阳线上穿5/10)
002246,2026-07-07,18.02,17.85,-0.94,-0.11,0,4,趋势: 高于MA20
002246,2026-07-03,19.05,17.85,-6.3,-2.36,0,6,趋势: 高于MA20 | 动量: 突破转强 (阳线上穿5/10)
002246,2026-07-09,18.0,17.85,-0.83,-0.83,0,2,"形态: 两连阴 (-3.12%, -2.94%)"
002246,2026-07-01,19.19,17.85,-6.98,-0.73,0,8,趋势: 高于MA20
002249,2026-07-07,8.29,6.91,-16.65,-10.01,0,4,形态: 10日内有涨停 | 趋势: 高于MA20
002249,2026-07-10,7.32,6.91,-5.6,-5.6,0,1,"形态: 10日内有涨停 | 形态: 两连阴 (-10.01%, -5.23%)"
002249,2026-07-03,8.33,6.91,-17.05,4.08,0,6,形态: 10日内有涨停 | 趋势: 高于MA20 | 动量: 突破转强 (阳线上穿5/10)
002249,2026-07-09,7.07,6.91,-2.26,3.54,0,2,"形态: 10日内有涨停 | 形态: 两连阴 (-4.38%, -10.01%)"
002037,2026-07-10,6.07,5.82,-4.12,-4.12,0,1,"形态: 两连阴 (-0.66%, -1.16%)"
002037,2026-07-03,6.41,5.82,-9.2,-2.65,0,6,动量: 突破转强 (阳线上穿5/10)
002037,2026-07-09,5.96,5.82,-2.35,1.85,0,2,"形态: 两连阴 (-2.72%, -0.66%)"
600884,2026-07-10,11.76,12.01,2.13,2.13,1,1,"形态: 两连阴 (-6.43%, -4.56%)"
600338,2026-07-07,14.29,12.49,-12.6,-5.53,0,4,"形态: 两连阴 (-0.66%, -1.26%)"
600338,2026-07-10,13.25,12.49,-5.74,-5.74,0,1,"形态: 两连阴 (-5.53%, -0.74%)"
600338,2026-07-09,13.4,12.49,-6.79,-1.12,0,2,"形态: 两连阴 (-3.77%, -5.53%)"
002123,2026-07-07,8.14,8.93,9.71,9.71,1,4,形态: 10日内有涨停 | 趋势: 高于MA20 | 动量: 突破转强 (阳线上穿5/10)
002123,2026-07-10,8.66,8.93,3.12,3.12,1,1,形态: 10日内有涨停 | 趋势: 高于MA20 | 动量: 突破转强 (阳线上穿5/10)
002123,2026-07-03,7.95,8.93,12.33,12.33,1,6,形态: 10日内有涨停 | 趋势: 高于MA20
002123,2026-07-09,8.65,8.93,3.24,3.24,1,2,形态: 10日内有涨停 | 趋势: 高于MA20 | 动量: 突破转强 (阳线上穿5/10)
002123,2026-07-01,7.91,8.93,12.9,12.9,1,8,量能: 放量 (1.82X) | 形态: 10日内有涨停 | 趋势: 高于MA20 | 动量: 突破转强 (阳线上穿5/10)
600288,2026-07-07,15.55,16.64,7.01,10.03,1,4,量能: 放量 (3.39X) | 形态: 10日内有涨停 | 趋势: 高于MA20 | 动量: 突破转强 (阳线上穿5/10)
600288,2026-07-10,16.54,16.64,0.6,0.6,1,1,形态: 10日内有涨停 | 趋势: 高于MA20
600288,2026-07-03,12.85,16.64,29.49,33.15,1,6,"形态: 两连阴 (-1.88%, -3.45%) | 趋势: 高于MA20"
600288,2026-07-09,16.78,16.64,-0.83,-0.83,0,2,量能: 放量 (1.54X) | 形态: 10日内有涨停 | 趋势: 高于MA20
600288,2026-07-01,13.05,16.64,27.51,31.11,1,8,趋势: 高于MA20
000593,2026-07-07,26.25,20.03,-23.7,-9.98,0,4,趋势: 多头排列 (5>20>60) | 量能: 放量 (1.82X) | 形态: 10日内有涨停 | 趋势: 高于MA20 | 动量: 突破转强 (阳线上穿5/10)
000593,2026-07-10,22.26,20.03,-10.02,-10.02,0,1,"趋势: 多头排列 (5>20>60) | 形态: 10日内有涨停 | 形态: 两连阴 (-9.98%, -5.92%)"
000593,2026-07-09,22.23,20.03,-9.9,0.13,0,2,趋势: 多头排列 (5>20>60) | 形态: 10日内有涨停
000593,2026-07-01,22.67,20.03,-11.65,15.79,0,8,趋势: 高于MA20
603711,2026-07-10,11.34,11.35,0.09,0.09,1,1,"形态: 两连阴 (-0.61%, -0.96%)"
603711,2026-07-09,11.37,11.35,-0.18,-0.18,0,2,"形态: 两连阴 (-2.04%, -0.61%)"
002845,2026-07-07,15.21,15.67,3.02,5.52,1,4,"趋势: 多头排列 (5>20>60) | 形态: 两连阴 (-3.78%, -1.67%)"
002845,2026-07-10,15.56,15.67,0.71,0.71,1,1,量能: 放量 (1.94X) | 形态: 10日内有涨停
002845,2026-07-03,15.54,15.67,0.84,3.28,1,6,趋势: 多头排列 (5>20>60)
002845,2026-07-09,16.05,15.67,-2.37,-2.37,0,2,"形态: 10日内有涨停 | 形态: 两连阴 (-0.46%, -4.08%) | 趋势: 高于MA20 | 动量: 突破转强 (阳线上穿5/10)"
002845,2026-07-01,16.42,15.67,-4.57,-1.64,0,8,趋势: 多头排列 (5>20>60) | 趋势: 高于MA20 | 动量: 突破转强 (阳线上穿5/10)
600558,2026-07-07,4.85,4.64,-4.33,-1.86,0,4,"形态: 两连阴 (-0.20%, -1.98%)"
600558,2026-07-10,4.76,4.64,-2.52,-2.52,0,1,"形态: 两连阴 (-1.86%, -0.84%)"
600558,2026-07-09,4.72,4.64,-1.69,0.85,0,2,"形态: 两连阴 (-2.22%, -1.86%)"
601133,2026-07-07,34.86,36.36,4.3,4.3,1,4,"趋势: 多头排列 (5>20>60) | 形态: 10日内有涨停 | 形态: 两连阴 (-1.50%, -3.96%) | 趋势: 高于MA20"
601133,2026-07-10,36.07,36.36,0.8,0.8,1,1,趋势: 多头排列 (5>20>60) | 量能: 放量 (1.53X) | 形态: 10日内有涨停 | 趋势: 高于MA20
601133,2026-07-03,37.38,36.36,-2.73,-2.73,0,6,"趋势: 多头排列 (5>20>60) | 形态: 10日内有涨停 | 形态: 两连阴 (-6.22%, -8.11%) | 趋势: 高于MA20"
601133,2026-07-09,35.55,36.36,2.28,2.28,1,2,"趋势: 多头排列 (5>20>60) | 量能: 放量 (1.69X) | 形态: 10日内有涨停 | 形态: 两连阴 (-2.90%, -1.43%) | 趋势: 高于MA20"
601133,2026-07-01,41.3,36.36,-11.96,-8.11,0,8,趋势: 多头排列 (5>20>60) | 形态: 10日内有涨停 | 趋势: 高于MA20
002276,2026-07-10,9.75,9.29,-4.72,-4.72,0,1,"形态: 两连阴 (-2.71%, -1.13%)"
002276,2026-07-03,10.72,9.29,-13.34,-3.36,0,6,量能: 放量 (1.86X) | 动量: 突破转强 (阳线上穿5/10)
002276,2026-07-09,9.6,9.29,-3.23,1.56,0,2,"形态: 两连阴 (-3.67%, -2.71%)"
603823,2026-07-07,72.45,66.0,-8.9,-3.67,0,4,趋势: 多头排列 (5>20>60) | 形态: 10日内有涨停 | 趋势: 高于MA20 | 动量: 突破转强 (阳线上穿5/10)
603823,2026-07-10,66.16,66.0,-0.24,-0.24,0,1,"趋势: 多头排列 (5>20>60) | 形态: 10日内有涨停 | 形态: 两连阴 (-3.67%, -0.96%) | 趋势: 高于MA20"
603823,2026-07-03,59.88,66.0,10.22,20.99,1,6,趋势: 多头排列 (5>20>60) | 形态: 10日内有涨停 | 趋势: 高于MA20
603823,2026-07-09,69.12,66.0,-4.51,-4.28,0,2,趋势: 多头排列 (5>20>60) | 形态: 10日内有涨停 | 趋势: 高于MA20
603823,2026-07-01,56.78,66.0,16.24,27.6,1,8,趋势: 多头排列 (5>20>60) | 形态: 10日内有涨停 | 趋势: 高于MA20 | 动量: 突破转强 (阳线上穿5/10)
002648,2026-07-10,22.68,22.07,-2.69,-2.69,0,1,"形态: 两连阴 (-3.25%, -0.79%)"
002648,2026-07-03,24.02,22.07,-8.12,2.83,0,6,形态: 10日内有涨停 | 趋势: 高于MA20
002648,2026-07-09,22.74,22.07,-2.95,-0.26,0,2,"形态: 两连阴 (-4.09%, -3.25%)"
002648,2026-07-01,24.91,22.07,-11.4,-0.72,0,8,"形态: 10日内有涨停 | 形态: 两连阴 (-2.57%, -3.05%) | 趋势: 高于MA20 | 动量: 突破转强 (阳线上穿5/10)"
002184,2026-07-07,9.47,8.89,-6.12,-1.37,0,4,"形态: 10日内有涨停 | 形态: 两连阴 (-5.31%, -2.30%)"
002184,2026-07-10,9.34,8.89,-4.82,-4.82,0,1,"形态: 10日内有涨停 | 形态: 两连阴 (-2.11%, -0.43%)"
002184,2026-07-03,9.98,8.89,-10.92,-2.3,0,6,形态: 10日内有涨停
002184,2026-07-09,9.23,8.89,-3.68,1.19,0,2,"形态: 10日内有涨停 | 形态: 两连阴 (-2.87%, -2.11%)"
002184,2026-07-01,10.08,8.89,-11.81,4.56,0,8,形态: 10日内有涨停 | 动量: 突破转强 (阳线上穿5/10)
002858,2026-07-10,10.73,10.18,-5.13,-5.13,0,1,"形态: 两连阴 (-1.21%, -0.76%)"
002858,2026-07-09,10.5,10.18,-3.05,2.19,0,2,"形态: 两连阴 (-2.90%, -1.21%)"
000425,2026-07-07,8.78,8.12,-7.52,-3.64,0,4,趋势: 高于MA20 | 动量: 突破转强 (阳线上穿5/10)
000425,2026-07-10,8.43,8.12,-3.68,-3.68,0,1,"形态: 两连阴 (-3.64%, -1.30%)"
002968,2026-07-10,8.44,8.22,-2.61,-2.61,0,1,"形态: 两连阴 (-1.31%, -0.60%)"
002968,2026-07-03,8.8,8.22,-6.59,-1.7,0,6,动量: 突破转强 (阳线上穿5/10)
002968,2026-07-09,8.26,8.22,-0.48,2.18,0,2,"形态: 两连阴 (-2.66%, -1.31%)"
002067,2026-07-07,3.96,3.95,-0.25,3.03,0,4,形态: 10日内有涨停
002067,2026-07-10,4.08,3.95,-3.19,-3.19,0,1,形态: 10日内有涨停 | 趋势: 高于MA20 | 动量: 突破转强 (阳线上穿5/10)
002067,2026-07-03,4.2,3.95,-5.95,-0.24,0,6,形态: 10日内有涨停 | 趋势: 高于MA20 | 动量: 突破转强 (阳线上穿5/10)
002067,2026-07-09,4.05,3.95,-2.47,0.74,0,2,"形态: 10日内有涨停 | 形态: 两连阴 (-5.49%, -7.07%) | 趋势: 高于MA20 | 动量: 突破转强 (阳线上穿5/10)"
002910,2026-07-07,11.7,9.58,-18.12,10.0,0,4,趋势: 多头排列 (5>20>60) | 形态: 10日内有涨停 | 趋势: 高于MA20
002910,2026-07-10,10.64,9.58,-9.96,-9.96,0,1,趋势: 多头排列 (5>20>60) | 形态: 10日内有涨停
002910,2026-07-03,11.11,9.58,-13.77,15.84,0,6,趋势: 多头排列 (5>20>60) | 形态: 10日内有涨停 | 趋势: 高于MA20
002910,2026-07-09,11.58,9.58,-17.27,-8.12,0,2,趋势: 多头排列 (5>20>60) | 形态: 10日内有涨停 | 趋势: 高于MA20
002910,2026-07-01,11.36,9.58,-15.67,13.29,0,8,形态: 10日内有涨停 | 趋势: 高于MA20
002320,2026-07-10,6.38,6.12,-4.08,-4.08,0,1,"形态: 两连阴 (-0.63%, -1.12%) | 动量: 突破转强 (阳线上穿5/10)"
002320,2026-07-03,6.55,6.12,-6.56,-0.31,0,6,动量: 突破转强 (阳线上穿5/10)
002320,2026-07-09,6.19,6.12,-1.13,3.07,0,2,"形态: 两连阴 (-3.52%, -0.63%)"
002320,2026-07-01,6.43,6.12,-4.82,1.87,0,8,"形态: 两连阴 (-1.09%, -1.26%)"
001376,2026-07-10,10.09,9.6,-4.86,-4.86,0,1,"形态: 两连阴 (-1.38%, -1.10%)"
001376,2026-07-09,9.86,9.6,-2.64,2.33,0,2,"形态: 两连阴 (-5.16%, -1.38%)"
601919,2026-07-10,13.98,14.12,1.0,1.0,1,1,趋势: 高于MA20 | 动量: 突破转强 (阳线上穿5/10)
601919,2026-07-03,13.72,14.12,2.92,2.92,1,6,动量: 突破转强 (阳线上穿5/10)
601919,2026-07-09,13.92,14.12,1.44,1.44,1,2,趋势: 高于MA20
002040,2026-07-10,7.74,7.66,-1.03,-1.03,0,1,"形态: 两连阴 (-0.91%, -0.79%) | 动量: 突破转强 (阳线上穿5/10)"
002040,2026-07-09,7.55,7.66,1.46,2.52,1,2,"形态: 两连阴 (-2.29%, -0.91%)"
002040,2026-07-01,7.68,7.66,-0.26,2.34,0,8,"形态: 两连阴 (-0.40%, -1.06%)"
000498,2026-07-03,4.95,4.91,-0.81,-0.2,0,6,动量: 突破转强 (阳线上穿5/10)
002401,2026-07-10,11.68,11.42,-2.23,-2.23,0,1,动量: 突破转强 (阳线上穿5/10)
002401,2026-07-01,11.73,11.42,-2.64,1.62,0,8,"形态: 两连阴 (-0.60%, -0.26%)"
