代码,信号日期,信号价格,当前价格,当前收益%,最高收益%,是否获利,持有天数,触发条件
605228,2026-07-07,14.49,14.31,-1.24,1.66,0,3,趋势: 高于MA20
605228,2026-07-03,14.46,14.31,-1.04,3.11,0,5,趋势: 高于MA20 | 动量: 突破转强 (阳线上穿5/10)
605228,2026-07-09,14.73,14.31,-2.85,-2.85,0,1,"形态: 两连阴 (-2.82%, -3.24%) | 趋势: 高于MA20 | 动量: 突破转强 (阳线上穿5/10)"
605228,2026-07-01,13.61,14.31,5.14,9.55,1,7,趋势: 高于MA20 | 动量: 突破转强 (阳线上穿5/10)
601636,2026-07-07,7.75,7.08,-8.65,-6.45,0,3,"趋势: 多头排列 (5>20>60) | 形态: 10日内有涨停 | 形态: 两连阴 (-7.47%, -6.53%)"
601636,2026-07-03,8.42,7.08,-15.91,-6.53,0,5,"趋势: 多头排列 (5>20>60) | 形态: 10日内有涨停 | 形态: 两连阴 (-4.50%, -6.86%) | 趋势: 高于MA20"
601636,2026-07-09,7.21,7.08,-1.8,-1.8,0,1,"形态: 10日内有涨停 | 形态: 两连阴 (-1.52%, -6.45%)"
601636,2026-07-01,9.77,7.08,-27.53,-6.86,0,7,趋势: 多头排列 (5>20>60) | 形态: 10日内有涨停 | 趋势: 高于MA20
600966,2026-07-03,5.04,4.9,-2.78,3.17,0,5,动量: 突破转强 (阳线上穿5/10)
600966,2026-07-09,4.91,4.9,-0.2,-0.2,0,1,"形态: 两连阴 (-2.12%, -3.14%)"
002629,2026-07-03,4.67,4.56,-2.36,-1.93,0,5,动量: 突破转强 (阳线上穿5/10)
002629,2026-07-09,4.37,4.56,4.35,4.35,1,1,"形态: 两连阴 (-2.84%, -1.12%)"
002629,2026-07-01,4.58,4.56,-0.44,1.97,0,7,动量: 突破转强 (阳线上穿5/10)
001313,2026-07-07,8.07,8.1,0.37,0.5,1,3,形态: 10日内有涨停 | 趋势: 高于MA20 | 动量: 突破转强 (阳线上穿5/10)
001313,2026-07-03,7.77,8.1,4.25,4.38,1,5,形态: 10日内有涨停 | 趋势: 高于MA20
001313,2026-07-09,8.11,8.1,-0.12,-0.12,0,1,形态: 10日内有涨停 | 趋势: 高于MA20 | 动量: 突破转强 (阳线上穿5/10)
001313,2026-07-01,7.8,8.1,3.85,10.0,1,7,量能: 放量 (1.56X) | 形态: 10日内有涨停 | 趋势: 高于MA20 | 动量: 突破转强 (阳线上穿5/10)
002811,2026-07-03,11.86,11.07,-6.66,-5.14,0,5,趋势: 高于MA20 | 动量: 突破转强 (阳线上穿5/10)
002811,2026-07-09,10.95,11.07,1.1,1.1,1,1,"形态: 两连阴 (-3.02%, -1.65%)"
002811,2026-07-01,11.5,11.07,-3.74,3.13,0,7,"形态: 两连阴 (-0.09%, -0.18%)"
002406,2026-07-03,6.95,6.51,-6.33,2.45,0,5,动量: 突破转强 (阳线上穿5/10)
605337,2026-07-03,8.7,8.54,-1.84,0.92,0,5,动量: 突破转强 (阳线上穿5/10)
000712,2026-07-03,9.05,8.56,-5.41,-1.22,0,5,趋势: 高于MA20
000712,2026-07-09,8.49,8.56,0.82,0.82,1,1,"形态: 两连阴 (-3.80%, -1.74%)"
000712,2026-07-01,9.21,8.56,-7.06,-1.74,0,7,趋势: 高于MA20 | 动量: 突破转强 (阳线上穿5/10)
600722,2026-07-07,7.82,8.04,2.81,2.81,1,3,"形态: 两连阴 (-1.54%, -1.93%)"
600722,2026-07-09,7.78,8.04,3.34,3.34,1,1,"量能: 放量 (1.84X) | 形态: 两连阴 (-4.05%, -0.13%)"
600722,2026-07-01,8.36,8.04,-3.83,0.96,0,7,"形态: 两连阴 (-0.73%, -0.25%)"
002600,2026-07-07,15.93,15.16,-4.83,-2.07,0,3,趋势: 多头排列 (5>20>60) | 形态: 10日内有涨停
002600,2026-07-03,18.02,15.16,-15.87,-9.93,0,5,趋势: 多头排列 (5>20>60) | 形态: 10日内有涨停 | 趋势: 高于MA20 | 动量: 突破转强 (阳线上穿5/10)
002600,2026-07-09,15.6,15.16,-2.82,-2.82,0,1,"形态: 10日内有涨停 | 形态: 两连阴 (-1.85%, -5.46%)"
002600,2026-07-01,17.8,15.16,-14.83,1.24,0,7,趋势: 多头排列 (5>20>60) | 形态: 10日内有涨停 | 趋势: 高于MA20 | 动量: 突破转强 (阳线上穿5/10)
000060,2026-07-03,7.23,6.49,-10.24,2.07,0,5,形态: 10日内有涨停
000060,2026-07-09,6.49,6.49,0.0,0.0,0,1,"形态: 两连阴 (-6.91%, -4.08%)"
000060,2026-07-01,7.65,6.49,-15.16,-3.14,0,7,趋势: 多头排列 (5>20>60) | 形态: 10日内有涨停
600748,2026-07-09,3.57,3.7,3.64,3.64,1,1,"形态: 两连阴 (-4.46%, -1.65%)"
002688,2026-07-07,4.95,4.91,-0.81,-0.81,0,3,趋势: 高于MA20
002688,2026-07-03,5.04,4.91,-2.58,0.99,0,5,趋势: 高于MA20 | 动量: 突破转强 (阳线上穿5/10)
002688,2026-07-09,4.88,4.91,0.61,0.61,1,1,"形态: 两连阴 (-2.75%, -1.01%)"
601008,2026-07-03,4.26,4.16,-2.35,0.7,0,5,动量: 突破转强 (阳线上穿5/10)
600192,2026-07-09,6.05,6.66,10.08,10.08,1,1,"形态: 两连阴 (-3.28%, -1.77%)"
600192,2026-07-01,6.65,6.66,0.15,0.15,1,7,形态: 10日内有涨停
002038,2026-07-07,5.83,6.38,9.43,9.43,1,3,形态: 10日内有涨停 | 趋势: 高于MA20
002038,2026-07-03,6.39,6.38,-0.16,1.41,0,5,形态: 10日内有涨停 | 趋势: 高于MA20
002038,2026-07-09,5.8,6.38,10.0,10.0,1,1,形态: 10日内有涨停 | 趋势: 高于MA20
002038,2026-07-01,6.28,6.38,1.59,6.69,1,7,形态: 10日内有涨停 | 趋势: 高于MA20 | 动量: 突破转强 (阳线上穿5/10)
002205,2026-07-09,9.99,10.31,3.2,3.2,1,1,"形态: 两连阴 (-5.44%, -1.15%)"
000830,2026-07-03,12.79,11.74,-8.21,2.42,0,5,趋势: 高于MA20
000830,2026-07-09,11.68,11.74,0.51,0.51,1,1,"形态: 两连阴 (-5.42%, -2.82%)"
000830,2026-07-01,12.48,11.74,-5.93,4.97,0,7,"形态: 两连阴 (-0.88%, -3.61%)"
000803,2026-07-07,6.85,6.61,-3.5,-2.92,0,3,"形态: 两连阴 (-0.29%, -0.29%)"
000803,2026-07-09,6.55,6.61,0.92,0.92,1,1,"形态: 两连阴 (-1.01%, -2.92%)"
603187,2026-07-07,12.04,11.94,-0.83,-0.83,0,3,趋势: 高于MA20
603187,2026-07-03,12.17,11.94,-1.89,0.9,0,5,趋势: 高于MA20 | 动量: 突破转强 (阳线上穿5/10)
603187,2026-07-09,11.8,11.94,1.19,1.19,1,1,"形态: 两连阴 (-1.95%, -1.00%)"
002972,2026-07-07,17.5,16.96,-3.09,-1.77,0,3,趋势: 多头排列 (5>20>60) | 趋势: 高于MA20
002972,2026-07-03,18.81,16.96,-9.84,0.74,0,5,趋势: 多头排列 (5>20>60) | 趋势: 高于MA20
002972,2026-07-09,17.19,16.96,-1.34,-1.34,0,1,"趋势: 多头排列 (5>20>60) | 形态: 两连阴 (-7.65%, -4.11%) | 趋势: 高于MA20"
002972,2026-07-01,19.0,16.96,-10.74,0.37,0,7,趋势: 多头排列 (5>20>60) | 趋势: 高于MA20
002043,2026-07-07,11.76,11.01,-6.38,-4.85,0,3,趋势: 高于MA20 | 动量: 突破转强 (阳线上穿5/10)
002043,2026-07-03,11.55,11.01,-4.68,1.82,0,5,动量: 突破转强 (阳线上穿5/10)
002043,2026-07-01,11.22,11.01,-1.87,4.81,0,7,"形态: 两连阴 (-1.33%, -0.27%)"
603677,2026-07-03,13.65,12.56,-7.99,-3.3,0,5,动量: 突破转强 (阳线上穿5/10)
603677,2026-07-09,12.31,12.56,2.03,2.03,1,1,"形态: 两连阴 (-3.26%, -1.96%)"
000739,2026-07-07,18.03,18.0,-0.17,-0.17,0,3,趋势: 高于MA20
000739,2026-07-03,18.24,18.0,-1.32,1.21,0,5,趋势: 高于MA20 | 动量: 突破转强 (阳线上穿5/10)
000739,2026-07-09,17.84,18.0,0.9,0.9,1,1,"形态: 两连阴 (-2.33%, -1.33%) | 趋势: 高于MA20"
000739,2026-07-01,17.19,18.0,4.71,7.39,1,7,趋势: 高于MA20 | 动量: 突破转强 (阳线上穿5/10)
601798,2026-07-07,7.02,6.94,-1.14,-1.14,0,3,形态: 10日内有涨停
601798,2026-07-03,7.4,6.94,-6.22,-3.11,0,5,形态: 10日内有涨停 | 动量: 突破转强 (阳线上穿5/10)
601798,2026-07-09,6.83,6.94,1.61,1.61,1,1,"形态: 两连阴 (-2.09%, -2.14%)"
601798,2026-07-01,7.24,6.94,-4.14,2.21,0,7,"形态: 10日内有涨停 | 形态: 两连阴 (-3.02%, -1.90%)"
000716,2026-07-07,4.36,4.39,0.69,0.69,1,3,动量: 突破转强 (阳线上穿5/10)
000716,2026-07-03,4.3,4.39,2.09,2.09,1,5,动量: 突破转强 (阳线上穿5/10)
603903,2026-07-07,15.82,15.92,0.63,2.09,1,3,趋势: 多头排列 (5>20>60) | 形态: 10日内有涨停 | 趋势: 高于MA20 | 动量: 突破转强 (阳线上穿5/10)
603903,2026-07-03,14.15,15.92,12.51,14.13,1,5,趋势: 多头排列 (5>20>60) | 形态: 10日内有涨停 | 趋势: 高于MA20 | 动量: 突破转强 (阳线上穿5/10)
603903,2026-07-09,16.15,15.92,-1.42,-1.42,0,1,趋势: 多头排列 (5>20>60) | 形态: 10日内有涨停 | 趋势: 高于MA20 | 动量: 突破转强 (阳线上穿5/10)
603903,2026-07-01,13.53,15.92,17.66,19.36,1,7,形态: 10日内有涨停 | 趋势: 高于MA20 | 动量: 突破转强 (阳线上穿5/10)
002301,2026-07-07,8.33,8.25,-0.96,-0.12,0,3,趋势: 多头排列 (5>20>60) | 趋势: 高于MA20
002301,2026-07-03,8.09,8.25,1.98,3.34,1,5,趋势: 多头排列 (5>20>60) | 趋势: 高于MA20 | 动量: 突破转强 (阳线上穿5/10)
002301,2026-07-09,8.32,8.25,-0.84,-0.84,0,1,"趋势: 多头排列 (5>20>60) | 形态: 两连阴 (-0.36%, -1.80%) | 趋势: 高于MA20 | 动量: 突破转强 (阳线上穿5/10)"
002301,2026-07-01,7.73,8.25,6.73,8.15,1,7,趋势: 高于MA20 | 动量: 突破转强 (阳线上穿5/10)
002863,2026-07-03,4.51,4.3,-4.66,-1.11,0,5,动量: 突破转强 (阳线上穿5/10)
002863,2026-07-09,4.21,4.3,2.14,2.14,1,1,"形态: 两连阴 (-2.91%, -2.08%)"
002863,2026-07-01,4.35,4.3,-1.15,3.68,0,7,"形态: 两连阴 (-0.93%, -0.70%)"
605377,2026-07-07,9.67,10.13,4.76,4.76,1,3,量能: 放量 (1.83X) | 形态: 10日内有涨停 | 趋势: 高于MA20
605377,2026-07-03,8.82,10.13,14.85,14.85,1,5,"形态: 10日内有涨停 | 形态: 两连阴 (-0.32%, -2.37%) | 趋势: 高于MA20"
605377,2026-07-09,9.43,10.13,7.42,7.42,1,1,"形态: 10日内有涨停 | 形态: 两连阴 (-0.31%, -1.96%) | 趋势: 高于MA20"
605377,2026-07-01,9.27,10.13,9.28,9.28,1,7,形态: 10日内有涨停 | 趋势: 高于MA20
603766,2026-07-07,13.0,11.85,-8.85,-0.62,0,3,趋势: 高于MA20
603766,2026-07-03,12.86,11.85,-7.85,5.13,0,5,趋势: 高于MA20 | 动量: 突破转强 (阳线上穿5/10)
603766,2026-07-09,12.3,11.85,-3.66,-3.66,0,1,"形态: 两连阴 (-3.85%, -0.62%) | 趋势: 高于MA20"
603766,2026-07-01,12.8,11.85,-7.42,5.62,0,7,趋势: 高于MA20 | 动量: 突破转强 (阳线上穿5/10)
000819,2026-07-09,10.82,11.28,4.25,4.25,1,1,"量能: 放量 (1.88X) | 形态: 两连阴 (-4.16%, -0.98%)"
000819,2026-07-01,11.71,11.28,-3.67,1.79,0,7,"形态: 两连阴 (-3.39%, -0.61%)"
002774,2026-07-07,14.25,15.9,11.58,11.58,1,3,趋势: 多头排列 (5>20>60) | 量能: 放量 (1.98X) | 形态: 10日内有涨停 | 趋势: 高于MA20
002774,2026-07-03,14.39,15.9,10.49,10.49,1,5,趋势: 多头排列 (5>20>60) | 趋势: 高于MA20 | 动量: 突破转强 (阳线上穿5/10)
002774,2026-07-09,14.45,15.9,10.03,10.03,1,1,"趋势: 多头排列 (5>20>60) | 形态: 10日内有涨停 | 形态: 两连阴 (-9.98%, -5.26%) | 趋势: 高于MA20"
002774,2026-07-01,14.51,15.9,9.58,9.58,1,7,趋势: 多头排列 (5>20>60) | 趋势: 高于MA20 | 动量: 突破转强 (阳线上穿5/10)
002358,2026-07-09,5.25,5.31,1.14,1.14,1,1,"形态: 两连阴 (-2.19%, -1.86%)"
600711,2026-07-09,10.48,10.74,2.48,2.48,1,1,"形态: 两连阴 (-3.69%, -3.65%)"
605018,2026-07-07,14.03,13.12,-6.49,-5.56,0,3,形态: 10日内有涨停
605018,2026-07-03,14.92,13.12,-12.06,-3.95,0,5,形态: 10日内有涨停 | 动量: 突破转强 (阳线上穿5/10)
605018,2026-07-09,13.25,13.12,-0.98,-0.98,0,1,"形态: 10日内有涨停 | 形态: 两连阴 (-2.09%, -5.92%)"
605018,2026-07-01,14.35,13.12,-8.57,3.97,0,7,形态: 10日内有涨停
003018,2026-07-07,64.52,64.6,0.12,5.87,1,3,趋势: 多头排列 (5>20>60) | 形态: 10日内有涨停
003018,2026-07-03,66.28,64.6,-2.53,3.06,0,5,"趋势: 多头排列 (5>20>60) | 形态: 10日内有涨停 | 形态: 两连阴 (-6.49%, -6.76%) | 趋势: 高于MA20"
003018,2026-07-09,68.31,64.6,-5.43,-5.43,0,1,"形态: 10日内有涨停 | 形态: 两连阴 (-4.84%, -3.75%) | 趋势: 高于MA20"
003018,2026-07-01,71.28,64.6,-9.37,-4.17,0,7,趋势: 多头排列 (5>20>60) | 形态: 10日内有涨停 | 趋势: 高于MA20
603269,2026-07-07,18.15,16.87,-7.05,-4.74,0,3,量能: 放量 (1.71X) | 形态: 10日内有涨停
603269,2026-07-03,15.94,16.87,5.83,13.86,1,5,"形态: 两连阴 (-0.43%, -1.95%)"
603269,2026-07-09,16.97,16.87,-0.59,-0.59,0,1,形态: 10日内有涨停
600499,2026-07-07,15.93,14.43,-9.42,-3.89,0,3,趋势: 高于MA20
600499,2026-07-03,15.47,14.43,-6.72,5.95,0,5,趋势: 高于MA20 | 动量: 突破转强 (阳线上穿5/10)
600499,2026-07-09,15.27,14.43,-5.5,-5.5,0,1,"形态: 两连阴 (-2.81%, -3.89%) | 趋势: 高于MA20"
002333,2026-07-07,4.97,4.86,-2.21,-0.6,0,3,趋势: 高于MA20
002333,2026-07-03,4.95,4.86,-1.82,0.4,0,5,趋势: 高于MA20 | 动量: 突破转强 (阳线上穿5/10)
002333,2026-07-09,4.85,4.86,0.21,0.21,1,1,趋势: 高于MA20
002333,2026-07-01,4.76,4.86,2.1,4.41,1,7,动量: 突破转强 (阳线上穿5/10)
603819,2026-07-07,13.65,13.58,-0.51,-0.51,0,3,量能: 放量 (2.67X) | 形态: 10日内有涨停 | 趋势: 高于MA20 | 动量: 突破转强 (阳线上穿5/10)
603819,2026-07-03,12.36,13.58,9.87,10.44,1,5,量能: 放量 (1.51X) | 趋势: 高于MA20 | 动量: 突破转强 (阳线上穿5/10)
603819,2026-07-09,13.41,13.58,1.27,1.27,1,1,形态: 10日内有涨停 | 趋势: 高于MA20 | 动量: 突破转强 (阳线上穿5/10)
603162,2026-07-07,9.64,10.12,4.98,4.98,1,3,趋势: 高于MA20
603162,2026-07-03,9.63,10.12,5.09,5.09,1,5,动量: 突破转强 (阳线上穿5/10)
603162,2026-07-09,9.2,10.12,10.0,10.0,1,1,"形态: 两连阴 (-2.53%, -4.77%)"
603162,2026-07-01,9.24,10.12,9.52,9.52,1,7,"形态: 两连阴 (-1.09%, -0.88%)"
603815,2026-07-07,6.42,6.79,5.76,5.76,1,3,量能: 放量 (2.25X) | 形态: 10日内有涨停 | 趋势: 高于MA20 | 动量: 突破转强 (阳线上穿5/10)
603815,2026-07-03,5.55,6.79,22.34,22.34,1,5,动量: 突破转强 (阳线上穿5/10)
603815,2026-07-09,6.75,6.79,0.59,0.59,1,1,形态: 10日内有涨停 | 趋势: 高于MA20 | 动量: 突破转强 (阳线上穿5/10)
002691,2026-07-03,4.46,4.16,-6.73,-3.81,0,5,动量: 突破转强 (阳线上穿5/10)
000735,2026-07-03,5.04,5.0,-0.79,1.59,0,5,趋势: 高于MA20
000735,2026-07-09,4.86,5.0,2.88,2.88,1,1,"形态: 两连阴 (-3.13%, -1.81%)"
000735,2026-07-01,4.98,5.0,0.4,2.81,1,7,量能: 放量 (1.58X) | 动量: 突破转强 (阳线上穿5/10)
603272,2026-07-07,20.34,22.08,8.55,8.65,1,3,"形态: 两连阴 (-4.99%, -10.00%)"
603272,2026-07-03,25.11,22.08,-12.07,-10.0,0,5,量能: 放量 (2.35X)
002012,2026-07-07,6.16,6.11,-0.81,-0.81,0,3,"形态: 两连阴 (-1.69%, -2.19%)"
002012,2026-07-09,6.07,6.11,0.66,0.66,1,1,"形态: 两连阴 (-1.60%, -1.14%)"
603085,2026-07-03,11.22,10.96,-2.32,-1.78,0,5,动量: 突破转强 (阳线上穿5/10)
603085,2026-07-09,10.79,10.96,1.58,1.58,1,1,"形态: 两连阴 (-2.09%, -0.93%)"
000506,2026-07-07,12.2,13.74,12.62,12.62,1,3,形态: 10日内有涨停
000506,2026-07-03,13.87,13.74,-0.94,-0.94,0,5,形态: 10日内有涨停 | 趋势: 高于MA20 | 动量: 突破转强 (阳线上穿5/10)
000506,2026-07-09,13.41,13.74,2.46,2.46,1,1,形态: 10日内有涨停 | 趋势: 高于MA20
000506,2026-07-01,11.46,13.74,19.9,21.03,1,7,"形态: 两连阴 (-2.14%, -1.60%)"
002871,2026-07-07,20.39,19.86,-2.6,0.2,0,3,趋势: 多头排列 (5>20>60)
002871,2026-07-03,20.84,19.86,-4.7,1.49,0,5,趋势: 多头排列 (5>20>60) | 形态: 10日内有涨停
002871,2026-07-01,23.23,19.86,-14.51,-7.1,0,7,趋势: 多头排列 (5>20>60) | 形态: 10日内有涨停 | 趋势: 高于MA20 | 动量: 突破转强 (阳线上穿5/10)
000948,2026-07-09,13.56,13.3,-1.92,-1.92,0,1,量能: 放量 (2.83X) | 形态: 10日内有涨停 | 趋势: 高于MA20 | 动量: 突破转强 (阳线上穿5/10)
600399,2026-07-09,3.9,4.13,5.9,5.9,1,1,"形态: 两连阴 (-2.41%, -2.47%)"
600399,2026-07-01,4.22,4.13,-2.13,0.47,0,7,形态: 10日内有涨停
603218,2026-07-03,10.34,9.6,-7.16,-2.03,0,5,动量: 突破转强 (阳线上穿5/10)
603218,2026-07-09,9.42,9.6,1.91,1.91,1,1,"形态: 两连阴 (-2.86%, -2.54%)"
603709,2026-07-03,14.12,13.58,-3.82,-0.21,0,5,动量: 突破转强 (阳线上穿5/10)
603709,2026-07-09,13.28,13.58,2.26,2.26,1,1,"形态: 两连阴 (-4.12%, -0.67%)"
600530,2026-07-07,5.46,5.34,-2.2,-1.83,0,3,形态: 10日内有涨停
600530,2026-07-03,5.7,5.34,-6.32,1.58,0,5,形态: 10日内有涨停 | 动量: 突破转强 (阳线上穿5/10)
600530,2026-07-09,5.33,5.34,0.19,0.19,1,1,"形态: 10日内有涨停 | 形态: 两连阴 (-5.70%, -1.83%)"
600530,2026-07-01,5.06,5.34,5.53,14.43,1,7,"形态: 两连阴 (-6.16%, -1.99%)"
002131,2026-07-07,4.23,4.61,8.98,8.98,1,3,"形态: 两连阴 (-1.95%, -5.31%)"
002131,2026-07-09,4.35,4.61,5.98,5.98,1,1,"形态: 两连阴 (-1.17%, -0.47%)"
600475,2026-07-07,13.93,13.34,-4.24,-4.24,0,3,"形态: 两连阴 (-1.69%, -1.17%) | 趋势: 高于MA20"
600475,2026-07-03,14.55,13.34,-8.32,-1.17,0,5,趋势: 高于MA20
600475,2026-07-09,13.28,13.34,0.45,0.45,1,1,"形态: 两连阴 (-3.13%, -4.81%)"
600475,2026-07-01,15.38,13.34,-13.26,-3.77,0,7,趋势: 高于MA20 | 动量: 突破转强 (阳线上穿5/10)
600367,2026-07-07,45.68,41.18,-9.85,-5.28,0,3,"形态: 10日内有涨停 | 形态: 两连阴 (-9.09%, -10.00%)"
600367,2026-07-03,52.98,41.18,-22.27,-10.0,0,5,趋势: 多头排列 (5>20>60) | 形态: 10日内有涨停
600367,2026-07-09,43.27,41.18,-4.83,-4.83,0,1,"形态: 10日内有涨停 | 形态: 两连阴 (-4.19%, -6.61%)"
600367,2026-07-01,63.8,41.18,-35.45,-8.65,0,7,趋势: 多头排列 (5>20>60) | 形态: 10日内有涨停 | 趋势: 高于MA20 | 动量: 突破转强 (阳线上穿5/10)
002598,2026-07-03,6.99,6.8,-2.72,-2.43,0,5,趋势: 高于MA20 | 动量: 突破转强 (阳线上穿5/10)
000715,2026-07-03,4.78,4.77,-0.21,1.26,0,5,动量: 突破转强 (阳线上穿5/10)
603885,2026-07-09,10.16,10.28,1.18,1.18,1,1,"形态: 两连阴 (-1.59%, -1.14%)"
603885,2026-07-01,10.75,10.28,-4.37,-0.56,0,7,"形态: 两连阴 (-1.03%, -2.65%) | 动量: 突破转强 (阳线上穿5/10)"
002632,2026-07-03,8.93,8.9,-0.34,2.46,0,5,"形态: 两连阴 (-1.00%, -2.13%)"
002632,2026-07-09,9.15,8.9,-2.73,-2.73,0,1,"形态: 10日内有涨停 | 形态: 两连阴 (-2.07%, -2.23%) | 动量: 突破转强 (阳线上穿5/10)"
605151,2026-07-07,18.63,18.41,-1.18,-1.18,0,3,形态: 10日内有涨停
605151,2026-07-03,19.27,18.41,-4.46,-0.99,0,5,形态: 10日内有涨停 | 趋势: 高于MA20 | 动量: 突破转强 (阳线上穿5/10)
605151,2026-07-09,17.9,18.41,2.85,2.85,1,1,"形态: 两连阴 (-2.36%, -2.90%)"
605151,2026-07-01,18.03,18.41,2.11,6.88,1,7,"形态: 10日内有涨停 | 形态: 两连阴 (-2.70%, -2.11%)"
600848,2026-07-03,7.75,7.71,-0.52,2.84,0,5,动量: 突破转强 (阳线上穿5/10)
600848,2026-07-09,7.52,7.71,2.53,2.53,1,1,"形态: 两连阴 (-4.27%, -1.18%)"
600596,2026-07-07,13.1,12.59,-3.89,2.44,0,3,形态: 10日内有涨停
600596,2026-07-03,13.3,12.59,-5.34,2.03,0,5,"形态: 10日内有涨停 | 形态: 两连阴 (-4.57%, -6.11%)"
600596,2026-07-09,13.42,12.59,-6.18,-6.18,0,1,"形态: 两连阴 (-3.46%, -3.59%)"
600596,2026-07-01,15.23,12.59,-17.33,-6.11,0,7,"趋势: 多头排列 (5>20>60) | 形态: 10日内有涨停 | 形态: 两连阴 (-10.00%, -0.37%)"
603803,2026-07-03,11.17,11.45,2.51,2.51,1,5,"形态: 两连阴 (-1.45%, -4.24%)"
002095,2026-07-03,13.11,13.03,-0.61,-0.61,0,5,趋势: 高于MA20
002095,2026-07-01,13.22,13.03,-1.44,-0.83,0,7,趋势: 高于MA20
600199,2026-07-07,6.22,6.46,3.86,3.86,1,3,形态: 10日内有涨停
600199,2026-07-03,6.6,6.46,-2.12,0.15,0,5,形态: 10日内有涨停 | 动量: 突破转强 (阳线上穿5/10)
600199,2026-07-09,6.15,6.46,5.04,5.04,1,1,"形态: 10日内有涨停 | 形态: 两连阴 (-5.90%, -0.96%)"
600199,2026-07-01,6.72,6.46,-3.87,-1.64,0,7,量能: 放量 (1.63X) | 形态: 10日内有涨停 | 动量: 突破转强 (阳线上穿5/10)
600158,2026-07-07,6.45,6.54,1.4,1.4,1,3,"形态: 两连阴 (-0.15%, -2.21%)"
600158,2026-07-09,6.34,6.54,3.15,3.15,1,1,"形态: 两连阴 (-3.01%, -1.24%)"
600158,2026-07-01,6.85,6.54,-4.53,-0.58,0,7,"形态: 两连阴 (-0.59%, -0.44%)"
600888,2026-07-07,12.82,11.75,-8.35,-2.5,0,3,"趋势: 多头排列 (5>20>60) | 形态: 10日内有涨停 | 形态: 两连阴 (-5.21%, -3.73%)"
600888,2026-07-03,14.2,11.75,-17.25,-3.73,0,5,趋势: 多头排列 (5>20>60) | 形态: 10日内有涨停 | 趋势: 高于MA20
600888,2026-07-09,12.17,11.75,-3.45,-3.45,0,1,"形态: 两连阴 (-6.22%, -2.50%)"
600888,2026-07-01,16.04,11.75,-26.75,-6.61,0,7,趋势: 多头排列 (5>20>60) | 形态: 10日内有涨停 | 趋势: 高于MA20 | 动量: 突破转强 (阳线上穿5/10)
000802,2026-07-07,3.64,3.82,4.95,4.95,1,3,动量: 突破转强 (阳线上穿5/10)
000802,2026-07-09,3.74,3.82,2.14,2.14,1,1,动量: 突破转强 (阳线上穿5/10)
600279,2026-07-03,3.95,3.95,0.0,0.76,0,5,动量: 突破转强 (阳线上穿5/10)
000886,2026-07-03,4.2,4.28,1.9,1.9,1,5,动量: 突破转强 (阳线上穿5/10)
000886,2026-07-09,4.15,4.28,3.13,3.13,1,1,动量: 突破转强 (阳线上穿5/10)
603886,2026-07-07,12.32,12.31,-0.08,-0.08,0,3,趋势: 多头排列 (5>20>60)
603886,2026-07-03,13.11,12.31,-6.1,-2.36,0,5,趋势: 多头排列 (5>20>60) | 趋势: 高于MA20 | 动量: 突破转强 (阳线上穿5/10)
603886,2026-07-09,12.23,12.31,0.65,0.65,1,1,"形态: 两连阴 (-3.75%, -1.54%)"
603886,2026-07-01,12.69,12.31,-2.99,3.31,0,7,趋势: 多头排列 (5>20>60) | 趋势: 高于MA20
605300,2026-07-07,8.88,8.82,-0.68,0.23,0,3,形态: 10日内有涨停
605300,2026-07-03,9.03,8.82,-2.33,0.89,0,5,"形态: 10日内有涨停 | 形态: 两连阴 (-3.79%, -1.39%)"
605300,2026-07-09,8.69,8.82,1.5,1.5,1,1,形态: 10日内有涨停
605300,2026-07-01,9.38,8.82,-5.97,-1.39,0,7,形态: 10日内有涨停 | 趋势: 高于MA20
601615,2026-07-03,11.8,11.37,-3.64,-3.64,0,5,动量: 突破转强 (阳线上穿5/10)
601615,2026-07-09,10.6,11.37,7.26,7.26,1,1,"形态: 两连阴 (-5.12%, -2.98%)"
002795,2026-07-07,6.36,6.45,1.42,1.42,1,3,"形态: 两连阴 (-5.12%, -2.92%)"
002795,2026-07-09,6.36,6.45,1.42,1.42,1,1,"形态: 两连阴 (-4.50%, -1.10%)"
002795,2026-07-01,7.24,6.45,-10.91,-0.14,0,7,"量能: 放量 (1.66X) | 形态: 两连阴 (-0.44%, -2.05%) | 动量: 突破转强 (阳线上穿5/10)"
600007,2026-07-09,19.62,19.62,0.0,0.0,0,1,趋势: 高于MA20 | 动量: 突破转强 (阳线上穿5/10)
600007,2026-07-01,19.26,19.62,1.87,2.86,1,7,动量: 突破转强 (阳线上穿5/10)
601872,2026-07-07,16.2,15.47,-4.51,-0.62,0,3,形态: 10日内有涨停
601872,2026-07-03,17.0,15.47,-9.0,4.0,0,5,"形态: 10日内有涨停 | 形态: 两连阴 (-3.98%, -2.02%) | 趋势: 高于MA20"
601872,2026-07-09,16.1,15.47,-3.91,-3.91,0,1,"形态: 两连阴 (-8.37%, -4.01%)"
601872,2026-07-01,16.87,15.47,-8.3,4.8,0,7,"形态: 10日内有涨停 | 形态: 两连阴 (-6.65%, -3.78%) | 趋势: 高于MA20"
605069,2026-07-07,13.62,12.93,-5.07,-5.07,0,3,"形态: 10日内有涨停 | 形态: 两连阴 (-5.16%, -7.63%) | 趋势: 高于MA20"
605069,2026-07-03,15.07,12.93,-14.2,-7.63,0,5,形态: 10日内有涨停 | 趋势: 高于MA20
605069,2026-07-09,12.92,12.93,0.08,0.08,1,1,"形态: 两连阴 (-2.16%, -5.29%)"
605069,2026-07-01,15.83,12.93,-18.32,0.38,0,7,形态: 10日内有涨停 | 趋势: 高于MA20
600188,2026-07-09,17.88,18.16,1.57,1.57,1,1,"形态: 两连阴 (-3.24%, -0.71%)"
600497,2026-07-07,10.34,9.51,-8.03,-5.32,0,3,"趋势: 多头排列 (5>20>60) | 形态: 10日内有涨停 | 形态: 两连阴 (-5.85%, -1.83%)"
600497,2026-07-03,10.95,9.51,-13.15,-1.83,0,5,趋势: 多头排列 (5>20>60) | 形态: 10日内有涨停 | 趋势: 高于MA20
600497,2026-07-09,9.79,9.51,-2.86,-2.86,0,1,"形态: 两连阴 (-3.81%, -7.16%)"
600497,2026-07-01,12.22,9.51,-22.18,-4.83,0,7,趋势: 多头排列 (5>20>60) | 形态: 10日内有涨停 | 趋势: 高于MA20
605555,2026-07-03,13.7,12.46,-9.05,-5.11,0,5,动量: 突破转强 (阳线上穿5/10)
605555,2026-07-09,12.28,12.46,1.47,1.47,1,1,"形态: 两连阴 (-2.69%, -2.85%)"
600379,2026-07-07,16.9,14.78,-12.54,-10.0,0,3,形态: 10日内有涨停 | 趋势: 高于MA20 | 动量: 突破转强 (阳线上穿5/10)
600379,2026-07-03,15.63,14.78,-5.44,8.13,0,5,形态: 10日内有涨停 | 趋势: 高于MA20 | 动量: 突破转强 (阳线上穿5/10)
600379,2026-07-09,14.84,14.78,-0.4,-0.4,0,1,形态: 10日内有涨停 | 趋势: 高于MA20
600379,2026-07-01,15.38,14.78,-3.9,9.88,0,7,形态: 10日内有涨停 | 趋势: 高于MA20 | 动量: 突破转强 (阳线上穿5/10)
600143,2026-07-07,15.38,15.21,-1.11,-1.11,0,3,形态: 10日内有涨停
600143,2026-07-03,17.01,15.21,-10.58,-5.0,0,5,量能: 放量 (1.91X) | 形态: 10日内有涨停 | 趋势: 高于MA20 | 动量: 突破转强 (阳线上穿5/10)
600143,2026-07-09,15.12,15.21,0.6,0.6,1,1,"形态: 10日内有涨停 | 形态: 两连阴 (-4.83%, -4.10%)"
002254,2026-07-07,14.78,14.2,-3.92,-3.92,0,3,"形态: 10日内有涨停 | 形态: 两连阴 (-1.24%, -9.05%)"
002254,2026-07-03,16.68,14.2,-14.87,-9.05,0,5,"趋势: 多头排列 (5>20>60) | 形态: 10日内有涨停 | 形态: 两连阴 (-4.95%, -2.31%)"
002254,2026-07-09,14.07,14.2,0.92,0.92,1,1,"形态: 两连阴 (-2.57%, -5.48%)"
002254,2026-07-01,17.29,14.2,-17.87,-2.31,0,7,趋势: 多头排列 (5>20>60) | 形态: 10日内有涨停 | 趋势: 高于MA20
600855,2026-07-03,14.56,13.82,-5.08,-5.08,0,5,趋势: 高于MA20 | 动量: 突破转强 (阳线上穿5/10)
600855,2026-07-09,13.01,13.82,6.23,6.23,1,1,"形态: 两连阴 (-4.61%, -2.84%)"
600855,2026-07-01,14.31,13.82,-3.42,1.75,0,7,动量: 突破转强 (阳线上穿5/10)
601969,2026-07-07,8.23,7.94,-3.52,-1.09,0,3,"形态: 两连阴 (-0.57%, -1.27%)"
601969,2026-07-09,7.91,7.94,0.38,0.38,1,1,"形态: 两连阴 (-3.74%, -1.09%)"
603042,2026-07-07,12.04,12.22,1.5,1.58,1,3,"形态: 两连阴 (-1.04%, -3.47%)"
603042,2026-07-03,13.27,12.22,-7.91,-3.47,0,5,"形态: 两连阴 (-3.33%, -3.66%)"
603042,2026-07-09,12.23,12.22,-0.08,-0.08,0,1,"形态: 两连阴 (-6.01%, -0.08%)"
000967,2026-07-07,9.65,9.08,-5.91,-3.11,0,3,形态: 10日内有涨停
000967,2026-07-03,10.48,9.08,-13.36,-3.44,0,5,"形态: 10日内有涨停 | 形态: 两连阴 (-2.56%, -0.10%) | 趋势: 高于MA20"
000967,2026-07-09,9.2,9.08,-1.3,-1.3,0,1,"形态: 10日内有涨停 | 形态: 两连阴 (-4.64%, -3.11%)"
000967,2026-07-01,10.26,9.08,-11.5,2.14,0,7,形态: 10日内有涨停
002082,2026-07-07,12.17,12.29,0.99,5.75,1,3,趋势: 高于MA20 | 动量: 突破转强 (阳线上穿5/10)
002082,2026-07-03,11.59,12.29,6.04,11.04,1,5,动量: 突破转强 (阳线上穿5/10)
002082,2026-07-09,12.26,12.29,0.24,0.24,1,1,趋势: 高于MA20
002082,2026-07-01,11.0,12.29,11.73,17.0,1,7,"形态: 两连阴 (-3.41%, -2.14%)"
000859,2026-07-07,9.0,8.62,-4.22,-4.0,0,3,"形态: 10日内有涨停 | 形态: 两连阴 (-4.23%, -2.21%)"
000859,2026-07-03,9.51,8.62,-9.36,-2.21,0,5,形态: 10日内有涨停
000859,2026-07-09,8.64,8.62,-0.23,-0.23,0,1,"形态: 10日内有涨停 | 形态: 两连阴 (-3.23%, -6.00%)"
000859,2026-07-01,10.44,8.62,-17.43,-4.89,0,7,形态: 10日内有涨停
002264,2026-07-03,6.04,5.93,-1.82,-0.17,0,5,动量: 突破转强 (阳线上穿5/10)
002264,2026-07-09,5.78,5.93,2.6,2.6,1,1,"形态: 两连阴 (-2.65%, -0.17%)"
002810,2026-07-07,24.45,20.65,-15.54,-9.98,0,3,趋势: 高于MA20
002810,2026-07-03,25.52,20.65,-19.08,-3.57,0,5,趋势: 高于MA20 | 动量: 突破转强 (阳线上穿5/10)
002810,2026-07-09,21.2,20.65,-2.59,-2.59,0,1,"量能: 放量 (1.61X) | 形态: 两连阴 (-0.65%, -9.98%)"
002810,2026-07-01,25.66,20.65,-19.52,-0.55,0,7,趋势: 高于MA20 | 动量: 突破转强 (阳线上穿5/10)
600635,2026-07-03,4.54,4.35,-4.19,-3.3,0,5,动量: 突破转强 (阳线上穿5/10)
600635,2026-07-09,4.27,4.35,1.87,1.87,1,1,"形态: 两连阴 (-2.73%, -0.23%)"
600635,2026-07-01,4.42,4.35,-1.58,2.71,0,7,量能: 放量 (1.52X)
603070,2026-07-03,12.98,11.48,-11.56,-6.09,0,5,"形态: 两连阴 (-0.08%, -0.64%)"
603070,2026-07-09,11.35,11.48,1.15,1.15,1,1,"形态: 两连阴 (-4.02%, -3.25%)"
002599,2026-07-03,5.58,5.3,-5.02,-1.61,0,5,量能: 放量 (1.64X) | 动量: 突破转强 (阳线上穿5/10)
002599,2026-07-09,5.23,5.3,1.34,1.34,1,1,"形态: 两连阴 (-2.91%, -1.13%)"
600470,2026-07-07,6.9,6.96,0.87,0.87,1,3,形态: 10日内有涨停 | 趋势: 高于MA20 | 动量: 突破转强 (阳线上穿5/10)
600470,2026-07-03,6.08,6.96,14.47,14.47,1,5,形态: 10日内有涨停 | 趋势: 高于MA20
600470,2026-07-09,6.77,6.96,2.81,2.81,1,1,形态: 10日内有涨停 | 趋势: 高于MA20 | 动量: 突破转强 (阳线上穿5/10)
600470,2026-07-01,6.38,6.96,9.09,9.09,1,7,"形态: 10日内有涨停 | 形态: 两连阴 (-2.14%, -2.36%) | 趋势: 高于MA20 | 动量: 突破转强 (阳线上穿5/10)"
002491,2026-07-07,23.16,22.08,-4.66,0.6,0,3,"形态: 10日内有涨停 | 形态: 两连阴 (-4.36%, -5.26%)"
002491,2026-07-03,25.47,22.08,-13.31,-5.26,0,5,"趋势: 多头排列 (5>20>60) | 形态: 10日内有涨停 | 形态: 两连阴 (-8.67%, -10.00%)"
002491,2026-07-09,23.3,22.08,-5.24,-5.24,0,1,"形态: 两连阴 (-4.02%, -2.37%)"
002491,2026-07-01,29.59,22.08,-25.38,-10.0,0,7,"趋势: 多头排列 (5>20>60) | 形态: 10日内有涨停 | 形态: 两连阴 (-8.16%, -2.41%) | 趋势: 高于MA20"
002666,2026-07-03,4.07,3.88,-4.67,-0.74,0,5,动量: 突破转强 (阳线上穿5/10)
002666,2026-07-09,3.82,3.88,1.57,1.57,1,1,"形态: 两连阴 (-3.22%, -1.28%)"
603089,2026-07-03,8.93,8.33,-6.72,-1.34,0,5,动量: 突破转强 (阳线上穿5/10)
603089,2026-07-09,8.06,8.33,3.35,3.35,1,1,"量能: 放量 (1.54X) | 形态: 两连阴 (-4.88%, -1.79%)"
603089,2026-07-01,8.59,8.33,-3.03,3.96,0,7,"形态: 两连阴 (-0.24%, -0.36%)"
600577,2026-07-03,9.69,8.63,-10.94,-3.3,0,5,"形态: 两连阴 (-3.07%, -0.95%)"
600577,2026-07-09,8.64,8.63,-0.12,-0.12,0,1,"形态: 两连阴 (-5.34%, -2.37%)"
603637,2026-07-07,13.98,13.55,-3.08,-3.08,0,3,"形态: 两连阴 (-0.61%, -4.26%)"
603637,2026-07-01,14.32,13.55,-5.38,2.3,0,7,"形态: 10日内有涨停 | 形态: 两连阴 (-10.01%, -8.29%)"
002732,2026-07-03,13.01,12.75,-2.0,1.31,0,5,动量: 突破转强 (阳线上穿5/10)
002732,2026-07-09,12.5,12.75,2.0,2.0,1,1,"形态: 两连阴 (-3.49%, -0.55%)"
002732,2026-07-01,12.69,12.75,0.47,3.86,1,7,"形态: 两连阴 (-0.63%, -2.05%)"
601068,2026-07-09,4.2,4.28,1.9,1.9,1,1,"形态: 两连阴 (-2.97%, -0.71%)"
601068,2026-07-01,4.35,4.28,-1.61,1.15,0,7,"形态: 两连阴 (-0.90%, -1.82%)"
002201,2026-07-03,10.31,8.92,-13.48,-9.02,0,5,"形态: 两连阴 (-2.01%, -3.92%)"
002201,2026-07-09,8.7,8.92,2.53,2.53,1,1,"形态: 两连阴 (-4.37%, -3.79%)"
002201,2026-07-01,10.71,8.92,-16.71,-3.73,0,7,形态: 10日内有涨停
001299,2026-07-03,10.43,9.97,-4.41,-0.67,0,5,动量: 突破转强 (阳线上穿5/10)
001299,2026-07-09,9.93,9.97,0.4,0.4,1,1,"形态: 两连阴 (-1.74%, -0.79%)"
002849,2026-07-07,15.54,14.96,-3.73,-1.03,0,3,"形态: 10日内有涨停 | 形态: 两连阴 (-1.27%, -3.17%)"
002849,2026-07-03,16.38,14.96,-8.67,-3.17,0,5,"形态: 10日内有涨停 | 形态: 两连阴 (-0.12%, -1.83%)"
002849,2026-07-09,15.24,14.96,-1.84,-1.84,0,1,"形态: 10日内有涨停 | 形态: 两连阴 (-2.02%, -1.03%)"
002849,2026-07-01,16.9,14.96,-11.48,-1.83,0,7,形态: 10日内有涨停 | 趋势: 高于MA20
000155,2026-07-09,10.98,10.9,-0.73,-0.73,0,1,"形态: 两连阴 (-1.83%, -4.75%)"
002403,2026-07-07,10.6,9.81,-7.45,-7.45,0,3,形态: 10日内有涨停 | 趋势: 高于MA20
002403,2026-07-03,10.71,9.81,-8.4,9.99,0,5,形态: 10日内有涨停 | 趋势: 高于MA20 | 动量: 突破转强 (阳线上穿5/10)
002403,2026-07-09,9.69,9.81,1.24,1.24,1,1,"形态: 10日内有涨停 | 形态: 两连阴 (-10.02%, -7.55%)"
002403,2026-07-01,9.81,9.81,0.0,20.08,0,7,量能: 放量 (1.55X) | 形态: 10日内有涨停 | 趋势: 高于MA20 | 动量: 突破转强 (阳线上穿5/10)
600552,2026-07-07,23.48,22.13,-5.75,-0.64,0,3,"趋势: 多头排列 (5>20>60) | 形态: 10日内有涨停 | 形态: 两连阴 (-5.08%, -7.25%)"
600552,2026-07-03,25.39,22.13,-12.84,-7.25,0,5,"趋势: 多头排列 (5>20>60) | 形态: 10日内有涨停 | 形态: 两连阴 (-8.99%, -9.78%) | 趋势: 高于MA20"
600552,2026-07-09,23.33,22.13,-5.14,-5.14,0,1,"形态: 10日内有涨停 | 形态: 两连阴 (-0.30%, -6.60%)"
600552,2026-07-01,29.65,22.13,-25.36,-9.78,0,7,趋势: 多头排列 (5>20>60) | 形态: 10日内有涨停 | 趋势: 高于MA20
600965,2026-07-03,2.8,2.73,-2.5,-2.5,0,5,动量: 突破转强 (阳线上穿5/10)
600965,2026-07-01,2.68,2.73,1.87,4.48,1,7,动量: 突破转强 (阳线上穿5/10)
600973,2026-07-01,7.13,6.27,-12.06,-7.15,0,7,动量: 突破转强 (阳线上穿5/10)
600651,2026-07-07,5.43,5.65,4.05,4.05,1,3,"形态: 两连阴 (-0.18%, -0.18%)"
600651,2026-07-09,5.47,5.65,3.29,3.29,1,1,"形态: 两连阴 (-2.34%, -0.55%)"
002212,2026-07-03,5.74,5.78,0.7,0.7,1,5,"形态: 两连阴 (-2.17%, -2.22%)"
603598,2026-07-07,15.98,16.64,4.13,4.13,1,3,"形态: 两连阴 (-8.36%, -3.39%)"
002434,2026-07-07,6.28,6.0,-4.46,-3.18,0,3,形态: 10日内有涨停
002434,2026-07-03,6.67,6.0,-10.04,-2.85,0,5,形态: 10日内有涨停 | 趋势: 高于MA20 | 动量: 突破转强 (阳线上穿5/10)
002434,2026-07-09,6.0,6.0,0.0,0.0,0,1,"形态: 10日内有涨停 | 形态: 两连阴 (-3.09%, -3.18%)"
600137,2026-07-03,17.4,16.74,-3.79,-0.75,0,5,动量: 突破转强 (阳线上穿5/10)
600137,2026-07-09,16.2,16.74,3.33,3.33,1,1,"形态: 两连阴 (-3.42%, -1.80%)"
000070,2026-07-03,17.99,18.0,0.06,4.45,1,5,"形态: 10日内有涨停 | 形态: 两连阴 (-5.95%, -8.67%)"
000070,2026-07-09,18.18,18.0,-0.99,-0.99,0,1,"形态: 两连阴 (-3.25%, -4.18%)"
000070,2026-07-01,19.6,18.0,-8.16,-4.13,0,7,趋势: 多头排列 (5>20>60) | 形态: 10日内有涨停
000812,2026-07-03,3.25,3.2,-1.54,-1.54,0,5,动量: 突破转强 (阳线上穿5/10)
002208,2026-07-07,17.66,19.43,10.02,10.02,1,3,趋势: 多头排列 (5>20>60) | 形态: 10日内有涨停 | 趋势: 高于MA20
002208,2026-07-03,19.22,19.43,1.09,1.09,1,5,"趋势: 多头排列 (5>20>60) | 形态: 10日内有涨停 | 形态: 两连阴 (-0.10%, -5.64%) | 趋势: 高于MA20"
002208,2026-07-09,19.12,19.43,1.62,1.62,1,1,"趋势: 多头排列 (5>20>60) | 形态: 10日内有涨停 | 形态: 两连阴 (-4.28%, -1.59%) | 趋势: 高于MA20 | 动量: 突破转强 (阳线上穿5/10)"
002208,2026-07-01,20.2,19.43,-3.81,-3.81,0,7,趋势: 多头排列 (5>20>60) | 形态: 10日内有涨停 | 趋势: 高于MA20
002137,2026-07-07,11.43,12.02,5.16,7.17,1,3,趋势: 多头排列 (5>20>60) | 形态: 10日内有涨停 | 趋势: 高于MA20 | 动量: 突破转强 (阳线上穿5/10)
002137,2026-07-03,10.42,12.02,15.36,17.56,1,5,"趋势: 多头排列 (5>20>60) | 形态: 两连阴 (-6.35%, -8.17%)"
002137,2026-07-09,12.25,12.02,-1.88,-1.88,0,1,趋势: 多头排列 (5>20>60) | 形态: 10日内有涨停 | 趋势: 高于MA20 | 动量: 突破转强 (阳线上穿5/10)
002137,2026-07-01,10.77,12.02,11.61,13.74,1,7,趋势: 多头排列 (5>20>60) | 趋势: 高于MA20
002010,2026-07-03,4.7,4.59,-2.34,0.85,0,5,动量: 突破转强 (阳线上穿5/10)
002010,2026-07-09,4.53,4.59,1.32,1.32,1,1,"形态: 两连阴 (-3.16%, -0.22%)"
002010,2026-07-01,4.58,4.59,0.22,3.49,1,7,"形态: 两连阴 (-0.22%, -1.97%)"
605208,2026-07-07,16.9,18.86,11.6,11.6,1,3,趋势: 多头排列 (5>20>60) | 形态: 10日内有涨停 | 趋势: 高于MA20
605208,2026-07-03,16.87,18.86,11.8,11.8,1,5,趋势: 多头排列 (5>20>60) | 形态: 10日内有涨停 | 趋势: 高于MA20 | 动量: 突破转强 (阳线上穿5/10)
605208,2026-07-09,18.3,18.86,3.06,3.06,1,1,趋势: 多头排列 (5>20>60) | 形态: 10日内有涨停 | 趋势: 高于MA20 | 动量: 突破转强 (阳线上穿5/10)
605208,2026-07-01,16.55,18.86,13.96,13.96,1,7,形态: 10日内有涨停 | 趋势: 高于MA20 | 动量: 突破转强 (阳线上穿5/10)
002575,2026-07-07,4.64,4.87,4.96,4.96,1,3,"形态: 两连阴 (-2.78%, -10.00%)"
000065,2026-07-07,9.19,8.92,-2.94,-2.5,0,3,"形态: 两连阴 (-0.31%, -3.28%)"
000065,2026-07-09,8.88,8.92,0.45,0.45,1,1,"形态: 两连阴 (-2.75%, -2.50%)"
000065,2026-07-01,9.84,8.92,-9.35,-0.41,0,7,"形态: 两连阴 (-3.75%, -1.80%)"
603366,2026-07-07,6.93,6.6,-4.76,-4.76,0,3,形态: 10日内有涨停 | 趋势: 高于MA20
603366,2026-07-03,7.06,6.6,-6.52,2.69,0,5,形态: 10日内有涨停 | 趋势: 高于MA20
603366,2026-07-09,6.49,6.6,1.69,1.69,1,1,"形态: 10日内有涨停 | 形态: 两连阴 (-4.41%, -6.64%)"
603366,2026-07-01,7.41,6.6,-10.93,-2.16,0,7,量能: 放量 (2.32X) | 形态: 10日内有涨停 | 趋势: 高于MA20 | 动量: 突破转强 (阳线上穿5/10)
603002,2026-07-07,20.79,19.0,-8.61,-3.51,0,3,"趋势: 多头排列 (5>20>60) | 形态: 两连阴 (-1.80%, -4.07%)"
603002,2026-07-03,22.38,19.0,-15.1,-4.07,0,5,"趋势: 多头排列 (5>20>60) | 形态: 10日内有涨停 | 形态: 两连阴 (-1.61%, -4.16%) | 趋势: 高于MA20"
603002,2026-07-09,20.06,19.0,-5.28,-5.28,0,1,"形态: 两连阴 (-3.17%, -4.76%)"
603002,2026-07-01,23.78,19.0,-20.1,-4.16,0,7,"趋势: 多头排列 (5>20>60) | 形态: 10日内有涨停 | 形态: 两连阴 (-7.28%, -0.62%) | 趋势: 高于MA20"
603567,2026-07-07,4.65,4.78,2.8,2.8,1,3,形态: 10日内有涨停
603567,2026-07-03,4.79,4.78,-0.21,-0.21,0,5,形态: 10日内有涨停 | 动量: 突破转强 (阳线上穿5/10)
603567,2026-07-09,4.62,4.78,3.46,3.46,1,1,形态: 10日内有涨停
603567,2026-07-01,4.82,4.78,-0.83,-0.62,0,7,形态: 10日内有涨停 | 动量: 突破转强 (阳线上穿5/10)
000338,2026-07-07,29.72,27.57,-7.23,-6.09,0,3,趋势: 高于MA20 | 动量: 突破转强 (阳线上穿5/10)
002772,2026-07-07,12.64,12.72,0.63,2.77,1,3,趋势: 高于MA20
002772,2026-07-03,13.88,12.72,-8.36,-5.55,0,5,量能: 放量 (2.02X) | 趋势: 高于MA20 | 动量: 突破转强 (阳线上穿5/10)
002772,2026-07-09,12.6,12.72,0.95,0.95,1,1,趋势: 高于MA20
002636,2026-07-07,100.03,96.64,-3.39,-0.47,0,3,"趋势: 多头排列 (5>20>60) | 形态: 两连阴 (-4.15%, -9.50%)"
002636,2026-07-03,106.95,96.64,-9.64,-6.47,0,5,趋势: 多头排列 (5>20>60) | 趋势: 高于MA20
002636,2026-07-01,111.36,96.64,-13.22,0.2,0,7,趋势: 多头排列 (5>20>60) | 趋势: 高于MA20
002675,2026-07-07,12.62,12.83,1.66,1.66,1,3,趋势: 高于MA20
002675,2026-07-03,12.92,12.83,-0.7,0.08,0,5,趋势: 高于MA20 | 动量: 突破转强 (阳线上穿5/10)
002675,2026-07-09,12.37,12.83,3.72,3.72,1,1,"形态: 两连阴 (-2.40%, -0.48%)"
002675,2026-07-01,12.78,12.83,0.39,1.17,1,7,趋势: 高于MA20 | 动量: 突破转强 (阳线上穿5/10)
001318,2026-07-03,10.45,10.18,-2.58,0.67,0,5,动量: 突破转强 (阳线上穿5/10)
601600,2026-07-03,8.33,8.35,0.24,1.8,1,5,"形态: 两连阴 (-0.24%, -0.37%)"
601600,2026-07-09,8.1,8.35,3.09,3.09,1,1,"形态: 两连阴 (-2.59%, -0.97%)"
000957,2026-07-03,9.86,9.32,-5.48,-0.2,0,5,动量: 突破转强 (阳线上穿5/10)
000957,2026-07-09,9.26,9.32,0.65,0.65,1,1,"形态: 两连阴 (-2.54%, -1.25%)"
002669,2026-07-07,15.07,13.54,-10.15,-6.24,0,3,"形态: 两连阴 (-6.03%, -9.43%)"
002669,2026-07-03,17.29,13.54,-21.69,-9.43,0,5,趋势: 多头排列 (5>20>60)
002669,2026-07-09,13.95,13.54,-2.94,-2.94,0,1,"形态: 两连阴 (-3.77%, -6.24%)"
002669,2026-07-01,17.84,13.54,-24.1,3.14,0,7,趋势: 多头排列 (5>20>60) | 趋势: 高于MA20 | 动量: 突破转强 (阳线上穿5/10)
600156,2026-07-07,8.62,8.39,-2.67,-2.67,0,3,"形态: 10日内有涨停 | 形态: 两连阴 (-0.10%, -3.78%)"
600156,2026-07-03,9.52,8.39,-11.87,-3.78,0,5,量能: 放量 (2.09X) | 形态: 10日内有涨停 | 趋势: 高于MA20
600156,2026-07-09,8.34,8.39,0.6,0.6,1,1,"形态: 10日内有涨停 | 形态: 两连阴 (-5.90%, -3.71%)"
000633,2026-07-03,4.99,4.85,-2.81,0.0,0,5,动量: 突破转强 (阳线上穿5/10)
000633,2026-07-09,4.77,4.85,1.68,1.68,1,1,"形态: 两连阴 (-2.40%, -1.85%)"
600250,2026-07-03,8.1,7.9,-2.47,-1.36,0,5,动量: 突破转强 (阳线上穿5/10)
600250,2026-07-09,7.66,7.9,3.13,3.13,1,1,"形态: 两连阴 (-2.50%, -0.26%)"
600084,2026-07-03,4.24,4.32,1.89,8.02,1,5,趋势: 高于MA20 | 动量: 突破转强 (阳线上穿5/10)
002023,2026-07-07,12.19,11.57,-5.09,-5.0,0,3,"趋势: 多头排列 (5>20>60) | 形态: 两连阴 (-2.53%, -2.68%)"
002023,2026-07-03,12.7,11.57,-8.9,-2.68,0,5,趋势: 多头排列 (5>20>60) | 趋势: 高于MA20
002023,2026-07-09,11.53,11.57,0.35,0.35,1,1,"形态: 两连阴 (-1.38%, -5.00%)"
002023,2026-07-01,13.48,11.57,-14.17,-3.34,0,7,趋势: 多头排列 (5>20>60) | 趋势: 高于MA20 | 动量: 突破转强 (阳线上穿5/10)
002716,2026-07-03,8.44,7.93,-6.04,2.01,0,5,量能: 放量 (1.70X) | 动量: 突破转强 (阳线上穿5/10)
002716,2026-07-09,7.81,7.93,1.54,1.54,1,1,"形态: 两连阴 (-9.64%, -0.26%)"
603172,2026-07-07,16.65,16.57,-0.48,-0.48,0,3,"形态: 两连阴 (-1.01%, -2.56%)"
603172,2026-07-09,16.2,16.57,2.28,2.28,1,1,"形态: 两连阴 (-2.92%, -1.92%)"
603172,2026-07-01,16.75,16.57,-1.07,6.15,0,7,"形态: 两连阴 (-1.31%, -1.02%)"
002044,2026-07-07,4.39,4.64,5.69,5.69,1,3,"形态: 两连阴 (-2.57%, -3.46%)"
002372,2026-07-09,7.96,7.98,0.25,0.25,1,1,"量能: 放量 (1.53X) | 形态: 两连阴 (-1.40%, -2.95%)"
002115,2026-07-09,9.95,10.95,10.05,10.05,1,1,"形态: 两连阴 (-1.98%, -1.51%)"
603871,2026-07-03,11.11,11.25,1.26,4.14,1,5,动量: 突破转强 (阳线上穿5/10)
603871,2026-07-01,10.6,11.25,6.13,9.15,1,7,"形态: 两连阴 (-1.90%, -0.97%)"
603648,2026-07-03,9.15,9.43,3.06,3.06,1,5,动量: 突破转强 (阳线上穿5/10)
603648,2026-07-09,9.31,9.43,1.29,1.29,1,1,趋势: 高于MA20 | 动量: 突破转强 (阳线上穿5/10)
603648,2026-07-01,8.88,9.43,6.19,6.19,1,7,"形态: 两连阴 (-2.04%, -0.58%) | 动量: 突破转强 (阳线上穿5/10)"
000571,2026-07-07,6.52,6.4,-1.84,1.84,0,3,趋势: 多头排列 (5>20>60) | 趋势: 高于MA20
000571,2026-07-03,6.84,6.4,-6.43,0.29,0,5,趋势: 多头排列 (5>20>60) | 形态: 10日内有涨停 | 趋势: 高于MA20
000571,2026-07-09,6.49,6.4,-1.39,-1.39,0,1,趋势: 多头排列 (5>20>60) | 趋势: 高于MA20
000571,2026-07-01,6.64,6.4,-3.61,4.97,0,7,趋势: 多头排列 (5>20>60) | 形态: 10日内有涨停 | 趋势: 高于MA20 | 动量: 突破转强 (阳线上穿5/10)
600128,2026-07-09,7.62,7.8,2.36,2.36,1,1,"形态: 两连阴 (-3.27%, -0.65%)"
002302,2026-07-01,4.37,4.43,1.37,2.06,1,7,"形态: 两连阴 (-0.46%, -1.14%)"
603587,2026-07-03,11.84,11.46,-3.21,1.94,0,5,趋势: 高于MA20 | 动量: 突破转强 (阳线上穿5/10)
603587,2026-07-09,11.53,11.46,-0.61,-0.61,0,1,"形态: 两连阴 (-3.31%, -0.26%)"
603018,2026-07-09,5.28,5.28,0.0,0.0,0,1,"形态: 两连阴 (-1.11%, -0.37%)"
603018,2026-07-01,5.22,5.28,1.15,3.45,1,7,"形态: 两连阴 (-19.16%, -0.96%)"
000561,2026-07-03,7.64,7.58,-0.79,-0.79,0,5,动量: 突破转强 (阳线上穿5/10)
000561,2026-07-09,7.1,7.58,6.76,6.76,1,1,"形态: 两连阴 (-4.06%, -1.27%)"
000505,2026-07-03,5.3,5.34,0.75,0.75,1,5,动量: 突破转强 (阳线上穿5/10)
600331,2026-07-03,11.7,10.64,-9.06,-3.76,0,5,动量: 突破转强 (阳线上穿5/10)
000520,2026-07-07,4.59,4.34,-5.45,-4.14,0,3,趋势: 多头排列 (5>20>60) | 形态: 10日内有涨停 | 趋势: 高于MA20
000520,2026-07-03,4.55,4.34,-4.62,3.3,0,5,量能: 放量 (1.84X) | 形态: 10日内有涨停 | 趋势: 高于MA20 | 动量: 突破转强 (阳线上穿5/10)
000520,2026-07-09,4.32,4.34,0.46,0.46,1,1,"趋势: 多头排列 (5>20>60) | 形态: 10日内有涨停 | 形态: 两连阴 (-2.34%, -4.14%) | 趋势: 高于MA20"
000520,2026-07-01,4.1,4.34,5.85,14.63,1,7,形态: 10日内有涨停 | 动量: 突破转强 (阳线上穿5/10)
600721,2026-07-03,6.96,6.8,-2.3,0.86,0,5,动量: 突破转强 (阳线上穿5/10)
600721,2026-07-09,6.55,6.8,3.82,3.82,1,1,"形态: 两连阴 (-3.13%, -1.62%)"
002951,2026-07-07,14.84,14.51,-2.22,9.97,0,3,形态: 10日内有涨停 | 动量: 突破转强 (阳线上穿5/10)
002951,2026-07-09,15.8,14.51,-8.16,-8.16,0,1,量能: 放量 (1.96X) | 形态: 10日内有涨停 | 趋势: 高于MA20
002951,2026-07-01,13.35,14.51,8.69,22.25,1,7,"形态: 两连阴 (-2.86%, -1.62%)"
600415,2026-07-03,10.62,10.17,-4.24,0.0,0,5,动量: 突破转强 (阳线上穿5/10)
600415,2026-07-09,9.95,10.17,2.21,2.21,1,1,"形态: 两连阴 (-3.48%, -2.34%)"
600415,2026-07-01,10.39,10.17,-2.12,2.21,0,7,动量: 突破转强 (阳线上穿5/10)
002105,2026-07-03,5.21,5.04,-3.26,-1.15,0,5,动量: 突破转强 (阳线上穿5/10)
002105,2026-07-09,4.9,5.04,2.86,2.86,1,1,"形态: 两连阴 (-3.88%, -1.21%)"
600510,2026-07-07,6.88,6.9,0.29,0.29,1,3,"形态: 两连阴 (-2.66%, -3.14%)"
600510,2026-07-09,6.69,6.9,3.14,3.14,1,1,"形态: 两连阴 (-3.10%, -2.47%)"
600510,2026-07-01,7.83,6.9,-11.88,-3.83,0,7,趋势: 高于MA20 | 动量: 突破转强 (阳线上穿5/10)
603189,2026-07-07,10.25,10.05,-1.95,0.0,0,3,"形态: 两连阴 (-1.93%, -3.57%)"
603189,2026-07-03,11.2,10.05,-10.27,-3.57,0,5,趋势: 高于MA20
603189,2026-07-01,10.91,10.05,-7.88,4.67,0,7,动量: 突破转强 (阳线上穿5/10)
002998,2026-07-07,7.0,7.13,1.86,1.86,1,3,"形态: 10日内有涨停 | 形态: 两连阴 (-2.48%, -2.68%)"
002998,2026-07-03,7.46,7.13,-4.42,-2.68,0,5,量能: 放量 (1.94X) | 形态: 10日内有涨停 | 趋势: 高于MA20
002998,2026-07-09,6.81,7.13,4.7,4.7,1,1,"形态: 10日内有涨停 | 形态: 两连阴 (-3.58%, -3.00%)"
002998,2026-07-01,6.95,7.13,2.59,10.07,1,7,量能: 放量 (2.24X) | 动量: 突破转强 (阳线上穿5/10)
603327,2026-07-07,8.6,8.2,-4.65,-3.49,0,3,形态: 10日内有涨停
603327,2026-07-03,8.86,8.2,-7.45,-2.93,0,5,"形态: 10日内有涨停 | 形态: 两连阴 (-1.89%, -3.25%)"
603327,2026-07-09,8.23,8.2,-0.36,-0.36,0,1,形态: 10日内有涨停
603327,2026-07-01,8.32,8.2,-1.44,6.49,0,7,"形态: 两连阴 (-9.96%, -3.31%)"
603221,2026-07-07,11.99,12.05,0.5,0.5,1,3,量能: 放量 (1.74X) | 形态: 10日内有涨停 | 趋势: 高于MA20 | 动量: 突破转强 (阳线上穿5/10)
603221,2026-07-03,10.71,12.05,12.51,12.51,1,5,量能: 放量 (2.25X) | 动量: 突破转强 (阳线上穿5/10)
603221,2026-07-09,11.71,12.05,2.9,2.9,1,1,形态: 10日内有涨停 | 趋势: 高于MA20 | 动量: 突破转强 (阳线上穿5/10)
001205,2026-07-09,13.19,13.31,0.91,0.91,1,1,"形态: 两连阴 (-2.39%, -0.82%)"
001205,2026-07-01,13.92,13.31,-4.38,-0.72,0,7,"形态: 两连阴 (-1.35%, -1.30%)"
603738,2026-07-07,49.63,46.57,-6.17,-3.08,0,3,"形态: 10日内有涨停 | 形态: 两连阴 (-9.99%, -3.31%)"
603738,2026-07-03,53.51,46.57,-12.97,-3.31,0,5,趋势: 多头排列 (5>20>60) | 形态: 10日内有涨停
603738,2026-07-09,48.1,46.57,-3.18,-3.18,0,1,"形态: 10日内有涨停 | 形态: 两连阴 (-4.08%, -7.39%)"
603738,2026-07-01,66.06,46.57,-29.5,-10.01,0,7,趋势: 多头排列 (5>20>60) | 形态: 10日内有涨停 | 趋势: 高于MA20 | 动量: 突破转强 (阳线上穿5/10)
000759,2026-07-07,5.89,6.66,13.07,13.07,1,3,"趋势: 多头排列 (5>20>60) | 形态: 10日内有涨停 | 形态: 两连阴 (-7.35%, -3.49%)"
000759,2026-07-03,6.3,6.66,5.71,5.71,1,5,趋势: 多头排列 (5>20>60) | 形态: 10日内有涨停 | 趋势: 高于MA20
000759,2026-07-09,6.58,6.66,1.22,1.22,1,1,趋势: 多头排列 (5>20>60) | 形态: 10日内有涨停 | 趋势: 高于MA20 | 动量: 突破转强 (阳线上穿5/10)
000759,2026-07-01,6.46,6.66,3.1,5.26,1,7,趋势: 多头排列 (5>20>60) | 形态: 10日内有涨停 | 趋势: 高于MA20 | 动量: 突破转强 (阳线上穿5/10)
603105,2026-07-03,7.09,6.71,-5.36,-2.68,0,5,动量: 突破转强 (阳线上穿5/10)
603105,2026-07-09,6.57,6.71,2.13,2.13,1,1,"形态: 两连阴 (-3.48%, -0.45%)"
603105,2026-07-01,6.97,6.71,-3.73,1.72,0,7,"形态: 两连阴 (-0.29%, -0.58%)"
600692,2026-07-09,5.31,5.51,3.77,3.77,1,1,"形态: 两连阴 (-4.08%, -0.55%)"
600692,2026-07-01,5.61,5.51,-1.78,0.89,0,7,"形态: 两连阴 (-0.72%, -1.09%)"
000811,2026-07-07,52.6,53.47,1.65,4.77,1,3,趋势: 多头排列 (5>20>60) | 形态: 10日内有涨停 | 趋势: 高于MA20
000811,2026-07-03,52.65,53.47,1.56,4.67,1,5,"趋势: 多头排列 (5>20>60) | 形态: 10日内有涨停 | 形态: 两连阴 (-2.35%, -7.30%) | 趋势: 高于MA20"
000811,2026-07-09,55.11,53.47,-2.98,-2.98,0,1,"趋势: 多头排列 (5>20>60) | 形态: 10日内有涨停 | 形态: 两连阴 (-1.92%, -4.75%) | 趋势: 高于MA20 | 动量: 突破转强 (阳线上穿5/10)"
000811,2026-07-01,54.9,53.47,-2.6,0.38,0,7,趋势: 多头排列 (5>20>60) | 形态: 10日内有涨停 | 趋势: 高于MA20
000598,2026-07-09,6.71,6.73,0.3,0.3,1,1,趋势: 高于MA20
000632,2026-07-03,3.45,3.37,-2.32,0.0,0,5,趋势: 高于MA20 | 动量: 突破转强 (阳线上穿5/10)
000632,2026-07-09,3.45,3.37,-2.32,-2.32,0,1,趋势: 高于MA20 | 动量: 突破转强 (阳线上穿5/10)
000632,2026-07-01,3.2,3.37,5.31,7.81,1,7,动量: 突破转强 (阳线上穿5/10)
600538,2026-07-03,5.99,5.27,-12.02,-2.0,0,5,趋势: 高于MA20 | 动量: 突破转强 (阳线上穿5/10)
600538,2026-07-09,5.41,5.27,-2.59,-2.59,0,1,"形态: 两连阴 (-3.75%, -3.01%)"
603177,2026-07-09,7.96,8.65,8.67,8.67,1,1,"形态: 两连阴 (-2.62%, -2.56%)"
603177,2026-07-01,8.49,8.65,1.88,1.88,1,7,形态: 10日内有涨停
002749,2026-07-03,8.16,7.97,-2.33,1.1,0,5,动量: 突破转强 (阳线上穿5/10)
600719,2026-07-03,7.74,7.79,0.65,0.65,1,5,形态: 10日内有涨停
600719,2026-07-09,7.54,7.79,3.32,3.32,1,1,"形态: 两连阴 (-3.74%, -1.74%)"
600719,2026-07-01,8.06,7.79,-3.35,-3.35,0,7,"形态: 10日内有涨停 | 形态: 两连阴 (-7.51%, -2.16%)"
605077,2026-07-09,10.35,10.54,1.84,1.84,1,1,"形态: 两连阴 (-3.95%, -1.31%)"
605077,2026-07-01,10.96,10.54,-3.83,1.73,0,7,"形态: 两连阴 (-0.09%, -2.08%)"
002639,2026-07-07,12.46,12.59,1.04,1.04,1,3,"形态: 10日内有涨停 | 形态: 两连阴 (-0.73%, -4.33%)"
002639,2026-07-03,13.64,12.59,-7.7,-4.33,0,5,形态: 10日内有涨停
002639,2026-07-09,12.17,12.59,3.45,3.45,1,1,"形态: 10日内有涨停 | 形态: 两连阴 (-4.52%, -2.65%)"
002639,2026-07-01,14.12,12.59,-10.84,-2.69,0,7,形态: 10日内有涨停 | 动量: 突破转强 (阳线上穿5/10)
600197,2026-07-03,10.02,9.79,-2.3,0.0,0,5,动量: 突破转强 (阳线上穿5/10)
600197,2026-07-09,9.54,9.79,2.62,2.62,1,1,"形态: 两连阴 (-2.99%, -0.51%)"
600197,2026-07-01,9.89,9.79,-1.01,1.31,0,7,动量: 突破转强 (阳线上穿5/10)
000932,2026-07-09,3.4,3.5,2.94,2.94,1,1,"形态: 两连阴 (-2.80%, -0.58%)"
603033,2026-07-07,9.19,8.3,-9.68,-7.83,0,3,形态: 10日内有涨停
603033,2026-07-03,9.95,8.3,-16.58,2.61,0,5,形态: 10日内有涨停 | 趋势: 高于MA20
603033,2026-07-09,8.47,8.3,-2.01,-2.01,0,1,"形态: 10日内有涨停 | 形态: 两连阴 (-9.99%, -8.05%)"
603033,2026-07-01,9.99,8.3,-16.92,4.1,0,7,量能: 放量 (1.62X) | 形态: 10日内有涨停 | 趋势: 高于MA20
002228,2026-07-07,3.09,3.06,-0.97,-0.97,0,3,动量: 突破转强 (阳线上穿5/10)
002228,2026-07-03,3.09,3.06,-0.97,0.0,0,5,动量: 突破转强 (阳线上穿5/10)
600039,2026-07-07,8.47,8.44,-0.35,3.07,0,3,趋势: 高于MA20
600039,2026-07-03,8.45,8.44,-0.12,3.31,0,5,趋势: 高于MA20 | 动量: 突破转强 (阳线上穿5/10)
600039,2026-07-09,8.5,8.44,-0.71,-0.71,0,1,趋势: 高于MA20
002757,2026-07-09,17.91,18.0,0.5,0.5,1,1,量能: 放量 (1.80X) | 形态: 10日内有涨停
603879,2026-07-03,4.65,4.46,-4.09,-1.29,0,5,动量: 突破转强 (阳线上穿5/10)
603879,2026-07-09,4.29,4.46,3.96,3.96,1,1,"形态: 两连阴 (-5.23%, -1.15%)"
603879,2026-07-01,4.63,4.46,-3.67,0.43,0,7,动量: 突破转强 (阳线上穿5/10)
601366,2026-07-03,3.44,3.44,0.0,0.29,0,5,动量: 突破转强 (阳线上穿5/10)
000559,2026-07-03,14.22,12.02,-15.47,-7.74,0,5,量能: 放量 (1.92X) | 趋势: 高于MA20 | 动量: 突破转强 (阳线上穿5/10)
000559,2026-07-09,11.94,12.02,0.67,0.67,1,1,"形态: 两连阴 (-3.96%, -6.43%)"
000551,2026-07-07,19.2,18.65,-2.86,-2.86,0,3,趋势: 多头排列 (5>20>60) | 形态: 10日内有涨停 | 趋势: 高于MA20
000551,2026-07-03,20.5,18.65,-9.02,-2.93,0,5,趋势: 多头排列 (5>20>60) | 形态: 10日内有涨停 | 趋势: 高于MA20 | 动量: 突破转强 (阳线上穿5/10)
000551,2026-07-09,18.44,18.65,1.14,1.14,1,1,"趋势: 多头排列 (5>20>60) | 形态: 10日内有涨停 | 形态: 两连阴 (-3.52%, -8.23%) | 趋势: 高于MA20"
000551,2026-07-01,21.0,18.65,-11.19,-2.38,0,7,趋势: 多头排列 (5>20>60) | 形态: 10日内有涨停 | 趋势: 高于MA20 | 动量: 突破转强 (阳线上穿5/10)
600523,2026-07-03,11.2,11.38,1.61,1.61,1,5,趋势: 高于MA20 | 动量: 突破转强 (阳线上穿5/10)
600523,2026-07-09,11.33,11.38,0.44,0.44,1,1,"量能: 放量 (1.55X) | 形态: 两连阴 (-2.89%, -0.28%) | 趋势: 高于MA20 | 动量: 突破转强 (阳线上穿5/10)"
600523,2026-07-01,10.9,11.38,4.4,4.4,1,7,动量: 突破转强 (阳线上穿5/10)
600515,2026-07-09,2.71,2.81,3.69,3.69,1,1,"形态: 两连阴 (-2.14%, -0.36%)"
600099,2026-07-03,8.61,8.34,-3.14,-1.05,0,5,动量: 突破转强 (阳线上穿5/10)
600099,2026-07-09,8.09,8.34,3.09,3.09,1,1,"形态: 两连阴 (-3.99%, -1.59%)"
603421,2026-07-09,5.89,5.95,1.02,1.02,1,1,"形态: 两连阴 (-2.34%, -0.51%)"
000973,2026-07-07,14.58,12.15,-16.67,-9.95,0,3,"量能: 放量 (1.90X) | 形态: 10日内有涨停 | 形态: 两连阴 (-3.17%, -3.71%) | 趋势: 高于MA20 | 动量: 突破转强 (阳线上穿5/10)"
000973,2026-07-03,13.76,12.15,-11.7,5.96,0,5,"形态: 两连阴 (-0.49%, -0.49%)"
000973,2026-07-09,12.5,12.15,-2.8,-2.8,0,1,形态: 10日内有涨停
000973,2026-07-01,14.28,12.15,-14.92,2.1,0,7,趋势: 高于MA20
002887,2026-07-03,10.76,10.35,-3.81,-0.37,0,5,动量: 突破转强 (阳线上穿5/10)
002887,2026-07-09,10.72,10.35,-3.45,-3.45,0,1,"形态: 两连阴 (-0.47%, -2.27%) | 动量: 突破转强 (阳线上穿5/10)"
600706,2026-07-03,7.07,6.99,-1.13,-0.99,0,5,动量: 突破转强 (阳线上穿5/10)
600706,2026-07-01,6.95,6.99,0.58,1.73,1,7,"形态: 两连阴 (-0.29%, -1.46%)"
002531,2026-07-03,8.52,7.56,-11.27,-6.69,0,5,"形态: 两连阴 (-1.42%, -1.32%)"
002531,2026-07-09,7.52,7.56,0.53,0.53,1,1,"形态: 两连阴 (-2.14%, -2.96%)"
000856,2026-07-03,7.68,7.39,-3.78,-1.56,0,5,动量: 突破转强 (阳线上穿5/10)
000856,2026-07-09,7.17,7.39,3.07,3.07,1,1,"形态: 两连阴 (-3.97%, -1.38%)"
002052,2026-07-07,7.93,8.08,1.89,1.89,1,3,"形态: 10日内有涨停 | 形态: 两连阴 (-1.65%, -4.20%)"
002052,2026-07-03,8.34,8.08,-3.12,-3.12,0,5,形态: 10日内有涨停
002052,2026-07-09,8.08,8.08,0.0,0.0,0,1,"形态: 10日内有涨停 | 形态: 两连阴 (-0.75%, -1.51%) | 动量: 突破转强 (阳线上穿5/10)"
002052,2026-07-01,8.55,8.08,-5.5,-0.82,0,7,量能: 放量 (1.50X) | 形态: 10日内有涨停 | 动量: 突破转强 (阳线上穿5/10)
000036,2026-07-07,4.16,4.1,-1.44,-1.44,0,3,"形态: 两连阴 (-0.46%, -0.93%)"
000036,2026-07-09,4.06,4.1,0.99,0.99,1,1,"形态: 两连阴 (-2.80%, -1.92%)"
000036,2026-07-01,4.41,4.1,-7.03,-1.59,0,7,"形态: 两连阴 (-0.22%, -2.24%)"
600857,2026-07-07,19.46,20.19,3.75,3.75,1,3,"趋势: 多头排列 (5>20>60) | 形态: 10日内有涨停 | 形态: 两连阴 (-5.88%, -4.04%) | 趋势: 高于MA20"
600857,2026-07-03,21.3,20.19,-5.21,-4.04,0,5,趋势: 多头排列 (5>20>60) | 形态: 10日内有涨停 | 趋势: 高于MA20
600857,2026-07-09,19.4,20.19,4.07,4.07,1,1,"趋势: 多头排列 (5>20>60) | 形态: 10日内有涨停 | 形态: 两连阴 (-4.79%, -1.44%) | 趋势: 高于MA20"
600857,2026-07-01,21.91,20.19,-7.85,3.29,0,7,趋势: 多头排列 (5>20>60) | 形态: 10日内有涨停 | 趋势: 高于MA20 | 动量: 突破转强 (阳线上穿5/10)
603166,2026-07-07,11.73,10.87,-7.33,-6.73,0,3,形态: 10日内有涨停
603166,2026-07-03,14.24,10.87,-23.67,-8.5,0,5,形态: 10日内有涨停
603166,2026-07-09,10.9,10.87,-0.28,-0.28,0,1,"形态: 10日内有涨停 | 形态: 两连阴 (-9.98%, -6.73%)"
603166,2026-07-01,14.71,10.87,-26.1,-3.2,0,7,"形态: 10日内有涨停 | 形态: 两连阴 (-2.49%, -2.27%) | 趋势: 高于MA20"
600028,2026-07-07,4.8,4.76,-0.83,0.63,0,3,趋势: 高于MA20
600028,2026-07-03,4.7,4.76,1.28,2.77,1,5,动量: 突破转强 (阳线上穿5/10)
600028,2026-07-09,4.81,4.76,-1.04,-1.04,0,1,趋势: 高于MA20
600372,2026-07-07,11.13,11.58,4.04,4.04,1,3,趋势: 高于MA20 | 动量: 突破转强 (阳线上穿5/10)
600372,2026-07-03,11.24,11.58,3.02,3.02,1,5,趋势: 高于MA20 | 动量: 突破转强 (阳线上穿5/10)
600372,2026-07-09,11.26,11.58,2.84,2.84,1,1,趋势: 高于MA20 | 动量: 突破转强 (阳线上穿5/10)
600372,2026-07-01,11.01,11.58,5.18,5.18,1,7,趋势: 高于MA20 | 动量: 突破转强 (阳线上穿5/10)
600769,2026-07-07,18.11,17.62,-2.71,-2.71,0,3,趋势: 多头排列 (5>20>60) | 形态: 10日内有涨停
600769,2026-07-03,21.78,17.62,-19.1,-10.01,0,5,趋势: 多头排列 (5>20>60) | 形态: 10日内有涨停 | 趋势: 高于MA20 | 动量: 突破转强 (阳线上穿5/10)
600769,2026-07-09,17.5,17.62,0.69,0.69,1,1,"形态: 10日内有涨停 | 形态: 两连阴 (-7.60%, -5.30%)"
600769,2026-07-01,20.7,17.62,-14.88,5.22,0,7,"趋势: 多头排列 (5>20>60) | 形态: 10日内有涨停 | 形态: 两连阴 (-0.48%, -0.92%) | 趋势: 高于MA20"
000729,2026-07-07,11.09,10.85,-2.16,-0.18,0,3,趋势: 高于MA20 | 动量: 突破转强 (阳线上穿5/10)
000729,2026-07-09,10.75,10.85,0.93,0.93,1,1,趋势: 高于MA20
000729,2026-07-01,10.53,10.85,3.04,5.32,1,7,动量: 突破转强 (阳线上穿5/10)
002576,2026-07-03,15.54,13.92,-10.42,-3.99,0,5,量能: 放量 (2.26X) | 趋势: 高于MA20 | 动量: 突破转强 (阳线上穿5/10)
002576,2026-07-09,13.78,13.92,1.02,1.02,1,1,"形态: 两连阴 (-3.75%, -3.97%)"
601022,2026-07-03,7.91,7.7,-2.65,0.25,0,5,趋势: 高于MA20 | 动量: 突破转强 (阳线上穿5/10)
601022,2026-07-09,7.57,7.7,1.72,1.72,1,1,"形态: 两连阴 (-2.65%, -0.78%)"
600371,2026-07-03,6.71,6.67,-0.6,0.6,0,5,动量: 突破转强 (阳线上穿5/10)
600371,2026-07-09,6.5,6.67,2.62,2.62,1,1,"形态: 两连阴 (-2.07%, -0.76%)"
002003,2026-07-03,8.78,8.41,-4.21,1.59,0,5,趋势: 高于MA20
002003,2026-07-01,8.53,8.41,-1.41,4.57,0,7,动量: 突破转强 (阳线上穿5/10)
002348,2026-07-07,10.9,10.98,0.73,0.83,1,3,动量: 突破转强 (阳线上穿5/10)
002534,2026-07-03,17.8,17.51,-1.63,-1.12,0,5,"形态: 两连阴 (-8.30%, -2.76%)"
002918,2026-07-09,9.17,9.4,2.51,2.51,1,1,"形态: 两连阴 (-4.30%, -3.45%)"
002918,2026-07-01,10.25,9.4,-8.29,0.39,0,7,形态: 10日内有涨停
002678,2026-07-09,4.21,4.27,1.43,1.43,1,1,"形态: 两连阴 (-2.78%, -0.48%)"
001330,2026-07-07,5.22,5.32,1.92,1.92,1,3,"形态: 10日内有涨停 | 形态: 两连阴 (-2.49%, -3.28%)"
001330,2026-07-03,5.49,5.32,-3.1,-3.1,0,5,形态: 10日内有涨停
001330,2026-07-09,5.09,5.32,4.52,4.52,1,1,"形态: 两连阴 (-1.69%, -2.30%)"
001330,2026-07-01,5.71,5.32,-6.83,-1.4,0,7,"形态: 10日内有涨停 | 形态: 两连阴 (-8.80%, -1.40%)"
002545,2026-07-09,16.61,16.53,-0.48,-0.48,0,1,"形态: 两连阴 (-0.88%, -4.66%)"
002545,2026-07-01,17.16,16.53,-3.67,6.0,0,7,"形态: 两连阴 (-1.99%, -3.16%)"
600397,2026-07-07,20.78,18.84,-9.34,-4.43,0,3,"趋势: 多头排列 (5>20>60) | 形态: 10日内有涨停 | 形态: 两连阴 (-10.00%, -9.98%)"
600397,2026-07-03,25.65,18.84,-26.55,-9.98,0,5,趋势: 多头排列 (5>20>60) | 形态: 10日内有涨停 | 趋势: 高于MA20
600397,2026-07-09,19.86,18.84,-5.14,-5.14,0,1,"形态: 10日内有涨停 | 形态: 两连阴 (-10.00%, -7.89%)"
600397,2026-07-01,29.95,18.84,-37.1,-4.84,0,7,趋势: 多头排列 (5>20>60) | 形态: 10日内有涨停 | 趋势: 高于MA20 | 动量: 突破转强 (阳线上穿5/10)
603006,2026-07-07,13.95,12.47,-10.61,-6.16,0,3,趋势: 多头排列 (5>20>60) | 趋势: 高于MA20
603006,2026-07-03,14.82,12.47,-15.86,-4.72,0,5,趋势: 多头排列 (5>20>60) | 趋势: 高于MA20 | 动量: 突破转强 (阳线上穿5/10)
603006,2026-07-09,12.92,12.47,-3.48,-3.48,0,1,"趋势: 多头排列 (5>20>60) | 形态: 两连阴 (-1.20%, -6.16%)"
603006,2026-07-01,14.46,12.47,-13.76,2.49,0,7,趋势: 多头排列 (5>20>60) | 趋势: 高于MA20 | 动量: 突破转强 (阳线上穿5/10)
600560,2026-07-03,11.57,10.73,-7.26,-3.63,0,5,趋势: 高于MA20 | 动量: 突破转强 (阳线上穿5/10)
600560,2026-07-09,10.5,10.73,2.19,2.19,1,1,"形态: 两连阴 (-3.05%, -1.48%)"
002476,2026-07-07,4.57,4.52,-1.09,-1.09,0,3,"形态: 两连阴 (-2.02%, -2.06%)"
002476,2026-07-09,4.52,4.52,0.0,0.0,0,1,"形态: 两连阴 (-3.99%, -1.31%)"
600531,2026-07-03,15.24,13.48,-11.55,-4.4,0,5,形态: 10日内有涨停 | 趋势: 高于MA20
600531,2026-07-09,13.51,13.48,-0.22,-0.22,0,1,"形态: 两连阴 (-5.97%, -4.31%)"
600531,2026-07-01,15.73,13.48,-14.3,-3.12,0,7,"形态: 10日内有涨停 | 形态: 两连阴 (-2.76%, -4.71%) | 趋势: 高于MA20"
002949,2026-07-03,10.5,10.06,-4.19,-0.48,0,5,动量: 突破转强 (阳线上穿5/10)
002949,2026-07-09,9.98,10.06,0.8,0.8,1,1,"形态: 两连阴 (-3.64%, -0.50%)"
002769,2026-07-03,6.83,6.49,-4.98,-2.78,0,5,动量: 突破转强 (阳线上穿5/10)
002769,2026-07-09,6.38,6.49,1.72,1.72,1,1,"形态: 两连阴 (-1.51%, -1.83%)"
000507,2026-07-01,4.73,4.65,-1.69,1.06,0,7,"形态: 两连阴 (-2.65%, -2.09%)"
603528,2026-07-01,6.03,5.95,-1.33,0.66,0,7,"形态: 两连阴 (-1.34%, -0.17%)"
601933,2026-07-09,3.06,3.2,4.58,4.58,1,1,动量: 突破转强 (阳线上穿5/10)
601933,2026-07-01,3.12,3.2,2.56,2.56,1,7,"形态: 两连阴 (-4.29%, -2.07%) | 动量: 突破转强 (阳线上穿5/10)"
000061,2026-07-01,5.67,5.65,-0.35,1.06,0,7,动量: 突破转强 (阳线上穿5/10)
002164,2026-07-03,12.91,11.32,-12.32,-6.82,0,5,量能: 放量 (1.57X) | 趋势: 高于MA20 | 动量: 突破转强 (阳线上穿5/10)
603017,2026-07-03,10.3,9.87,-4.17,-4.17,0,5,动量: 突破转强 (阳线上穿5/10)
603017,2026-07-09,9.29,9.87,6.24,6.24,1,1,"形态: 两连阴 (-3.19%, -1.38%)"
601566,2026-07-03,8.7,8.27,-4.94,0.57,0,5,动量: 突破转强 (阳线上穿5/10)
601566,2026-07-09,8.26,8.27,0.12,0.12,1,1,"形态: 两连阴 (-3.77%, -0.71%)"
003003,2026-07-03,10.55,10.17,-3.6,-1.23,0,5,动量: 突破转强 (阳线上穿5/10)
003003,2026-07-09,10.03,10.17,1.4,1.4,1,1,"形态: 两连阴 (-2.40%, -1.38%)"
002892,2026-07-03,9.96,9.2,-7.63,-5.82,0,5,量能: 放量 (1.59X) | 动量: 突破转强 (阳线上穿5/10)
002790,2026-07-03,5.72,5.54,-3.15,-0.52,0,5,量能: 放量 (1.71X) | 动量: 突破转强 (阳线上穿5/10)
002790,2026-07-09,5.45,5.54,1.65,1.65,1,1,"形态: 两连阴 (-2.64%, -0.54%)"
000546,2026-07-09,4.54,4.58,0.88,0.88,1,1,"形态: 两连阴 (-2.63%, -4.15%)"
002644,2026-07-03,7.33,7.21,-1.64,1.64,0,5,动量: 突破转强 (阳线上穿5/10)
600579,2026-07-07,7.68,7.79,1.43,5.08,1,3,趋势: 多头排列 (5>20>60) | 形态: 10日内有涨停 | 趋势: 高于MA20
600579,2026-07-03,7.91,7.79,-1.52,2.02,0,5,"形态: 10日内有涨停 | 形态: 两连阴 (-2.18%, -4.46%) | 趋势: 高于MA20"
600579,2026-07-09,8.07,7.79,-3.47,-3.47,0,1,趋势: 多头排列 (5>20>60) | 趋势: 高于MA20 | 动量: 突破转强 (阳线上穿5/10)
600579,2026-07-01,8.08,7.79,-3.59,-0.12,0,7,形态: 10日内有涨停 | 趋势: 高于MA20
600714,2026-07-07,16.37,15.68,-4.22,-2.75,0,3,"形态: 两连阴 (-4.36%, -4.33%)"
600714,2026-07-09,15.59,15.68,0.58,0.58,1,1,"形态: 两连阴 (-4.94%, -2.75%)"
600714,2026-07-01,20.73,15.68,-24.36,-9.21,0,7,量能: 放量 (1.88X)
600830,2026-07-03,8.18,8.06,-1.47,-0.49,0,5,动量: 突破转强 (阳线上穿5/10)
002565,2026-07-03,12.61,11.15,-11.58,-9.99,0,5,动量: 突破转强 (阳线上穿5/10)
002565,2026-07-09,10.67,11.15,4.5,4.5,1,1,"形态: 两连阴 (-4.32%, -4.42%)"
002565,2026-07-01,12.85,11.15,-13.23,-1.87,0,7,动量: 突破转强 (阳线上穿5/10)
002731,2026-07-07,3.92,2.86,-27.04,-9.95,0,3,量能: 放量 (5.00X)
002731,2026-07-09,3.18,2.86,-10.06,-10.06,0,1,"量能: 放量 (1.74X) | 形态: 两连阴 (-9.89%, -9.95%)"
603997,2026-07-07,11.64,11.36,-2.41,-2.41,0,3,"形态: 两连阴 (-0.73%, -1.87%)"
603997,2026-07-09,11.33,11.36,0.26,0.26,1,1,"形态: 两连阴 (-3.64%, -2.84%)"
002366,2026-07-07,5.46,5.27,-3.48,-3.48,0,3,形态: 10日内有涨停
002366,2026-07-03,5.8,5.27,-9.14,-2.41,0,5,形态: 10日内有涨停
002366,2026-07-09,5.22,5.27,0.96,0.96,1,1,"形态: 10日内有涨停 | 形态: 两连阴 (-3.53%, -4.95%)"
002366,2026-07-01,5.98,5.27,-11.87,-3.01,0,7,形态: 10日内有涨停 | 动量: 突破转强 (阳线上穿5/10)
600419,2026-07-03,8.0,7.73,-3.37,0.37,0,5,趋势: 高于MA20 | 动量: 突破转强 (阳线上穿5/10)
600419,2026-07-09,7.59,7.73,1.84,1.84,1,1,"形态: 两连阴 (-3.11%, -0.64%)"
601108,2026-07-03,9.12,8.53,-6.47,0.11,0,5,形态: 10日内有涨停 | 动量: 突破转强 (阳线上穿5/10)
601108,2026-07-09,8.72,8.53,-2.18,-2.18,0,1,"形态: 两连阴 (-5.81%, -1.28%) | 趋势: 高于MA20"
601108,2026-07-01,9.21,8.53,-7.38,-0.87,0,7,形态: 10日内有涨停 | 动量: 突破转强 (阳线上穿5/10)
603176,2026-07-03,4.44,4.35,-2.03,-1.13,0,5,动量: 突破转强 (阳线上穿5/10)
002066,2026-07-09,21.0,20.27,-3.48,-3.48,0,1,"形态: 两连阴 (-3.77%, -1.11%) | 动量: 突破转强 (阳线上穿5/10)"
603778,2026-07-07,10.95,11.32,3.38,3.38,1,3,"量能: 放量 (1.86X) | 形态: 10日内有涨停 | 形态: 两连阴 (-9.85%, -9.98%)"
603778,2026-07-03,11.62,11.32,-2.58,-2.58,0,5,形态: 10日内有涨停
603778,2026-07-09,11.02,11.32,2.72,2.72,1,1,形态: 10日内有涨停
002471,2026-07-07,5.64,5.82,3.19,3.19,1,3,形态: 10日内有涨停
002471,2026-07-03,6.51,5.82,-10.6,-8.14,0,5,形态: 10日内有涨停 | 动量: 突破转强 (阳线上穿5/10)
002471,2026-07-09,5.53,5.82,5.24,5.24,1,1,"形态: 10日内有涨停 | 形态: 两连阴 (-5.69%, -2.30%)"
603399,2026-07-07,19.7,16.22,-17.66,-10.0,0,3,趋势: 多头排列 (5>20>60) | 形态: 10日内有涨停
603399,2026-07-03,20.0,16.22,-18.9,4.25,0,5,趋势: 多头排列 (5>20>60) | 形态: 10日内有涨停
603399,2026-07-09,16.88,16.22,-3.91,-3.91,0,1,"形态: 两连阴 (-5.52%, -10.00%)"
603399,2026-07-01,22.72,16.22,-28.61,-5.06,0,7,趋势: 多头排列 (5>20>60) | 形态: 10日内有涨停 | 趋势: 高于MA20 | 动量: 突破转强 (阳线上穿5/10)
002494,2026-07-03,4.73,4.61,-2.54,-0.21,0,5,动量: 突破转强 (阳线上穿5/10)
600961,2026-07-07,28.1,26.52,-5.62,-1.6,0,3,"趋势: 多头排列 (5>20>60) | 形态: 两连阴 (-8.26%, -5.14%)"
600961,2026-07-03,29.99,26.52,-11.57,-5.14,0,5,趋势: 多头排列 (5>20>60) | 形态: 10日内有涨停 | 趋势: 高于MA20
600961,2026-07-09,27.65,26.52,-4.09,-4.09,0,1,"形态: 两连阴 (-1.23%, -6.16%)"
600961,2026-07-01,35.3,26.52,-24.87,-7.39,0,7,"趋势: 多头排列 (5>20>60) | 形态: 10日内有涨停 | 形态: 两连阴 (-1.55%, -4.06%) | 趋势: 高于MA20 | 动量: 突破转强 (阳线上穿5/10)"
002725,2026-07-09,11.68,11.53,-1.28,-1.28,0,1,"形态: 两连阴 (-4.70%, -0.09%)"
603165,2026-07-07,13.59,13.75,1.18,1.18,1,3,形态: 10日内有涨停
603165,2026-07-03,14.7,13.75,-6.46,-2.38,0,5,量能: 放量 (1.60X) | 形态: 10日内有涨停 | 趋势: 高于MA20 | 动量: 突破转强 (阳线上穿5/10)
603165,2026-07-09,13.71,13.75,0.29,0.29,1,1,"形态: 10日内有涨停 | 形态: 两连阴 (-5.30%, -1.03%)"
605122,2026-07-09,10.45,10.76,2.97,2.97,1,1,"形态: 两连阴 (-2.43%, -2.67%)"
605122,2026-07-01,10.88,10.76,-1.1,2.67,0,7,"形态: 两连阴 (-0.36%, -1.73%)"
002036,2026-07-07,6.73,6.76,0.45,0.45,1,3,形态: 10日内有涨停
002036,2026-07-03,7.42,6.76,-8.89,-5.8,0,5,形态: 10日内有涨停
002036,2026-07-09,6.72,6.76,0.6,0.6,1,1,"形态: 10日内有涨停 | 形态: 两连阴 (-3.72%, -2.67%)"
002036,2026-07-01,7.57,6.76,-10.7,-1.98,0,7,形态: 10日内有涨停
600051,2026-07-03,6.03,5.88,-2.49,-1.0,0,5,动量: 突破转强 (阳线上穿5/10)
600051,2026-07-09,5.74,5.88,2.44,2.44,1,1,"形态: 两连阴 (-2.51%, -1.20%)"
600185,2026-07-01,4.59,4.48,-2.4,-0.22,0,7,"形态: 两连阴 (-0.22%, -0.44%)"
002250,2026-07-07,14.92,14.34,-3.89,-3.89,0,3,形态: 10日内有涨停 | 趋势: 高于MA20
002250,2026-07-03,15.65,14.34,-8.37,-0.58,0,5,量能: 放量 (2.02X) | 形态: 10日内有涨停 | 趋势: 高于MA20 | 动量: 突破转强 (阳线上穿5/10)
002250,2026-07-09,14.1,14.34,1.7,1.7,1,1,"形态: 10日内有涨停 | 形态: 两连阴 (-4.11%, -5.16%)"
002250,2026-07-01,14.1,14.34,1.7,10.99,1,7,趋势: 高于MA20 | 动量: 突破转强 (阳线上穿5/10)
605050,2026-07-03,9.98,9.61,-3.71,0.0,0,5,动量: 突破转强 (阳线上穿5/10)
605050,2026-07-01,9.55,9.61,0.63,4.5,1,7,"形态: 两连阴 (-1.37%, -0.32%)"
000950,2026-07-03,5.32,5.18,-2.63,1.32,0,5,趋势: 高于MA20 | 动量: 突破转强 (阳线上穿5/10)
002582,2026-07-03,8.97,8.85,-1.34,1.23,0,5,动量: 突破转强 (阳线上穿5/10)
002582,2026-07-09,8.62,8.85,2.67,2.67,1,1,"形态: 两连阴 (-2.97%, -0.68%)"
603227,2026-07-01,7.14,7.11,-0.42,1.12,0,7,"形态: 两连阴 (-1.40%, -0.57%)"
000837,2026-07-03,12.43,10.72,-13.76,-5.07,0,5,趋势: 高于MA20 | 动量: 突破转强 (阳线上穿5/10)
000837,2026-07-09,10.62,10.72,0.94,0.94,1,1,"形态: 两连阴 (-3.39%, -6.23%)"
605388,2026-07-03,5.06,4.98,-1.58,-0.2,0,5,动量: 突破转强 (阳线上穿5/10)
605388,2026-07-09,4.82,4.98,3.32,3.32,1,1,"形态: 两连阴 (-2.77%, -0.61%)"
002107,2026-07-07,6.16,6.27,1.79,1.95,1,3,趋势: 高于MA20
002107,2026-07-03,6.64,6.27,-5.57,-1.51,0,5,趋势: 高于MA20 | 动量: 突破转强 (阳线上穿5/10)
002107,2026-07-09,6.28,6.27,-0.16,-0.16,0,1,"形态: 两连阴 (-5.81%, -0.81%) | 趋势: 高于MA20"
002107,2026-07-01,6.1,6.27,2.79,8.85,1,7,量能: 放量 (1.64X) | 趋势: 高于MA20 | 动量: 突破转强 (阳线上穿5/10)
600960,2026-07-07,4.07,3.9,-4.18,-3.44,0,3,趋势: 高于MA20
600960,2026-07-09,3.93,3.9,-0.76,-0.76,0,1,"形态: 两连阴 (-2.63%, -3.44%)"
600960,2026-07-01,4.13,3.9,-5.57,1.21,0,7,趋势: 高于MA20 | 动量: 突破转强 (阳线上穿5/10)
002446,2026-07-07,10.11,10.52,4.06,4.06,1,3,形态: 10日内有涨停
002446,2026-07-03,11.09,10.52,-5.14,-3.88,0,5,形态: 10日内有涨停 | 趋势: 高于MA20 | 动量: 突破转强 (阳线上穿5/10)
002446,2026-07-09,10.34,10.52,1.74,1.74,1,1,形态: 10日内有涨停
002446,2026-07-01,11.18,10.52,-5.9,-0.81,0,7,量能: 放量 (1.65X) | 形态: 10日内有涨停 | 趋势: 高于MA20 | 动量: 突破转强 (阳线上穿5/10)
000953,2026-07-03,5.44,5.29,-2.76,-0.37,0,5,动量: 突破转强 (阳线上穿5/10)
000953,2026-07-09,5.12,5.29,3.32,3.32,1,1,"形态: 两连阴 (-3.32%, -0.95%)"
601339,2026-07-03,7.24,7.26,0.28,1.66,1,5,趋势: 高于MA20
601339,2026-07-09,7.24,7.26,0.28,0.28,1,1,趋势: 高于MA20
600054,2026-07-03,10.99,10.88,-1.0,1.46,0,5,趋势: 高于MA20 | 动量: 突破转强 (阳线上穿5/10)
603588,2026-07-07,17.11,14.81,-13.44,-7.07,0,3,趋势: 多头排列 (5>20>60) | 趋势: 高于MA20
603588,2026-07-03,19.8,14.81,-25.2,-10.0,0,5,趋势: 多头排列 (5>20>60) | 形态: 10日内有涨停 | 趋势: 高于MA20 | 动量: 突破转强 (阳线上穿5/10)
603588,2026-07-09,15.85,14.81,-6.56,-6.56,0,1,"趋势: 多头排列 (5>20>60) | 形态: 两连阴 (-3.98%, -7.07%)"
603588,2026-07-01,19.65,14.81,-24.63,0.76,0,7,趋势: 多头排列 (5>20>60) | 形态: 10日内有涨停 | 趋势: 高于MA20 | 动量: 突破转强 (阳线上穿5/10)
603110,2026-07-03,21.12,23.19,9.8,9.8,1,5,"形态: 两连阴 (-4.57%, -3.26%)"
603110,2026-07-01,22.11,23.19,4.88,4.88,1,7,趋势: 多头排列 (5>20>60)
002453,2026-07-07,4.34,4.13,-4.84,-4.84,0,3,"形态: 两连阴 (-2.74%, -2.60%)"
002453,2026-07-03,4.62,4.13,-10.61,-2.6,0,5,形态: 10日内有涨停
002453,2026-07-09,4.12,4.13,0.24,0.24,1,1,"形态: 两连阴 (-3.56%, -7.14%)"
002453,2026-07-01,4.78,4.13,-13.6,-0.63,0,7,形态: 10日内有涨停
003016,2026-07-03,6.48,6.3,-2.78,0.15,0,5,动量: 突破转强 (阳线上穿5/10)
003016,2026-07-09,6.19,6.3,1.78,1.78,1,1,"形态: 两连阴 (-3.24%, -0.32%)"
600233,2026-07-07,17.12,16.74,-2.22,-2.16,0,3,形态: 10日内有涨停 | 趋势: 高于MA20
600233,2026-07-03,17.2,16.74,-2.67,1.22,0,5,形态: 10日内有涨停 | 趋势: 高于MA20
600233,2026-07-09,16.66,16.74,0.48,0.48,1,1,"形态: 10日内有涨停 | 形态: 两连阴 (-1.67%, -2.16%) | 趋势: 高于MA20"
600233,2026-07-01,17.33,16.74,-3.4,3.46,0,7,形态: 10日内有涨停 | 趋势: 高于MA20 | 动量: 突破转强 (阳线上穿5/10)
002094,2026-07-03,4.51,4.38,-2.88,-0.89,0,5,动量: 突破转强 (阳线上穿5/10)
600212,2026-07-03,5.53,5.03,-9.04,-6.87,0,5,动量: 突破转强 (阳线上穿5/10)
600212,2026-07-09,4.84,5.03,3.93,3.93,1,1,"形态: 两连阴 (-1.55%, -2.37%)"
600212,2026-07-01,5.28,5.03,-4.73,4.73,0,7,"形态: 两连阴 (-0.19%, -0.19%)"
603808,2026-07-03,8.02,7.6,-5.24,-0.62,0,5,动量: 突破转强 (阳线上穿5/10)
603808,2026-07-09,7.54,7.6,0.8,0.8,1,1,"形态: 两连阴 (-3.39%, -0.65%)"
605006,2026-07-07,16.96,16.75,-1.24,3.3,0,3,"形态: 两连阴 (-6.86%, -6.06%)"
605006,2026-07-09,17.52,16.75,-4.39,-4.39,0,1,"形态: 两连阴 (-1.45%, -5.60%)"
605006,2026-07-01,21.86,16.75,-23.38,-10.02,0,7,"趋势: 多头排列 (5>20>60) | 形态: 两连阴 (-9.98%, -6.06%) | 趋势: 高于MA20"
603777,2026-07-03,16.44,15.6,-5.11,0.91,0,5,动量: 突破转强 (阳线上穿5/10)
603777,2026-07-09,15.45,15.6,0.97,0.97,1,1,"形态: 两连阴 (-4.58%, -1.45%)"
603777,2026-07-01,15.72,15.6,-0.76,5.53,0,7,"形态: 两连阴 (-0.57%, -1.46%)"
600802,2026-07-03,4.35,4.27,-1.84,-1.61,0,5,动量: 突破转强 (阳线上穿5/10)
600802,2026-07-01,4.27,4.27,0.0,1.87,0,7,"形态: 两连阴 (-0.72%, -0.96%)"
002346,2026-07-03,20.2,21.81,7.97,7.97,1,5,"形态: 10日内有涨停 | 形态: 两连阴 (-3.51%, -2.37%) | 趋势: 高于MA20"
002346,2026-07-09,19.83,21.81,9.98,9.98,1,1,"形态: 10日内有涨停 | 形态: 两连阴 (-4.09%, -3.89%) | 趋势: 高于MA20"
002346,2026-07-01,20.64,21.81,5.67,5.67,1,7,形态: 10日内有涨停 | 趋势: 高于MA20
002331,2026-07-09,6.83,7.02,2.78,2.78,1,1,"形态: 两连阴 (-3.39%, -0.44%)"
002339,2026-07-09,6.63,6.7,1.06,1.06,1,1,"形态: 两连阴 (-2.50%, -1.20%)"
000417,2026-07-07,7.68,7.78,1.3,7.29,1,3,"趋势: 多头排列 (5>20>60) | 形态: 两连阴 (-3.03%, -3.49%)"
000417,2026-07-03,8.32,7.78,-6.49,-0.96,0,5,趋势: 多头排列 (5>20>60) | 趋势: 高于MA20
000417,2026-07-09,8.24,7.78,-5.58,-5.58,0,1,"形态: 10日内有涨停 | 形态: 两连阴 (-4.36%, -2.47%) | 趋势: 高于MA20"
000417,2026-07-01,9.0,7.78,-13.56,-4.67,0,7,趋势: 多头排列 (5>20>60) | 趋势: 高于MA20 | 动量: 突破转强 (阳线上穿5/10)
603022,2026-07-09,7.84,8.04,2.55,2.55,1,1,"形态: 两连阴 (-3.73%, -0.75%)"
603022,2026-07-01,8.25,8.04,-2.55,1.09,0,7,"形态: 两连阴 (-1.46%, -1.60%)"
600127,2026-07-03,5.39,5.45,1.11,1.11,1,5,动量: 突破转强 (阳线上穿5/10)
002235,2026-07-07,8.75,8.68,-0.8,2.74,0,3,趋势: 高于MA20
002235,2026-07-03,9.31,8.68,-6.77,-0.75,0,5,趋势: 高于MA20 | 动量: 突破转强 (阳线上穿5/10)
002235,2026-07-09,8.99,8.68,-3.45,-3.45,0,1,"形态: 两连阴 (-5.30%, -0.57%) | 趋势: 高于MA20"
002235,2026-07-01,7.89,8.68,10.01,18.0,1,7,"形态: 两连阴 (-2.62%, -0.51%)"
000890,2026-07-07,7.15,7.38,3.22,3.22,1,3,"形态: 10日内有涨停 | 形态: 两连阴 (-9.98%, -7.27%)"
000890,2026-07-03,8.12,7.38,-9.11,-7.27,0,5,量能: 放量 (1.53X) | 形态: 10日内有涨停
000890,2026-07-09,7.08,7.38,4.24,4.24,1,1,"形态: 10日内有涨停 | 形态: 两连阴 (-5.05%, -1.12%)"
600595,2026-07-03,5.91,5.94,0.51,0.51,1,5,动量: 突破转强 (阳线上穿5/10)
600595,2026-07-09,5.7,5.94,4.21,4.21,1,1,"形态: 两连阴 (-2.53%, -1.73%)"
002383,2026-07-03,7.21,7.14,-0.97,-0.97,0,5,趋势: 高于MA20 | 动量: 突破转强 (阳线上穿5/10)
002383,2026-07-01,6.99,7.14,2.15,3.15,1,7,动量: 突破转强 (阳线上穿5/10)
002097,2026-07-09,6.96,7.13,2.44,2.44,1,1,"形态: 两连阴 (-2.31%, -2.23%)"
600235,2026-07-03,5.27,5.2,-1.33,-0.19,0,5,动量: 突破转强 (阳线上穿5/10)
600235,2026-07-09,5.07,5.2,2.56,2.56,1,1,"形态: 两连阴 (-1.71%, -0.77%)"
002062,2026-07-07,7.25,7.54,4.0,4.0,1,3,"形态: 两连阴 (-4.30%, -1.59%)"
000823,2026-07-07,19.32,18.05,-6.57,-0.67,0,3,"趋势: 多头排列 (5>20>60) | 形态: 10日内有涨停 | 形态: 两连阴 (-5.17%, -9.55%)"
000823,2026-07-03,22.19,18.05,-18.66,-9.55,0,5,趋势: 多头排列 (5>20>60) | 形态: 10日内有涨停 | 趋势: 高于MA20
000823,2026-07-09,19.19,18.05,-5.94,-5.94,0,1,"形态: 10日内有涨停 | 形态: 两连阴 (-3.74%, -4.35%)"
000823,2026-07-01,26.0,18.05,-30.58,-10.0,0,7,"趋势: 多头排列 (5>20>60) | 形态: 10日内有涨停 | 形态: 两连阴 (-8.85%, -1.12%) | 趋势: 高于MA20"
002584,2026-07-07,9.92,8.76,-11.69,-3.43,0,3,"趋势: 多头排列 (5>20>60) | 形态: 10日内有涨停 | 形态: 两连阴 (-9.55%, -5.93%) | 趋势: 高于MA20"
002584,2026-07-03,9.95,8.76,-11.96,-0.3,0,5,趋势: 多头排列 (5>20>60) | 形态: 10日内有涨停 | 趋势: 高于MA20
002584,2026-07-09,9.12,8.76,-3.95,-3.95,0,1,趋势: 多头排列 (5>20>60) | 形态: 10日内有涨停
002584,2026-07-01,10.0,8.76,-12.4,10.0,0,7,趋势: 多头排列 (5>20>60) | 形态: 10日内有涨停 | 趋势: 高于MA20 | 动量: 突破转强 (阳线上穿5/10)
002404,2026-07-03,5.89,5.75,-2.38,-0.34,0,5,动量: 突破转强 (阳线上穿5/10)
002404,2026-07-09,5.66,5.75,1.59,1.59,1,1,"形态: 两连阴 (-1.70%, -0.52%)"
002404,2026-07-01,5.78,5.75,-0.52,1.9,0,7,形态: 10日内有涨停
002056,2026-07-07,30.95,26.75,-13.57,-3.26,0,3,趋势: 多头排列 (5>20>60) | 形态: 10日内有涨停 | 趋势: 高于MA20
002056,2026-07-03,32.82,26.75,-18.49,-5.7,0,5,趋势: 多头排列 (5>20>60) | 形态: 10日内有涨停 | 趋势: 高于MA20 | 动量: 突破转强 (阳线上穿5/10)
002056,2026-07-09,27.91,26.75,-4.16,-4.16,0,1,趋势: 多头排列 (5>20>60)
002056,2026-07-01,30.76,26.75,-13.04,6.7,0,7,趋势: 多头排列 (5>20>60) | 形态: 10日内有涨停 | 趋势: 高于MA20 | 动量: 突破转强 (阳线上穿5/10)
000758,2026-07-07,6.17,5.76,-6.65,-3.08,0,3,"形态: 两连阴 (-0.31%, -2.14%)"
000758,2026-07-09,5.77,5.76,-0.17,-0.17,0,1,"形态: 两连阴 (-3.44%, -3.08%)"
002196,2026-07-03,13.99,11.96,-14.51,-5.79,0,5,量能: 放量 (1.72X) | 形态: 10日内有涨停 | 趋势: 高于MA20 | 动量: 突破转强 (阳线上穿5/10)
002196,2026-07-09,11.86,11.96,0.84,0.84,1,1,"形态: 两连阴 (-4.02%, -6.32%)"
002196,2026-07-01,12.26,11.96,-2.45,14.11,0,7,形态: 10日内有涨停
002357,2026-07-09,8.97,8.96,-0.11,-0.11,0,1,"形态: 两连阴 (-2.56%, -2.05%) | 动量: 突破转强 (阳线上穿5/10)"
002357,2026-07-01,8.9,8.96,0.67,2.36,1,7,"形态: 两连阴 (-4.19%, -0.11%)"
002209,2026-07-03,10.94,10.17,-7.04,-1.28,0,5,动量: 突破转强 (阳线上穿5/10)
002209,2026-07-09,9.99,10.17,1.8,1.8,1,1,"形态: 两连阴 (-3.52%, -1.82%)"
002209,2026-07-01,10.57,10.17,-3.78,3.5,0,7,"形态: 两连阴 (-0.10%, -1.05%)"
601696,2026-07-07,11.81,11.8,-0.08,1.27,0,3,趋势: 多头排列 (5>20>60)
601696,2026-07-03,12.65,11.8,-6.72,-1.74,0,5,趋势: 多头排列 (5>20>60) | 趋势: 高于MA20
601696,2026-07-09,11.96,11.8,-1.34,-1.34,0,1,"形态: 两连阴 (-4.99%, -1.78%)"
601696,2026-07-01,13.16,11.8,-10.33,-3.88,0,7,趋势: 高于MA20 | 动量: 突破转强 (阳线上穿5/10)
600428,2026-07-07,8.29,8.99,8.44,8.44,1,3,趋势: 高于MA20
600428,2026-07-03,8.63,8.99,4.17,4.17,1,5,趋势: 高于MA20 | 动量: 突破转强 (阳线上穿5/10)
600428,2026-07-09,8.17,8.99,10.04,10.04,1,1,"形态: 两连阴 (-4.05%, -1.09%)"
600428,2026-07-01,8.23,8.99,9.23,9.23,1,7,趋势: 高于MA20 | 动量: 突破转强 (阳线上穿5/10)
603278,2026-07-07,10.27,10.05,-2.14,-2.14,0,3,形态: 10日内有涨停
603278,2026-07-03,12.11,10.05,-17.01,-9.99,0,5,形态: 10日内有涨停 | 趋势: 高于MA20 | 动量: 突破转强 (阳线上穿5/10)
603278,2026-07-09,9.57,10.05,5.02,5.02,1,1,"形态: 10日内有涨停 | 形态: 两连阴 (-5.78%, -6.04%)"
002459,2026-07-07,7.86,7.61,-3.18,-3.18,0,3,"形态: 两连阴 (-8.62%, -2.90%)"
002459,2026-07-09,7.5,7.61,1.47,1.47,1,1,"形态: 两连阴 (-2.12%, -4.33%)"
002459,2026-07-01,8.72,7.61,-12.73,3.78,0,7,量能: 放量 (1.74X) | 动量: 突破转强 (阳线上穿5/10)
002765,2026-07-07,7.78,7.37,-5.27,-5.27,0,3,形态: 10日内有涨停 | 趋势: 高于MA20
002765,2026-07-03,7.91,7.37,-6.83,0.88,0,5,形态: 10日内有涨停 | 趋势: 高于MA20 | 动量: 突破转强 (阳线上穿5/10)
002765,2026-07-09,7.26,7.37,1.52,1.52,1,1,"形态: 10日内有涨停 | 形态: 两连阴 (-2.51%, -5.91%)"
000789,2026-07-03,3.94,3.87,-1.78,0.51,0,5,动量: 突破转强 (阳线上穿5/10)
000789,2026-07-01,3.87,3.87,0.0,2.33,0,7,"形态: 两连阴 (-1.02%, -3.36%)"
600258,2026-07-03,11.53,11.24,-2.52,2.78,0,5,动量: 突破转强 (阳线上穿5/10)
600258,2026-07-09,11.19,11.24,0.45,0.45,1,1,"形态: 两连阴 (-2.03%, -0.78%)"
603429,2026-07-07,7.8,7.7,-1.28,-0.77,0,3,"形态: 两连阴 (-1.82%, -4.28%)"
603429,2026-07-03,8.65,7.7,-10.98,-4.28,0,5,量能: 放量 (1.52X)
603429,2026-07-09,7.74,7.7,-0.52,-0.52,0,1,"形态: 两连阴 (-5.80%, -1.03%)"
603429,2026-07-01,8.39,7.7,-8.22,5.01,0,7,"形态: 两连阴 (-4.97%, -4.99%)"
002277,2026-07-07,6.0,5.85,-2.5,-1.0,0,3,"形态: 10日内有涨停 | 形态: 两连阴 (-1.70%, -3.31%)"
002277,2026-07-03,6.35,5.85,-7.87,-3.31,0,5,趋势: 多头排列 (5>20>60) | 形态: 10日内有涨停 | 趋势: 高于MA20
002277,2026-07-09,5.94,5.85,-1.52,-1.52,0,1,"形态: 10日内有涨停 | 形态: 两连阴 (-2.28%, -2.83%)"
002277,2026-07-01,6.48,5.85,-9.72,-0.31,0,7,形态: 10日内有涨停 | 趋势: 高于MA20 | 动量: 突破转强 (阳线上穿5/10)
002667,2026-07-03,12.43,11.25,-9.49,-6.28,0,5,动量: 突破转强 (阳线上穿5/10)
002667,2026-07-09,11.6,11.25,-3.02,-3.02,0,1,动量: 突破转强 (阳线上穿5/10)
002667,2026-07-01,11.28,11.25,-0.27,10.2,0,7,"量能: 放量 (2.08X) | 形态: 两连阴 (-4.96%, -5.04%)"
002571,2026-07-09,10.19,10.41,2.16,2.16,1,1,"形态: 两连阴 (-0.58%, -3.30%)"
600353,2026-07-07,40.68,42.2,3.74,3.74,1,3,趋势: 多头排列 (5>20>60) | 趋势: 高于MA20
600353,2026-07-03,44.53,42.2,-5.23,1.5,0,5,"趋势: 多头排列 (5>20>60) | 形态: 10日内有涨停 | 形态: 两连阴 (-6.14%, -1.17%) | 趋势: 高于MA20"
600353,2026-07-09,40.88,42.2,3.23,3.23,1,1,"趋势: 多头排列 (5>20>60) | 形态: 10日内有涨停 | 形态: 两连阴 (-10.00%, -8.65%)"
600353,2026-07-01,42.8,42.2,-1.4,5.61,0,7,趋势: 多头排列 (5>20>60) | 形态: 10日内有涨停 | 趋势: 高于MA20
002258,2026-07-07,13.61,13.43,-1.32,1.1,0,3,"趋势: 多头排列 (5>20>60) | 形态: 10日内有涨停 | 形态: 两连阴 (-0.58%, -0.15%) | 趋势: 高于MA20"
002258,2026-07-03,13.75,13.43,-2.33,0.07,0,5,形态: 10日内有涨停 | 趋势: 高于MA20
002258,2026-07-09,13.76,13.43,-2.4,-2.4,0,1,趋势: 多头排列 (5>20>60) | 形态: 10日内有涨停 | 趋势: 高于MA20 | 动量: 突破转强 (阳线上穿5/10)
002258,2026-07-01,12.57,13.43,6.84,10.02,1,7,形态: 10日内有涨停
600814,2026-07-03,6.41,6.4,-0.16,0.0,0,5,动量: 突破转强 (阳线上穿5/10)
002512,2026-07-03,3.46,3.57,3.18,3.18,1,5,动量: 突破转强 (阳线上穿5/10)
002512,2026-07-09,3.44,3.57,3.78,3.78,1,1,形态: 10日内有涨停 | 动量: 突破转强 (阳线上穿5/10)
002512,2026-07-01,3.25,3.57,9.85,9.85,1,7,"形态: 两连阴 (-5.11%, -1.58%)"
605136,2026-07-03,7.45,7.26,-2.55,-1.07,0,5,动量: 突破转强 (阳线上穿5/10)
605136,2026-07-09,7.09,7.26,2.4,2.4,1,1,"形态: 两连阴 (-2.85%, -0.98%)"
002631,2026-07-07,9.96,9.68,-2.81,0.9,0,3,"趋势: 多头排列 (5>20>60) | 形态: 10日内有涨停 | 形态: 两连阴 (-4.63%, -1.56%) | 趋势: 高于MA20"
002631,2026-07-03,10.91,9.68,-11.27,-1.56,0,5,趋势: 多头排列 (5>20>60) | 形态: 10日内有涨停 | 趋势: 高于MA20
002631,2026-07-09,9.62,9.68,0.62,0.62,1,1,趋势: 多头排列 (5>20>60) | 形态: 10日内有涨停 | 趋势: 高于MA20
002631,2026-07-01,11.48,9.68,-15.68,-0.35,0,7,趋势: 多头排列 (5>20>60) | 形态: 10日内有涨停 | 趋势: 高于MA20 | 动量: 突破转强 (阳线上穿5/10)
002591,2026-07-01,6.32,6.18,-2.22,1.58,0,7,"形态: 两连阴 (-3.00%, -0.33%)"
001300,2026-07-01,11.55,11.82,2.34,2.68,1,7,"形态: 两连阴 (-1.39%, -0.79%)"
600148,2026-07-07,14.94,14.73,-1.41,-1.41,0,3,趋势: 高于MA20
600148,2026-07-03,15.52,14.73,-5.09,-1.16,0,5,趋势: 高于MA20 | 动量: 突破转强 (阳线上穿5/10)
600148,2026-07-09,14.52,14.73,1.45,1.45,1,1,"形态: 两连阴 (-2.61%, -2.07%)"
600148,2026-07-01,14.86,14.73,-0.87,4.44,0,7,"形态: 两连阴 (-0.41%, -0.21%) | 趋势: 高于MA20"
002029,2026-07-07,7.98,8.0,0.25,0.25,1,3,形态: 10日内有涨停
002029,2026-07-03,8.62,8.0,-7.19,-4.41,0,5,量能: 放量 (1.79X) | 形态: 10日内有涨停 | 趋势: 高于MA20 | 动量: 突破转强 (阳线上穿5/10)
002029,2026-07-09,7.76,8.0,3.09,3.09,1,1,"形态: 10日内有涨停 | 形态: 两连阴 (-3.16%, -2.88%)"
002543,2026-07-03,6.46,6.48,0.31,2.94,1,5,动量: 突破转强 (阳线上穿5/10)
600138,2026-07-03,6.79,6.85,0.88,0.88,1,5,动量: 突破转强 (阳线上穿5/10)
601058,2026-07-07,12.89,12.44,-3.49,-0.7,0,3,趋势: 高于MA20
601058,2026-07-03,12.28,12.44,1.3,5.46,1,5,趋势: 高于MA20 | 动量: 突破转强 (阳线上穿5/10)
601058,2026-07-09,12.17,12.44,2.22,2.22,1,1,"形态: 两连阴 (-0.46%, -0.70%) | 趋势: 高于MA20"
002593,2026-07-03,4.24,4.09,-3.54,-2.36,0,5,动量: 突破转强 (阳线上穿5/10)
002593,2026-07-09,3.99,4.09,2.51,2.51,1,1,"形态: 两连阴 (-1.93%, -1.23%)"
601319,2026-07-03,7.25,7.06,-2.62,0.83,0,5,动量: 突破转强 (阳线上穿5/10)
601319,2026-07-09,7.13,7.06,-0.98,-0.98,0,1,"形态: 两连阴 (-2.60%, -0.70%) | 趋势: 高于MA20"
601319,2026-07-01,7.25,7.06,-2.62,0.83,0,7,量能: 放量 (1.61X) | 动量: 突破转强 (阳线上穿5/10)
600838,2026-07-03,7.37,7.06,-4.21,-0.41,0,5,动量: 突破转强 (阳线上穿5/10)
603810,2026-07-09,11.01,11.23,2.0,2.0,1,1,"形态: 两连阴 (-4.44%, -0.98%)"
002448,2026-07-03,12.31,11.32,-8.04,2.92,0,5,"量能: 放量 (1.74X) | 形态: 两连阴 (-3.66%, -2.28%)"
002448,2026-07-09,11.64,11.32,-2.75,-2.75,0,1,"形态: 两连阴 (-3.08%, -3.99%)"
002020,2026-07-07,15.05,14.32,-4.85,-4.85,0,3,形态: 10日内有涨停 | 趋势: 高于MA20 | 动量: 突破转强 (阳线上穿5/10)
002020,2026-07-03,15.19,14.32,-5.73,-0.92,0,5,量能: 放量 (2.19X) | 形态: 10日内有涨停 | 趋势: 高于MA20 | 动量: 突破转强 (阳线上穿5/10)
002020,2026-07-09,13.71,14.32,4.45,4.45,1,1,形态: 10日内有涨停 | 趋势: 高于MA20
002020,2026-07-01,13.33,14.32,7.43,13.95,1,7,趋势: 高于MA20 | 动量: 突破转强 (阳线上穿5/10)
002272,2026-07-07,22.4,23.74,5.98,5.98,1,3,"趋势: 多头排列 (5>20>60) | 形态: 两连阴 (-2.92%, -1.89%) | 趋势: 高于MA20"
002272,2026-07-03,23.26,23.74,2.06,2.06,1,5,趋势: 多头排列 (5>20>60) | 趋势: 高于MA20
002272,2026-07-09,22.58,23.74,5.14,5.14,1,1,"趋势: 多头排列 (5>20>60) | 形态: 两连阴 (-1.84%, -2.68%) | 趋势: 高于MA20"
002272,2026-07-01,23.81,23.74,-0.29,0.63,0,7,趋势: 多头排列 (5>20>60) | 趋势: 高于MA20
000567,2026-07-07,6.0,5.97,-0.5,-0.5,0,3,趋势: 高于MA20
000567,2026-07-03,6.16,5.97,-3.08,0.49,0,5,趋势: 高于MA20 | 动量: 突破转强 (阳线上穿5/10)
000567,2026-07-09,5.89,5.97,1.36,1.36,1,1,"形态: 两连阴 (-3.07%, -1.50%)"
000567,2026-07-01,6.18,5.97,-3.4,0.16,0,7,趋势: 高于MA20 | 动量: 突破转强 (阳线上穿5/10)
601288,2026-07-03,5.9,6.23,5.59,5.59,1,5,"形态: 两连阴 (-0.33%, -1.16%)"
603321,2026-07-03,6.08,5.87,-3.45,-0.66,0,5,动量: 突破转强 (阳线上穿5/10)
603321,2026-07-09,5.71,5.87,2.8,2.8,1,1,"形态: 两连阴 (-3.64%, -1.55%)"
603321,2026-07-01,5.86,5.87,0.17,3.75,1,7,"形态: 两连阴 (-0.85%, -2.22%)"
605138,2026-07-03,5.99,5.86,-2.17,0.67,0,5,动量: 突破转强 (阳线上穿5/10)
002117,2026-07-03,8.29,7.99,-3.62,-1.45,0,5,动量: 突破转强 (阳线上穿5/10)
002117,2026-07-09,7.88,7.99,1.4,1.4,1,1,"形态: 两连阴 (-1.35%, -0.74%)"
002708,2026-07-03,13.69,11.3,-17.46,-4.89,0,5,量能: 放量 (1.66X)
002708,2026-07-09,11.32,11.3,-0.18,-0.18,0,1,"形态: 两连阴 (-5.15%, -7.61%)"
000821,2026-07-03,8.41,7.74,-7.97,-5.11,0,5,动量: 突破转强 (阳线上穿5/10)
002483,2026-07-03,5.15,5.0,-2.91,1.55,0,5,动量: 突破转强 (阳线上穿5/10)
002483,2026-07-09,4.91,5.0,1.83,1.83,1,1,"形态: 两连阴 (-2.87%, -1.57%)"
002441,2026-07-09,7.51,7.61,1.33,1.33,1,1,"形态: 两连阴 (-2.89%, -1.94%)"
603889,2026-07-09,5.17,5.23,1.16,1.16,1,1,"形态: 两连阴 (-0.57%, -0.38%)"
603889,2026-07-01,5.08,5.23,2.95,6.1,1,7,"形态: 两连阴 (-1.48%, -3.95%)"
002188,2026-07-03,5.14,4.86,-5.45,-1.36,0,5,动量: 突破转强 (阳线上穿5/10)
002188,2026-07-09,4.77,4.86,1.89,1.89,1,1,"形态: 两连阴 (-4.54%, -0.62%)"
600860,2026-07-03,8.71,8.2,-5.86,-2.41,0,5,趋势: 高于MA20 | 动量: 突破转强 (阳线上穿5/10)
600860,2026-07-01,8.53,8.2,-3.87,2.11,0,7,动量: 突破转强 (阳线上穿5/10)
000862,2026-07-09,4.6,4.7,2.17,2.17,1,1,"形态: 两连阴 (-3.31%, -1.07%)"
600012,2026-07-07,16.92,16.62,-1.77,2.25,0,3,趋势: 多头排列 (5>20>60) | 趋势: 高于MA20 | 动量: 突破转强 (阳线上穿5/10)
600012,2026-07-03,16.31,16.62,1.9,6.07,1,5,趋势: 高于MA20 | 动量: 突破转强 (阳线上穿5/10)
600012,2026-07-09,17.1,16.62,-2.81,-2.81,0,1,趋势: 多头排列 (5>20>60) | 趋势: 高于MA20
600012,2026-07-01,15.9,16.62,4.53,8.81,1,7,动量: 突破转强 (阳线上穿5/10)
603086,2026-07-03,5.6,5.35,-4.46,0.18,0,5,动量: 突破转强 (阳线上穿5/10)
603086,2026-07-09,5.24,5.35,2.1,2.1,1,1,"形态: 两连阴 (-2.85%, -1.65%)"
603086,2026-07-01,5.34,5.35,0.19,5.06,1,7,"形态: 两连阴 (-0.38%, -1.14%)"
600755,2026-07-07,5.71,5.95,4.2,6.3,1,3,趋势: 高于MA20
600755,2026-07-03,5.57,5.95,6.82,8.98,1,5,动量: 突破转强 (阳线上穿5/10)
600755,2026-07-09,6.07,5.95,-1.98,-1.98,0,1,趋势: 高于MA20 | 动量: 突破转强 (阳线上穿5/10)
603977,2026-07-07,13.82,12.83,-7.16,-5.79,0,3,"形态: 10日内有涨停 | 形态: 两连阴 (-1.34%, -5.23%)"
603977,2026-07-03,15.49,12.83,-17.17,-5.23,0,5,"形态: 10日内有涨停 | 形态: 两连阴 (-1.82%, -3.15%) | 趋势: 高于MA20"
603977,2026-07-09,12.8,12.83,0.23,0.23,1,1,"形态: 10日内有涨停 | 形态: 两连阴 (-5.86%, -5.79%)"
603977,2026-07-01,16.21,12.83,-20.85,-3.15,0,7,形态: 10日内有涨停 | 趋势: 高于MA20
002361,2026-07-07,11.96,12.73,6.44,6.44,1,3,"形态: 两连阴 (-3.60%, -9.99%)"
002361,2026-07-03,14.21,12.73,-10.42,-9.99,0,5,"形态: 两连阴 (-0.80%, -1.27%)"
002361,2026-07-09,11.57,12.73,10.03,10.03,1,1,"形态: 两连阴 (-6.49%, -5.18%)"
600586,2026-07-03,4.32,4.29,-0.69,-0.69,0,5,"形态: 两连阴 (-3.50%, -2.04%)"
600667,2026-07-07,26.32,25.26,-4.03,-0.19,0,3,趋势: 多头排列 (5>20>60) | 形态: 10日内有涨停 | 趋势: 高于MA20
600667,2026-07-03,29.96,25.26,-15.69,-8.51,0,5,趋势: 多头排列 (5>20>60) | 形态: 10日内有涨停 | 趋势: 高于MA20 | 动量: 突破转强 (阳线上穿5/10)
600667,2026-07-09,26.27,25.26,-3.84,-3.84,0,1,"趋势: 多头排列 (5>20>60) | 形态: 10日内有涨停 | 形态: 两连阴 (-3.98%, -9.27%) | 趋势: 高于MA20"
600667,2026-07-01,32.1,25.26,-21.31,-6.67,0,7,趋势: 多头排列 (5>20>60) | 形态: 10日内有涨停 | 趋势: 高于MA20 | 动量: 突破转强 (阳线上穿5/10)
001338,2026-07-03,8.85,8.59,-2.94,-0.23,0,5,动量: 突破转强 (阳线上穿5/10)
001338,2026-07-09,8.42,8.59,2.02,2.02,1,1,"形态: 两连阴 (-3.06%, -0.23%)"
600828,2026-07-03,3.7,3.63,-1.89,-1.89,0,5,动量: 突破转强 (阳线上穿5/10)
600828,2026-07-09,3.49,3.63,4.01,4.01,1,1,"形态: 两连阴 (-3.59%, -0.57%)"
603158,2026-07-03,11.84,11.32,-4.39,3.63,0,5,"形态: 两连阴 (-1.88%, -1.17%)"
603158,2026-07-09,11.33,11.32,-0.09,-0.09,0,1,"形态: 两连阴 (-4.97%, -3.86%)"
603960,2026-07-09,15.89,16.15,1.64,1.64,1,1,"形态: 两连阴 (-5.76%, -3.36%)"
600733,2026-07-09,4.64,4.83,4.09,4.09,1,1,"形态: 两连阴 (-2.11%, -1.72%)"
600733,2026-07-01,4.87,4.83,-0.82,0.0,0,7,"形态: 两连阴 (-0.81%, -0.41%)"
002999,2026-07-03,5.61,5.52,-1.6,1.6,0,5,动量: 突破转强 (阳线上穿5/10)
002166,2026-07-03,6.56,6.34,-3.35,0.3,0,5,动量: 突破转强 (阳线上穿5/10)
002166,2026-07-09,6.2,6.34,2.26,2.26,1,1,"形态: 两连阴 (-4.26%, -0.48%)"
600697,2026-07-03,10.19,9.85,-3.34,-0.2,0,5,动量: 突破转强 (阳线上穿5/10)
600697,2026-07-09,9.58,9.85,2.82,2.82,1,1,"形态: 两连阴 (-3.74%, -1.12%)"
603599,2026-07-09,9.48,9.69,2.22,2.22,1,1,"形态: 两连阴 (-1.79%, -0.91%)"
603599,2026-07-01,9.76,9.69,-0.72,2.97,0,7,"形态: 两连阴 (-1.11%, -2.64%)"
002921,2026-07-07,27.38,26.94,-1.61,0.29,0,3,形态: 10日内有涨停 | 趋势: 高于MA20
002921,2026-07-03,29.95,26.94,-10.05,-6.14,0,5,形态: 10日内有涨停 | 趋势: 高于MA20 | 动量: 突破转强 (阳线上穿5/10)
002921,2026-07-09,27.46,26.94,-1.89,-1.89,0,1,"形态: 10日内有涨停 | 形态: 两连阴 (-2.60%, -4.16%) | 趋势: 高于MA20"
002921,2026-07-01,29.72,26.94,-9.35,0.77,0,7,形态: 10日内有涨停 | 趋势: 高于MA20 | 动量: 突破转强 (阳线上穿5/10)
603385,2026-07-03,5.16,5.02,-2.71,0.19,0,5,动量: 突破转强 (阳线上穿5/10)
603385,2026-07-09,4.87,5.02,3.08,3.08,1,1,"形态: 两连阴 (-3.87%, -0.80%)"
603385,2026-07-01,5.04,5.02,-0.4,2.58,0,7,"形态: 两连阴 (-0.40%, -1.61%)"
000686,2026-07-07,8.48,8.15,-3.89,0.47,0,3,趋势: 高于MA20
000686,2026-07-03,8.61,8.15,-5.34,1.63,0,5,趋势: 高于MA20 | 动量: 突破转强 (阳线上穿5/10)
000686,2026-07-09,8.52,8.15,-4.34,-4.34,0,1,"趋势: 多头排列 (5>20>60) | 形态: 两连阴 (-3.09%, -0.59%) | 趋势: 高于MA20"
000686,2026-07-01,8.75,8.15,-6.86,0.0,0,7,趋势: 高于MA20 | 动量: 突破转强 (阳线上穿5/10)
605155,2026-07-07,12.75,12.33,-3.29,-3.29,0,3,形态: 10日内有涨停
605155,2026-07-03,13.56,12.33,-9.07,-3.47,0,5,形态: 10日内有涨停 | 趋势: 高于MA20 | 动量: 突破转强 (阳线上穿5/10)
605155,2026-07-09,12.2,12.33,1.07,1.07,1,1,"形态: 10日内有涨停 | 形态: 两连阴 (-2.60%, -4.47%)"
605155,2026-07-01,13.02,12.33,-5.3,4.15,0,7,形态: 10日内有涨停 | 动量: 突破转强 (阳线上穿5/10)
002204,2026-07-03,5.44,5.2,-4.41,-0.74,0,5,动量: 突破转强 (阳线上穿5/10)
002204,2026-07-09,5.12,5.2,1.56,1.56,1,1,"形态: 两连阴 (-3.89%, -0.77%)"
601212,2026-07-03,5.18,4.94,-4.63,1.35,0,5,量能: 放量 (1.52X)
601212,2026-07-09,4.84,4.94,2.07,2.07,1,1,"形态: 两连阴 (-6.86%, -1.84%)"
000612,2026-07-03,10.75,10.01,-6.88,-1.67,0,5,形态: 10日内有涨停
000612,2026-07-09,9.8,10.01,2.14,2.14,1,1,"形态: 两连阴 (-1.99%, -2.70%)"
000612,2026-07-01,10.57,10.01,-5.3,1.7,0,7,形态: 10日内有涨停
002511,2026-07-07,7.01,6.98,-0.43,0.43,0,3,趋势: 高于MA20 | 动量: 突破转强 (阳线上穿5/10)
002511,2026-07-03,6.96,6.98,0.29,1.15,1,5,趋势: 高于MA20 | 动量: 突破转强 (阳线上穿5/10)
002511,2026-07-09,6.94,6.98,0.58,0.58,1,1,趋势: 高于MA20
002511,2026-07-01,6.78,6.98,2.95,3.83,1,7,动量: 突破转强 (阳线上穿5/10)
600969,2026-07-03,8.04,7.43,-7.59,-3.23,0,5,动量: 突破转强 (阳线上穿5/10)
600969,2026-07-09,7.28,7.43,2.06,2.06,1,1,"形态: 两连阴 (-3.98%, -1.74%)"
603928,2026-07-07,14.87,18.8,26.43,26.43,1,3,形态: 10日内有涨停 | 趋势: 高于MA20
603928,2026-07-03,14.7,18.8,27.89,27.89,1,5,形态: 10日内有涨停 | 趋势: 高于MA20
603928,2026-07-09,18.0,18.8,4.44,4.44,1,1,形态: 10日内有涨停 | 趋势: 高于MA20 | 动量: 突破转强 (阳线上穿5/10)
603928,2026-07-01,14.4,18.8,30.56,30.56,1,7,量能: 放量 (2.82X) | 形态: 10日内有涨停 | 趋势: 高于MA20
002492,2026-07-03,5.64,5.31,-5.85,-3.37,0,5,动量: 突破转强 (阳线上穿5/10)
002492,2026-07-09,5.21,5.31,1.92,1.92,1,1,"形态: 两连阴 (-2.57%, -2.45%)"
002492,2026-07-01,5.49,5.31,-3.28,2.73,0,7,"形态: 两连阴 (-1.99%, -0.18%)"
600778,2026-07-03,5.18,5.06,-2.32,-0.58,0,5,动量: 突破转强 (阳线上穿5/10)
002169,2026-07-07,13.3,13.16,-1.05,-1.05,0,3,形态: 10日内有涨停
002169,2026-07-03,13.87,13.16,-5.12,0.0,0,5,"形态: 10日内有涨停 | 形态: 两连阴 (-1.23%, -4.29%)"
002169,2026-07-09,12.95,13.16,1.62,1.62,1,1,"形态: 两连阴 (-4.11%, -3.08%)"
002169,2026-07-01,14.46,13.16,-8.99,-4.08,0,7,形态: 10日内有涨停
603012,2026-07-07,8.26,8.26,0.0,0.0,0,3,形态: 10日内有涨停 | 趋势: 高于MA20
603012,2026-07-03,8.82,8.26,-6.35,-2.72,0,5,"量能: 放量 (1.53X) | 形态: 10日内有涨停 | 形态: 两连阴 (-1.22%, -0.99%) | 趋势: 高于MA20 | 动量: 突破转强 (阳线上穿5/10)"
603012,2026-07-09,8.22,8.26,0.49,0.49,1,1,"形态: 10日内有涨停 | 形态: 两连阴 (-3.73%, -1.94%) | 趋势: 高于MA20"
603012,2026-07-01,8.1,8.26,1.98,8.89,1,7,形态: 10日内有涨停 | 趋势: 高于MA20
603685,2026-07-03,29.41,29.75,1.16,1.16,1,5,动量: 突破转强 (阳线上穿5/10)
603685,2026-07-09,28.64,29.75,3.88,3.88,1,1,"形态: 两连阴 (-4.40%, -2.41%)"
603685,2026-07-01,27.61,29.75,7.75,7.75,1,7,"形态: 两连阴 (-1.89%, -0.18%)"
603277,2026-07-07,10.51,10.39,-1.14,-1.14,0,3,趋势: 高于MA20
603277,2026-07-03,10.84,10.39,-4.15,0.18,0,5,趋势: 高于MA20 | 动量: 突破转强 (阳线上穿5/10)
603277,2026-07-09,10.18,10.39,2.06,2.06,1,1,"形态: 两连阴 (-3.22%, -1.62%)"
000850,2026-07-07,3.81,3.76,-1.31,0.0,0,3,趋势: 高于MA20
000850,2026-07-03,4.04,3.76,-6.93,-1.73,0,5,量能: 放量 (1.64X) | 趋势: 高于MA20 | 动量: 突破转强 (阳线上穿5/10)
000850,2026-07-09,3.75,3.76,0.27,0.27,1,1,趋势: 高于MA20
000892,2026-07-07,3.63,4.2,15.7,15.7,1,3,量能: 放量 (1.73X) | 形态: 10日内有涨停 | 趋势: 高于MA20
000892,2026-07-03,3.42,4.2,22.81,22.81,1,5,量能: 放量 (1.90X) | 形态: 10日内有涨停
000892,2026-07-09,3.82,4.2,9.95,9.95,1,1,"量能: 放量 (1.53X) | 形态: 10日内有涨停 | 形态: 两连阴 (-3.46%, -4.41%) | 趋势: 高于MA20 | 动量: 突破转强 (阳线上穿5/10)"
603095,2026-07-03,14.75,13.35,-9.49,-4.88,0,5,"形态: 两连阴 (-0.14%, -0.91%)"
603095,2026-07-09,13.02,13.35,2.53,2.53,1,1,"形态: 两连阴 (-3.78%, -2.37%)"
002907,2026-07-07,13.24,14.18,7.1,8.46,1,3,"形态: 两连阴 (-2.27%, -0.22%) | 趋势: 高于MA20"
002907,2026-07-03,13.77,14.18,2.98,4.28,1,5,趋势: 高于MA20
002907,2026-07-09,14.36,14.18,-1.25,-1.25,0,1,"量能: 放量 (1.83X) | 形态: 10日内有涨停 | 形态: 两连阴 (-3.64%, -1.44%) | 趋势: 高于MA20 | 动量: 突破转强 (阳线上穿5/10)"
002907,2026-07-01,14.12,14.18,0.42,1.7,1,7,形态: 10日内有涨停 | 趋势: 高于MA20 | 动量: 突破转强 (阳线上穿5/10)
002363,2026-07-03,6.34,6.26,-1.26,-0.79,0,5,动量: 突破转强 (阳线上穿5/10)
002363,2026-07-09,6.05,6.26,3.47,3.47,1,1,"形态: 两连阴 (-2.86%, -0.82%)"
002548,2026-07-07,4.02,4.19,4.23,4.23,1,3,形态: 10日内有涨停 | 趋势: 高于MA20
002548,2026-07-03,4.05,4.19,3.46,3.46,1,5,形态: 10日内有涨停 | 趋势: 高于MA20
002548,2026-07-09,3.81,4.19,9.97,9.97,1,1,"形态: 10日内有涨停 | 形态: 两连阴 (-2.43%, -3.48%)"
002548,2026-07-01,4.06,4.19,3.2,3.2,1,7,形态: 10日内有涨停 | 趋势: 高于MA20 | 动量: 突破转强 (阳线上穿5/10)
002825,2026-07-09,8.08,8.17,1.11,1.11,1,1,"形态: 两连阴 (-1.32%, -1.70%)"
600435,2026-07-03,11.44,11.39,-0.44,-0.44,0,5,动量: 突破转强 (阳线上穿5/10)
600435,2026-07-09,10.77,11.39,5.76,5.76,1,1,"形态: 两连阴 (-2.60%, -1.75%)"
603515,2026-07-07,17.4,17.25,-0.86,-0.86,0,3,量能: 放量 (1.50X) | 动量: 突破转强 (阳线上穿5/10)
600618,2026-07-09,10.05,10.03,-0.2,-0.2,0,1,"形态: 两连阴 (-5.05%, -0.89%)"
600618,2026-07-01,10.78,10.03,-6.96,0.28,0,7,量能: 放量 (1.85X) | 趋势: 高于MA20 | 动量: 突破转强 (阳线上穿5/10)
600444,2026-07-03,13.57,12.99,-4.27,-0.37,0,5,动量: 突破转强 (阳线上穿5/10)
600444,2026-07-09,12.66,12.99,2.61,2.61,1,1,"形态: 两连阴 (-3.77%, -1.61%)"
002064,2026-07-07,10.85,10.11,-6.82,-5.99,0,3,趋势: 高于MA20
002064,2026-07-03,10.45,10.11,-3.25,6.41,0,5,趋势: 高于MA20 | 动量: 突破转强 (阳线上穿5/10)
002064,2026-07-09,10.2,10.11,-0.88,-0.88,0,1,"形态: 两连阴 (-2.43%, -6.18%)"
002064,2026-07-01,10.15,10.11,-0.39,9.56,0,7,"形态: 两连阴 (-3.55%, -5.57%)"
605222,2026-07-03,25.22,20.9,-17.13,-9.99,0,5,量能: 放量 (1.55X) | 趋势: 高于MA20 | 动量: 突破转强 (阳线上穿5/10)
605222,2026-07-09,20.34,20.9,2.75,2.75,1,1,"形态: 两连阴 (-7.84%, -3.25%)"
002414,2026-07-03,12.66,14.64,15.64,15.64,1,5,"形态: 两连阴 (-2.87%, -2.87%)"
002414,2026-07-09,13.31,14.64,9.99,9.99,1,1,形态: 10日内有涨停 | 趋势: 高于MA20 | 动量: 突破转强 (阳线上穿5/10)
603668,2026-07-07,11.94,11.94,0.0,2.93,0,3,"形态: 两连阴 (-1.40%, -4.49%) | 趋势: 高于MA20"
603668,2026-07-03,12.69,11.94,-5.91,-3.15,0,5,形态: 10日内有涨停 | 趋势: 高于MA20
603668,2026-07-09,12.29,11.94,-2.85,-2.85,0,1,"形态: 两连阴 (-1.49%, -1.01%) | 趋势: 高于MA20"
603668,2026-07-01,12.61,11.94,-5.31,2.06,0,7,形态: 10日内有涨停 | 趋势: 高于MA20
603359,2026-07-03,2.33,2.38,2.15,2.15,1,5,动量: 突破转强 (阳线上穿5/10)
603359,2026-07-09,2.27,2.38,4.85,4.85,1,1,动量: 突破转强 (阳线上穿5/10)
603569,2026-07-03,5.53,5.48,-0.9,-0.36,0,5,动量: 突破转强 (阳线上穿5/10)
603569,2026-07-01,5.47,5.48,0.18,1.1,1,7,动量: 突破转强 (阳线上穿5/10)
603633,2026-07-09,6.48,6.56,1.23,1.23,1,1,"形态: 两连阴 (-4.88%, -2.64%)"
002782,2026-07-03,19.92,17.4,-12.65,0.5,0,5,"形态: 两连阴 (-1.76%, -4.74%)"
002782,2026-07-09,17.75,17.4,-1.97,-1.97,0,1,"形态: 两连阴 (-6.14%, -6.55%)"
603300,2026-07-09,4.41,4.5,2.04,2.04,1,1,"形态: 两连阴 (-3.27%, -0.23%)"
601198,2026-07-07,13.85,13.78,-0.51,1.23,0,3,趋势: 多头排列 (5>20>60) | 趋势: 高于MA20
601198,2026-07-03,13.78,13.78,0.0,1.74,0,5,趋势: 多头排列 (5>20>60) | 趋势: 高于MA20 | 动量: 突破转强 (阳线上穿5/10)
601198,2026-07-09,14.02,13.78,-1.71,-1.71,0,1,"趋势: 多头排列 (5>20>60) | 形态: 两连阴 (-0.72%, -0.51%) | 趋势: 高于MA20 | 动量: 突破转强 (阳线上穿5/10)"
601198,2026-07-01,13.99,13.78,-1.5,0.21,0,7,趋势: 高于MA20 | 动量: 突破转强 (阳线上穿5/10)
002203,2026-07-03,21.77,19.5,-10.43,-6.25,0,5,"形态: 两连阴 (-3.50%, -5.03%)"
002203,2026-07-01,22.05,19.5,-11.56,-1.27,0,7,趋势: 多头排列 (5>20>60) | 形态: 10日内有涨停
000987,2026-07-07,8.2,8.09,-1.34,-1.34,0,3,动量: 突破转强 (阳线上穿5/10)
000987,2026-07-03,8.13,8.09,-0.49,0.86,0,5,形态: 10日内有涨停 | 动量: 突破转强 (阳线上穿5/10)
000987,2026-07-09,8.0,8.09,1.12,1.12,1,1,趋势: 高于MA20
000987,2026-07-01,8.17,8.09,-0.98,0.37,0,7,形态: 10日内有涨停 | 动量: 突破转强 (阳线上穿5/10)
000710,2026-07-03,8.03,7.83,-2.49,0.25,0,5,趋势: 高于MA20 | 动量: 突破转强 (阳线上穿5/10)
000710,2026-07-09,7.44,7.83,5.24,5.24,1,1,"形态: 两连阴 (-5.59%, -1.05%)"
000710,2026-07-01,7.88,7.83,-0.63,2.16,0,7,动量: 突破转强 (阳线上穿5/10)
601156,2026-07-07,17.43,16.46,-5.57,-2.29,0,3,趋势: 高于MA20
601156,2026-07-03,17.8,16.46,-7.53,0.84,0,5,趋势: 高于MA20
601156,2026-07-09,16.42,16.46,0.24,0.24,1,1,"趋势: 多头排列 (5>20>60) | 形态: 两连阴 (-2.90%, -2.29%)"
601156,2026-07-01,17.33,16.46,-5.02,3.58,0,7,量能: 放量 (1.91X) | 趋势: 高于MA20 | 动量: 突破转强 (阳线上穿5/10)
002099,2026-07-03,5.47,5.24,-4.2,-0.91,0,5,趋势: 高于MA20 | 动量: 突破转强 (阳线上穿5/10)
002099,2026-07-09,5.12,5.24,2.34,2.34,1,1,"形态: 两连阴 (-2.95%, -2.09%)"
002099,2026-07-01,5.43,5.24,-3.5,0.74,0,7,趋势: 高于MA20 | 动量: 突破转强 (阳线上穿5/10)
002879,2026-07-03,13.79,13.1,-5.0,1.81,0,5,动量: 突破转强 (阳线上穿5/10)
002879,2026-07-09,12.85,13.1,1.95,1.95,1,1,"形态: 两连阴 (-5.27%, -2.41%)"
600326,2026-07-03,6.74,6.43,-4.6,-1.63,0,5,动量: 突破转强 (阳线上穿5/10)
600326,2026-07-09,6.28,6.43,2.39,2.39,1,1,"形态: 两连阴 (-3.02%, -1.87%)"
600546,2026-07-03,12.66,11.78,-6.95,1.11,0,5,趋势: 高于MA20 | 动量: 突破转强 (阳线上穿5/10)
000407,2026-07-03,3.98,3.77,-5.28,-3.02,0,5,量能: 放量 (1.68X) | 趋势: 高于MA20 | 动量: 突破转强 (阳线上穿5/10)
000407,2026-07-09,3.74,3.77,0.8,0.8,1,1,"形态: 两连阴 (-1.81%, -0.26%)"
603313,2026-07-07,6.42,7.26,13.08,13.08,1,3,量能: 放量 (1.52X) | 形态: 10日内有涨停 | 趋势: 高于MA20 | 动量: 突破转强 (阳线上穿5/10)
603313,2026-07-03,5.86,7.26,23.89,23.89,1,5,形态: 10日内有涨停 | 趋势: 高于MA20
603313,2026-07-09,7.26,7.26,0.0,0.0,0,1,量能: 放量 (1.97X) | 形态: 10日内有涨停 | 趋势: 高于MA20 | 动量: 突破转强 (阳线上穿5/10)
603313,2026-07-01,6.15,7.26,18.05,18.05,1,7,形态: 10日内有涨停 | 趋势: 高于MA20 | 动量: 突破转强 (阳线上穿5/10)
600676,2026-07-03,6.75,6.88,1.93,3.11,1,5,趋势: 高于MA20
600676,2026-07-09,6.96,6.88,-1.15,-1.15,0,1,趋势: 高于MA20 | 动量: 突破转强 (阳线上穿5/10)
600676,2026-07-01,6.91,6.88,-0.43,2.17,0,7,量能: 放量 (2.15X) | 形态: 10日内有涨停 | 趋势: 高于MA20 | 动量: 突破转强 (阳线上穿5/10)
002418,2026-07-03,3.86,3.64,-5.7,3.11,0,5,形态: 10日内有涨停
002418,2026-07-09,3.55,3.64,2.54,2.54,1,1,"形态: 两连阴 (-8.29%, -3.01%)"
002418,2026-07-01,3.98,3.64,-8.54,0.0,0,7,形态: 10日内有涨停
002676,2026-07-03,5.33,4.99,-6.38,-2.63,0,5,动量: 突破转强 (阳线上穿5/10)
002676,2026-07-09,4.93,4.99,1.22,1.22,1,1,"形态: 两连阴 (-3.66%, -1.20%)"
002676,2026-07-01,5.22,4.99,-4.41,2.11,0,7,动量: 突破转强 (阳线上穿5/10)
000007,2026-07-07,11.59,11.1,-4.23,-3.36,0,3,量能: 放量 (1.55X)
000007,2026-07-03,12.1,11.1,-8.26,6.45,0,5,"形态: 两连阴 (-0.89%, -2.36%)"
000007,2026-07-09,10.85,11.1,2.3,2.3,1,1,"形态: 两连阴 (-10.02%, -3.36%)"
600313,2026-07-09,5.1,5.25,2.94,2.94,1,1,"形态: 两连阴 (-2.63%, -0.96%)"
600359,2026-07-09,5.56,5.7,2.52,2.52,1,1,"形态: 两连阴 (-1.92%, -0.18%)"
000301,2026-07-07,12.43,12.55,0.97,3.14,1,3,量能: 放量 (1.52X) | 形态: 10日内有涨停 | 趋势: 高于MA20
000301,2026-07-03,12.55,12.55,0.0,10.04,0,5,趋势: 高于MA20 | 动量: 突破转强 (阳线上穿5/10)
000301,2026-07-09,12.48,12.55,0.56,0.56,1,1,形态: 10日内有涨停 | 趋势: 高于MA20
000301,2026-07-01,12.02,12.55,4.41,14.89,1,7,趋势: 高于MA20 | 动量: 突破转强 (阳线上穿5/10)
600179,2026-07-07,4.8,4.5,-6.25,-5.0,0,3,趋势: 多头排列 (5>20>60) | 形态: 10日内有涨停 | 趋势: 高于MA20 | 动量: 突破转强 (阳线上穿5/10)
600179,2026-07-03,4.59,4.5,-1.96,4.58,0,5,趋势: 多头排列 (5>20>60) | 形态: 10日内有涨停 | 趋势: 高于MA20
600179,2026-07-09,4.56,4.5,-1.32,-1.32,0,1,趋势: 多头排列 (5>20>60) | 形态: 10日内有涨停
600179,2026-07-01,4.84,4.5,-7.02,-0.83,0,7,"趋势: 多头排列 (5>20>60) | 量能: 放量 (1.56X) | 形态: 10日内有涨停 | 形态: 两连阴 (-5.29%, -1.79%) | 趋势: 高于MA20 | 动量: 突破转强 (阳线上穿5/10)"
600879,2026-07-07,20.63,23.29,12.89,12.89,1,3,趋势: 高于MA20
600879,2026-07-03,22.27,23.29,4.58,4.58,1,5,趋势: 高于MA20 | 动量: 突破转强 (阳线上穿5/10)
600879,2026-07-09,21.19,23.29,9.91,9.91,1,1,趋势: 高于MA20
600879,2026-07-01,21.45,23.29,8.58,8.58,1,7,趋势: 高于MA20 | 动量: 突破转强 (阳线上穿5/10)
603535,2026-07-03,6.36,6.07,-4.56,-1.42,0,5,动量: 突破转强 (阳线上穿5/10)
603535,2026-07-09,5.94,6.07,2.19,2.19,1,1,"形态: 两连阴 (-3.51%, -0.17%)"
002454,2026-07-03,5.12,4.82,-5.86,-1.17,0,5,动量: 突破转强 (阳线上穿5/10)
002454,2026-07-09,4.79,4.82,0.63,0.63,1,1,"形态: 两连阴 (-3.56%, -1.64%)"
002454,2026-07-01,4.82,4.82,0.0,6.22,0,7,"形态: 两连阴 (-1.44%, -0.42%)"
000949,2026-07-07,5.56,5.51,-0.9,2.52,0,3,"形态: 两连阴 (-6.20%, -2.68%)"
000949,2026-07-01,6.55,5.51,-15.88,3.36,0,7,"形态: 两连阴 (-1.49%, -4.23%)"
001322,2026-07-07,6.36,6.19,-2.67,-0.16,0,3,"形态: 两连阴 (-2.47%, -0.48%) | 动量: 突破转强 (阳线上穿5/10)"
001322,2026-07-09,6.35,6.19,-2.52,-2.52,0,1,趋势: 高于MA20 | 动量: 突破转强 (阳线上穿5/10)
001322,2026-07-01,6.16,6.19,0.49,5.03,1,7,动量: 突破转强 (阳线上穿5/10)
000600,2026-07-07,8.27,8.03,-2.9,-2.18,0,3,"形态: 两连阴 (-1.53%, -4.55%)"
000600,2026-07-09,7.97,8.03,0.75,0.75,1,1,"形态: 两连阴 (-3.84%, -2.18%)"
000695,2026-07-07,12.78,12.51,-2.11,-2.11,0,3,动量: 突破转强 (阳线上穿5/10)
000695,2026-07-01,12.62,12.51,-0.87,1.27,0,7,形态: 10日内有涨停
600601,2026-07-07,14.7,13.18,-10.34,-5.58,0,3,趋势: 多头排列 (5>20>60) | 形态: 10日内有涨停 | 趋势: 高于MA20
600601,2026-07-03,15.12,13.18,-12.83,-0.86,0,5,趋势: 多头排列 (5>20>60) | 形态: 10日内有涨停 | 趋势: 高于MA20 | 动量: 突破转强 (阳线上穿5/10)
600601,2026-07-09,13.88,13.18,-5.04,-5.04,0,1,"趋势: 多头排列 (5>20>60) | 形态: 10日内有涨停 | 形态: 两连阴 (-1.93%, -9.52%) | 趋势: 高于MA20"
600601,2026-07-01,13.97,13.18,-5.65,8.23,0,7,趋势: 多头排列 (5>20>60) | 形态: 10日内有涨停 | 趋势: 高于MA20 | 动量: 突破转强 (阳线上穿5/10)
600773,2026-07-07,12.27,12.2,-0.57,9.29,0,3,"形态: 两连阴 (-0.54%, -2.24%)"
600773,2026-07-09,13.41,12.2,-9.02,-9.02,0,1,量能: 放量 (1.67X) | 动量: 突破转强 (阳线上穿5/10)
601399,2026-07-03,3.47,3.22,-7.2,-3.75,0,5,"形态: 两连阴 (-0.57%, -2.30%)"
601399,2026-07-09,3.14,3.22,2.55,2.55,1,1,"形态: 两连阴 (-3.29%, -3.10%)"
000755,2026-07-03,4.54,4.52,-0.44,2.42,0,5,动量: 突破转强 (阳线上穿5/10)
601002,2026-07-03,4.57,4.41,-3.5,-1.31,0,5,动量: 突破转强 (阳线上穿5/10)
601002,2026-07-09,4.3,4.41,2.56,2.56,1,1,"形态: 两连阴 (-2.22%, -1.59%)"
002763,2026-07-03,7.3,6.97,-4.52,0.41,0,5,动量: 突破转强 (阳线上穿5/10)
002763,2026-07-09,6.92,6.97,0.72,0.72,1,1,"形态: 两连阴 (-2.18%, -2.09%)"
600198,2026-07-07,8.48,8.4,-0.94,-0.35,0,3,"形态: 两连阴 (-3.92%, -7.61%)"
600198,2026-07-03,9.07,8.4,-7.39,-6.5,0,5,趋势: 多头排列 (5>20>60)
600198,2026-07-01,9.66,8.4,-13.04,-2.28,0,7,趋势: 多头排列 (5>20>60) | 趋势: 高于MA20 | 动量: 突破转强 (阳线上穿5/10)
603679,2026-07-03,20.43,18.88,-7.59,-6.41,0,5,趋势: 多头排列 (5>20>60) | 趋势: 高于MA20
603679,2026-07-01,20.45,18.88,-7.68,-0.1,0,7,趋势: 多头排列 (5>20>60) | 形态: 10日内有涨停 | 趋势: 高于MA20
002800,2026-07-07,12.76,12.82,0.47,0.47,1,3,"形态: 两连阴 (-0.73%, -2.07%)"
002800,2026-07-09,12.18,12.82,5.25,5.25,1,1,"形态: 两连阴 (-3.55%, -4.39%)"
600176,2026-07-07,60.0,55.7,-7.17,-2.17,0,3,趋势: 多头排列 (5>20>60) | 形态: 10日内有涨停 | 趋势: 高于MA20
600176,2026-07-03,70.9,55.7,-21.44,-10.0,0,5,"趋势: 多头排列 (5>20>60) | 形态: 10日内有涨停 | 形态: 两连阴 (-3.58%, -3.49%) | 趋势: 高于MA20 | 动量: 突破转强 (阳线上穿5/10)"
600176,2026-07-09,58.7,55.7,-5.11,-5.11,0,1,"趋势: 多头排列 (5>20>60) | 形态: 两连阴 (-5.97%, -6.57%)"
600176,2026-07-01,70.27,55.7,-20.73,0.9,0,7,趋势: 多头排列 (5>20>60) | 形态: 10日内有涨停 | 趋势: 高于MA20
600271,2026-07-03,6.76,6.86,1.48,1.48,1,5,动量: 突破转强 (阳线上穿5/10)
000017,2026-07-07,6.03,5.99,-0.66,8.62,0,3,形态: 10日内有涨停 | 趋势: 高于MA20
000017,2026-07-03,6.09,5.99,-1.64,7.55,0,5,"形态: 10日内有涨停 | 形态: 两连阴 (-0.65%, -1.32%) | 趋势: 高于MA20 | 动量: 突破转强 (阳线上穿5/10)"
000017,2026-07-09,6.55,5.99,-8.55,-8.55,0,1,量能: 放量 (2.03X) | 形态: 10日内有涨停 | 趋势: 高于MA20 | 动量: 突破转强 (阳线上穿5/10)
000017,2026-07-01,6.08,5.99,-1.48,7.73,0,7,形态: 10日内有涨停 | 趋势: 高于MA20
600330,2026-07-07,25.12,23.9,-4.86,0.0,0,3,"形态: 10日内有涨停 | 形态: 两连阴 (-5.81%, -4.53%)"
600330,2026-07-03,26.28,23.9,-9.06,-4.41,0,5,"形态: 10日内有涨停 | 形态: 两连阴 (-2.92%, -6.81%)"
600330,2026-07-01,29.94,23.9,-20.17,-6.81,0,7,趋势: 多头排列 (5>20>60) | 形态: 10日内有涨停
002617,2026-07-07,9.7,8.44,-12.99,-3.3,0,3,"趋势: 多头排列 (5>20>60) | 量能: 放量 (1.58X) | 形态: 两连阴 (-4.69%, -1.97%) | 趋势: 高于MA20 | 动量: 突破转强 (阳线上穿5/10)"
002617,2026-07-03,9.15,8.44,-7.76,6.01,0,5,"趋势: 多头排列 (5>20>60) | 形态: 两连阴 (-2.72%, -4.10%) | 趋势: 高于MA20"
002617,2026-07-09,9.38,8.44,-10.02,-10.02,0,1,趋势: 高于MA20
002617,2026-07-01,10.01,8.44,-15.68,-3.1,0,7,趋势: 多头排列 (5>20>60) | 趋势: 高于MA20
600203,2026-07-07,13.16,12.72,-3.34,1.82,0,3,量能: 放量 (1.54X) | 趋势: 高于MA20 | 动量: 突破转强 (阳线上穿5/10)
600203,2026-07-03,12.82,12.72,-0.78,4.52,0,5,量能: 放量 (1.65X) | 趋势: 高于MA20 | 动量: 突破转强 (阳线上穿5/10)
600203,2026-07-09,13.4,12.72,-5.07,-5.07,0,1,趋势: 高于MA20 | 动量: 突破转强 (阳线上穿5/10)
600203,2026-07-01,12.34,12.72,3.08,8.59,1,7,趋势: 高于MA20 | 动量: 突破转强 (阳线上穿5/10)
000565,2026-07-03,6.17,5.85,-5.19,-1.94,0,5,动量: 突破转强 (阳线上穿5/10)
000565,2026-07-09,5.73,5.85,2.09,2.09,1,1,"形态: 两连阴 (-3.97%, -1.20%)"
000565,2026-07-01,5.86,5.85,-0.17,5.29,0,7,"形态: 两连阴 (-1.21%, -0.35%)"
603088,2026-07-03,10.24,9.34,-8.79,-1.76,0,5,趋势: 高于MA20 | 动量: 突破转强 (阳线上穿5/10)
603088,2026-07-09,9.31,9.34,0.32,0.32,1,1,"形态: 两连阴 (-3.88%, -2.90%)"
600446,2026-07-07,9.99,10.17,1.8,2.2,1,3,"形态: 10日内有涨停 | 形态: 两连阴 (-0.19%, -1.91%)"
600446,2026-07-03,10.46,10.17,-2.77,-1.91,0,5,形态: 10日内有涨停
600446,2026-07-09,10.21,10.17,-0.39,-0.39,0,1,形态: 10日内有涨停
600446,2026-07-01,11.07,10.17,-8.13,-5.33,0,7,形态: 10日内有涨停 | 动量: 突破转强 (阳线上穿5/10)
603601,2026-07-03,12.3,10.61,-13.74,-10.0,0,5,量能: 放量 (1.70X)
603601,2026-07-09,10.28,10.61,3.21,3.21,1,1,"形态: 两连阴 (-5.60%, -4.88%)"
603601,2026-07-01,12.44,10.61,-14.71,-1.13,0,7,形态: 10日内有涨停
002171,2026-07-07,12.76,11.8,-7.52,-7.52,0,3,"形态: 两连阴 (-5.35%, -2.75%)"
002171,2026-07-01,13.99,11.8,-15.65,-1.14,0,7,趋势: 多头排列 (5>20>60) | 趋势: 高于MA20
600376,2026-07-07,3.57,3.66,2.52,2.52,1,3,形态: 10日内有涨停 | 趋势: 高于MA20
600376,2026-07-03,3.81,3.66,-3.94,4.2,0,5,形态: 10日内有涨停 | 趋势: 高于MA20 | 动量: 突破转强 (阳线上穿5/10)
600376,2026-07-09,3.33,3.66,9.91,9.91,1,1,"形态: 10日内有涨停 | 形态: 两连阴 (-10.08%, -7.28%)"
600376,2026-07-01,3.42,3.66,7.02,16.08,1,7,动量: 突破转强 (阳线上穿5/10)
600929,2026-07-03,4.78,4.64,-2.93,1.88,0,5,动量: 突破转强 (阳线上穿5/10)
600929,2026-07-09,4.61,4.64,0.65,0.65,1,1,"形态: 两连阴 (-3.29%, -0.21%)"
600236,2026-07-03,9.54,9.49,-0.52,-0.31,0,5,动量: 突破转强 (阳线上穿5/10)
600236,2026-07-09,9.5,9.49,-0.11,-0.11,0,1,趋势: 高于MA20
600236,2026-07-01,9.24,9.49,2.71,3.25,1,7,动量: 突破转强 (阳线上穿5/10)
600909,2026-07-07,9.82,9.43,-3.97,2.85,0,3,"趋势: 多头排列 (5>20>60) | 形态: 10日内有涨停 | 形态: 两连阴 (-9.46%, -6.84%)"
600909,2026-07-03,10.82,9.43,-12.85,-6.65,0,5,趋势: 多头排列 (5>20>60) | 形态: 10日内有涨停 | 趋势: 高于MA20
600909,2026-07-09,10.1,9.43,-6.63,-6.63,0,1,"形态: 10日内有涨停 | 形态: 两连阴 (-2.58%, -6.52%) | 趋势: 高于MA20"
600909,2026-07-01,12.22,9.43,-22.83,-2.21,0,7,"趋势: 多头排列 (5>20>60) | 形态: 10日内有涨停 | 形态: 两连阴 (-3.46%, -5.20%) | 趋势: 高于MA20 | 动量: 突破转强 (阳线上穿5/10)"
600712,2026-07-03,5.1,4.84,-5.1,-3.53,0,5,趋势: 高于MA20 | 动量: 突破转强 (阳线上穿5/10)
600712,2026-07-09,4.72,4.84,2.54,2.54,1,1,"形态: 两连阴 (-2.44%, -0.83%)"
600712,2026-07-01,4.88,4.84,-0.82,4.51,0,7,动量: 突破转强 (阳线上穿5/10)
600226,2026-07-07,8.61,8.21,-4.65,-0.46,0,3,"形态: 10日内有涨停 | 形态: 两连阴 (-4.47%, -4.67%)"
600226,2026-07-03,9.2,8.21,-10.76,-4.67,0,5,趋势: 多头排列 (5>20>60) | 形态: 10日内有涨停 | 趋势: 高于MA20
600226,2026-07-09,8.48,8.21,-3.18,-3.18,0,1,"形态: 两连阴 (-1.82%, -0.46%)"
600226,2026-07-01,9.68,8.21,-15.19,-0.52,0,7,趋势: 多头排列 (5>20>60) | 形态: 10日内有涨停 | 趋势: 高于MA20
002730,2026-07-07,26.62,28.1,5.56,5.56,1,3,"形态: 两连阴 (-3.00%, -0.40%)"
002730,2026-07-03,27.76,28.1,1.22,1.22,1,5,"形态: 两连阴 (-3.54%, -0.80%) | 趋势: 高于MA20"
002730,2026-07-09,26.15,28.1,7.46,7.46,1,1,"形态: 两连阴 (-3.73%, -1.01%)"
002730,2026-07-01,28.85,28.1,-2.6,-0.8,0,7,趋势: 高于MA20
002846,2026-07-09,9.94,9.88,-0.6,-0.6,0,1,"形态: 两连阴 (-1.52%, -3.18%)"
000995,2026-07-03,9.99,9.97,-0.2,-0.2,0,5,动量: 突破转强 (阳线上穿5/10)
000995,2026-07-09,9.33,9.97,6.86,6.86,1,1,"形态: 两连阴 (-4.04%, -1.47%)"
002519,2026-07-09,5.47,5.98,9.32,9.32,1,1,"形态: 两连阴 (-3.03%, -2.02%)"
601789,2026-07-01,4.12,4.06,-1.46,0.24,0,7,"形态: 两连阴 (-0.99%, -0.25%)"
600996,2026-07-03,6.73,6.47,-3.86,-3.86,0,5,"形态: 两连阴 (-2.59%, -4.14%)"
600996,2026-07-09,6.06,6.47,6.77,6.77,1,1,"形态: 两连阴 (-2.09%, -1.97%)"
600996,2026-07-01,6.76,6.47,-4.29,-0.44,0,7,"形态: 两连阴 (-9.99%, -8.32%)"
603331,2026-07-03,11.45,10.89,-4.89,-2.88,0,5,量能: 放量 (2.26X) | 动量: 突破转强 (阳线上穿5/10)
603331,2026-07-09,10.48,10.89,3.91,3.91,1,1,"形态: 两连阴 (-2.79%, -3.42%)"
002963,2026-07-07,18.9,19.45,2.91,2.91,1,3,趋势: 多头排列 (5>20>60)
002963,2026-07-03,21.1,19.45,-7.82,-7.82,0,5,趋势: 多头排列 (5>20>60) | 形态: 10日内有涨停 | 趋势: 高于MA20
002963,2026-07-01,21.26,19.45,-8.51,-0.75,0,7,趋势: 多头排列 (5>20>60) | 形态: 10日内有涨停 | 趋势: 高于MA20
603101,2026-07-07,6.97,6.87,-1.43,-0.72,0,3,量能: 放量 (2.11X) | 趋势: 高于MA20 | 动量: 突破转强 (阳线上穿5/10)
603101,2026-07-03,6.91,6.87,-0.58,0.87,0,5,趋势: 高于MA20 | 动量: 突破转强 (阳线上穿5/10)
603101,2026-07-01,6.55,6.87,4.89,6.41,1,7,动量: 突破转强 (阳线上穿5/10)
002125,2026-07-07,12.41,11.76,-5.24,-4.51,0,3,"形态: 两连阴 (-4.34%, -1.31%)"
002125,2026-07-09,11.85,11.76,-0.76,-0.76,0,1,"形态: 两连阴 (-3.27%, -4.67%)"
600578,2026-07-07,5.74,5.89,2.61,2.61,1,3,"形态: 两连阴 (-0.16%, -3.40%)"
600578,2026-07-09,5.82,5.89,1.2,1.2,1,1,"形态: 两连阴 (-3.85%, -2.44%)"
002520,2026-07-07,7.8,6.72,-13.85,-10.0,0,3,趋势: 多头排列 (5>20>60) | 形态: 10日内有涨停 | 趋势: 高于MA20 | 动量: 突破转强 (阳线上穿5/10)
002520,2026-07-03,7.72,6.72,-12.95,1.04,0,5,趋势: 多头排列 (5>20>60) | 形态: 10日内有涨停 | 趋势: 高于MA20 | 动量: 突破转强 (阳线上穿5/10)
002520,2026-07-09,6.67,6.72,0.75,0.75,1,1,趋势: 多头排列 (5>20>60) | 形态: 10日内有涨停
002520,2026-07-01,7.05,6.72,-4.68,10.64,0,7,趋势: 多头排列 (5>20>60) | 形态: 10日内有涨停 | 趋势: 高于MA20 | 动量: 突破转强 (阳线上穿5/10)
603219,2026-07-03,16.78,14.83,-11.62,-3.64,0,5,趋势: 高于MA20 | 动量: 突破转强 (阳线上穿5/10)
603219,2026-07-09,14.4,14.83,2.99,2.99,1,1,"形态: 两连阴 (-6.86%, -2.99%)"
603219,2026-07-01,15.36,14.83,-3.45,9.24,0,7,趋势: 高于MA20
603703,2026-07-09,9.93,10.15,2.22,2.22,1,1,"形态: 两连阴 (-2.93%, -1.91%)"
002009,2026-07-07,19.79,18.62,-5.91,-5.91,0,3,形态: 10日内有涨停
002009,2026-07-03,21.99,18.62,-15.33,-6.82,0,5,形态: 10日内有涨停 | 趋势: 高于MA20 | 动量: 突破转强 (阳线上穿5/10)
002009,2026-07-09,18.43,18.62,1.03,1.03,1,1,"形态: 10日内有涨停 | 形态: 两连阴 (-3.42%, -6.11%)"
002009,2026-07-01,20.98,18.62,-11.25,4.81,0,7,量能: 放量 (1.52X) | 形态: 10日内有涨停 | 趋势: 高于MA20 | 动量: 突破转强 (阳线上穿5/10)
600476,2026-07-03,9.39,8.99,-4.26,0.85,0,5,动量: 突破转强 (阳线上穿5/10)
002590,2026-07-03,10.39,9.55,-8.08,-2.12,0,5,动量: 突破转强 (阳线上穿5/10)
002590,2026-07-09,9.58,9.55,-0.31,-0.31,0,1,"形态: 两连阴 (-2.36%, -2.92%)"
002033,2026-07-03,8.51,8.36,-1.76,0.59,0,5,趋势: 高于MA20 | 动量: 突破转强 (阳线上穿5/10)
002033,2026-07-01,8.4,8.36,-0.48,1.9,0,7,动量: 突破转强 (阳线上穿5/10)
001217,2026-07-07,8.71,8.59,-1.38,-1.38,0,3,"形态: 两连阴 (-2.28%, -0.33%)"
001217,2026-07-09,8.56,8.59,0.35,0.35,1,1,"形态: 两连阴 (-2.90%, -1.61%)"
001217,2026-07-01,9.15,8.59,-6.12,0.66,0,7,"量能: 放量 (1.78X) | 形态: 两连阴 (-0.70%, -1.52%) | 动量: 突破转强 (阳线上穿5/10)"
600858,2026-07-03,4.62,4.59,-0.65,0.22,0,5,动量: 突破转强 (阳线上穿5/10)
600843,2026-07-03,8.78,7.36,-16.17,1.25,0,5,形态: 10日内有涨停 | 趋势: 高于MA20 | 动量: 突破转强 (阳线上穿5/10)
600843,2026-07-09,7.23,7.36,1.8,1.8,1,1,"形态: 两连阴 (-10.01%, -4.87%)"
600843,2026-07-01,8.95,7.36,-17.77,-0.67,0,7,形态: 10日内有涨停 | 趋势: 高于MA20 | 动量: 突破转强 (阳线上穿5/10)
002284,2026-07-03,10.41,9.47,-9.03,-2.79,0,5,趋势: 高于MA20 | 动量: 突破转强 (阳线上穿5/10)
002284,2026-07-09,9.43,9.47,0.42,0.42,1,1,"形态: 两连阴 (-2.87%, -2.95%)"
603898,2026-07-07,14.02,15.27,8.92,8.92,1,3,趋势: 多头排列 (5>20>60) | 趋势: 高于MA20
603898,2026-07-03,15.02,15.27,1.66,1.66,1,5,"趋势: 多头排列 (5>20>60) | 形态: 两连阴 (-0.50%, -7.18%) | 趋势: 高于MA20"
603898,2026-07-09,13.88,15.27,10.01,10.01,1,1,趋势: 多头排列 (5>20>60) | 形态: 10日内有涨停 | 趋势: 高于MA20
603898,2026-07-01,15.87,15.27,-3.78,-3.78,0,7,趋势: 多头排列 (5>20>60) | 趋势: 高于MA20
600970,2026-07-09,7.15,7.24,1.26,1.26,1,1,"形态: 两连阴 (-2.99%, -0.14%)"
600356,2026-07-03,7.99,7.95,-0.5,2.25,0,5,动量: 突破转强 (阳线上穿5/10)
600356,2026-07-09,7.9,7.95,0.63,0.63,1,1,"形态: 两连阴 (-2.94%, -1.01%)"
600356,2026-07-01,7.68,7.95,3.52,6.38,1,7,"形态: 两连阴 (-0.26%, -1.72%)"
603032,2026-07-07,26.78,21.4,-20.09,-10.01,0,3,趋势: 多头排列 (5>20>60) | 形态: 10日内有涨停 | 趋势: 高于MA20
603032,2026-07-03,27.6,21.4,-22.46,7.79,0,5,"趋势: 多头排列 (5>20>60) | 形态: 10日内有涨停 | 形态: 两连阴 (-3.16%, -0.42%) | 趋势: 高于MA20 | 动量: 突破转强 (阳线上穿5/10)"
603032,2026-07-09,22.19,21.4,-3.56,-3.56,0,1,"趋势: 多头排列 (5>20>60) | 形态: 10日内有涨停 | 形态: 两连阴 (-9.98%, -10.01%)"
603032,2026-07-01,26.05,21.4,-17.85,14.2,0,7,趋势: 多头排列 (5>20>60) | 形态: 10日内有涨停 | 趋势: 高于MA20
603707,2026-07-07,7.39,7.49,1.35,1.35,1,3,趋势: 高于MA20
603707,2026-07-03,7.64,7.49,-1.96,-0.39,0,5,趋势: 高于MA20 | 动量: 突破转强 (阳线上穿5/10)
603707,2026-07-09,7.24,7.49,3.45,3.45,1,1,"形态: 两连阴 (-2.89%, -0.41%)"
603707,2026-07-01,7.29,7.49,2.74,4.8,1,7,动量: 突破转强 (阳线上穿5/10)
002842,2026-07-07,37.69,35.35,-6.21,-3.69,0,3,"形态: 10日内有涨停 | 形态: 两连阴 (-10.01%, -9.99%)"
002842,2026-07-03,45.15,35.35,-21.71,-9.99,0,5,趋势: 多头排列 (5>20>60) | 形态: 10日内有涨停 | 趋势: 高于MA20
002842,2026-07-09,36.3,35.35,-2.62,-2.62,0,1,"形态: 10日内有涨停 | 形态: 两连阴 (-7.26%, -4.27%)"
002842,2026-07-01,45.61,35.35,-22.5,10.0,0,7,"趋势: 多头排列 (5>20>60) | 形态: 10日内有涨停 | 形态: 两连阴 (-5.21%, -2.51%) | 趋势: 高于MA20"
603328,2026-07-09,11.16,10.89,-2.42,-2.42,0,1,"形态: 两连阴 (-3.90%, -7.36%)"
600215,2026-07-07,6.37,6.01,-5.65,-4.71,0,3,形态: 10日内有涨停 | 趋势: 高于MA20
600215,2026-07-03,6.25,6.01,-3.84,10.08,0,5,趋势: 高于MA20 | 动量: 突破转强 (阳线上穿5/10)
600215,2026-07-09,5.96,6.01,0.84,0.84,1,1,"形态: 10日内有涨停 | 形态: 两连阴 (-7.41%, -4.71%)"
002682,2026-07-03,4.42,4.3,-2.71,-2.04,0,5,动量: 突破转强 (阳线上穿5/10)
002682,2026-07-09,4.2,4.3,2.38,2.38,1,1,"形态: 两连阴 (-3.00%, -1.19%)"
002969,2026-07-03,14.06,13.26,-5.69,-4.77,0,5,"形态: 两连阴 (-0.71%, -0.72%)"
002969,2026-07-09,12.85,13.26,3.19,3.19,1,1,"形态: 两连阴 (-3.73%, -2.56%)"
603602,2026-07-09,10.6,10.9,2.83,2.83,1,1,"形态: 两连阴 (-3.14%, -1.67%)"
600576,2026-07-07,5.93,5.81,-2.02,-0.84,0,3,"趋势: 多头排列 (5>20>60) | 形态: 10日内有涨停 | 形态: 两连阴 (-0.16%, -1.92%) | 趋势: 高于MA20"
600576,2026-07-03,6.25,5.81,-7.04,-1.92,0,5,形态: 10日内有涨停 | 趋势: 高于MA20
600576,2026-07-09,5.73,5.81,1.4,1.4,1,1,"趋势: 多头排列 (5>20>60) | 形态: 10日内有涨停 | 形态: 两连阴 (-3.26%, -0.84%)"
600576,2026-07-01,6.32,5.81,-8.07,-0.95,0,7,形态: 10日内有涨停 | 趋势: 高于MA20 | 动量: 突破转强 (阳线上穿5/10)
603073,2026-07-03,15.9,15.22,-4.28,-0.69,0,5,动量: 突破转强 (阳线上穿5/10)
603073,2026-07-09,14.79,15.22,2.91,2.91,1,1,"形态: 两连阴 (-3.55%, -1.38%)"
000524,2026-07-09,9.68,9.87,1.96,1.96,1,1,量能: 放量 (4.70X) | 形态: 10日内有涨停 | 趋势: 高于MA20
600110,2026-07-07,15.23,12.82,-15.82,-9.98,0,3,趋势: 多头排列 (5>20>60) | 趋势: 高于MA20 | 动量: 突破转强 (阳线上穿5/10)
600110,2026-07-03,15.75,12.82,-18.6,-3.3,0,5,趋势: 多头排列 (5>20>60) | 趋势: 高于MA20 | 动量: 突破转强 (阳线上穿5/10)
600110,2026-07-01,15.33,12.82,-16.37,2.74,0,7,趋势: 多头排列 (5>20>60) | 形态: 10日内有涨停 | 趋势: 高于MA20
600738,2026-07-03,3.83,3.78,-1.31,0.78,0,5,动量: 突破转强 (阳线上穿5/10)
600738,2026-07-09,3.7,3.78,2.16,2.16,1,1,"形态: 两连阴 (-2.59%, -0.53%)"
600738,2026-07-01,3.68,3.78,2.72,4.89,1,7,"形态: 两连阴 (-0.82%, -0.83%)"
002651,2026-07-03,7.92,7.56,-4.55,-3.03,0,5,趋势: 高于MA20 | 动量: 突破转强 (阳线上穿5/10)
002651,2026-07-09,7.37,7.56,2.58,2.58,1,1,"形态: 两连阴 (-2.86%, -1.74%)"
603238,2026-07-03,11.88,11.33,-4.63,-0.76,0,5,动量: 突破转强 (阳线上穿5/10)
603238,2026-07-09,11.13,11.33,1.8,1.8,1,1,"形态: 两连阴 (-2.54%, -1.13%)"
603238,2026-07-01,11.4,11.33,-0.61,4.21,0,7,"形态: 两连阴 (-0.71%, -2.05%)"
000863,2026-07-07,4.16,4.26,2.4,2.4,1,3,形态: 10日内有涨停
000863,2026-07-03,4.3,4.26,-0.93,1.4,0,5,形态: 10日内有涨停
000863,2026-07-09,4.23,4.26,0.71,0.71,1,1,"形态: 10日内有涨停 | 形态: 两连阴 (-4.59%, -0.72%)"
000863,2026-07-01,4.62,4.26,-7.79,-1.95,0,7,形态: 10日内有涨停 | 趋势: 高于MA20 | 动量: 突破转强 (阳线上穿5/10)
603112,2026-07-03,17.31,15.97,-7.74,-4.85,0,5,"形态: 两连阴 (-0.18%, -1.14%) | 动量: 突破转强 (阳线上穿5/10)"
603112,2026-07-09,16.21,15.97,-1.48,-1.48,0,1,"形态: 两连阴 (-2.85%, -0.62%)"
601398,2026-07-07,7.26,7.33,0.96,1.52,1,3,动量: 突破转强 (阳线上穿5/10)
601398,2026-07-03,7.04,7.33,4.12,4.69,1,5,"形态: 两连阴 (-0.14%, -0.14%)"
000913,2026-07-03,10.59,10.35,-2.27,-0.85,0,5,动量: 突破转强 (阳线上穿5/10)
000913,2026-07-01,10.41,10.35,-0.58,1.73,0,7,"形态: 两连阴 (-0.19%, -1.06%)"
000796,2026-07-09,3.63,3.72,2.48,2.48,1,1,"形态: 两连阴 (-3.90%, -0.81%)"
600336,2026-07-03,6.55,6.08,-7.18,-2.9,0,5,动量: 突破转强 (阳线上穿5/10)
600336,2026-07-09,5.91,6.08,2.88,2.88,1,1,"形态: 两连阴 (-3.77%, -3.10%)"
000599,2026-07-03,4.41,4.38,-0.68,-0.68,0,5,动量: 突破转强 (阳线上穿5/10)
000599,2026-07-01,4.32,4.38,1.39,2.08,1,7,"形态: 两连阴 (-1.16%, -0.94%)"
605055,2026-07-07,10.82,10.0,-7.58,-4.71,0,3,形态: 10日内有涨停
605055,2026-07-03,10.98,10.0,-8.93,0.82,0,5,量能: 放量 (1.71X) | 形态: 10日内有涨停
605055,2026-07-09,9.61,10.0,4.06,4.06,1,1,"形态: 10日内有涨停 | 形态: 两连阴 (-2.26%, -4.71%)"
605055,2026-07-01,10.13,10.0,-1.28,9.97,0,7,"形态: 两连阴 (-3.46%, -1.26%)"
601611,2026-07-07,10.33,10.32,-0.1,-0.1,0,3,形态: 10日内有涨停
601611,2026-07-03,10.83,10.32,-4.71,-2.03,0,5,形态: 10日内有涨停
601611,2026-07-09,10.08,10.32,2.38,2.38,1,1,"形态: 10日内有涨停 | 形态: 两连阴 (-2.64%, -3.00%)"
601611,2026-07-01,11.28,10.32,-8.51,-3.99,0,7,形态: 10日内有涨停 | 趋势: 高于MA20 | 动量: 突破转强 (阳线上穿5/10)
601187,2026-07-01,6.8,7.08,4.12,4.12,1,7,"形态: 两连阴 (-1.39%, -3.53%)"
600854,2026-07-03,4.29,4.2,-2.1,1.17,0,5,动量: 突破转强 (阳线上穿5/10)
600854,2026-07-09,4.09,4.2,2.69,2.69,1,1,"形态: 两连阴 (-3.92%, -0.72%)"
002634,2026-07-03,4.65,4.3,-7.53,-5.81,0,5,动量: 突破转强 (阳线上穿5/10)
002026,2026-07-03,11.3,10.57,-6.46,0.35,0,5,动量: 突破转强 (阳线上穿5/10)
002026,2026-07-09,10.58,10.57,-0.09,-0.09,0,1,"形态: 两连阴 (-2.82%, -2.36%)"
002083,2026-07-07,9.87,9.3,-5.78,-4.26,0,3,"形态: 两连阴 (-8.51%, -2.25%)"
002083,2026-07-09,9.45,9.3,-1.59,-1.59,0,1,"形态: 两连阴 (-1.10%, -4.86%)"
002083,2026-07-01,11.2,9.3,-16.96,-0.36,0,7,动量: 突破转强 (阳线上穿5/10)
002527,2026-07-03,13.95,11.52,-17.42,-5.95,0,5,动量: 突破转强 (阳线上穿5/10)
002527,2026-07-09,11.78,11.52,-2.21,-2.21,0,1,"形态: 两连阴 (-2.13%, -6.54%)"
000829,2026-07-07,7.37,7.93,7.6,7.6,1,3,形态: 10日内有涨停
000829,2026-07-03,7.58,7.93,4.62,4.62,1,5,形态: 10日内有涨停
000829,2026-07-09,7.67,7.93,3.39,3.39,1,1,形态: 10日内有涨停 | 动量: 突破转强 (阳线上穿5/10)
000829,2026-07-01,7.85,7.93,1.02,1.02,1,7,形态: 10日内有涨停 | 动量: 突破转强 (阳线上穿5/10)
002438,2026-07-03,14.45,13.43,-7.06,-1.59,0,5,"形态: 两连阴 (-1.47%, -2.58%) | 趋势: 高于MA20"
002438,2026-07-09,13.28,13.43,1.13,1.13,1,1,"形态: 两连阴 (-2.25%, -3.24%)"
002438,2026-07-01,14.71,13.43,-8.7,-1.77,0,7,趋势: 高于MA20
600736,2026-07-09,6.82,6.97,2.2,2.2,1,1,动量: 突破转强 (阳线上穿5/10)
600736,2026-07-01,6.75,6.97,3.26,3.26,1,7,"形态: 两连阴 (-2.19%, -0.15%)"
603339,2026-07-07,14.06,16.25,15.58,15.58,1,3,趋势: 多头排列 (5>20>60) | 趋势: 高于MA20
603339,2026-07-03,14.31,16.25,13.56,13.56,1,5,趋势: 多头排列 (5>20>60) | 趋势: 高于MA20
603339,2026-07-09,15.33,16.25,6.0,6.0,1,1,趋势: 多头排列 (5>20>60) | 量能: 放量 (1.57X) | 形态: 10日内有涨停 | 趋势: 高于MA20
603339,2026-07-01,14.46,16.25,12.38,12.38,1,7,趋势: 多头排列 (5>20>60) | 趋势: 高于MA20 | 动量: 突破转强 (阳线上穿5/10)
603626,2026-07-03,20.73,17.01,-17.95,-9.99,0,5,动量: 突破转强 (阳线上穿5/10)
603626,2026-07-09,16.9,17.01,0.65,0.65,1,1,"形态: 两连阴 (-4.61%, -7.58%)"
600172,2026-07-07,18.36,17.0,-7.41,1.85,0,3,趋势: 多头排列 (5>20>60) | 形态: 10日内有涨停 | 趋势: 高于MA20
600172,2026-07-03,16.86,17.0,0.83,10.91,1,5,趋势: 多头排列 (5>20>60) | 形态: 10日内有涨停 | 趋势: 高于MA20
600172,2026-07-09,18.7,17.0,-9.09,-9.09,0,1,"趋势: 多头排列 (5>20>60) | 形态: 10日内有涨停 | 形态: 两连阴 (-1.02%, -4.19%) | 趋势: 高于MA20 | 动量: 突破转强 (阳线上穿5/10)"
600172,2026-07-01,16.39,17.0,3.72,14.09,1,7,趋势: 多头排列 (5>20>60) | 形态: 10日内有涨停 | 趋势: 高于MA20
601233,2026-07-07,22.52,20.66,-8.26,-3.86,0,3,趋势: 多头排列 (5>20>60)
601233,2026-07-03,22.84,20.66,-9.54,3.72,0,5,趋势: 多头排列 (5>20>60) | 形态: 10日内有涨停 | 趋势: 高于MA20
601233,2026-07-09,21.02,20.66,-1.71,-1.71,0,1,"形态: 两连阴 (-4.94%, -3.86%)"
601233,2026-07-01,23.15,20.66,-10.76,2.33,0,7,"趋势: 多头排列 (5>20>60) | 形态: 10日内有涨停 | 形态: 两连阴 (-3.57%, -6.68%) | 趋势: 高于MA20"
603536,2026-07-03,8.17,8.1,-0.86,0.37,0,5,动量: 突破转强 (阳线上穿5/10)
603536,2026-07-09,7.93,8.1,2.14,2.14,1,1,"形态: 两连阴 (-3.05%, -0.13%)"
600901,2026-07-03,6.14,5.96,-2.93,0.16,0,5,动量: 突破转强 (阳线上穿5/10)
603680,2026-07-03,10.48,9.92,-5.34,-0.57,0,5,动量: 突破转强 (阳线上穿5/10)
603680,2026-07-09,9.81,9.92,1.12,1.12,1,1,"形态: 两连阴 (-3.65%, -1.89%)"
603680,2026-07-01,10.29,9.92,-3.6,1.85,0,7,动量: 突破转强 (阳线上穿5/10)
605056,2026-07-03,16.56,14.77,-10.81,-3.26,0,5,动量: 突破转强 (阳线上穿5/10)
605056,2026-07-09,14.92,14.77,-1.01,-1.01,0,1,"形态: 两连阴 (-4.00%, -2.28%)"
605167,2026-07-07,16.16,16.05,-0.68,0.12,0,3,趋势: 高于MA20
605167,2026-07-03,17.6,16.05,-8.81,-8.07,0,5,形态: 10日内有涨停 | 趋势: 高于MA20 | 动量: 突破转强 (阳线上穿5/10)
605167,2026-07-09,16.18,16.05,-0.8,-0.8,0,1,"形态: 两连阴 (-0.12%, -1.42%) | 趋势: 高于MA20"
605167,2026-07-01,16.8,16.05,-4.46,4.76,0,7,形态: 10日内有涨停 | 趋势: 高于MA20 | 动量: 突破转强 (阳线上穿5/10)
603982,2026-07-03,5.9,5.65,-4.24,-1.36,0,5,趋势: 高于MA20 | 动量: 突破转强 (阳线上穿5/10)
603982,2026-07-09,5.51,5.65,2.54,2.54,1,1,"形态: 两连阴 (-3.09%, -1.77%)"
000617,2026-07-09,6.66,6.77,1.65,1.65,1,1,"形态: 两连阴 (-2.65%, -0.30%)"
600232,2026-07-09,5.89,5.99,1.7,1.7,1,1,"形态: 两连阴 (-2.72%, -1.48%)"
600232,2026-07-01,6.3,5.99,-4.92,2.38,0,7,"形态: 两连阴 (-2.57%, -2.17%)"
601279,2026-07-03,3.13,3.04,-2.88,-0.64,0,5,动量: 突破转强 (阳线上穿5/10)
601279,2026-07-09,2.97,3.04,2.36,2.36,1,1,"形态: 两连阴 (-3.22%, -0.33%)"
601882,2026-07-07,20.4,19.12,-6.27,-5.0,0,3,形态: 10日内有涨停 | 趋势: 高于MA20
601882,2026-07-03,21.3,19.12,-10.23,-3.1,0,5,形态: 10日内有涨停 | 趋势: 高于MA20 | 动量: 突破转强 (阳线上穿5/10)
601882,2026-07-09,19.3,19.12,-0.93,-0.93,0,1,"形态: 10日内有涨停 | 形态: 两连阴 (-1.16%, -5.00%)"
601882,2026-07-01,20.13,19.12,-5.02,5.81,0,7,形态: 10日内有涨停
600480,2026-07-07,8.89,8.8,-1.01,-1.01,0,3,形态: 10日内有涨停
600480,2026-07-03,9.2,8.8,-4.35,0.87,0,5,量能: 放量 (1.70X) | 形态: 10日内有涨停
600480,2026-07-09,8.6,8.8,2.33,2.33,1,1,"形态: 10日内有涨停 | 形态: 两连阴 (-4.20%, -3.71%)"
603861,2026-07-07,15.2,13.04,-14.21,-10.0,0,3,量能: 放量 (2.04X) | 形态: 10日内有涨停 | 趋势: 高于MA20 | 动量: 突破转强 (阳线上穿5/10)
603861,2026-07-03,12.56,13.04,3.82,21.02,1,5,"形态: 10日内有涨停 | 形态: 两连阴 (-0.39%, -4.28%)"
603861,2026-07-09,13.51,13.04,-3.48,-3.48,0,1,形态: 10日内有涨停
603861,2026-07-01,12.86,13.04,1.4,18.2,1,7,"形态: 10日内有涨停 | 形态: 两连阴 (-4.63%, -5.00%)"
601118,2026-07-09,4.84,4.94,2.07,2.07,1,1,"形态: 两连阴 (-1.80%, -0.82%)"
000700,2026-07-07,16.15,15.61,-3.34,-3.34,0,3,趋势: 多头排列 (5>20>60) | 形态: 10日内有涨停 | 趋势: 高于MA20
000700,2026-07-03,17.6,15.61,-11.31,-4.83,0,5,趋势: 多头排列 (5>20>60) | 量能: 放量 (1.77X) | 形态: 10日内有涨停 | 趋势: 高于MA20 | 动量: 突破转强 (阳线上穿5/10)
000700,2026-07-09,15.18,15.61,2.83,2.83,1,1,"趋势: 多头排列 (5>20>60) | 形态: 10日内有涨停 | 形态: 两连阴 (-3.58%, -9.60%)"
000700,2026-07-01,15.34,15.61,1.76,14.73,1,7,动量: 突破转强 (阳线上穿5/10)
601598,2026-07-03,5.33,5.3,-0.56,3.75,0,5,动量: 突破转强 (阳线上穿5/10)
601598,2026-07-01,5.1,5.3,3.92,8.43,1,7,"形态: 两连阴 (-3.43%, -2.17%)"
002275,2026-07-07,13.08,13.12,0.31,0.69,1,3,趋势: 高于MA20
002275,2026-07-03,13.17,13.12,-0.38,2.51,0,5,趋势: 高于MA20 | 动量: 突破转强 (阳线上穿5/10)
002275,2026-07-09,13.17,13.12,-0.38,-0.38,0,1,"形态: 两连阴 (-3.11%, -0.08%) | 趋势: 高于MA20"
002275,2026-07-01,12.55,13.12,4.54,7.57,1,7,动量: 突破转强 (阳线上穿5/10)
603045,2026-07-07,70.6,71.25,0.92,0.92,1,3,形态: 10日内有涨停
603045,2026-07-03,75.9,71.25,-6.13,-6.13,0,5,形态: 10日内有涨停
603045,2026-07-01,73.5,71.25,-3.06,3.27,0,7,"形态: 10日内有涨停 | 形态: 两连阴 (-8.34%, -3.21%)"
601238,2026-07-03,5.25,5.19,-1.14,1.14,0,5,动量: 突破转强 (阳线上穿5/10)
601238,2026-07-09,5.1,5.19,1.76,1.76,1,1,"形态: 两连阴 (-3.20%, -0.19%)"
002322,2026-07-03,10.18,9.86,-3.14,-0.29,0,5,动量: 突破转强 (阳线上穿5/10)
002096,2026-07-09,8.72,8.8,0.92,0.92,1,1,"形态: 两连阴 (-2.77%, -0.11%)"
002096,2026-07-01,8.93,8.8,-1.46,1.68,0,7,"形态: 两连阴 (-0.55%, -2.01%)"
605303,2026-07-09,21.27,22.59,6.21,6.21,1,1,"形态: 两连阴 (-2.58%, -1.02%)"
605303,2026-07-01,22.85,22.59,-1.14,-1.14,0,7,"形态: 两连阴 (-4.17%, -5.19%)"
002564,2026-07-03,4.5,4.33,-3.78,-2.67,0,5,动量: 突破转强 (阳线上穿5/10)
002564,2026-07-09,4.21,4.33,2.85,2.85,1,1,"形态: 两连阴 (-3.20%, -0.24%)"
002297,2026-07-07,25.5,24.03,-5.76,-3.8,0,3,"趋势: 多头排列 (5>20>60) | 形态: 两连阴 (-2.27%, -0.29%)"
002297,2026-07-03,27.58,24.03,-12.87,-0.29,0,5,趋势: 多头排列 (5>20>60) | 形态: 10日内有涨停 | 趋势: 高于MA20
002297,2026-07-09,24.53,24.03,-2.04,-2.04,0,1,"形态: 两连阴 (-7.27%, -4.82%)"
002297,2026-07-01,28.16,24.03,-14.67,0.21,0,7,趋势: 多头排列 (5>20>60) | 形态: 10日内有涨停 | 趋势: 高于MA20
002198,2026-07-03,3.51,3.43,-2.28,-2.28,0,5,量能: 放量 (1.61X) | 趋势: 高于MA20 | 动量: 突破转强 (阳线上穿5/10)
002537,2026-07-01,5.53,5.35,-3.25,0.0,0,7,"量能: 放量 (1.60X) | 形态: 两连阴 (-0.56%, -0.75%)"
002237,2026-07-07,12.76,12.84,0.63,1.33,1,3,形态: 10日内有涨停
002237,2026-07-03,13.73,12.84,-6.48,-3.13,0,5,"形态: 10日内有涨停 | 形态: 两连阴 (-2.52%, -4.26%) | 趋势: 高于MA20"
002237,2026-07-09,12.93,12.84,-0.7,-0.7,0,1,形态: 10日内有涨停
002237,2026-07-01,14.32,12.84,-10.34,-4.12,0,7,形态: 10日内有涨停 | 趋势: 高于MA20
603214,2026-07-03,13.05,12.57,-3.68,-1.07,0,5,动量: 突破转强 (阳线上穿5/10)
603214,2026-07-09,12.27,12.57,2.44,2.44,1,1,"形态: 两连阴 (-3.02%, -0.72%)"
603332,2026-07-03,10.85,10.22,-5.81,-0.55,0,5,动量: 突破转强 (阳线上穿5/10)
603332,2026-07-09,10.08,10.22,1.39,1.39,1,1,"形态: 两连阴 (-3.80%, -2.12%)"
603332,2026-07-01,10.4,10.22,-1.73,4.33,0,7,"形态: 两连阴 (-0.67%, -2.22%)"
002802,2026-07-09,10.29,10.59,2.92,2.92,1,1,"形态: 两连阴 (-5.22%, -0.10%)"
002802,2026-07-01,10.8,10.59,-1.94,1.3,0,7,"形态: 两连阴 (-1.29%, -1.59%)"
002194,2026-07-03,9.55,8.96,-6.18,-5.55,0,5,"形态: 两连阴 (-0.10%, -2.76%)"
603817,2026-07-03,5.42,5.36,-1.11,0.55,0,5,动量: 突破转强 (阳线上穿5/10)
603817,2026-07-01,5.3,5.36,1.13,2.83,1,7,"形态: 两连阴 (-0.19%, -1.73%)"
003042,2026-07-03,12.82,12.47,-2.73,0.0,0,5,动量: 突破转强 (阳线上穿5/10)
003042,2026-07-09,12.08,12.47,3.23,3.23,1,1,"形态: 两连阴 (-3.82%, -1.87%)"
003042,2026-07-01,12.57,12.47,-0.8,1.99,0,7,"形态: 两连阴 (-0.81%, -0.90%)"
000670,2026-07-07,7.07,7.11,0.57,0.57,1,3,"形态: 两连阴 (-0.14%, -1.63%)"
000670,2026-07-03,7.35,7.11,-3.27,-1.63,0,5,"形态: 两连阴 (-0.66%, -2.39%)"
000670,2026-07-09,7.01,7.11,1.43,1.43,1,1,"形态: 两连阴 (-2.21%, -5.66%)"
600817,2026-07-07,9.11,9.1,-0.11,0.33,0,3,趋势: 高于MA20
600817,2026-07-03,9.31,9.1,-2.26,-0.43,0,5,趋势: 高于MA20 | 动量: 突破转强 (阳线上穿5/10)
600817,2026-07-01,8.8,9.1,3.41,5.8,1,7,"形态: 两连阴 (-0.45%, -0.68%)"
002909,2026-07-09,4.75,4.8,1.05,1.05,1,1,"形态: 两连阴 (-3.02%, -1.46%)"
002909,2026-07-01,5.01,4.8,-4.19,0.4,0,7,"形态: 两连阴 (-0.99%, -0.80%)"
600824,2026-07-03,3.47,3.48,0.29,0.29,1,5,动量: 突破转强 (阳线上穿5/10)
600732,2026-07-07,12.61,11.91,-5.55,-5.55,0,3,"形态: 两连阴 (-1.40%, -2.25%)"
600732,2026-07-03,13.36,11.91,-10.85,-2.25,0,5,趋势: 高于MA20
600732,2026-07-09,11.86,11.91,0.42,0.42,1,1,"形态: 两连阴 (-3.45%, -6.42%)"
600732,2026-07-01,13.86,11.91,-14.07,-2.24,0,7,趋势: 高于MA20 | 动量: 突破转强 (阳线上穿5/10)
600588,2026-07-07,9.0,9.67,7.44,7.44,1,3,"形态: 两连阴 (-0.43%, -1.29%)"
600588,2026-07-09,9.43,9.67,2.55,2.55,1,1,动量: 突破转强 (阳线上穿5/10)
600588,2026-07-01,9.46,9.67,2.22,2.22,1,7,动量: 突破转强 (阳线上穿5/10)
605066,2026-07-07,6.6,6.4,-3.03,-1.82,0,3,"形态: 两连阴 (-0.14%, -2.59%)"
605066,2026-07-03,6.95,6.4,-7.91,-2.59,0,5,趋势: 高于MA20
605066,2026-07-09,6.36,6.4,0.63,0.63,1,1,"形态: 两连阴 (-2.51%, -1.82%)"
600080,2026-07-07,4.74,4.77,0.63,0.84,1,3,趋势: 高于MA20
600080,2026-07-03,5.0,4.77,-4.6,-1.2,0,5,趋势: 高于MA20 | 动量: 突破转强 (阳线上穿5/10)
600080,2026-07-01,4.69,4.77,1.71,6.61,1,7,动量: 突破转强 (阳线上穿5/10)
002668,2026-07-07,10.52,10.48,-0.38,0.48,0,3,"趋势: 多头排列 (5>20>60) | 形态: 两连阴 (-1.27%, -0.18%) | 趋势: 高于MA20"
002668,2026-07-03,10.89,10.48,-3.76,-0.18,0,5,趋势: 多头排列 (5>20>60) | 趋势: 高于MA20
002668,2026-07-09,10.57,10.48,-0.85,-0.85,0,1,"趋势: 多头排列 (5>20>60) | 形态: 两连阴 (-3.22%, -0.10%) | 趋势: 高于MA20"
002668,2026-07-01,10.91,10.48,-3.94,1.1,0,7,趋势: 多头排列 (5>20>60) | 趋势: 高于MA20
603028,2026-07-03,6.94,6.59,-5.04,-3.03,0,5,动量: 突破转强 (阳线上穿5/10)
603028,2026-07-09,6.38,6.59,3.29,3.29,1,1,"形态: 两连阴 (-3.71%, -2.16%)"
603028,2026-07-01,6.68,6.59,-1.35,3.89,0,7,"形态: 两连阴 (-0.60%, -2.41%)"
002465,2026-07-03,13.0,13.58,4.46,4.46,1,5,"形态: 两连阴 (-0.39%, -4.25%) | 动量: 突破转强 (阳线上穿5/10)"
002465,2026-07-09,12.47,13.58,8.9,8.9,1,1,"形态: 两连阴 (-3.58%, -2.58%)"
002011,2026-07-03,10.77,10.2,-5.29,1.49,0,5,趋势: 高于MA20 | 动量: 突破转强 (阳线上穿5/10)
002011,2026-07-01,10.73,10.2,-4.94,1.86,0,7,动量: 突破转强 (阳线上穿5/10)
002952,2026-07-07,20.28,20.02,-1.28,-1.28,0,3,"形态: 两连阴 (-0.55%, -4.63%)"
002952,2026-07-09,19.92,20.02,0.5,0.5,1,1,"形态: 两连阴 (-2.45%, -2.37%)"
000810,2026-07-07,11.7,12.84,9.74,9.74,1,3,"形态: 两连阴 (-2.86%, -5.42%)"
000810,2026-07-03,12.91,12.84,-0.54,-0.54,0,5,趋势: 高于MA20
000810,2026-07-09,11.67,12.84,10.03,10.03,1,1,"形态: 两连阴 (-4.18%, -3.08%)"
000810,2026-07-01,13.39,12.84,-4.11,-0.75,0,7,趋势: 高于MA20 | 动量: 突破转强 (阳线上穿5/10)
600241,2026-07-07,6.7,6.6,-1.49,-1.49,0,3,量能: 放量 (1.69X) | 形态: 10日内有涨停
600241,2026-07-09,6.51,6.6,1.38,1.38,1,1,"形态: 10日内有涨停 | 形态: 两连阴 (-9.58%, -2.39%)"
002695,2026-07-03,10.57,10.58,0.09,1.99,1,5,动量: 突破转强 (阳线上穿5/10)
002413,2026-07-03,9.97,9.62,-3.51,-3.51,0,5,动量: 突破转强 (阳线上穿5/10)
002413,2026-07-09,8.99,9.62,7.01,7.01,1,1,"形态: 两连阴 (-3.97%, -3.35%)"
002413,2026-07-01,10.09,9.62,-4.66,-1.19,0,7,趋势: 高于MA20 | 动量: 突破转强 (阳线上穿5/10)
603969,2026-07-07,7.81,7.67,-1.79,-1.54,0,3,趋势: 高于MA20
603969,2026-07-03,8.07,7.67,-4.96,0.37,0,5,趋势: 高于MA20 | 动量: 突破转强 (阳线上穿5/10)
603969,2026-07-09,7.55,7.67,1.59,1.59,1,1,"形态: 两连阴 (-3.58%, -1.54%)"
603969,2026-07-01,7.69,7.67,-0.26,5.33,0,7,趋势: 高于MA20 | 动量: 突破转强 (阳线上穿5/10)
603958,2026-07-09,16.25,15.63,-3.82,-3.82,0,1,"形态: 两连阴 (-3.86%, -0.64%)"
603958,2026-07-01,17.99,15.63,-13.12,-6.17,0,7,"形态: 两连阴 (-3.06%, -1.05%)"
603712,2026-07-03,12.97,12.81,-1.23,-1.23,0,5,动量: 突破转强 (阳线上穿5/10)
603712,2026-07-09,11.92,12.81,7.47,7.47,1,1,"形态: 两连阴 (-3.05%, -1.82%)"
603712,2026-07-01,13.06,12.81,-1.91,-0.69,0,7,动量: 突破转强 (阳线上穿5/10)
600468,2026-07-07,5.26,5.25,-0.19,-0.19,0,3,"形态: 10日内有涨停 | 形态: 两连阴 (-0.35%, -4.86%)"
600468,2026-07-03,5.76,5.25,-8.85,-4.86,0,5,"形态: 10日内有涨停 | 形态: 两连阴 (-1.15%, -3.67%)"
600468,2026-07-09,5.12,5.25,2.54,2.54,1,1,"形态: 10日内有涨停 | 形态: 两连阴 (-4.01%, -2.47%)"
600468,2026-07-01,6.0,5.25,-12.5,-3.67,0,7,形态: 10日内有涨停 | 趋势: 高于MA20
603628,2026-07-03,9.63,9.25,-3.95,-0.52,0,5,动量: 突破转强 (阳线上穿5/10)
603628,2026-07-09,9.11,9.25,1.54,1.54,1,1,"形态: 两连阴 (-2.61%, -1.71%)"
605368,2026-07-03,6.39,6.44,0.78,1.56,1,5,动量: 突破转强 (阳线上穿5/10)
600897,2026-07-03,14.9,14.67,-1.54,-0.13,0,5,动量: 突破转强 (阳线上穿5/10)
600897,2026-07-09,14.53,14.67,0.96,0.96,1,1,"形态: 两连阴 (-1.41%, -0.07%)"
605108,2026-07-03,11.94,11.72,-1.84,1.01,0,5,动量: 突破转强 (阳线上穿5/10)
000635,2026-07-09,5.94,6.03,1.52,1.52,1,1,"形态: 两连阴 (-0.96%, -2.27%)"
000635,2026-07-01,6.17,6.03,-2.27,1.62,0,7,"形态: 两连阴 (-2.39%, -1.47%)"
002521,2026-07-07,7.21,6.7,-7.07,0.28,0,3,形态: 10日内有涨停 | 趋势: 高于MA20
002521,2026-07-03,7.25,6.7,-7.59,1.93,0,5,形态: 10日内有涨停 | 趋势: 高于MA20
002521,2026-07-09,7.11,6.7,-5.77,-5.77,0,1,形态: 10日内有涨停 | 趋势: 高于MA20
002521,2026-07-01,7.37,6.7,-9.09,0.27,0,7,形态: 10日内有涨停 | 趋势: 高于MA20 | 动量: 突破转强 (阳线上穿5/10)
603505,2026-07-07,19.34,16.71,-13.6,-7.55,0,3,"趋势: 多头排列 (5>20>60) | 形态: 10日内有涨停 | 形态: 两连阴 (-9.23%, -8.58%)"
603505,2026-07-03,22.14,16.71,-24.53,-8.58,0,5,趋势: 多头排列 (5>20>60) | 形态: 10日内有涨停 | 趋势: 高于MA20
603505,2026-07-09,17.12,16.71,-2.39,-2.39,0,1,"形态: 10日内有涨停 | 形态: 两连阴 (-4.45%, -7.55%)"
603505,2026-07-01,22.17,16.71,-24.63,10.01,0,7,趋势: 多头排列 (5>20>60) | 形态: 10日内有涨停 | 趋势: 高于MA20 | 动量: 突破转强 (阳线上穿5/10)
002540,2026-07-03,4.91,4.76,-3.05,-0.41,0,5,动量: 突破转强 (阳线上穿5/10)
002540,2026-07-09,4.73,4.76,0.63,0.63,1,1,"形态: 两连阴 (-1.64%, -0.83%)"
600057,2026-07-07,5.86,5.75,-1.88,-0.68,0,3,趋势: 高于MA20
600057,2026-07-03,5.65,5.75,1.77,5.31,1,5,动量: 突破转强 (阳线上穿5/10)
600057,2026-07-09,5.7,5.75,0.88,0.88,1,1,"形态: 两连阴 (-1.51%, -0.68%)"
002221,2026-07-09,5.17,5.3,2.51,2.51,1,1,"形态: 两连阴 (-4.19%, -0.19%)"
600679,2026-07-03,9.2,8.99,-2.28,-1.52,0,5,动量: 突破转强 (阳线上穿5/10)
600679,2026-07-01,9.09,8.99,-1.1,1.21,0,7,动量: 突破转强 (阳线上穿5/10)
002752,2026-07-07,6.36,6.17,-2.99,-2.52,0,3,量能: 放量 (1.55X) | 趋势: 高于MA20 | 动量: 突破转强 (阳线上穿5/10)
002752,2026-07-09,6.17,6.17,0.0,0.0,0,1,趋势: 高于MA20
002752,2026-07-01,5.76,6.17,7.12,10.42,1,7,"形态: 两连阴 (-0.87%, -3.50%)"
000798,2026-07-03,7.52,7.34,-2.39,-0.4,0,5,趋势: 高于MA20 | 动量: 突破转强 (阳线上穿5/10)
000798,2026-07-09,7.17,7.34,2.37,2.37,1,1,"形态: 两连阴 (-3.07%, -0.28%)"
603730,2026-07-07,11.77,10.89,-7.48,-4.76,0,3,形态: 10日内有涨停
603730,2026-07-03,13.0,10.89,-16.23,-5.31,0,5,量能: 放量 (2.02X) | 形态: 10日内有涨停 | 趋势: 高于MA20 | 动量: 突破转强 (阳线上穿5/10)
603730,2026-07-09,11.19,10.89,-2.68,-2.68,0,1,"形态: 10日内有涨停 | 形态: 两连阴 (-4.39%, -4.76%)"
000026,2026-07-07,20.51,19.54,-4.73,-4.73,0,3,形态: 10日内有涨停 | 趋势: 高于MA20
000026,2026-07-03,21.89,19.54,-10.74,-1.01,0,5,趋势: 多头排列 (5>20>60) | 形态: 10日内有涨停 | 趋势: 高于MA20 | 动量: 突破转强 (阳线上穿5/10)
000026,2026-07-09,18.75,19.54,4.21,4.21,1,1,"形态: 10日内有涨停 | 形态: 两连阴 (-5.35%, -8.34%)"
000026,2026-07-01,21.05,19.54,-7.17,3.99,0,7,趋势: 多头排列 (5>20>60) | 形态: 10日内有涨停 | 趋势: 高于MA20
600522,2026-07-07,47.27,45.91,-2.88,-0.28,0,3,"形态: 10日内有涨停 | 形态: 两连阴 (-2.64%, -4.36%)"
600522,2026-07-03,50.22,45.91,-8.58,-4.36,0,5,"趋势: 多头排列 (5>20>60) | 形态: 10日内有涨停 | 形态: 两连阴 (-8.67%, -6.93%)"
600522,2026-07-09,47.14,45.91,-2.61,-2.61,0,1,"形态: 两连阴 (-1.58%, -5.10%)"
600522,2026-07-01,55.42,45.91,-17.16,-6.93,0,7,趋势: 多头排列 (5>20>60) | 形态: 10日内有涨停 | 趋势: 高于MA20
600422,2026-07-03,8.27,8.28,0.12,2.18,1,5,趋势: 高于MA20
600422,2026-07-01,8.24,8.28,0.49,2.55,1,7,动量: 突破转强 (阳线上穿5/10)
002877,2026-07-03,7.43,7.12,-4.17,-2.02,0,5,动量: 突破转强 (阳线上穿5/10)
002877,2026-07-09,7.0,7.12,1.71,1.71,1,1,"形态: 两连阴 (-2.88%, -0.99%)"
600589,2026-07-07,8.93,8.71,-2.46,0.9,0,3,"形态: 两连阴 (-0.83%, -4.06%)"
600589,2026-07-01,10.54,8.71,-17.36,-8.16,0,7,量能: 放量 (1.62X) | 趋势: 高于MA20 | 动量: 突破转强 (阳线上穿5/10)
000592,2026-07-07,6.14,6.11,-0.49,-0.49,0,3,"形态: 10日内有涨停 | 形态: 两连阴 (-10.05%, -7.45%)"
000592,2026-07-03,6.98,6.11,-12.46,-7.45,0,5,量能: 放量 (2.02X) | 形态: 10日内有涨停
000592,2026-07-09,5.92,6.11,3.21,3.21,1,1,"形态: 10日内有涨停 | 形态: 两连阴 (-4.95%, -4.72%)"
000592,2026-07-01,7.05,6.11,-13.33,10.07,0,7,动量: 突破转强 (阳线上穿5/10)
600257,2026-07-03,4.57,4.46,-2.41,-0.22,0,5,动量: 突破转强 (阳线上穿5/10)
600257,2026-07-09,4.34,4.46,2.76,2.76,1,1,"形态: 两连阴 (-3.29%, -1.13%)"
600257,2026-07-01,4.49,4.46,-0.67,1.78,0,7,"形态: 两连阴 (-0.23%, -1.81%)"
601061,2026-07-09,10.67,10.66,-0.09,-0.09,0,1,"形态: 两连阴 (-2.46%, -2.07%)"
600783,2026-07-07,19.04,19.95,4.78,4.78,1,3,形态: 10日内有涨停
600783,2026-07-03,22.28,19.95,-10.46,-10.01,0,5,形态: 10日内有涨停 | 趋势: 高于MA20 | 动量: 突破转强 (阳线上穿5/10)
600783,2026-07-09,19.37,19.95,2.99,2.99,1,1,形态: 10日内有涨停
600783,2026-07-01,21.91,19.95,-8.95,1.69,0,7,形态: 10日内有涨停 | 趋势: 高于MA20 | 动量: 突破转强 (阳线上穿5/10)
600707,2026-07-07,12.95,11.95,-7.72,-3.55,0,3,"趋势: 多头排列 (5>20>60) | 形态: 10日内有涨停 | 形态: 两连阴 (-10.01%, -9.99%)"
600707,2026-07-03,15.02,11.95,-20.44,-9.99,0,5,趋势: 多头排列 (5>20>60) | 形态: 10日内有涨停 | 趋势: 高于MA20
600707,2026-07-09,12.49,11.95,-4.32,-4.32,0,1,"形态: 10日内有涨停 | 形态: 两连阴 (-4.22%, -5.33%)"
600707,2026-07-01,17.66,11.95,-32.33,-5.49,0,7,趋势: 多头排列 (5>20>60) | 形态: 10日内有涨停 | 趋势: 高于MA20 | 动量: 突破转强 (阳线上穿5/10)
603687,2026-07-07,16.81,15.18,-9.7,0.12,0,3,"趋势: 多头排列 (5>20>60) | 形态: 10日内有涨停 | 形态: 两连阴 (-4.50%, -4.92%)"
603687,2026-07-03,18.9,15.18,-19.68,-4.92,0,5,趋势: 多头排列 (5>20>60) | 形态: 10日内有涨停 | 趋势: 高于MA20
603687,2026-07-09,16.83,15.18,-9.8,-9.8,0,1,"形态: 10日内有涨停 | 形态: 两连阴 (-6.46%, -4.05%)"
603687,2026-07-01,20.92,15.18,-27.44,-5.4,0,7,趋势: 多头排列 (5>20>60) | 形态: 10日内有涨停 | 趋势: 高于MA20 | 动量: 突破转强 (阳线上穿5/10)
002378,2026-07-07,28.99,27.37,-5.59,-3.86,0,3,"形态: 两连阴 (-7.37%, -7.46%)"
002378,2026-07-09,27.87,27.37,-1.79,-1.79,0,1,"形态: 两连阴 (-4.54%, -4.55%)"
002378,2026-07-01,32.9,27.37,-16.81,7.69,0,7,"趋势: 多头排列 (5>20>60) | 形态: 两连阴 (-6.05%, -1.53%)"
000825,2026-07-09,3.33,3.41,2.4,2.4,1,1,"形态: 两连阴 (-2.31%, -1.18%)"
603098,2026-07-03,10.84,10.02,-7.56,-2.31,0,5,动量: 突破转强 (阳线上穿5/10)
603098,2026-07-09,9.72,10.02,3.09,3.09,1,1,"形态: 两连阴 (-4.15%, -3.05%)"
603386,2026-07-07,16.47,15.31,-7.04,-2.55,0,3,"趋势: 多头排列 (5>20>60) | 形态: 10日内有涨停 | 形态: 两连阴 (-1.53%, -7.82%)"
603386,2026-07-03,18.66,15.31,-17.95,-7.82,0,5,"趋势: 多头排列 (5>20>60) | 形态: 10日内有涨停 | 形态: 两连阴 (-2.69%, -1.30%) | 趋势: 高于MA20"
603386,2026-07-09,16.05,15.31,-4.61,-4.61,0,1,"形态: 两连阴 (-4.24%, -5.34%)"
603386,2026-07-01,19.2,15.31,-20.26,-1.3,0,7,"趋势: 多头排列 (5>20>60) | 形态: 10日内有涨停 | 形态: 两连阴 (-3.71%, -1.40%) | 趋势: 高于MA20"
003036,2026-07-03,87.81,79.13,-9.88,-3.61,0,5,"形态: 两连阴 (-3.36%, -6.79%)"
003036,2026-07-01,89.38,79.13,-11.47,-1.76,0,7,趋势: 多头排列 (5>20>60) | 趋势: 高于MA20
601177,2026-07-07,14.14,13.82,-2.26,-2.26,0,3,形态: 10日内有涨停 | 趋势: 高于MA20
601177,2026-07-03,14.31,13.82,-3.42,7.55,0,5,形态: 10日内有涨停 | 趋势: 高于MA20 | 动量: 突破转强 (阳线上穿5/10)
601177,2026-07-09,13.16,13.82,5.02,5.02,1,1,"形态: 10日内有涨停 | 形态: 两连阴 (-8.12%, -5.45%)"
605299,2026-07-07,12.83,12.6,-1.79,-1.79,0,3,"形态: 两连阴 (-0.22%, -3.24%)"
605299,2026-07-03,13.56,12.6,-7.08,-3.24,0,5,量能: 放量 (1.55X)
605299,2026-07-09,12.51,12.6,0.72,0.72,1,1,"形态: 两连阴 (-2.21%, -2.34%)"
605299,2026-07-01,13.44,12.6,-6.25,1.12,0,7,"形态: 两连阴 (-0.67%, -0.60%)"
600933,2026-07-03,15.39,13.86,-9.94,-1.82,0,5,"形态: 两连阴 (-0.81%, -0.34%) | 动量: 突破转强 (阳线上穿5/10)"
600933,2026-07-09,13.51,13.86,2.59,2.59,1,1,"形态: 两连阴 (-3.11%, -4.37%)"
002585,2026-07-07,11.37,9.99,-12.14,-7.04,0,3,"形态: 10日内有涨停 | 形态: 两连阴 (-3.41%, -6.34%)"
002585,2026-07-03,11.04,9.99,-9.51,2.99,0,5,"形态: 两连阴 (-3.06%, -4.91%)"
002585,2026-07-09,10.57,9.99,-5.49,-5.49,0,1,形态: 10日内有涨停
002585,2026-07-01,12.02,9.99,-16.89,-4.91,0,7,趋势: 多头排列 (5>20>60)
601218,2026-07-09,4.08,4.19,2.7,2.7,1,1,"形态: 两连阴 (-2.80%, -2.64%)"
000557,2026-07-03,3.65,3.57,-2.19,0.55,0,5,动量: 突破转强 (阳线上穿5/10)
603225,2026-07-03,19.8,17.6,-11.11,2.47,0,5,趋势: 多头排列 (5>20>60)
603225,2026-07-09,17.95,17.6,-1.95,-1.95,0,1,"形态: 两连阴 (-5.96%, -3.88%)"
603225,2026-07-01,21.28,17.6,-17.29,1.74,0,7,"趋势: 多头排列 (5>20>60) | 形态: 两连阴 (-3.02%, -4.47%) | 趋势: 高于MA20 | 动量: 突破转强 (阳线上穿5/10)"
002798,2026-07-07,5.3,5.17,-2.45,0.75,0,3,形态: 10日内有涨停
002798,2026-07-03,5.68,5.17,-8.98,-4.23,0,5,量能: 放量 (2.02X) | 形态: 10日内有涨停 | 动量: 突破转强 (阳线上穿5/10)
002798,2026-07-09,5.33,5.17,-3.0,-3.0,0,1,形态: 10日内有涨停
002960,2026-07-03,8.76,8.39,-4.22,-2.74,0,5,趋势: 高于MA20 | 动量: 突破转强 (阳线上穿5/10)
002960,2026-07-01,8.62,8.39,-2.67,1.62,0,7,动量: 突破转强 (阳线上穿5/10)
603949,2026-07-07,18.37,18.88,2.78,2.78,1,3,趋势: 高于MA20 | 动量: 突破转强 (阳线上穿5/10)
603949,2026-07-03,18.05,18.88,4.6,4.6,1,5,趋势: 高于MA20 | 动量: 突破转强 (阳线上穿5/10)
603949,2026-07-09,18.68,18.88,1.07,1.07,1,1,趋势: 高于MA20 | 动量: 突破转强 (阳线上穿5/10)
603949,2026-07-01,17.65,18.88,6.97,6.97,1,7,趋势: 高于MA20 | 动量: 突破转强 (阳线上穿5/10)
002342,2026-07-07,10.1,11.07,9.6,9.6,1,3,"形态: 10日内有涨停 | 形态: 两连阴 (-5.11%, -7.85%) | 趋势: 高于MA20"
002342,2026-07-03,10.96,11.07,1.0,1.0,1,5,形态: 10日内有涨停 | 趋势: 高于MA20
002342,2026-07-09,10.06,11.07,10.04,10.04,1,1,形态: 10日内有涨停
002342,2026-07-01,11.25,11.07,-1.6,2.67,0,7,形态: 10日内有涨停 | 趋势: 高于MA20 | 动量: 突破转强 (阳线上穿5/10)
000955,2026-07-07,4.39,4.26,-2.96,-2.96,0,3,"形态: 10日内有涨停 | 形态: 两连阴 (-9.57%, -2.03%)"
000955,2026-07-03,4.44,4.26,-4.05,-1.13,0,5,量能: 放量 (2.10X) | 形态: 10日内有涨停
000955,2026-07-09,4.18,4.26,1.91,1.91,1,1,形态: 10日内有涨停
000955,2026-07-01,4.46,4.26,-4.48,10.09,0,7,"形态: 10日内有涨停 | 形态: 两连阴 (-0.45%, -0.68%) | 趋势: 高于MA20"
603208,2026-07-07,10.72,10.7,-0.19,-0.09,0,3,"形态: 两连阴 (-0.98%, -1.89%) | 趋势: 高于MA20"
603208,2026-07-03,11.14,10.7,-3.95,-1.89,0,5,趋势: 高于MA20
603208,2026-07-09,10.49,10.7,2.0,2.0,1,1,"形态: 两连阴 (-1.92%, -0.09%)"
603208,2026-07-01,11.16,10.7,-4.12,0.81,0,7,量能: 放量 (1.51X) | 趋势: 高于MA20 | 动量: 突破转强 (阳线上穿5/10)
600416,2026-07-09,8.99,9.28,3.23,3.23,1,1,"形态: 两连阴 (-3.34%, -3.03%)"
002330,2026-07-03,3.65,3.66,0.27,1.1,1,5,动量: 突破转强 (阳线上穿5/10)
600219,2026-07-09,4.01,4.08,1.75,1.75,1,1,"形态: 两连阴 (-2.39%, -1.47%)"
603915,2026-07-07,14.5,14.17,-2.28,-2.28,0,3,形态: 10日内有涨停 | 趋势: 高于MA20
603915,2026-07-03,16.03,14.17,-11.6,-4.87,0,5,形态: 10日内有涨停 | 趋势: 高于MA20 | 动量: 突破转强 (阳线上穿5/10)
603915,2026-07-09,14.07,14.17,0.71,0.71,1,1,"形态: 10日内有涨停 | 形态: 两连阴 (-4.92%, -3.03%)"
603506,2026-07-03,10.12,9.7,-4.15,-1.48,0,5,动量: 突破转强 (阳线上穿5/10)
603506,2026-07-01,9.81,9.7,-1.12,3.16,0,7,"形态: 两连阴 (-1.15%, -1.58%)"
603178,2026-07-07,16.35,16.78,2.63,9.11,1,3,形态: 10日内有涨停 | 趋势: 高于MA20 | 动量: 突破转强 (阳线上穿5/10)
603178,2026-07-03,15.68,16.78,7.02,13.78,1,5,形态: 10日内有涨停 | 动量: 突破转强 (阳线上穿5/10)
603178,2026-07-09,16.7,16.78,0.48,0.48,1,1,量能: 放量 (1.50X) | 形态: 10日内有涨停 | 趋势: 高于MA20
000626,2026-07-01,6.5,6.45,-0.77,-0.62,0,7,"形态: 两连阴 (-1.39%, -1.09%)"
002307,2026-07-01,3.03,2.99,-1.32,0.33,0,7,"形态: 两连阴 (-7.96%, -0.35%)"
000510,2026-07-07,19.68,18.9,-3.96,-1.02,0,3,"形态: 两连阴 (-3.76%, -5.99%)"
000510,2026-07-03,22.03,18.9,-14.21,-5.99,0,5,"趋势: 多头排列 (5>20>60) | 形态: 10日内有涨停 | 形态: 两连阴 (-0.32%, -7.55%) | 趋势: 高于MA20"
000510,2026-07-09,19.48,18.9,-2.98,-2.98,0,1,"形态: 两连阴 (-4.97%, -1.27%)"
000510,2026-07-01,24.76,18.9,-23.67,-7.55,0,7,趋势: 多头排列 (5>20>60) | 形态: 10日内有涨停 | 趋势: 高于MA20
002187,2026-07-03,4.89,4.8,-1.84,-0.2,0,5,动量: 突破转强 (阳线上穿5/10)
600218,2026-07-03,7.51,7.29,-2.93,-0.4,0,5,动量: 突破转强 (阳线上穿5/10)
600218,2026-07-09,7.11,7.29,2.53,2.53,1,1,"形态: 两连阴 (-2.54%, -1.65%)"
600218,2026-07-01,7.34,7.29,-0.68,2.32,0,7,"形态: 两连阴 (-1.22%, -0.96%)"
002559,2026-07-07,13.15,11.79,-10.34,-8.37,0,3,"趋势: 多头排列 (5>20>60) | 形态: 10日内有涨停 | 形态: 两连阴 (-7.41%, -6.95%) | 趋势: 高于MA20"
002559,2026-07-03,14.24,11.79,-17.21,-6.95,0,5,趋势: 多头排列 (5>20>60) | 形态: 10日内有涨停 | 趋势: 高于MA20
002559,2026-07-09,11.96,11.79,-1.42,-1.42,0,1,"趋势: 多头排列 (5>20>60) | 形态: 10日内有涨停 | 形态: 两连阴 (-0.75%, -8.37%) | 趋势: 高于MA20"
002559,2026-07-01,13.98,11.79,-15.67,10.01,0,7,趋势: 多头排列 (5>20>60) | 形态: 10日内有涨停 | 趋势: 高于MA20 | 动量: 突破转强 (阳线上穿5/10)
002658,2026-07-07,7.56,7.28,-3.7,-3.7,0,3,"形态: 两连阴 (-0.84%, -4.33%)"
002658,2026-07-03,8.31,7.28,-12.39,-4.33,0,5,趋势: 高于MA20
002658,2026-07-09,7.27,7.28,0.14,0.14,1,1,"形态: 两连阴 (-4.91%, -5.03%)"
002658,2026-07-01,8.34,7.28,-12.71,0.48,0,7,趋势: 高于MA20
600490,2026-07-07,6.11,5.91,-3.27,-1.96,0,3,"形态: 10日内有涨停 | 形态: 两连阴 (-2.48%, -2.39%)"
600490,2026-07-03,6.28,5.91,-5.89,-2.39,0,5,形态: 10日内有涨停
600490,2026-07-09,5.86,5.91,0.85,0.85,1,1,"形态: 10日内有涨停 | 形态: 两连阴 (-0.33%, -1.96%)"
603015,2026-07-03,12.0,10.6,-11.67,-5.25,0,5,"形态: 10日内有涨停 | 形态: 两连阴 (-1.23%, -1.08%)"
603015,2026-07-09,10.56,10.6,0.38,0.38,1,1,"形态: 两连阴 (-3.25%, -4.91%)"
603015,2026-07-01,12.0,10.6,-11.67,0.0,0,7,形态: 10日内有涨停
600703,2026-07-07,17.78,16.94,-4.72,0.11,0,3,"趋势: 多头排列 (5>20>60) | 形态: 10日内有涨停 | 形态: 两连阴 (-4.25%, -4.83%)"
600703,2026-07-03,18.23,16.94,-7.08,-2.36,0,5,"趋势: 多头排列 (5>20>60) | 形态: 10日内有涨停 | 形态: 两连阴 (-6.50%, -4.03%)"
600703,2026-07-01,19.84,16.94,-14.62,-4.03,0,7,趋势: 多头排列 (5>20>60) | 形态: 10日内有涨停 | 趋势: 高于MA20
001914,2026-07-03,8.49,8.52,0.35,1.88,1,5,动量: 突破转强 (阳线上穿5/10)
600590,2026-07-03,9.95,9.23,-7.24,-1.11,0,5,"形态: 两连阴 (-0.40%, -5.27%)"
600590,2026-07-09,8.98,9.23,2.78,2.78,1,1,"形态: 两连阴 (-5.59%, -3.34%)"
000050,2026-07-07,8.33,7.75,-6.96,-3.48,0,3,"趋势: 多头排列 (5>20>60) | 形态: 两连阴 (-6.80%, -4.75%)"
000050,2026-07-03,9.05,7.75,-14.36,-4.75,0,5,趋势: 多头排列 (5>20>60) | 趋势: 高于MA20
000050,2026-07-09,8.04,7.75,-3.61,-3.61,0,1,"形态: 两连阴 (-3.36%, -5.64%)"
000050,2026-07-01,9.6,7.75,-19.27,1.15,0,7,趋势: 多头排列 (5>20>60) | 形态: 10日内有涨停 | 趋势: 高于MA20
002068,2026-07-07,12.35,10.97,-11.17,-6.4,0,3,"趋势: 多头排列 (5>20>60) | 形态: 10日内有涨停 | 形态: 两连阴 (-3.20%, -7.46%) | 趋势: 高于MA20"
002068,2026-07-03,14.2,10.97,-22.75,-7.46,0,5,趋势: 多头排列 (5>20>60) | 形态: 10日内有涨停 | 趋势: 高于MA20
002068,2026-07-09,11.56,10.97,-5.1,-5.1,0,1,"趋势: 多头排列 (5>20>60) | 形态: 两连阴 (-6.01%, -8.26%)"
002068,2026-07-01,15.31,10.97,-28.35,-4.18,0,7,趋势: 多头排列 (5>20>60) | 形态: 10日内有涨停 | 趋势: 高于MA20 | 动量: 突破转强 (阳线上穿5/10)
002799,2026-07-09,5.95,6.09,2.35,2.35,1,1,"形态: 两连阴 (-2.90%, -0.17%)"
002799,2026-07-01,6.2,6.09,-1.77,0.48,0,7,"形态: 两连阴 (-0.97%, -0.82%)"
002085,2026-07-03,11.47,10.56,-7.93,-1.39,0,5,"形态: 两连阴 (-0.45%, -0.72%)"
002085,2026-07-09,10.42,10.56,1.34,1.34,1,1,"形态: 两连阴 (-4.24%, -4.06%)"
002251,2026-07-07,3.4,3.49,2.65,2.65,1,3,"形态: 两连阴 (-0.84%, -0.56%)"
002251,2026-07-09,3.34,3.49,4.49,4.49,1,1,"形态: 两连阴 (-3.41%, -1.18%)"
002251,2026-07-01,3.59,3.49,-2.79,-0.56,0,7,量能: 放量 (1.54X)
603035,2026-07-03,11.43,10.79,-5.6,-0.52,0,5,量能: 放量 (1.73X) | 趋势: 高于MA20 | 动量: 突破转强 (阳线上穿5/10)
603035,2026-07-09,10.72,10.79,0.65,0.65,1,1,"形态: 两连阴 (-2.11%, -2.88%)"
002394,2026-07-07,10.01,9.2,-8.09,-4.8,0,3,趋势: 高于MA20
002394,2026-07-03,10.49,9.2,-12.3,-0.48,0,5,趋势: 高于MA20 | 动量: 突破转强 (阳线上穿5/10)
002394,2026-07-09,9.13,9.2,0.77,0.77,1,1,"形态: 两连阴 (-4.12%, -4.80%)"
002394,2026-07-01,9.71,9.2,-5.25,8.03,0,7,量能: 放量 (1.58X) | 趋势: 高于MA20 | 动量: 突破转强 (阳线上穿5/10)
002488,2026-07-03,9.62,8.93,-7.17,0.31,0,5,趋势: 高于MA20 | 动量: 突破转强 (阳线上穿5/10)
002488,2026-07-09,8.76,8.93,1.94,1.94,1,1,"形态: 两连阴 (-3.42%, -4.40%)"
600603,2026-07-07,4.49,4.46,-0.67,-0.67,0,3,趋势: 高于MA20
600603,2026-07-03,4.59,4.46,-2.83,3.92,0,5,趋势: 高于MA20 | 动量: 突破转强 (阳线上穿5/10)
600603,2026-07-09,4.39,4.46,1.59,1.59,1,1,"形态: 两连阴 (-5.87%, -0.89%)"
600603,2026-07-01,4.43,4.46,0.68,7.67,1,7,动量: 突破转强 (阳线上穿5/10)
600846,2026-07-07,10.92,11.31,3.57,4.67,1,3,形态: 10日内有涨停 | 趋势: 高于MA20
600846,2026-07-03,10.93,11.31,3.48,4.76,1,5,形态: 10日内有涨停 | 趋势: 高于MA20 | 动量: 突破转强 (阳线上穿5/10)
600846,2026-07-09,11.43,11.31,-1.05,-1.05,0,1,"形态: 10日内有涨停 | 形态: 两连阴 (-4.63%, -1.10%) | 趋势: 高于MA20 | 动量: 突破转强 (阳线上穿5/10)"
600846,2026-07-01,10.54,11.31,7.31,8.63,1,7,形态: 10日内有涨停 | 趋势: 高于MA20 | 动量: 突破转强 (阳线上穿5/10)
605366,2026-07-07,11.15,10.31,-7.53,-3.5,0,3,"形态: 10日内有涨停 | 形态: 两连阴 (-5.54%, -7.88%)"
605366,2026-07-03,11.93,10.31,-13.58,-6.54,0,5,"形态: 10日内有涨停 | 形态: 两连阴 (-1.38%, -1.71%) | 趋势: 高于MA20"
605366,2026-07-09,10.76,10.31,-4.18,-4.18,0,1,形态: 10日内有涨停
605366,2026-07-01,12.85,10.31,-19.77,-1.71,0,7,"形态: 10日内有涨停 | 形态: 两连阴 (-2.78%, -6.80%) | 趋势: 高于MA20"
002973,2026-07-03,10.99,10.15,-7.64,-6.46,0,5,量能: 放量 (1.53X)
002973,2026-07-01,10.4,10.15,-2.4,5.67,0,7,"形态: 两连阴 (-3.32%, -1.05%)"
002370,2026-07-07,5.49,5.44,-0.91,-0.91,0,3,形态: 10日内有涨停 | 趋势: 高于MA20
002370,2026-07-03,5.72,5.44,-4.9,0.7,0,5,形态: 10日内有涨停 | 趋势: 高于MA20
002370,2026-07-09,5.23,5.44,4.02,4.02,1,1,"形态: 10日内有涨停 | 形态: 两连阴 (-4.69%, -0.91%)"
002370,2026-07-01,5.79,5.44,-6.04,0.17,0,7,形态: 10日内有涨停 | 趋势: 高于MA20 | 动量: 突破转强 (阳线上穿5/10)
600463,2026-07-03,8.07,7.7,-4.58,-3.84,0,5,动量: 突破转强 (阳线上穿5/10)
600463,2026-07-09,7.48,7.7,2.94,2.94,1,1,"形态: 两连阴 (-2.58%, -1.19%)"
600463,2026-07-01,7.92,7.7,-2.78,1.89,0,7,"形态: 两连阴 (-0.52%, -0.39%)"
600095,2026-07-07,7.52,7.46,-0.8,1.06,0,3,"形态: 两连阴 (-0.38%, -0.51%)"
600095,2026-07-09,7.6,7.46,-1.84,-1.84,0,1,"形态: 两连阴 (-2.97%, -0.27%)"
600095,2026-07-01,8.03,7.46,-7.1,-2.62,0,7,"量能: 放量 (1.53X) | 形态: 两连阴 (-0.40%, -0.13%) | 趋势: 高于MA20 | 动量: 突破转强 (阳线上穿5/10)"
002820,2026-07-03,8.91,8.65,-2.92,0.0,0,5,动量: 突破转强 (阳线上穿5/10)
002820,2026-07-09,8.41,8.65,2.85,2.85,1,1,"形态: 两连阴 (-3.82%, -0.23%)"
605007,2026-07-07,15.4,15.0,-2.6,0.58,0,3,趋势: 高于MA20 | 动量: 突破转强 (阳线上穿5/10)
605007,2026-07-03,14.89,15.0,0.74,4.03,1,5,趋势: 高于MA20 | 动量: 突破转强 (阳线上穿5/10)
605007,2026-07-09,15.05,15.0,-0.33,-0.33,0,1,趋势: 高于MA20
605007,2026-07-01,14.09,15.0,6.46,9.94,1,7,趋势: 高于MA20 | 动量: 突破转强 (阳线上穿5/10)
603856,2026-07-07,13.67,13.09,-4.24,-4.24,0,3,趋势: 多头排列 (5>20>60) | 趋势: 高于MA20
603856,2026-07-03,13.81,13.09,-5.21,-0.43,0,5,"趋势: 多头排列 (5>20>60) | 形态: 两连阴 (-0.51%, -1.82%) | 趋势: 高于MA20 | 动量: 突破转强 (阳线上穿5/10)"
603856,2026-07-09,12.87,13.09,1.71,1.71,1,1,"趋势: 多头排列 (5>20>60) | 形态: 两连阴 (-0.58%, -4.24%)"
603856,2026-07-01,13.76,13.09,-4.87,0.36,0,7,趋势: 多头排列 (5>20>60) | 趋势: 高于MA20
600302,2026-07-07,7.24,8.14,12.43,12.43,1,3,"形态: 两连阴 (-2.43%, -5.34%)"
000006,2026-07-09,6.84,7.08,3.51,3.51,1,1,"形态: 两连阴 (-4.09%, -0.29%)"
002729,2026-07-07,15.73,14.19,-9.79,-7.25,0,3,量能: 放量 (1.62X)
002729,2026-07-03,17.8,14.19,-20.28,-1.8,0,5,形态: 10日内有涨停
002729,2026-07-09,14.59,14.19,-2.74,-2.74,0,1,"形态: 两连阴 (-10.01%, -8.14%)"
002729,2026-07-01,17.8,14.19,-20.28,0.0,0,6,"形态: 10日内有涨停 | 形态: 两连阴 (-4.07%, -3.26%)"
002181,2026-07-07,8.8,9.1,3.41,3.41,1,3,"形态: 两连阴 (-4.68%, -2.14%)"
002181,2026-07-03,9.36,9.1,-2.78,-2.14,0,5,"形态: 两连阴 (-0.60%, -0.71%)"
002181,2026-07-09,8.67,9.1,4.96,4.96,1,1,"形态: 两连阴 (-3.93%, -1.48%)"
603311,2026-07-07,30.51,30.71,0.66,0.66,1,3,"形态: 两连阴 (-0.54%, -5.48%)"
603311,2026-07-03,33.0,30.71,-6.94,-5.48,0,5,"形态: 两连阴 (-2.51%, -7.14%)"
603311,2026-07-09,29.74,30.71,3.26,3.26,1,1,"形态: 两连阴 (-2.18%, -4.16%)"
601777,2026-07-03,8.15,7.79,-4.42,2.21,0,5,"形态: 两连阴 (-2.33%, -1.76%)"
601777,2026-07-09,7.73,7.79,0.78,0.78,1,1,"形态: 两连阴 (-3.96%, -1.88%)"
002268,2026-07-07,14.54,15.34,5.5,7.63,1,3,形态: 10日内有涨停 | 趋势: 高于MA20 | 动量: 突破转强 (阳线上穿5/10)
002268,2026-07-03,13.55,15.34,13.21,15.5,1,5,形态: 10日内有涨停 | 趋势: 高于MA20 | 动量: 突破转强 (阳线上穿5/10)
002268,2026-07-09,15.15,15.34,1.25,1.25,1,1,形态: 10日内有涨停 | 趋势: 高于MA20
002268,2026-07-01,14.19,15.34,8.1,10.29,1,7,形态: 10日内有涨停 | 趋势: 高于MA20 | 动量: 突破转强 (阳线上穿5/10)
000030,2026-07-03,4.09,3.98,-2.69,0.0,0,5,动量: 突破转强 (阳线上穿5/10)
000030,2026-07-01,3.96,3.98,0.51,3.28,1,7,"形态: 两连阴 (-0.25%, -1.28%)"
000703,2026-07-07,14.1,13.73,-2.62,-2.62,0,3,趋势: 高于MA20
000703,2026-07-03,14.56,13.73,-5.7,4.26,0,5,趋势: 高于MA20
000703,2026-07-09,13.59,13.73,1.03,1.03,1,1,"形态: 两连阴 (-7.11%, -2.70%)"
000703,2026-07-01,14.64,13.73,-6.22,3.69,0,7,"形态: 两连阴 (-10.02%, -9.53%) | 趋势: 高于MA20"
000993,2026-07-09,9.44,9.8,3.81,3.81,1,1,"形态: 两连阴 (-3.01%, -1.65%)"
002027,2026-07-09,4.74,4.81,1.48,1.48,1,1,"形态: 两连阴 (-1.98%, -1.01%)"
603305,2026-07-03,13.03,12.07,-7.37,-1.3,0,5,量能: 放量 (1.73X) | 动量: 突破转强 (阳线上穿5/10)
603305,2026-07-09,11.8,12.07,2.29,2.29,1,1,"形态: 两连阴 (-3.89%, -4.13%)"
002734,2026-07-09,15.82,15.65,-1.07,-1.07,0,1,"形态: 两连阴 (-4.14%, -4.44%)"
002734,2026-07-01,17.65,15.65,-11.33,-0.17,0,7,形态: 10日内有涨停 | 趋势: 高于MA20
002556,2026-07-09,4.52,4.59,1.55,1.55,1,1,"形态: 两连阴 (-2.12%, -0.22%)"
002556,2026-07-01,4.56,4.59,0.66,3.29,1,7,量能: 放量 (1.55X)
605033,2026-07-03,18.1,17.37,-4.03,0.06,0,5,动量: 突破转强 (阳线上穿5/10)
605033,2026-07-09,17.06,17.37,1.82,1.82,1,1,"形态: 两连阴 (-3.37%, -1.49%)"
605033,2026-07-01,17.11,17.37,1.52,5.84,1,7,"形态: 两连阴 (-0.88%, -1.13%)"
002283,2026-07-07,9.97,9.3,-6.72,-4.21,0,3,形态: 10日内有涨停 | 趋势: 高于MA20
002283,2026-07-03,10.24,9.3,-9.18,0.29,0,5,"形态: 10日内有涨停 | 形态: 两连阴 (-0.10%, -3.42%) | 趋势: 高于MA20 | 动量: 突破转强 (阳线上穿5/10)"
002283,2026-07-09,9.55,9.3,-2.62,-2.62,0,1,"形态: 10日内有涨停 | 形态: 两连阴 (-2.92%, -5.62%)"
002283,2026-07-01,9.64,9.3,-3.53,6.54,0,7,形态: 10日内有涨停
002596,2026-07-07,2.85,2.85,0.0,0.0,0,3,"形态: 两连阴 (-4.95%, -3.58%)"
002596,2026-07-03,3.07,2.85,-7.17,-3.58,0,5,量能: 放量 (2.05X)
002596,2026-07-09,2.77,2.85,2.89,2.89,1,1,"形态: 两连阴 (-3.72%, -2.81%)"
002596,2026-07-01,2.94,2.85,-3.06,9.86,0,7,"形态: 两连阴 (-2.04%, -0.69%)"
600459,2026-07-07,22.68,21.52,-5.11,-3.79,0,3,"形态: 两连阴 (-8.76%, -6.56%)"
600459,2026-07-03,25.0,21.52,-13.92,-6.56,0,5,"趋势: 多头排列 (5>20>60) | 形态: 两连阴 (-2.11%, -3.08%)"
600459,2026-07-09,21.82,21.52,-1.37,-1.37,0,1,"形态: 两连阴 (-2.91%, -6.26%)"
600459,2026-07-01,28.27,21.52,-23.88,-3.08,0,7,趋势: 多头排列 (5>20>60) | 趋势: 高于MA20
600281,2026-07-07,3.97,3.97,0.0,0.0,0,3,"形态: 两连阴 (-2.34%, -3.83%)"
600281,2026-07-09,3.88,3.97,2.32,2.32,1,1,"形态: 两连阴 (-1.24%, -1.76%)"
600281,2026-07-01,4.24,3.97,-6.37,0.94,0,7,"形态: 两连阴 (-1.18%, -2.38%)"
002462,2026-07-01,11.13,11.25,1.08,2.61,1,7,"形态: 两连阴 (-0.45%, -2.45%)"
600765,2026-07-03,13.59,13.26,-2.43,-2.43,0,5,趋势: 高于MA20 | 动量: 突破转强 (阳线上穿5/10)
600765,2026-07-09,12.96,13.26,2.31,2.31,1,1,"形态: 两连阴 (-2.34%, -1.47%)"
002806,2026-07-07,16.65,15.72,-5.59,-2.1,0,3,"形态: 两连阴 (-0.54%, -5.78%)"
002806,2026-07-03,18.33,15.72,-14.24,-5.78,0,5,趋势: 多头排列 (5>20>60) | 趋势: 高于MA20
002806,2026-07-09,16.3,15.72,-3.56,-3.56,0,1,"形态: 两连阴 (-3.59%, -2.10%)"
002806,2026-07-01,19.38,15.72,-18.89,-4.9,0,7,趋势: 多头排列 (5>20>60) | 趋势: 高于MA20
002161,2026-07-07,5.27,5.28,0.19,0.19,1,3,形态: 10日内有涨停
002161,2026-07-03,5.62,5.28,-6.05,-2.85,0,5,形态: 10日内有涨停
002161,2026-07-09,5.2,5.28,1.54,1.54,1,1,"形态: 10日内有涨停 | 形态: 两连阴 (-3.48%, -0.76%)"
002161,2026-07-01,5.92,5.28,-10.81,-5.07,0,7,形态: 10日内有涨停 | 趋势: 高于MA20 | 动量: 突破转强 (阳线上穿5/10)
603335,2026-07-07,7.89,7.11,-9.89,-7.6,0,3,"趋势: 多头排列 (5>20>60) | 形态: 10日内有涨停 | 形态: 两连阴 (-2.59%, -3.58%)"
603335,2026-07-03,8.66,7.11,-17.9,-3.58,0,5,趋势: 多头排列 (5>20>60) | 形态: 10日内有涨停 | 趋势: 高于MA20
603335,2026-07-09,7.29,7.11,-2.47,-2.47,0,1,"形态: 10日内有涨停 | 形态: 两连阴 (-5.51%, -7.98%)"
603335,2026-07-01,9.25,7.11,-23.14,-3.89,0,7,趋势: 多头排列 (5>20>60) | 形态: 10日内有涨停 | 趋势: 高于MA20 | 动量: 突破转强 (阳线上穿5/10)
600469,2026-07-03,5.46,5.4,-1.1,3.48,0,5,动量: 突破转强 (阳线上穿5/10)
600469,2026-07-09,5.41,5.4,-0.18,-0.18,0,1,"形态: 两连阴 (-4.07%, -0.92%)"
600469,2026-07-01,5.48,5.4,-1.46,3.1,0,7,动量: 突破转强 (阳线上穿5/10)
603985,2026-07-07,21.71,21.38,-1.52,-1.52,0,3,"形态: 10日内有涨停 | 形态: 两连阴 (-4.01%, -1.93%)"
603985,2026-07-03,22.77,21.38,-6.1,-1.93,0,5,形态: 10日内有涨停
603985,2026-07-09,21.27,21.38,0.52,0.52,1,1,"形态: 10日内有涨停 | 形态: 两连阴 (-2.78%, -3.64%)"
603985,2026-07-01,25.16,21.38,-15.02,-5.72,0,7,量能: 放量 (1.60X) | 形态: 10日内有涨停 | 趋势: 高于MA20 | 动量: 突破转强 (阳线上穿5/10)
002824,2026-07-07,29.7,30.69,3.33,6.06,1,3,"形态: 两连阴 (-3.32%, -5.61%)"
002824,2026-07-03,32.08,30.69,-4.33,-1.81,0,5,趋势: 多头排列 (5>20>60)
002824,2026-07-01,34.84,30.69,-11.91,-4.76,0,7,趋势: 多头排列 (5>20>60) | 趋势: 高于MA20
002611,2026-07-07,17.68,17.31,-2.09,-2.09,0,3,动量: 突破转强 (阳线上穿5/10)
002611,2026-07-03,18.18,17.31,-4.79,-2.75,0,5,"量能: 放量 (1.57X) | 形态: 两连阴 (-1.08%, -0.40%) | 趋势: 高于MA20 | 动量: 突破转强 (阳线上穿5/10)"
000922,2026-07-07,12.63,12.16,-3.72,-1.82,0,3,"形态: 两连阴 (-1.70%, -1.95%)"
000922,2026-07-03,13.31,12.16,-8.64,-1.95,0,5,"形态: 两连阴 (-1.29%, -1.74%)"
000922,2026-07-09,12.4,12.16,-1.94,-1.94,0,1,"形态: 两连阴 (-3.22%, -6.10%)"
000922,2026-07-01,13.78,12.16,-11.76,-1.74,0,7,趋势: 高于MA20
002345,2026-07-07,10.43,10.06,-3.55,-3.07,0,3,趋势: 高于MA20
002345,2026-07-03,10.52,10.06,-4.37,0.86,0,5,量能: 放量 (1.69X) | 趋势: 高于MA20 | 动量: 突破转强 (阳线上穿5/10)
002345,2026-07-09,9.93,10.06,1.31,1.31,1,1,"形态: 两连阴 (-1.70%, -3.07%) | 趋势: 高于MA20"
002345,2026-07-01,9.39,10.06,7.14,12.99,1,7,趋势: 高于MA20 | 动量: 突破转强 (阳线上穿5/10)
600058,2026-07-07,10.45,11.38,8.9,8.9,1,3,"形态: 10日内有涨停 | 形态: 两连阴 (-4.70%, -3.81%)"
600058,2026-07-03,10.75,11.38,5.86,5.86,1,5,"形态: 10日内有涨停 | 形态: 两连阴 (-1.30%, -1.05%) | 趋势: 高于MA20"
600058,2026-07-09,11.3,11.38,0.71,0.71,1,1,趋势: 高于MA20 | 动量: 突破转强 (阳线上穿5/10)
600058,2026-07-01,11.4,11.38,-0.18,-0.18,0,7,形态: 10日内有涨停 | 趋势: 高于MA20
605183,2026-07-09,14.25,14.31,0.42,0.42,1,1,"形态: 两连阴 (-1.57%, -2.92%)"
605183,2026-07-01,15.06,14.31,-4.98,1.66,0,7,"形态: 两连阴 (-6.04%, -2.32%)"
002148,2026-07-07,6.29,6.33,0.64,4.93,1,3,量能: 放量 (1.50X) | 形态: 10日内有涨停 | 趋势: 高于MA20
002148,2026-07-03,6.56,6.33,-3.51,6.55,0,5,形态: 10日内有涨停 | 趋势: 高于MA20 | 动量: 突破转强 (阳线上穿5/10)
002148,2026-07-09,6.23,6.33,1.61,1.61,1,1,形态: 10日内有涨停
000589,2026-07-03,4.28,4.24,-0.93,3.74,0,5,动量: 突破转强 (阳线上穿5/10)
000589,2026-07-09,4.27,4.24,-0.7,-0.7,0,1,"形态: 两连阴 (-2.48%, -0.69%)"
002324,2026-07-09,10.35,10.48,1.26,1.26,1,1,"形态: 两连阴 (-4.20%, -4.47%)"
603758,2026-07-07,9.96,9.61,-3.51,-2.61,0,3,形态: 10日内有涨停 | 趋势: 高于MA20
603758,2026-07-03,10.23,9.61,-6.06,1.47,0,5,形态: 10日内有涨停 | 趋势: 高于MA20 | 动量: 突破转强 (阳线上穿5/10)
603758,2026-07-09,9.6,9.61,0.1,0.1,1,1,"形态: 10日内有涨停 | 形态: 两连阴 (-4.05%, -2.61%)"
603758,2026-07-01,9.83,9.61,-2.24,5.6,0,7,"形态: 10日内有涨停 | 形态: 两连阴 (-0.33%, -1.00%) | 趋势: 高于MA20 | 动量: 突破转强 (阳线上穿5/10)"
603500,2026-07-07,10.06,10.19,1.29,1.29,1,3,"形态: 10日内有涨停 | 形态: 两连阴 (-5.42%, -3.05%)"
603500,2026-07-03,10.82,10.19,-5.82,-3.05,0,5,形态: 10日内有涨停
603500,2026-07-09,10.1,10.19,0.89,0.89,1,1,"形态: 两连阴 (-4.10%, -3.38%)"
603500,2026-07-01,11.36,10.19,-10.3,0.7,0,7,"形态: 10日内有涨停 | 形态: 两连阴 (-6.03%, -1.86%)"
002139,2026-07-07,9.76,9.82,0.61,1.95,1,3,趋势: 高于MA20
002139,2026-07-03,10.28,9.82,-4.47,-3.21,0,5,量能: 放量 (1.95X) | 趋势: 高于MA20 | 动量: 突破转强 (阳线上穿5/10)
002139,2026-07-09,9.76,9.82,0.61,0.61,1,1,趋势: 高于MA20
002139,2026-07-01,9.68,9.82,1.45,6.2,1,7,动量: 突破转强 (阳线上穿5/10)
605500,2026-07-03,6.58,6.41,-2.58,-0.46,0,5,动量: 突破转强 (阳线上穿5/10)
605500,2026-07-09,6.26,6.41,2.4,2.4,1,1,"形态: 两连阴 (-2.75%, -0.63%)"
000039,2026-07-03,8.26,8.2,-0.73,-0.73,0,5,"形态: 两连阴 (-0.25%, -2.84%)"
000039,2026-07-09,8.08,8.2,1.49,1.49,1,1,"形态: 两连阴 (-2.81%, -0.75%)"
000039,2026-07-01,8.09,8.2,1.36,2.1,1,7,"形态: 两连阴 (-2.85%, -0.98%)"
002111,2026-07-03,9.39,9.26,-1.38,-0.96,0,5,趋势: 高于MA20 | 动量: 突破转强 (阳线上穿5/10)
002111,2026-07-09,8.98,9.26,3.12,3.12,1,1,"形态: 两连阴 (-1.72%, -1.75%)"
600730,2026-07-03,12.16,10.35,-14.88,-10.03,0,5,趋势: 高于MA20 | 动量: 突破转强 (阳线上穿5/10)
600730,2026-07-09,10.61,10.35,-2.45,-2.45,0,1,"形态: 两连阴 (-2.38%, -2.81%)"
600730,2026-07-01,11.57,10.35,-10.54,5.1,0,7,动量: 突破转强 (阳线上穿5/10)
002706,2026-07-03,10.44,10.18,-2.49,0.0,0,5,"形态: 两连阴 (-2.93%, -3.68%)"
002706,2026-07-09,9.83,10.18,3.56,3.56,1,1,"形态: 两连阴 (-3.93%, -2.89%)"
000016,2026-07-03,2.67,2.49,-6.74,-4.12,0,5,量能: 放量 (1.67X) | 动量: 突破转强 (阳线上穿5/10)
002337,2026-07-03,4.67,4.46,-4.5,-2.14,0,5,动量: 突破转强 (阳线上穿5/10)
002337,2026-07-09,4.39,4.46,1.59,1.59,1,1,"形态: 两连阴 (-3.06%, -1.58%)"
002427,2026-07-07,4.8,4.34,-9.58,-9.58,0,3,形态: 10日内有涨停 | 趋势: 高于MA20
002427,2026-07-03,4.95,4.34,-12.32,2.22,0,5,形态: 10日内有涨停 | 趋势: 高于MA20
002427,2026-07-09,4.18,4.34,3.83,3.83,1,1,"形态: 10日内有涨停 | 形态: 两连阴 (-5.14%, -10.00%)"
002427,2026-07-01,4.82,4.34,-9.96,9.96,0,7,形态: 10日内有涨停 | 趋势: 高于MA20
000970,2026-07-07,16.55,15.52,-6.22,-3.75,0,3,趋势: 多头排列 (5>20>60) | 形态: 10日内有涨停 | 趋势: 高于MA20 | 动量: 突破转强 (阳线上穿5/10)
000970,2026-07-03,16.48,15.52,-5.83,0.42,0,5,趋势: 多头排列 (5>20>60) | 形态: 10日内有涨停 | 趋势: 高于MA20 | 动量: 突破转强 (阳线上穿5/10)
000970,2026-07-09,15.04,15.52,3.19,3.19,1,1,趋势: 多头排列 (5>20>60) | 形态: 10日内有涨停 | 趋势: 高于MA20
000970,2026-07-01,15.49,15.52,0.19,6.84,1,7,趋势: 多头排列 (5>20>60) | 形态: 10日内有涨停 | 趋势: 高于MA20 | 动量: 突破转强 (阳线上穿5/10)
000678,2026-07-03,9.59,8.47,-11.68,-6.36,0,5,量能: 放量 (1.76X) | 动量: 突破转强 (阳线上穿5/10)
000678,2026-07-09,8.09,8.47,4.7,4.7,1,1,"形态: 两连阴 (-4.90%, -3.28%)"
000678,2026-07-01,8.94,8.47,-5.26,7.27,0,7,动量: 突破转强 (阳线上穿5/10)
002560,2026-07-09,6.81,6.86,0.73,0.73,1,1,"形态: 两连阴 (-2.89%, -3.40%)"
002560,2026-07-01,7.39,6.86,-7.17,2.57,0,7,"形态: 两连阴 (-1.71%, -0.40%)"
002587,2026-07-07,6.48,5.86,-9.57,-7.25,0,3,"形态: 10日内有涨停 | 形态: 两连阴 (-5.84%, -6.06%)"
002587,2026-07-03,6.77,5.86,-13.44,-4.28,0,5,"趋势: 多头排列 (5>20>60) | 形态: 10日内有涨停 | 形态: 两连阴 (-3.59%, -4.52%)"
002587,2026-07-09,5.9,5.86,-0.68,-0.68,0,1,形态: 10日内有涨停
002587,2026-07-01,7.53,5.86,-22.18,-4.52,0,7,趋势: 多头排列 (5>20>60) | 量能: 放量 (1.61X) | 形态: 10日内有涨停 | 趋势: 高于MA20
603809,2026-07-03,9.82,9.11,-7.23,-4.28,0,5,量能: 放量 (2.38X) | 趋势: 高于MA20 | 动量: 突破转强 (阳线上穿5/10)
603809,2026-07-09,8.79,9.11,3.64,3.64,1,1,"形态: 两连阴 (-3.72%, -2.10%)"
600333,2026-07-07,5.39,5.58,3.53,3.53,1,3,趋势: 高于MA20
600333,2026-07-03,5.49,5.58,1.64,1.64,1,5,趋势: 高于MA20 | 动量: 突破转强 (阳线上穿5/10)
600333,2026-07-09,5.49,5.58,1.64,1.64,1,1,趋势: 高于MA20 | 动量: 突破转强 (阳线上穿5/10)
603518,2026-07-07,7.88,7.81,-0.89,-0.89,0,3,趋势: 高于MA20
603518,2026-07-03,8.19,7.81,-4.64,-0.49,0,5,量能: 放量 (1.94X) | 趋势: 高于MA20 | 动量: 突破转强 (阳线上穿5/10)
603518,2026-07-09,7.77,7.81,0.51,0.51,1,1,"形态: 两连阴 (-3.31%, -1.40%)"
002702,2026-07-09,4.39,4.53,3.19,3.19,1,1,"形态: 两连阴 (-3.06%, -0.68%)"
002702,2026-07-01,4.59,4.53,-1.31,0.44,0,7,"形态: 两连阴 (-0.22%, -1.77%)"
002532,2026-07-09,10.67,11.17,4.69,4.69,1,1,"形态: 两连阴 (-2.15%, -2.55%)"
603990,2026-07-07,22.21,20.25,-8.82,-5.67,0,3,趋势: 多头排列 (5>20>60) | 趋势: 高于MA20
603990,2026-07-03,21.69,20.25,-6.64,6.04,0,5,趋势: 高于MA20 | 动量: 突破转强 (阳线上穿5/10)
603990,2026-07-09,20.95,20.25,-3.34,-3.34,0,1,"趋势: 多头排列 (5>20>60) | 形态: 两连阴 (-3.43%, -5.67%)"
002279,2026-07-07,5.47,5.75,5.12,5.12,1,3,"形态: 两连阴 (-0.17%, -3.61%)"
600151,2026-07-03,11.3,11.27,-0.27,-0.27,0,5,动量: 突破转强 (阳线上穿5/10)
600151,2026-07-09,10.44,11.27,7.95,7.95,1,1,"形态: 两连阴 (-2.26%, -2.89%)"
002053,2026-07-07,9.17,9.39,2.4,2.4,1,3,"形态: 10日内有涨停 | 形态: 两连阴 (-2.35%, -0.21%)"
002053,2026-07-03,9.57,9.39,-1.88,-0.21,0,5,形态: 10日内有涨停
002053,2026-07-09,9.01,9.39,4.22,4.22,1,1,"形态: 10日内有涨停 | 形态: 两连阴 (-3.98%, -1.53%)"
002053,2026-07-01,10.81,9.39,-13.14,-9.34,0,7,形态: 10日内有涨停 | 趋势: 高于MA20 | 动量: 突破转强 (阳线上穿5/10)
002103,2026-07-03,6.16,6.0,-2.6,-1.14,0,5,动量: 突破转强 (阳线上穿5/10)
002103,2026-07-01,6.12,6.0,-1.96,0.65,0,7,动量: 突破转强 (阳线上穿5/10)
002697,2026-07-03,4.38,4.42,0.91,1.14,1,5,动量: 突破转强 (阳线上穿5/10)
002783,2026-07-03,7.47,7.05,-5.62,-1.07,0,5,趋势: 高于MA20 | 动量: 突破转强 (阳线上穿5/10)
002783,2026-07-09,7.0,7.05,0.71,0.71,1,1,"形态: 两连阴 (-3.11%, -0.42%)"
002783,2026-07-01,7.43,7.05,-5.11,0.54,0,7,"形态: 两连阴 (-4.24%, -1.66%) | 动量: 突破转强 (阳线上穿5/10)"
001210,2026-07-07,20.02,20.34,1.6,1.6,1,3,"形态: 10日内有涨停 | 形态: 两连阴 (-3.68%, -6.70%)"
001210,2026-07-03,22.23,20.34,-8.5,-6.7,0,5,形态: 10日内有涨停
001210,2026-07-09,19.86,20.34,2.42,2.42,1,1,"形态: 10日内有涨停 | 形态: 两连阴 (-3.47%, -2.55%)"
001210,2026-07-01,22.92,20.34,-11.26,0.7,0,7,形态: 10日内有涨停
603909,2026-07-03,9.03,8.75,-3.1,-1.0,0,5,动量: 突破转强 (阳线上穿5/10)
603909,2026-07-09,8.63,8.75,1.39,1.39,1,1,"形态: 两连阴 (-2.68%, -1.03%)"
002177,2026-07-07,5.21,5.36,2.88,2.88,1,3,"形态: 两连阴 (-0.18%, -3.04%)"
605189,2026-07-07,14.55,13.97,-3.99,-3.99,0,3,形态: 10日内有涨停 | 趋势: 高于MA20
605189,2026-07-03,16.05,13.97,-12.96,-5.55,0,5,量能: 放量 (1.80X) | 形态: 10日内有涨停 | 趋势: 高于MA20 | 动量: 突破转强 (阳线上穿5/10)
605189,2026-07-09,13.7,13.97,1.97,1.97,1,1,"形态: 10日内有涨停 | 形态: 两连阴 (-4.02%, -5.15%) | 趋势: 高于MA20"
605189,2026-07-01,13.26,13.97,5.35,21.04,1,7,"形态: 10日内有涨停 | 形态: 两连阴 (-1.45%, -1.39%) | 动量: 突破转强 (阳线上穿5/10)"
600191,2026-07-09,8.77,8.85,0.91,0.91,1,1,"形态: 两连阴 (-1.76%, -1.90%)"
600191,2026-07-01,9.23,8.85,-4.12,-0.43,0,7,"形态: 两连阴 (-2.51%, -2.36%)"
601677,2026-07-03,15.78,15.29,-3.11,3.17,0,5,"形态: 两连阴 (-3.37%, -2.00%)"
601677,2026-07-09,15.22,15.29,0.46,0.46,1,1,"形态: 两连阴 (-0.68%, -2.66%)"
600268,2026-07-09,10.68,10.76,0.75,0.75,1,1,"形态: 两连阴 (-3.49%, -2.62%)"
002493,2026-07-03,11.68,10.95,-6.25,5.05,0,5,趋势: 高于MA20 | 动量: 突破转强 (阳线上穿5/10)
002493,2026-07-09,10.98,10.95,-0.27,-0.27,0,1,"形态: 两连阴 (-6.28%, -3.13%)"
002493,2026-07-01,11.26,10.95,-2.75,8.97,0,7,"形态: 两连阴 (-0.79%, -4.78%)"
600152,2026-07-07,8.85,8.46,-4.41,-3.95,0,3,"形态: 10日内有涨停 | 形态: 两连阴 (-2.71%, -2.89%)"
600152,2026-07-03,9.34,8.46,-9.42,-2.89,0,5,"形态: 10日内有涨停 | 形态: 两连阴 (-3.00%, -0.93%)"
600152,2026-07-09,8.5,8.46,-0.47,-0.47,0,1,"形态: 两连阴 (-2.43%, -4.97%)"
600152,2026-07-01,9.69,8.46,-12.69,-0.93,0,7,形态: 10日内有涨停
605001,2026-07-03,5.78,5.51,-4.67,-0.52,0,5,动量: 突破转强 (阳线上穿5/10)
605001,2026-07-09,5.41,5.51,1.85,1.85,1,1,"形态: 两连阴 (-3.83%, -0.72%)"
002255,2026-07-07,9.02,8.45,-6.32,-5.1,0,3,形态: 10日内有涨停
002255,2026-07-03,9.45,8.45,-10.58,0.21,0,5,"形态: 10日内有涨停 | 形态: 两连阴 (-0.61%, -3.69%) | 趋势: 高于MA20"
002255,2026-07-09,8.42,8.45,0.36,0.36,1,1,"形态: 10日内有涨停 | 形态: 两连阴 (-4.75%, -5.10%)"
002255,2026-07-01,9.76,8.45,-13.42,-2.97,0,7,形态: 10日内有涨停 | 趋势: 高于MA20
002350,2026-07-09,14.69,14.74,0.34,0.34,1,1,量能: 放量 (1.82X) | 形态: 10日内有涨停 | 趋势: 高于MA20
002541,2026-07-07,18.1,19.66,8.62,8.62,1,3,趋势: 高于MA20
002541,2026-07-03,18.3,19.66,7.43,7.43,1,5,趋势: 高于MA20 | 动量: 突破转强 (阳线上穿5/10)
002541,2026-07-09,18.87,19.66,4.19,4.19,1,1,趋势: 高于MA20 | 动量: 突破转强 (阳线上穿5/10)
002541,2026-07-01,17.57,19.66,11.9,11.9,1,7,趋势: 高于MA20 | 动量: 突破转强 (阳线上穿5/10)
603900,2026-07-03,6.05,5.73,-5.29,-1.16,0,5,动量: 突破转强 (阳线上穿5/10)
603900,2026-07-09,5.6,5.73,2.32,2.32,1,1,"形态: 两连阴 (-4.52%, -0.53%)"
600597,2026-07-03,6.33,6.37,0.63,1.9,1,5,动量: 突破转强 (阳线上穿5/10)
000582,2026-07-03,11.26,11.16,-0.89,1.87,0,5,动量: 突破转强 (阳线上穿5/10)
000159,2026-07-03,5.57,5.54,-0.54,0.0,0,5,动量: 突破转强 (阳线上穿5/10)
000159,2026-07-09,5.5,5.54,0.73,0.73,1,1,"形态: 两连阴 (-0.72%, -1.45%)"
600886,2026-07-07,13.45,13.73,2.08,2.08,1,3,趋势: 高于MA20
600886,2026-07-09,13.73,13.73,0.0,0.0,0,1,量能: 放量 (1.56X) | 趋势: 高于MA20 | 动量: 突破转强 (阳线上穿5/10)
600886,2026-07-01,13.39,13.73,2.54,2.54,1,7,动量: 突破转强 (阳线上穿5/10)
000753,2026-07-07,4.37,4.47,2.29,2.29,1,3,"形态: 两连阴 (-3.18%, -1.31%)"
000753,2026-07-09,4.36,4.47,2.52,2.52,1,1,"形态: 两连阴 (-3.10%, -0.69%)"
002319,2026-07-03,11.2,11.2,0.0,1.07,0,5,动量: 突破转强 (阳线上穿5/10)
002319,2026-07-09,11.32,11.2,-1.06,-1.06,0,1,趋势: 高于MA20 | 动量: 突破转强 (阳线上穿5/10)
603079,2026-07-03,12.0,11.32,-5.67,-0.08,0,5,趋势: 高于MA20 | 动量: 突破转强 (阳线上穿5/10)
603079,2026-07-09,10.94,11.32,3.47,3.47,1,1,"形态: 两连阴 (-5.17%, -1.67%)"
003025,2026-07-03,15.06,13.0,-13.68,-4.45,0,5,动量: 突破转强 (阳线上穿5/10)
003025,2026-07-09,12.58,13.0,3.34,3.34,1,1,"形态: 两连阴 (-3.89%, -6.51%)"
002031,2026-07-07,6.04,5.48,-9.27,-9.11,0,3,趋势: 高于MA20 | 动量: 突破转强 (阳线上穿5/10)
002031,2026-07-03,6.22,5.48,-11.9,-2.89,0,5,量能: 放量 (1.67X) | 形态: 10日内有涨停 | 趋势: 高于MA20 | 动量: 突破转强 (阳线上穿5/10)
002031,2026-07-01,5.73,5.48,-4.36,8.55,0,7,形态: 10日内有涨停 | 动量: 突破转强 (阳线上穿5/10)
603182,2026-07-03,12.19,11.8,-3.2,0.9,0,5,动量: 突破转强 (阳线上穿5/10)
603182,2026-07-09,11.45,11.8,3.06,3.06,1,1,"形态: 两连阴 (-2.93%, -2.35%)"
603182,2026-07-01,11.79,11.8,0.08,4.33,1,7,"形态: 两连阴 (-0.34%, -2.48%)"
600366,2026-07-07,16.51,15.25,-7.63,-5.51,0,3,趋势: 多头排列 (5>20>60) | 趋势: 高于MA20 | 动量: 突破转强 (阳线上穿5/10)
600366,2026-07-03,16.83,15.25,-9.39,-1.9,0,5,趋势: 多头排列 (5>20>60) | 趋势: 高于MA20 | 动量: 突破转强 (阳线上穿5/10)
600366,2026-07-09,15.22,15.25,0.2,0.2,1,1,趋势: 多头排列 (5>20>60) | 趋势: 高于MA20
600366,2026-07-01,15.99,15.25,-4.63,5.25,0,7,趋势: 多头排列 (5>20>60) | 量能: 放量 (1.63X) | 趋势: 高于MA20 | 动量: 突破转强 (阳线上穿5/10)
603876,2026-07-07,24.45,21.0,-14.11,-7.2,0,3,"形态: 两连阴 (-4.52%, -1.45%)"
603876,2026-07-03,24.06,21.0,-12.72,1.62,0,5,"形态: 两连阴 (-1.23%, -1.91%)"
603876,2026-07-01,25.69,21.0,-18.26,-1.91,0,7,"形态: 两连阴 (-2.64%, -0.69%)"
002347,2026-07-03,6.19,5.65,-8.72,-5.49,0,5,动量: 突破转强 (阳线上穿5/10)
002347,2026-07-09,5.44,5.65,3.86,3.86,1,1,"形态: 两连阴 (-3.42%, -3.54%)"
600869,2026-07-07,24.38,22.38,-8.2,-5.25,0,3,"形态: 两连阴 (-4.14%, -9.98%)"
600869,2026-07-03,28.45,22.38,-21.34,-9.98,0,5,"形态: 10日内有涨停 | 形态: 两连阴 (-3.73%, -7.88%)"
600869,2026-07-09,23.09,22.38,-3.07,-3.07,0,1,"形态: 两连阴 (-4.80%, -5.25%)"
600869,2026-07-01,32.22,22.38,-30.54,-7.88,0,7,趋势: 多头排列 (5>20>60) | 形态: 10日内有涨停
002045,2026-07-09,7.55,7.67,1.59,1.59,1,1,"形态: 两连阴 (-2.58%, -0.93%)"
000566,2026-07-07,5.79,4.95,-14.51,-10.02,0,3,形态: 10日内有涨停 | 趋势: 高于MA20
000566,2026-07-03,6.14,4.95,-19.38,4.72,0,5,量能: 放量 (1.84X) | 形态: 10日内有涨停 | 趋势: 高于MA20 | 动量: 突破转强 (阳线上穿5/10)
000566,2026-07-09,4.73,4.95,4.65,4.65,1,1,"形态: 10日内有涨停 | 形态: 两连阴 (-9.95%, -10.02%) | 趋势: 高于MA20"
000566,2026-07-01,5.49,4.95,-9.84,17.12,0,7,形态: 10日内有涨停 | 趋势: 高于MA20 | 动量: 突破转强 (阳线上穿5/10)
605008,2026-07-07,12.15,11.85,-2.47,0.66,0,3,趋势: 高于MA20
605008,2026-07-03,11.8,11.85,0.42,3.64,1,5,量能: 放量 (1.56X) | 趋势: 高于MA20 | 动量: 突破转强 (阳线上穿5/10)
605008,2026-07-09,12.02,11.85,-1.41,-1.41,0,1,趋势: 高于MA20
605008,2026-07-01,11.4,11.85,3.95,7.28,1,7,趋势: 高于MA20 | 动量: 突破转强 (阳线上穿5/10)
000572,2026-07-07,3.58,3.57,-0.28,-0.28,0,3,"形态: 10日内有涨停 | 形态: 两连阴 (-6.27%, -2.57%)"
000572,2026-07-03,3.89,3.57,-8.23,-2.57,0,5,量能: 放量 (2.39X) | 形态: 10日内有涨停
000572,2026-07-09,3.44,3.57,3.78,3.78,1,1,"形态: 10日内有涨停 | 形态: 两连阴 (-5.54%, -4.75%)"
002423,2026-07-07,8.7,8.77,0.8,1.26,1,3,形态: 10日内有涨停
002423,2026-07-03,9.0,8.77,-2.56,-0.44,0,5,形态: 10日内有涨停
002423,2026-07-09,8.81,8.77,-0.45,-0.45,0,1,形态: 10日内有涨停
002423,2026-07-01,9.05,8.77,-3.09,-0.55,0,7,"量能: 放量 (2.02X) | 形态: 10日内有涨停 | 形态: 两连阴 (-0.60%, -1.08%) | 动量: 突破转强 (阳线上穿5/10)"
601898,2026-07-09,12.93,12.67,-2.01,-2.01,0,1,"形态: 两连阴 (-1.94%, -0.99%)"
600481,2026-07-07,4.43,4.6,3.84,3.84,1,3,形态: 10日内有涨停
600481,2026-07-03,4.67,4.6,-1.5,2.78,0,5,形态: 10日内有涨停
600481,2026-07-09,4.33,4.6,6.24,6.24,1,1,形态: 10日内有涨停
600481,2026-07-01,5.12,4.6,-10.16,-6.25,0,7,形态: 10日内有涨停 | 趋势: 高于MA20 | 动量: 突破转强 (阳线上穿5/10)
600106,2026-07-09,4.49,4.65,3.56,3.56,1,1,"形态: 两连阴 (-3.05%, -0.45%)"
603356,2026-07-07,17.93,16.3,-9.09,-5.41,0,3,形态: 10日内有涨停 | 趋势: 高于MA20 | 动量: 突破转强 (阳线上穿5/10)
603356,2026-07-03,18.02,16.3,-9.54,-0.5,0,5,量能: 放量 (1.56X) | 趋势: 高于MA20 | 动量: 突破转强 (阳线上穿5/10)
603356,2026-07-09,16.56,16.3,-1.57,-1.57,0,1,形态: 10日内有涨停
603356,2026-07-01,16.84,16.3,-3.21,7.01,0,7,趋势: 高于MA20
601700,2026-07-07,4.5,4.47,-0.67,-0.67,0,3,"形态: 两连阴 (-2.37%, -1.10%)"
601700,2026-07-01,4.58,4.47,-2.4,1.31,0,7,动量: 突破转强 (阳线上穿5/10)
600493,2026-07-03,5.87,5.87,0.0,0.51,0,5,动量: 突破转强 (阳线上穿5/10)
600493,2026-07-09,5.78,5.87,1.56,1.56,1,1,趋势: 高于MA20
002248,2026-07-07,8.89,8.84,-0.56,-0.56,0,3,趋势: 高于MA20
002248,2026-07-03,9.52,8.84,-7.14,-3.36,0,5,趋势: 高于MA20 | 动量: 突破转强 (阳线上穿5/10)
002248,2026-07-09,8.7,8.84,1.61,1.61,1,1,"形态: 两连阴 (-3.37%, -2.36%)"
002248,2026-07-01,9.09,8.84,-2.75,4.73,0,7,趋势: 高于MA20
603967,2026-07-03,11.29,11.11,-1.59,3.28,0,5,动量: 突破转强 (阳线上穿5/10)
603967,2026-07-01,10.8,11.11,2.87,7.96,1,7,"形态: 两连阴 (-0.19%, -3.45%)"
002278,2026-07-03,7.95,7.64,-3.9,-1.76,0,5,动量: 突破转强 (阳线上穿5/10)
002278,2026-07-09,7.4,7.64,3.24,3.24,1,1,"形态: 两连阴 (-3.97%, -1.87%)"
002278,2026-07-01,7.72,7.64,-1.04,2.98,0,7,"形态: 两连阴 (-0.52%, -1.18%)"
000630,2026-07-03,6.47,6.1,-5.72,-2.63,0,5,"形态: 两连阴 (-1.10%, -1.27%)"
000630,2026-07-09,6.02,6.1,1.33,1.33,1,1,"形态: 两连阴 (-3.49%, -0.66%)"
600724,2026-07-07,5.22,5.43,4.02,4.02,1,3,形态: 10日内有涨停
600724,2026-07-03,5.5,5.43,-1.27,-0.36,0,5,形态: 10日内有涨停
600724,2026-07-09,5.28,5.43,2.84,2.84,1,1,形态: 10日内有涨停
600724,2026-07-01,5.58,5.43,-2.69,-1.43,0,7,"形态: 10日内有涨停 | 形态: 两连阴 (-5.45%, -2.50%)"
002098,2026-07-03,6.76,6.46,-4.44,-0.44,0,5,动量: 突破转强 (阳线上穿5/10)
002098,2026-07-09,6.36,6.46,1.57,1.57,1,1,"形态: 两连阴 (-2.67%, -0.46%)"
002098,2026-07-01,6.58,6.46,-1.82,2.74,0,7,"形态: 两连阴 (-0.61%, -1.08%)"
600986,2026-07-07,6.43,7.0,8.86,8.86,1,3,"形态: 两连阴 (-2.29%, -2.63%)"
600986,2026-07-09,6.55,7.0,6.87,6.87,1,1,"形态: 两连阴 (-3.45%, -0.31%)"
601608,2026-07-03,4.95,5.04,1.82,1.82,1,5,动量: 突破转强 (阳线上穿5/10)
601608,2026-07-09,4.58,5.04,10.04,10.04,1,1,"形态: 两连阴 (-4.16%, -1.74%)"
002805,2026-07-07,26.33,22.07,-16.18,-6.38,0,3,趋势: 多头排列 (5>20>60) | 形态: 10日内有涨停 | 趋势: 高于MA20
002805,2026-07-03,26.66,22.07,-17.22,2.96,0,5,趋势: 多头排列 (5>20>60) | 形态: 10日内有涨停 | 趋势: 高于MA20
002805,2026-07-09,23.48,22.07,-6.01,-6.01,0,1,"形态: 10日内有涨停 | 形态: 两连阴 (-4.08%, -6.38%)"
002805,2026-07-01,28.92,22.07,-23.69,-5.08,0,7,趋势: 多头排列 (5>20>60) | 形态: 10日内有涨停 | 趋势: 高于MA20 | 动量: 突破转强 (阳线上穿5/10)
600063,2026-07-07,6.7,6.07,-9.4,-7.76,0,3,"形态: 两连阴 (-7.06%, -8.13%)"
600063,2026-07-09,6.18,6.07,-1.78,-1.78,0,1,"形态: 两连阴 (-4.42%, -8.06%)"
600063,2026-07-01,8.23,6.07,-26.25,-0.24,0,7,"形态: 两连阴 (-1.40%, -1.94%) | 趋势: 高于MA20 | 动量: 突破转强 (阳线上穿5/10)"
603878,2026-07-09,4.84,4.95,2.27,2.27,1,1,"形态: 两连阴 (-3.33%, -1.22%)"
603878,2026-07-01,5.23,4.95,-5.35,0.38,0,7,"形态: 两连阴 (-1.51%, -1.53%)"
603458,2026-07-07,8.96,8.69,-3.01,0.67,0,3,"形态: 两连阴 (-5.72%, -9.87%)"
603458,2026-07-03,11.04,8.69,-21.29,-9.87,0,5,"形态: 两连阴 (-9.97%, -9.99%)"
603458,2026-07-01,13.01,8.69,-33.21,-9.99,0,7,趋势: 多头排列 (5>20>60) | 形态: 10日内有涨停
603638,2026-07-07,26.5,22.73,-14.23,-10.0,0,3,趋势: 多头排列 (5>20>60) | 形态: 10日内有涨停 | 趋势: 高于MA20 | 动量: 突破转强 (阳线上穿5/10)
603638,2026-07-03,27.9,22.73,-18.53,-5.02,0,5,量能: 放量 (2.50X) | 形态: 10日内有涨停 | 趋势: 高于MA20 | 动量: 突破转强 (阳线上穿5/10)
603638,2026-07-09,22.55,22.73,0.8,0.8,1,1,趋势: 多头排列 (5>20>60) | 形态: 10日内有涨停
603638,2026-07-01,23.52,22.73,-3.36,18.62,0,7,趋势: 高于MA20 | 动量: 突破转强 (阳线上穿5/10)
002202,2026-07-07,22.19,22.36,0.77,0.77,1,3,形态: 10日内有涨停
002202,2026-07-03,24.59,22.36,-9.07,-2.77,0,5,形态: 10日内有涨停 | 趋势: 高于MA20 | 动量: 突破转强 (阳线上穿5/10)
002202,2026-07-09,20.33,22.36,9.99,9.99,1,1,"形态: 10日内有涨停 | 形态: 两连阴 (-7.19%, -5.18%)"
002202,2026-07-01,24.66,22.36,-9.33,-0.28,0,7,形态: 10日内有涨停 | 趋势: 高于MA20 | 动量: 突破转强 (阳线上穿5/10)
600163,2026-07-09,4.72,4.81,1.91,1.91,1,1,"形态: 两连阴 (-3.36%, -2.45%)"
002078,2026-07-07,12.86,13.1,1.87,1.87,1,3,趋势: 高于MA20 | 动量: 突破转强 (阳线上穿5/10)
002078,2026-07-09,12.89,13.1,1.63,1.63,1,1,趋势: 高于MA20 | 动量: 突破转强 (阳线上穿5/10)
002624,2026-07-07,11.77,11.38,-3.31,-3.31,0,3,"形态: 10日内有涨停 | 形态: 两连阴 (-5.76%, -0.17%)"
002624,2026-07-03,11.62,11.38,-2.07,1.29,0,5,形态: 10日内有涨停
002624,2026-07-09,11.03,11.38,3.17,3.17,1,1,形态: 10日内有涨停
002624,2026-07-01,12.56,11.38,-9.39,-1.83,0,7,形态: 10日内有涨停 | 动量: 突破转强 (阳线上穿5/10)
600189,2026-07-07,7.19,7.08,-1.53,0.83,0,3,"形态: 两连阴 (-0.51%, -2.70%)"
600189,2026-07-03,7.79,7.08,-9.11,-2.7,0,5,趋势: 高于MA20
600189,2026-07-01,7.85,7.08,-9.81,-0.25,0,7,趋势: 高于MA20 | 动量: 突破转强 (阳线上穿5/10)
600877,2026-07-07,16.07,16.93,5.35,6.41,1,3,形态: 10日内有涨停 | 趋势: 高于MA20
600877,2026-07-03,16.75,16.93,1.07,2.09,1,5,形态: 10日内有涨停 | 趋势: 高于MA20
600877,2026-07-09,17.1,16.93,-0.99,-0.99,0,1,"形态: 两连阴 (-4.35%, -1.68%) | 趋势: 高于MA20 | 动量: 突破转强 (阳线上穿5/10)"
600877,2026-07-01,17.56,16.93,-3.59,-2.62,0,7,形态: 10日内有涨停 | 趋势: 高于MA20 | 动量: 突破转强 (阳线上穿5/10)
002698,2026-07-07,12.75,12.49,-2.04,-2.04,0,3,形态: 10日内有涨停 | 趋势: 高于MA20
002698,2026-07-03,13.74,12.49,-9.1,-2.98,0,5,形态: 10日内有涨停 | 趋势: 高于MA20 | 动量: 突破转强 (阳线上穿5/10)
002698,2026-07-09,12.24,12.49,2.04,2.04,1,1,"形态: 10日内有涨停 | 形态: 两连阴 (-4.35%, -4.55%) | 趋势: 高于MA20"
002698,2026-07-01,13.28,12.49,-5.95,3.46,0,7,量能: 放量 (2.09X) | 形态: 10日内有涨停 | 趋势: 高于MA20 | 动量: 突破转强 (阳线上穿5/10)
600749,2026-07-03,14.07,14.85,5.54,8.96,1,5,动量: 突破转强 (阳线上穿5/10)
600749,2026-07-09,14.65,14.85,1.37,1.37,1,1,量能: 放量 (1.55X) | 形态: 10日内有涨停 | 趋势: 高于MA20
603901,2026-07-03,11.65,10.11,-13.22,-5.32,0,5,趋势: 高于MA20 | 动量: 突破转强 (阳线上穿5/10)
603901,2026-07-09,10.2,10.11,-0.88,-0.88,0,1,"形态: 两连阴 (-3.35%, -3.56%)"
603901,2026-07-01,11.23,10.11,-9.97,3.74,0,7,趋势: 高于MA20 | 动量: 突破转强 (阳线上穿5/10)
002245,2026-07-07,20.79,19.14,-7.94,-1.3,0,3,形态: 10日内有涨停 | 趋势: 高于MA20
002245,2026-07-03,20.34,19.14,-5.9,9.98,0,5,趋势: 高于MA20 | 动量: 突破转强 (阳线上穿5/10)
002245,2026-07-09,20.52,19.14,-6.73,-6.73,0,1,"形态: 10日内有涨停 | 形态: 两连阴 (-7.06%, -4.33%) | 趋势: 高于MA20"
603776,2026-07-07,20.69,19.5,-5.75,-2.61,0,3,"趋势: 多头排列 (5>20>60) | 形态: 两连阴 (-2.02%, -1.22%)"
603776,2026-07-03,21.36,19.5,-8.71,-1.22,0,5,趋势: 多头排列 (5>20>60) | 趋势: 高于MA20
603776,2026-07-09,20.15,19.5,-3.23,-3.23,0,1,"形态: 两连阴 (-1.94%, -3.29%)"
603776,2026-07-01,21.8,19.5,-10.55,0.0,0,7,趋势: 多头排列 (5>20>60) | 趋势: 高于MA20 | 动量: 突破转强 (阳线上穿5/10)
000403,2026-07-03,9.29,9.22,-0.75,4.41,0,5,动量: 突破转强 (阳线上穿5/10)
000403,2026-07-09,9.02,9.22,2.22,2.22,1,1,"形态: 两连阴 (-5.98%, -0.99%)"
600222,2026-07-07,7.72,7.41,-4.02,-3.11,0,3,趋势: 多头排列 (5>20>60) | 形态: 10日内有涨停 | 趋势: 高于MA20
600222,2026-07-03,7.91,7.41,-6.32,2.02,0,5,形态: 10日内有涨停 | 趋势: 高于MA20 | 动量: 突破转强 (阳线上穿5/10)
600222,2026-07-09,7.39,7.41,0.27,0.27,1,1,"形态: 10日内有涨停 | 形态: 两连阴 (-4.34%, -3.11%)"
600222,2026-07-01,7.52,7.41,-1.46,7.31,0,7,形态: 10日内有涨停 | 动量: 突破转强 (阳线上穿5/10)
600768,2026-07-03,15.76,15.21,-3.49,-1.33,0,5,趋势: 高于MA20 | 动量: 突破转强 (阳线上穿5/10)
600768,2026-07-01,15.42,15.21,-1.36,2.2,0,7,"形态: 两连阴 (-1.25%, -0.27%)"
603209,2026-07-07,13.72,13.44,-2.04,-2.04,0,3,量能: 放量 (1.94X) | 趋势: 高于MA20 | 动量: 突破转强 (阳线上穿5/10)
603209,2026-07-03,13.32,13.44,0.9,3.0,1,5,动量: 突破转强 (阳线上穿5/10)
603209,2026-07-09,13.2,13.44,1.82,1.82,1,1,趋势: 高于MA20
603209,2026-07-01,12.85,13.44,4.59,6.77,1,7,"形态: 两连阴 (-1.18%, -0.32%)"
002215,2026-07-03,8.83,8.82,-0.11,5.89,0,5,动量: 突破转强 (阳线上穿5/10)
002215,2026-07-09,9.35,8.82,-5.67,-5.67,0,1,量能: 放量 (1.99X) | 趋势: 高于MA20 | 动量: 突破转强 (阳线上穿5/10)
002215,2026-07-01,8.56,8.82,3.04,9.23,1,7,"形态: 两连阴 (-0.59%, -2.26%)"
002579,2026-07-07,17.59,17.74,0.85,2.67,1,3,"趋势: 多头排列 (5>20>60) | 形态: 10日内有涨停 | 形态: 两连阴 (-0.10%, -8.48%)"
002579,2026-07-03,19.57,17.74,-9.35,-7.72,0,5,"趋势: 多头排列 (5>20>60) | 形态: 10日内有涨停 | 形态: 两连阴 (-1.25%, -8.50%) | 趋势: 高于MA20"
002579,2026-07-09,18.06,17.74,-1.77,-1.77,0,1,"形态: 10日内有涨停 | 形态: 两连阴 (-1.79%, -6.65%)"
002579,2026-07-01,21.41,17.74,-17.14,-8.5,0,7,趋势: 多头排列 (5>20>60) | 形态: 10日内有涨停 | 趋势: 高于MA20
603890,2026-07-03,23.44,22.92,-2.22,0.47,0,5,"形态: 两连阴 (-5.76%, -7.68%)"
603890,2026-07-09,22.92,22.92,0.0,0.0,0,1,"形态: 两连阴 (-5.14%, -3.49%)"
603890,2026-07-01,26.03,22.92,-11.95,-7.68,0,7,趋势: 多头排列 (5>20>60)
605336,2026-07-07,10.4,10.3,-0.96,0.1,0,3,"形态: 两连阴 (-4.84%, -8.05%)"
605336,2026-07-03,12.18,10.3,-15.44,-8.05,0,5,"量能: 放量 (2.01X) | 形态: 两连阴 (-4.99%, -1.08%)"
605336,2026-07-01,12.94,10.3,-20.4,-1.08,0,7,"形态: 两连阴 (-4.97%, -5.02%)"
000655,2026-07-09,6.24,6.3,0.96,0.96,1,1,"形态: 两连阴 (-2.13%, -0.78%)"
600678,2026-07-03,7.1,6.36,-10.42,-9.01,0,5,趋势: 高于MA20 | 动量: 突破转强 (阳线上穿5/10)
600678,2026-07-01,6.74,6.36,-5.64,5.34,0,7,趋势: 高于MA20
000048,2026-07-07,21.52,24.1,11.99,11.99,1,3,趋势: 多头排列 (5>20>60) | 形态: 10日内有涨停 | 趋势: 高于MA20
000048,2026-07-03,21.24,24.1,13.47,13.47,1,5,趋势: 多头排列 (5>20>60) | 形态: 10日内有涨停 | 趋势: 高于MA20
000048,2026-07-09,21.91,24.1,10.0,10.0,1,1,趋势: 多头排列 (5>20>60) | 趋势: 高于MA20 | 动量: 突破转强 (阳线上穿5/10)
000048,2026-07-01,22.5,24.1,7.11,7.11,1,7,趋势: 多头排列 (5>20>60) | 形态: 10日内有涨停 | 趋势: 高于MA20 | 动量: 突破转强 (阳线上穿5/10)
600135,2026-07-07,7.6,7.68,1.05,1.05,1,3,"形态: 两连阴 (-1.11%, -2.62%)"
600135,2026-07-09,7.52,7.68,2.13,2.13,1,1,"形态: 两连阴 (-2.44%, -2.24%)"
002724,2026-07-03,5.1,4.9,-3.92,-1.96,0,5,动量: 突破转强 (阳线上穿5/10)
002724,2026-07-09,4.77,4.9,2.73,2.73,1,1,"形态: 两连阴 (-4.00%, -0.83%)"
600100,2026-07-09,6.83,6.96,1.9,1.9,1,1,动量: 突破转强 (阳线上穿5/10)
600100,2026-07-01,6.98,6.96,-0.29,-0.29,0,7,动量: 突破转强 (阳线上穿5/10)
002583,2026-07-09,8.07,8.24,2.11,2.11,1,1,动量: 突破转强 (阳线上穿5/10)
002246,2026-07-07,18.02,17.85,-0.94,-0.11,0,3,趋势: 高于MA20
002246,2026-07-03,19.05,17.85,-6.3,-2.36,0,5,趋势: 高于MA20 | 动量: 突破转强 (阳线上穿5/10)
002246,2026-07-09,18.0,17.85,-0.83,-0.83,0,1,"形态: 两连阴 (-3.12%, -2.94%)"
002246,2026-07-01,19.19,17.85,-6.98,-0.73,0,7,趋势: 高于MA20
002249,2026-07-07,8.29,7.32,-11.7,-10.01,0,3,形态: 10日内有涨停 | 趋势: 高于MA20
002249,2026-07-03,8.33,7.32,-12.12,4.08,0,5,形态: 10日内有涨停 | 趋势: 高于MA20 | 动量: 突破转强 (阳线上穿5/10)
002249,2026-07-09,7.07,7.32,3.54,3.54,1,1,"形态: 10日内有涨停 | 形态: 两连阴 (-4.38%, -10.01%)"
002037,2026-07-03,6.41,6.07,-5.3,-2.65,0,5,动量: 突破转强 (阳线上穿5/10)
002037,2026-07-09,5.96,6.07,1.85,1.85,1,1,"形态: 两连阴 (-2.72%, -0.66%)"
600338,2026-07-07,14.29,13.25,-7.28,-5.53,0,3,"形态: 两连阴 (-0.66%, -1.26%)"
600338,2026-07-09,13.4,13.25,-1.12,-1.12,0,1,"形态: 两连阴 (-3.77%, -5.53%)"
002123,2026-07-07,8.14,8.66,6.39,6.39,1,3,形态: 10日内有涨停 | 趋势: 高于MA20 | 动量: 突破转强 (阳线上穿5/10)
002123,2026-07-03,7.95,8.66,8.93,8.93,1,5,形态: 10日内有涨停 | 趋势: 高于MA20
002123,2026-07-09,8.65,8.66,0.12,0.12,1,1,形态: 10日内有涨停 | 趋势: 高于MA20 | 动量: 突破转强 (阳线上穿5/10)
002123,2026-07-01,7.91,8.66,9.48,9.48,1,7,量能: 放量 (1.82X) | 形态: 10日内有涨停 | 趋势: 高于MA20 | 动量: 突破转强 (阳线上穿5/10)
600288,2026-07-07,15.55,16.54,6.37,10.03,1,3,量能: 放量 (3.39X) | 形态: 10日内有涨停 | 趋势: 高于MA20 | 动量: 突破转强 (阳线上穿5/10)
600288,2026-07-03,12.85,16.54,28.72,33.15,1,5,"形态: 两连阴 (-1.88%, -3.45%) | 趋势: 高于MA20"
600288,2026-07-09,16.78,16.54,-1.43,-1.43,0,1,量能: 放量 (1.54X) | 形态: 10日内有涨停 | 趋势: 高于MA20
600288,2026-07-01,13.05,16.54,26.74,31.11,1,7,趋势: 高于MA20
000593,2026-07-07,26.25,22.26,-15.2,-9.98,0,3,趋势: 多头排列 (5>20>60) | 量能: 放量 (1.82X) | 形态: 10日内有涨停 | 趋势: 高于MA20 | 动量: 突破转强 (阳线上穿5/10)
000593,2026-07-09,22.23,22.26,0.13,0.13,1,1,趋势: 多头排列 (5>20>60) | 形态: 10日内有涨停
000593,2026-07-01,22.67,22.26,-1.81,15.79,0,7,趋势: 高于MA20
603711,2026-07-09,11.37,11.34,-0.26,-0.26,0,1,"形态: 两连阴 (-2.04%, -0.61%)"
002845,2026-07-07,15.21,15.56,2.3,5.52,1,3,"趋势: 多头排列 (5>20>60) | 形态: 两连阴 (-3.78%, -1.67%)"
002845,2026-07-03,15.54,15.56,0.13,3.28,1,5,趋势: 多头排列 (5>20>60)
002845,2026-07-09,16.05,15.56,-3.05,-3.05,0,1,"形态: 10日内有涨停 | 形态: 两连阴 (-0.46%, -4.08%) | 趋势: 高于MA20 | 动量: 突破转强 (阳线上穿5/10)"
002845,2026-07-01,16.42,15.56,-5.24,-1.64,0,7,趋势: 多头排列 (5>20>60) | 趋势: 高于MA20 | 动量: 突破转强 (阳线上穿5/10)
600558,2026-07-07,4.85,4.76,-1.86,-1.86,0,3,"形态: 两连阴 (-0.20%, -1.98%)"
600558,2026-07-09,4.72,4.76,0.85,0.85,1,1,"形态: 两连阴 (-2.22%, -1.86%)"
601133,2026-07-07,34.86,36.07,3.47,3.47,1,3,"趋势: 多头排列 (5>20>60) | 形态: 10日内有涨停 | 形态: 两连阴 (-1.50%, -3.96%) | 趋势: 高于MA20"
601133,2026-07-03,37.38,36.07,-3.5,-3.5,0,5,"趋势: 多头排列 (5>20>60) | 形态: 10日内有涨停 | 形态: 两连阴 (-6.22%, -8.11%) | 趋势: 高于MA20"
601133,2026-07-09,35.55,36.07,1.46,1.46,1,1,"趋势: 多头排列 (5>20>60) | 量能: 放量 (1.69X) | 形态: 10日内有涨停 | 形态: 两连阴 (-2.90%, -1.43%) | 趋势: 高于MA20"
601133,2026-07-01,41.3,36.07,-12.66,-8.11,0,7,趋势: 多头排列 (5>20>60) | 形态: 10日内有涨停 | 趋势: 高于MA20
002276,2026-07-03,10.72,9.75,-9.05,-3.36,0,5,量能: 放量 (1.86X) | 动量: 突破转强 (阳线上穿5/10)
002276,2026-07-09,9.6,9.75,1.56,1.56,1,1,"形态: 两连阴 (-3.67%, -2.71%)"
603823,2026-07-07,72.45,66.16,-8.68,-3.67,0,3,趋势: 多头排列 (5>20>60) | 形态: 10日内有涨停 | 趋势: 高于MA20 | 动量: 突破转强 (阳线上穿5/10)
603823,2026-07-03,59.88,66.16,10.49,20.99,1,5,趋势: 多头排列 (5>20>60) | 形态: 10日内有涨停 | 趋势: 高于MA20
603823,2026-07-09,69.12,66.16,-4.28,-4.28,0,1,趋势: 多头排列 (5>20>60) | 形态: 10日内有涨停 | 趋势: 高于MA20
603823,2026-07-01,56.78,66.16,16.52,27.6,1,7,趋势: 多头排列 (5>20>60) | 形态: 10日内有涨停 | 趋势: 高于MA20 | 动量: 突破转强 (阳线上穿5/10)
002648,2026-07-03,24.02,22.68,-5.58,2.83,0,5,形态: 10日内有涨停 | 趋势: 高于MA20
002648,2026-07-09,22.74,22.68,-0.26,-0.26,0,1,"形态: 两连阴 (-4.09%, -3.25%)"
002648,2026-07-01,24.91,22.68,-8.95,-0.72,0,7,"形态: 10日内有涨停 | 形态: 两连阴 (-2.57%, -3.05%) | 趋势: 高于MA20 | 动量: 突破转强 (阳线上穿5/10)"
002184,2026-07-07,9.47,9.34,-1.37,-1.37,0,3,"形态: 10日内有涨停 | 形态: 两连阴 (-5.31%, -2.30%)"
002184,2026-07-03,9.98,9.34,-6.41,-2.3,0,5,形态: 10日内有涨停
002184,2026-07-09,9.23,9.34,1.19,1.19,1,1,"形态: 10日内有涨停 | 形态: 两连阴 (-2.87%, -2.11%)"
002184,2026-07-01,10.08,9.34,-7.34,4.56,0,7,形态: 10日内有涨停 | 动量: 突破转强 (阳线上穿5/10)
002858,2026-07-09,10.5,10.73,2.19,2.19,1,1,"形态: 两连阴 (-2.90%, -1.21%)"
000425,2026-07-07,8.78,8.43,-3.99,-3.64,0,3,趋势: 高于MA20 | 动量: 突破转强 (阳线上穿5/10)
002968,2026-07-03,8.8,8.44,-4.09,-1.7,0,5,动量: 突破转强 (阳线上穿5/10)
002968,2026-07-09,8.26,8.44,2.18,2.18,1,1,"形态: 两连阴 (-2.66%, -1.31%)"
002067,2026-07-07,3.96,4.08,3.03,3.03,1,3,形态: 10日内有涨停
002067,2026-07-03,4.2,4.08,-2.86,-0.24,0,5,形态: 10日内有涨停 | 趋势: 高于MA20 | 动量: 突破转强 (阳线上穿5/10)
002067,2026-07-09,4.05,4.08,0.74,0.74,1,1,"形态: 10日内有涨停 | 形态: 两连阴 (-5.49%, -7.07%) | 趋势: 高于MA20 | 动量: 突破转强 (阳线上穿5/10)"
002910,2026-07-07,11.7,10.64,-9.06,10.0,0,3,趋势: 多头排列 (5>20>60) | 形态: 10日内有涨停 | 趋势: 高于MA20
002910,2026-07-03,11.11,10.64,-4.23,15.84,0,5,趋势: 多头排列 (5>20>60) | 形态: 10日内有涨停 | 趋势: 高于MA20
002910,2026-07-09,11.58,10.64,-8.12,-8.12,0,1,趋势: 多头排列 (5>20>60) | 形态: 10日内有涨停 | 趋势: 高于MA20
002910,2026-07-01,11.36,10.64,-6.34,13.29,0,7,形态: 10日内有涨停 | 趋势: 高于MA20
002320,2026-07-03,6.55,6.38,-2.6,-0.31,0,5,动量: 突破转强 (阳线上穿5/10)
002320,2026-07-09,6.19,6.38,3.07,3.07,1,1,"形态: 两连阴 (-3.52%, -0.63%)"
002320,2026-07-01,6.43,6.38,-0.78,1.87,0,7,"形态: 两连阴 (-1.09%, -1.26%)"
001376,2026-07-09,9.86,10.09,2.33,2.33,1,1,"形态: 两连阴 (-5.16%, -1.38%)"
601919,2026-07-03,13.72,13.98,1.9,1.97,1,5,动量: 突破转强 (阳线上穿5/10)
601919,2026-07-09,13.92,13.98,0.43,0.43,1,1,趋势: 高于MA20
002040,2026-07-09,7.55,7.74,2.52,2.52,1,1,"形态: 两连阴 (-2.29%, -0.91%)"
002040,2026-07-01,7.68,7.74,0.78,2.34,1,7,"形态: 两连阴 (-0.40%, -1.06%)"
000498,2026-07-03,4.95,4.87,-1.62,-0.2,0,5,动量: 突破转强 (阳线上穿5/10)
002401,2026-07-01,11.73,11.68,-0.43,1.62,0,7,"形态: 两连阴 (-0.60%, -0.26%)"
