代码,名称,信号日期,策略类型,信号价,当前总涨跌,平均表现,首次盈利天数,首次亏损天数,持仓天数,走势流,风险预警
600589,大位科技,20260218,E_Leader_Restart (二次启动),13.19,-37.98%,-21.61%,53,1,115,----------------------------------------------------+----+---------------------------------------------------------,深度套牢
001330,博纳影业,20260218,E_Leader_Restart (二次启动),12.77,-59.28%,-43.64%,从未,1,111,---------------------------------------------------------------------------------------------------------------,长期未回正 | 深度套牢
002698,博实股份,20251231,A_Strong_Pullback (中风险接力),17.05,-20.47%,-17.15%,6,1,144,-----++++++-++++--------------------------------------------------------------------------------------------------------------------------------,深度套牢 | 冲高回落
002403,爱仕达,20251231,B_Low_Position_Start (低风险埋伏),12.9,-25.19%,-16.45%,6,1,145,-----+++--+++++----------------------------------------------------------------------------------------------------------------------------------,深度套牢
002361,神剑股份,20251231,E_Leader_Restart (二次启动),13.04,-21.40%,11.49%,1,12,153,+++++++++++------------++++++-+++++------++----------++++++++++++++++++++++++++++++++++++++++++++++++++++++++++++++++++----------------------------------,深度套牢 | 冲高回落
002201,九鼎新材,20251231,E_Leader_Restart (二次启动),11.94,-32.75%,-4.13%,6,1,153,-----+-++-+++++++++++++++++++++++++++++++++--------------------++-+++++++++++++++++++++--++----------------+++++++---------------------------------------,深度套牢 | 冲高回落
002363,隆基机械,20251231,E_Leader_Restart (二次启动),10.8,-40.46%,-27.51%,从未,1,153,---------------------------------------------------------------------------------------------------------------------------------------------------------,长期未回正 | 深度套牢
002202,金风科技,20251231,E_Leader_Restart (二次启动),20.2,-1.78%,22.14%,1,126,153,+++++++++++++++++++++++++++++++++++++++++++++++++++++++++++++++++++++++++++++++++++++++++++++++++++++++++++++++++++++++++++++-----------------+++-++++++-,冲高回落
600736,苏州高新,20251231,E_Leader_Restart (二次启动),6.75,-0.89%,3.79%,1,36,145,+++++++++++++++++++++++++++++++++++----------------------------------+++++++++++++++++++++++++++++++++++++++++++++--------++--+--------------+---,冲高回落
000987,越秀资本,20251231,E_Leader_Restart (二次启动),8.12,-3.57%,7.98%,1,58,144,+++++++++++++++++++++++++++++++++++++++++++++++++++++++++--++++++++++++++++++++++++++++++++---------++------++++---+-+++------------------------,冲高回落
600589,大位科技,20260219,E_Leader_Restart (二次启动),13.19,-37.98%,-21.61%,53,1,115,----------------------------------------------------+----+---------------------------------------------------------,深度套牢
001330,博纳影业,20260219,E_Leader_Restart (二次启动),12.77,-59.28%,-43.64%,从未,1,111,---------------------------------------------------------------------------------------------------------------,长期未回正 | 深度套牢
002682,龙洲股份,20251211,E_Leader_Restart (二次启动),9.86,-53.85%,-38.63%,1,4,167,+++--------------------------------------------------------------------------------------------------------------------------------------------------------------------,深度套牢 | 冲高回落
000735,罗 牛 山,20251211,E_Leader_Restart (二次启动),10.14,-47.93%,-32.78%,1,4,154,+++---+++-------------------------------------------------------------------------------------------------------------------------------------------------,深度套牢 | 冲高回落
000505,京粮控股,20251211,E_Leader_Restart (二次启动),8.54,-33.96%,-22.33%,3,1,154,--+-------+++---------------------------------------------------------------------------------------------------------------------------------------------,深度套牢 | 冲高回落
000532,华金资本,20251211,E_Leader_Restart (二次启动),15.44,-29.60%,-12.36%,4,1,158,---+++-++++++++++++++++++++++++++++++++++++++++---------------------------------------------------------------------------------------------------------------,深度套牢 | 冲高回落
601872,招商轮船,20260403,E_Leader_Restart (二次启动),19.47,-6.63%,-13.16%,1,4,86,+++-----------------+------------------------------++++-------------------------------,冲高回落
002584,西陇科学,20260122,E_Leader_Restart (二次启动),9.95,-16.18%,-16.53%,97,1,131,------------------------------------------------------------------------------------------------+++---++---------------------------,深度套牢 | 冲高回落
603916,苏博特,20260122,E_Leader_Restart (二次启动),12.06,-9.20%,1.03%,1,10,131,+++++++++-+++++++++++-----------------------------------------++-+++++++++++++++++++++++++++++++++++++++++-------------------------,冲高回落
002579,中京电子,20251230,A_Strong_Pullback (中风险接力),12.25,-3.67%,13.02%,3,1,142,--+++++---++--+++++-------------++++-----+++-+-+-+-------+-++++++++++++++++-+-++++++++++++++++++++++++++++++++++++++++++++++++++++-----+------,冲高回落
000913,钱江摩托,20251230,B_Low_Position_Start (低风险埋伏),15.73,-26.57%,-14.08%,7,1,146,------++++++++++-----+--+++-------+-----++++++++--------++----------------------------------------------------------------------------------------,深度套牢 | 冲高回落
002560,通达股份,20251230,E_Leader_Restart (二次启动),10.33,-41.05%,-5.22%,7,1,154,------+-+++++++++++----+--+--+++++++++++++++++----------++++++++++++++++++++++++++++++--------------------------------------------------------------------,深度套牢 | 冲高回落
002201,九鼎新材,20251230,E_Leader_Restart (二次启动),11.21,-28.37%,2.11%,1,2,154,+---++++++++++++++++++++++++++++++++++++++++++++-------++++--+-++++++++++++++++++++++++++++++++---------+-+++++++++---------------------------------------,深度套牢 | 冲高回落
600992,贵绳股份,20260717,E_Leader_Restart (二次启动),11.35,-8.02%,1.40%,1,11,16,++++++++++------,冲高回落
603577,汇金通,20260717,E_Leader_Restart (二次启动),10.16,2.85%,3.27%,1,3,16,++-+++++++-----+,正常
002250,联化科技,20260717,D_Strong_Breakout (高风险追涨/优化),16.26,7.87%,-1.63%,1,4,16,+++---------+-++,正常
603703,盛洋科技,20251220,E_Leader_Restart (二次启动),14.75,-34.51%,-13.64%,10,1,161,---------++++++++++++++++++--++--+-----++++----------------------------------------------------------------------------------------------------------------------,深度套牢 | 冲高回落
603123,翠微股份,20251220,E_Leader_Restart (二次启动),13.98,-29.47%,-20.86%,30,1,136,-----------------------------+----------------------------------------------------------------------------------------------------------,深度套牢
002355,兴民智通,20251220,E_Leader_Restart (二次启动),6.43,-27.22%,-8.94%,1,8,136,+++++++------+++++++++++++++++++++++++++++++++++--------------------++++++++++----------------------------------------------------------,深度套牢 | 冲高回落
603221,爱丽家居,20251220,E_Leader_Restart (二次启动),13.55,66.35%,-7.62%,9,1,148,--------++++----+-++-++----------------------------------------------------------------------------------------------------------------------+++++++,正常
002587,奥拓电子,20260629,A_Strong_Pullback (中风险接力),7.33,-22.78%,-21.91%,1,3,30,++----------------------------,深度套牢 | 冲高回落
600058,五矿发展,20260629,E_Leader_Restart (二次启动),11.88,-4.88%,-17.19%,从未,1,30,------------------------------,长期未回正
600635,大众公用,20251204,A_Strong_Pullback (中风险接力),8.22,-42.70%,-31.18%,从未,1,163,-------------------------------------------------------------------------------------------------------------------------------------------------------------------,长期未回正 | 深度套牢
002137,实益达,20251204,A_Strong_Pullback (中风险接力),9.47,-15.21%,-5.67%,39,1,164,--------------------------------------+++++++++--+------------------------------------------------------------------+++++++-+++++++++++++++++++++-------------------,深度套牢 | 冲高回落
002520,日发精机,20251204,B_Low_Position_Start (低风险埋伏),6.4,-7.03%,-3.37%,1,4,164,+++---------------------+--------+-------------+++++++--++++++++++--------------------------------+++++++++++-----------+++++++++++++++++++++++---------------------,冲高回落
603711,香飘飘,20251204,E_Leader_Restart (二次启动),15.38,-26.27%,-14.98%,1,2,159,+-+------------------------------------------------------------------------------------------------------+-----------------------------------------------------,深度套牢
603223,恒通股份,20251204,D_Strong_Breakout (高风险追涨/优化),11.45,-5.68%,-16.88%,86,1,139,-------------------------------------------------------------------------------------+-------------------++++++++++++++++------------------,冲高回落
000586,汇源通信,20260416,E_Leader_Restart (二次启动),23.19,-51.06%,-34.08%,从未,1,74,--------------------------------------------------------------------------,长期未回正 | 深度套牢
000026,飞亚达,20260416,E_Leader_Restart (二次启动),16.2,17.72%,19.65%,1,35,78,++++++++++++++++++++++++++++++++++--++++++++++++++++++++++++++-+---+---+-+++++,正常
601098,中南传媒,20260105,B_Low_Position_Start (低风险埋伏),11.26,-6.84%,-3.46%,1,10,139,++++-+-++-----------+---------------------+---------------------------+++++++++-++---------------------------------------------------------,冲高回落
002361,神剑股份,20260105,E_Leader_Restart (二次启动),14.34,-28.52%,1.42%,1,10,152,+++++++++--------------+++----+----------------------++++++++++++++++++++++++++++++++++++++++++++++++++++++++----++++-----------------------------------,深度套牢 | 冲高回落
603332,苏州龙杰,20260105,E_Leader_Restart (二次启动),13.88,-18.08%,-8.88%,10,1,143,---------++++++-------+++++-++++--------+-++++--------------------++++++++++++++++++++---------------------------------------------------------,深度套牢 | 冲高回落
002367,康力电梯,20260623,B_Low_Position_Start (低风险埋伏),5.98,-8.70%,-2.23%,1,14,34,+++++++++++++---------------------,冲高回落
002068,黑猫股份,20260623,E_Leader_Restart (二次启动),11.5,-31.13%,-9.38%,1,11,30,++++++++++-+------------------,深度套牢 | 冲高回落
603679,华体科技,20260623,E_Leader_Restart (二次启动),20.76,8.09%,-8.46%,1,3,34,++--------------------------++++++,正常
003013,地铁设计,20260623,D_Strong_Breakout (高风险追涨/优化),16.98,8.07%,-6.06%,24,1,34,-----------------------+-+-+++++++,正常
603006,联明股份,20260426,D_Strong_Breakout (高风险追涨/优化),13.64,-17.52%,-6.37%,1,3,72,++--+++++++++++++---++++--+++--------+++++++++++------------------------,深度套牢 | 冲高回落
002350,北京科锐,20260327,E_Leader_Restart (二次启动),15.19,9.81%,-1.71%,25,1,91,------------------------+++++++++++++++++++----++--+++-----------------+-+------+------++++,正常
000559,万向钱潮,20260517,A_Strong_Pullback (中风险接力),17.5,-37.83%,-25.35%,1,6,68,+++++---------------------------------------------------------------,深度套牢
603809,豪能股份,20260517,A_Strong_Pullback (中风险接力),11.48,-22.82%,-16.46%,2,1,68,-+------------------------------------------------------------------,深度套牢
603018,华设集团,20260517,A_Strong_Pullback (中风险接力),7.6,-28.82%,-19.12%,2,1,56,-+------------------------------------------------------,深度套牢
002617,露笑科技,20260517,E_Leader_Restart (二次启动),9.36,-31.84%,-12.65%,2,1,60,-++--++++---------------+++-+++++--+-+----------------------,深度套牢 | 冲高回落
002254,泰和新材,20260517,E_Leader_Restart (二次启动),14.18,-11.14%,0.97%,1,10,60,+++++++++-----++--++++++++++++++++++--+---------------------,深度套牢 | 冲高回落
002277,友阿股份,20260517,E_Leader_Restart (二次启动),6.54,-11.16%,-6.09%,4,1,56,---++++++++--++-++--------------------------------------,深度套牢 | 冲高回落
603006,联明股份,20260428,D_Strong_Breakout (高风险追涨/优化),13.64,-17.52%,-6.58%,3,1,70,--+++++++++++++---++++--+++--------+++++++++++------------------------,深度套牢 | 冲高回落
600998,九州通,20260125,C_New_Strategy (最高共振),5.58,-9.50%,-8.68%,1,2,130,+---------------------------------------------------------------------------------------------------------------------------------,正常
000670,盈方微,20260125,E_Leader_Restart (二次启动),9.69,-28.59%,-17.44%,1,2,130,+---------------------------------------------------------------------------+---------+-------------------------------------------,深度套牢
600192,长城电工,20260125,E_Leader_Restart (二次启动),11.35,-30.48%,-28.31%,从未,1,130,----------------------------------------------------------------------------------------------------------------------------------,长期未回正 | 深度套牢
002727,一心堂,20260125,D_Strong_Breakout (高风险追涨/优化),14.04,-16.38%,-13.24%,3,1,130,--+++--++-++---------------------+------------------------------------------------------------------------------------------------,深度套牢 | 冲高回落
603883,老百姓,20260125,D_Strong_Breakout (高风险追涨/优化),16.44,-22.51%,-19.93%,从未,1,130,----------------------------------------------------------------------------------------------------------------------------------,长期未回正 | 深度套牢
002587,奥拓电子,20260630,A_Strong_Pullback (中风险接力),7.33,-22.78%,-22.89%,1,2,29,+----------------------------,深度套牢
600058,五矿发展,20260630,E_Leader_Restart (二次启动),11.88,-4.88%,-17.69%,从未,1,29,-----------------------------,长期未回正
601199,江南水务,20260711,A_Strong_Pullback (中风险接力),6.05,0.17%,-5.82%,4,1,21,---+-+--------------+,正常
600129,太极集团,20260711,E_Leader_Restart (二次启动),15.39,5.59%,3.73%,1,5,21,++++-+-++-+++-++++-++,正常
000524,岭南控股,20260711,E_Leader_Restart (二次启动),9.68,-3.00%,-10.71%,从未,1,17,-----------------,长期未回正
603012,创力集团,20260510,C_New_Strategy (最高共振),9.55,-14.87%,-10.85%,1,4,65,+++------+++++---------------------------------------------------,深度套牢 | 冲高回落
603758,秦安股份,20260510,B_Low_Position_Start (低风险埋伏),13.44,-14.21%,-23.63%,从未,1,65,-----------------------------------------------------------------,长期未回正 | 深度套牢
002584,西陇科学,20260121,C_New_Strategy (最高共振),10.1,-17.43%,-17.66%,99,1,132,--------------------------------------------------------------------------------------------------++----+---------------------------,深度套牢 | 冲高回落
600539,狮头股份,20260121,C_New_Strategy (最高共振),11.54,29.98%,25.84%,19,1,132,------------------+++----++++++++++--+++++++++++++++++++++++++++++++++++++++++++++++++++++++++++++++++++++++++++++++++++++++++++++++,正常
603333,尚纬股份,20260109,C_New_Strategy (最高共振),8.99,2.78%,-6.41%,35,1,139,----------------------------------++------+---------------------------------+-+++++++---------------------------------------------------+++,正常
603356,华菱精工,20260109,E_Leader_Restart (二次启动),15.41,4.02%,12.62%,1,97,140,++++++++++++++++++++++++++++++++++++++++++++++++++++++++++++++++++++++++++++++++++++++++++++++++--+++++++++++++++++++++----------------+++++,正常
002995,天地在线,20251202,A_Strong_Pullback (中风险接力),18.62,-1.13%,19.00%,1,4,139,+++-++++++++++++++++++++++++++++++++++++++-+++++++++++++++++++++++++++++++++++++++++++++++++++++++++++++++-----+---------------------------,冲高回落
002995,天地在线,20251202,A_Strong_Pullback (中风险接力),18.62,-1.13%,19.00%,1,4,139,+++-++++++++++++++++++++++++++++++++++++++-+++++++++++++++++++++++++++++++++++++++++++++++++++++++++++++++-----+---------------------------,冲高回落
603065,宿迁联盛,20260227,C_New_Strategy (最高共振),9.65,83.94%,21.21%,15,1,111,--------------+----------------------------------------------------++++++++++++++++++++++++++++++++++++++++++++,正常
002207,准油股份,20260227,E_Leader_Restart (二次启动),11.59,-47.28%,-30.18%,1,10,111,+++++++++------------------------------------------------------------------------------------------------------,深度套牢 | 冲高回落
002828,贝肯能源,20260227,E_Leader_Restart (二次启动),13.8,-6.74%,-14.89%,1,7,106,++++++-+++++-------------+--------------------------------------------------------------------------------,冲高回落
000554,泰山石油,20260227,E_Leader_Restart (二次启动),8.83,-25.71%,-15.59%,1,15,111,++++++++++++++-------------------------------------------------------------------------------------------------,深度套牢 | 冲高回落
605033,美邦股份,20260227,E_Leader_Restart (二次启动),29.45,-33.45%,-30.14%,从未,1,111,---------------------------------------------------------------------------------------------------------------,长期未回正 | 深度套牢
605006,山东玻纤,20260227,E_Leader_Restart (二次启动),10.69,20.77%,33.08%,36,1,107,-----------------------------------++--++++++++++++++++++++++++++++++++++++++++++++++++++++++++++++++++++++,正常
601390,中国中铁,20260227,E_Leader_Restart (二次启动),6.19,-26.98%,-20.15%,1,2,111,+--------------------------------------------------------------------------------------------------------------,深度套牢
000968,蓝焰控股,20260227,E_Leader_Restart (二次启动),8.55,-15.44%,-4.34%,1,45,111,++++++++++++++++++++++++++++++++++++++++++++-------+-----------------------------------------------------------,深度套牢 | 冲高回落
600409,三友化工,20260227,E_Leader_Restart (二次启动),8.8,-21.25%,-21.40%,8,1,111,-------++------------------------------------------------------------------------------------------------------,深度套牢
600026,中远海能,20260227,E_Leader_Restart (二次启动),20.15,-12.36%,-0.83%,1,60,111,+++++++++++++++++++++++++++++++++++++++++++++++++++++++++++----------------++++--------------------------------,深度套牢 | 冲高回落
000739,普洛药业,20260114,C_New_Strategy (最高共振),17.79,24.34%,0.80%,1,2,133,+-+++++++++++++++++++++++++-----++++++++------++++--+-+--++--+++++++++--+++-----------------------------------+++-+++++++++++++++++++,正常
002519,银河电子,20260114,E_Leader_Restart (二次启动),10.42,-45.11%,-28.72%,24,1,137,-----------------------+-----------------------------------------------------------------------------------------------------------------,深度套牢
000892,欢瑞世纪,20260114,E_Leader_Restart (二次启动),8.61,-51.45%,-37.77%,19,1,137,------------------+++--------------------------------------------------------------------------------------------------------------------,深度套牢 | 冲高回落
002354,天娱数科,20260114,E_Leader_Restart (二次启动),7.74,8.14%,-9.79%,1,2,137,+--------------------------------------------------------------------------------------------+++-----++++++++++++++++--+------------+++++,正常
002858,力盛体育,20260114,E_Leader_Restart (二次启动),17.1,-32.57%,-16.76%,23,1,133,----------------------+--------------------------------------------------------------------------------------------------------------,深度套牢
002181,粤 传 媒,20260114,E_Leader_Restart (二次启动),10.5,-12.38%,16.26%,1,3,136,++-++++++++++++++++++++++------+++++++++-+++++++++++++++++++++++++++++++++++++++++++++++++++++++++++++----------------------------------,深度套牢 | 冲高回落
600152,维科技术,20260114,E_Leader_Restart (二次启动),8.07,2.60%,25.14%,16,1,136,---------------++----++++++++++++++++++++++++++++++++++++++++++++++++++++++++++++++++++++++++++++++++++++++++++++++-+-----------------++,正常
000066,中国长城,20260114,E_Leader_Restart (二次启动),16.14,-8.86%,2.52%,1,12,137,+++++++++++--+---++-+++++++----++++++-+------------------------+++++++++++++++++++++++++++++-+---++++++++++++++++++++++------------------,冲高回落
600965,福成股份,20260114,E_Leader_Restart (二次启动),6.36,-58.49%,-31.49%,7,1,137,------++--++-+---------------------------------------------------------------------------------------------------------------------------,深度套牢
600640,国脉文化,20260114,E_Leader_Restart (二次启动),14.85,-27.61%,-18.73%,19,1,137,------------------+---------------------+------------------------------------------------------------------------------------------------,深度套牢 | 冲高回落
603303,得邦照明,20260114,E_Leader_Restart (二次启动),13.85,60.14%,39.88%,3,1,137,--++++++++++++++++++++++++++++++++++++++------+++++++++++++++++++++++++++++++++++++++++++++++++++++++++++++++++++++++++++++++++++++++++++,正常
002284,亚太股份,20260114,D_Strong_Breakout (高风险追涨/优化),16.37,-41.60%,-20.22%,1,12,132,+++++++++++-+++++---+++++-----------------------------------------------------------------------------------------------------------,深度套牢 | 冲高回落
601901,方正证券,20260114,D_Strong_Breakout (高风险追涨/优化),8.18,-13.81%,-13.88%,从未,1,137,-----------------------------------------------------------------------------------------------------------------------------------------,长期未回正 | 深度套牢
002268,电科网安,20251227,C_New_Strategy (最高共振),20.33,-28.97%,-17.61%,2,1,147,-+++++++++++++---+-------------+-------------------------------------------------------------------------------------------------------------------,深度套牢 | 冲高回落
000411,英特集团,20251227,A_Strong_Pullback (中风险接力),12.86,-23.56%,-14.49%,1,8,136,+++++++--------------------------------+------------------------------------------------------------------------------------------------,深度套牢 | 冲高回落
002228,合兴包装,20251227,E_Leader_Restart (二次启动),6.33,-50.87%,-40.46%,从未,1,156,------------------------------------------------------------------------------------------------------------------------------------------------------------,长期未回正 | 深度套牢
002427,尤夫股份,20251227,E_Leader_Restart (二次启动),6.76,-36.24%,-12.19%,1,3,144,++----+-+-+++++++++++++++++++++++++++++++++++++++++---------------------------------------------------------------------------------------------,深度套牢 | 冲高回落
002871,伟隆股份,20251218,A_Strong_Pullback (中风险接力),15.74,1.78%,21.36%,1,139,150,++++++++++++++++++++++++++++++++++++++++++++++++++++++++++++++++++++++++++++++++++++++++++++++++++++++++++++++++++++++++++++++++++++++++++-+---++----+,正常
603057,紫燕食品,20251218,B_Low_Position_Start (低风险埋伏),18.97,21.40%,36.48%,1,40,136,+++++++++++++++++++++++++++++++++++++++-++++++++++++++++++++++++++++++++++++++++++++++++++++++++++++++++++++++++++++++++++++++++++++++++,正常
000716,黑芝麻,20251218,E_Leader_Restart (二次启动),6.55,-28.09%,-17.67%,1,3,150,++-----------------++---------------------------------------------------------------------------------------------------------------------------------,深度套牢
600579,中化装备,20260621,E_Leader_Restart (二次启动),7.37,-0.54%,0.21%,1,3,36,++-++++++++++++++-------------------,冲高回落
600611,大众交通,20260107,C_New_Strategy (最高共振),6.07,-24.88%,-20.59%,3,1,139,--+-----+--------------------------------------------------------------------------++------------------------------------------------------,深度套牢
600906,财达证券,20260107,B_Low_Position_Start (低风险埋伏),7.12,-7.02%,-4.19%,43,1,139,------------------------------------------+--------------------------------------------------------++++++++++++++++++---+--++++------------,冲高回落
600864,哈投股份,20260107,B_Low_Position_Start (低风险埋伏),6.94,-21.90%,-11.16%,1,3,139,++------------------------------------------------------+++++++++++------------------------------------------------------------------------,深度套牢 | 冲高回落
002072,凯瑞德,20260107,E_Leader_Restart (二次启动),7.93,-7.94%,-3.97%,19,1,139,------------------+------+------------------------------------------------------------++--+++++++++++++++++++++++++------------------------,冲高回落
601512,中新集团,20260107,E_Leader_Restart (二次启动),9.51,-16.61%,-5.80%,1,2,139,+----+++++++++-++++++++-++-+--------------+---------------------+++++++++++++--------------------------------------------------------------,深度套牢 | 冲高回落
000719,中原传媒,20260205,C_New_Strategy (最高共振),13.44,-8.04%,-3.73%,3,1,121,--++----++--------------+-----------++++++++++++++++-+++++++++++++-------+-----------------------------------------------,冲高回落
000937,冀中能源,20260205,A_Strong_Pullback (中风险接力),5.67,-16.40%,-9.04%,8,1,121,-------+-+++++++++++++++-++++++++--------------+--++-+-+-----------------++++--------------------------------------------,深度套牢 | 冲高回落
600463,空港股份,20260205,B_Low_Position_Start (低风险埋伏),11.73,-29.58%,-18.14%,1,11,121,++++++++++---------------------------------------------------------------------------------------------------------------,深度套牢 | 冲高回落
600601,方正科技,20260531,A_Strong_Pullback (中风险接力),13.43,-26.58%,-8.54%,11,1,46,----------+++++--+--++++++-+------------------,深度套牢 | 冲高回落
000791,甘肃能源,20260531,E_Leader_Restart (二次启动),9.84,-19.31%,-15.57%,2,1,50,-++-----------------------------------------------,深度套牢 | 冲高回落
603012,创力集团,20260509,C_New_Strategy (最高共振),9.55,-14.87%,-10.85%,1,4,65,+++------+++++---------------------------------------------------,深度套牢 | 冲高回落
603758,秦安股份,20260509,B_Low_Position_Start (低风险埋伏),13.44,-14.21%,-23.63%,从未,1,65,-----------------------------------------------------------------,长期未回正 | 深度套牢
600992,贵绳股份,20260716,E_Leader_Restart (二次启动),11.35,-8.02%,1.93%,1,12,17,+++++++++++------,冲高回落
603577,汇金通,20260716,E_Leader_Restart (二次启动),10.16,2.85%,3.58%,1,4,17,+++-+++++++-----+,正常
002250,联化科技,20260716,D_Strong_Breakout (高风险追涨/优化),16.26,7.87%,-1.77%,2,1,17,-+++---------+-++,正常
002107,沃华医药,20260414,E_Leader_Restart (二次启动),7.53,-16.33%,-13.03%,1,9,80,++++++++--+---------------------------------------------------------------------,深度套牢 | 冲高回落
603212,赛伍技术,20260604,A_Strong_Pullback (中风险接力),15.46,-25.36%,-20.87%,1,4,46,+++-+++++-------------------------------------,深度套牢 | 冲高回落
603633,徕木股份,20260604,E_Leader_Restart (二次启动),9.06,-33.11%,-25.68%,从未,1,42,------------------------------------------,长期未回正 | 深度套牢
002700,万憬能源,20260604,E_Leader_Restart (二次启动),7.94,-23.68%,-9.45%,1,13,46,++++++++++++----------------+-----------------,深度套牢 | 冲高回落
601918,新集能源,20260604,E_Leader_Restart (二次启动),10.97,-7.02%,-12.61%,从未,1,46,----------------------------------------------,长期未回正
002115,三维通信,20260429,E_Leader_Restart (二次启动),14.0,-25.50%,-14.95%,1,11,77,++++++++++-------------------------------------------------------------------,深度套牢 | 冲高回落
003036,泰坦股份,20260429,E_Leader_Restart (二次启动),33.83,63.76%,93.97%,2,1,69,-++++++++++++++++++++++++++++++++++++++++++++++++++++++++++++++++++++,正常
002250,联化科技,20260809,D_Strong_Breakout (高风险追涨/优化),16.26,7.87%,7.87%,1,从未,1,+,正常
002107,沃华医药,20260411,E_Leader_Restart (二次启动),7.53,-16.33%,-12.73%,2,1,82,-+++++++++--+---------------------------------------------------------------------,深度套牢 | 冲高回落
000600,建投能源,20260314,E_Leader_Restart (二次启动),10.19,-14.92%,-6.35%,8,1,101,-------++---------------------------------+---++++++++++++--++++-------------------------------------,深度套牢 | 冲高回落
600667,太极实业,20260118,C_New_Strategy (最高共振),9.3,84.41%,50.36%,1,14,130,+++++++++++++-++++++++++++++++++++++++++++++-----+++++++++++++++++++++++++++++++++++++++++++++++++++++++++++++++++++++++++++++++++,正常
603058,永吉股份,20260118,C_New_Strategy (最高共振),10.56,-2.46%,3.00%,1,64,134,+++++++++++++++++++++++++++++++++++++++++++++++++++++++++++++++--++++++++++++-+-------------------------------------------------------,冲高回落
600744,华银电力,20260118,C_New_Strategy (最高共振),6.63,16.59%,19.64%,1,7,135,++++++----------------++++++++++++++++++++++++++++++++++++++++++++++++++++++++++++++++++++++++++++++++---------------++++++++++++++++++,正常
603618,杭电股份,20260118,A_Strong_Pullback (中风险接力),8.51,217.51%,235.44%,1,9,135,++++++-+-+++++++++++++++++++++++++++++-++++++++++++++++++++++++++++++++++++++++++++++++++++++++++++++++++++++++++++++++++++++++++++++++,正常
002112,三变科技,20260118,E_Leader_Restart (二次启动),19.97,-11.37%,-4.16%,1,10,135,+++++++++-+++++++++++++++++++++++++++++++++++++++++++++++++++++-++++++++++++++---------------------------------------------------------,深度套牢 | 冲高回落
002114,罗平锌电,20260118,E_Leader_Restart (二次启动),9.73,-21.27%,-13.15%,1,11,135,++++++++++-----------+++++++++++----------------------------------------+--------------------------------------------------------------,深度套牢 | 冲高回落
603023,威帝股份,20260118,E_Leader_Restart (二次启动),5.92,-32.60%,-23.31%,3,1,135,--+++++--------------------------------------------------------------------------------------------------------------------------------,深度套牢 | 冲高回落
002845,同兴达,20260118,D_Strong_Breakout (高风险追涨/优化),15.41,-19.40%,-4.75%,5,1,130,----+----------------++---++++++++-----------------------------------------++++++++-+--++-+----++++++++-++++---++++---------------,深度套牢 | 冲高回落
600058,五矿发展,20260129,E_Leader_Restart (二次启动),15.6,-27.56%,-28.91%,从未,1,126,------------------------------------------------------------------------------------------------------------------------------,长期未回正 | 深度套牢
002088,鲁阳节能,20260129,E_Leader_Restart (二次启动),13.03,-41.67%,-28.86%,1,2,126,+-----------------------------------------------------------------------------------------------------------------------------,深度套牢
002890,弘宇股份,20260129,E_Leader_Restart (二次启动),16.76,-12.95%,-12.62%,1,15,126,++++++++++++++-----------------------------------------++++++++++++++---------------------------------------------------------,深度套牢
600714,金瑞矿业,20260129,E_Leader_Restart (二次启动),16.56,-16.00%,23.71%,12,1,122,-----------++++++++++++++++++++++++++++-+++++++++++++++++++++++++++++++++++++++++++++++++++++++++++++---------------------,深度套牢 | 冲高回落
002782,可立克,20260129,E_Leader_Restart (二次启动),23.33,-37.25%,-5.60%,1,2,122,+------------++++++++++++++++---+++----------------------------+++++++++++++++++++++--+++++++-----------------------------,深度套牢 | 冲高回落
002283,天润工业,20260129,E_Leader_Restart (二次启动),6.98,29.94%,40.89%,1,从未,126,++++++++++++++++++++++++++++++++++++++++++++++++++++++++++++++++++++++++++++++++++++++++++++++++++++++++++++++++++++++++++++++,正常
002185,华天科技,20260129,E_Leader_Restart (二次启动),15.24,18.50%,5.44%,30,1,126,-----------------------------+-------------------------------------++-++++++++++++++++++++++++++++++++++++++++++++++++-+-+++++,正常
002809,红墙股份,20260129,E_Leader_Restart (二次启动),13.6,-38.90%,-14.25%,1,8,126,+++++++----++++----+--++++----------------------------------------------------------------------------------++++++++++++------,深度套牢 | 冲高回落
002119,康强电子,20260129,E_Leader_Restart (二次启动),26.7,-10.49%,-8.42%,84,1,126,-----------------------------------------------------------------------------------+++++++++++++++++++++++++------------------,深度套牢 | 冲高回落
600770,综艺股份,20260129,E_Leader_Restart (二次启动),6.82,-23.02%,-9.27%,3,1,126,--+++-++---------------------+-----------------------++++++++++++++++---------------------------++----------------------------,深度套牢 | 冲高回落
601226,华电科工,20260129,E_Leader_Restart (二次启动),10.98,-42.44%,-22.63%,1,2,126,+-+++-+----+++++-+++++++------------------------------------------------------------------------------------------------------,深度套牢 | 冲高回落
002339,积成电子,20260129,E_Leader_Restart (二次启动),12.13,-38.75%,-21.36%,3,1,122,--++-+++++-+++----++++++---+----------------------------------------------------------------------------------------------,深度套牢 | 冲高回落
600986,浙文互联,20260129,E_Leader_Restart (二次启动),13.14,-38.89%,-27.32%,2,1,126,-+++++++-+--------------------------------------------------------------------------------------------------------------------,深度套牢 | 冲高回落
000968,蓝焰控股,20260129,E_Leader_Restart (二次启动),8.18,-11.61%,-0.16%,12,1,126,-----------++++++++++++++++++++++++++++++++++++++++++++++++++++++++++---------------------------------------------------------,深度套牢 | 冲高回落
000159,国际实业,20260129,E_Leader_Restart (二次启动),7.13,-18.37%,-11.23%,15,1,122,--------------+++++++----------------------------------------------+------------------------------------------------------,深度套牢 | 冲高回落
000565,渝三峡Ａ,20260129,E_Leader_Restart (二次启动),8.49,-28.98%,-16.39%,7,1,126,------++---+++++---+++--------------------------------------------------------------------------------------------------------,深度套牢
600173,卧龙新能,20260129,E_Leader_Restart (二次启动),8.88,-29.05%,-12.54%,109,1,126,------------------------------------------------------------------------------------------------------------++++++++++++------,深度套牢 | 冲高回落
002165,红 宝 丽,20260129,E_Leader_Restart (二次启动),10.8,-35.46%,-18.50%,1,30,126,+++++++++++++++++++++++++++++-------------------------------------------------------------------------------------------------,深度套牢 | 冲高回落
603012,创力集团,20260511,C_New_Strategy (最高共振),9.55,-14.87%,-11.08%,1,3,64,++------+++++---------------------------------------------------,深度套牢 | 冲高回落
603758,秦安股份,20260511,B_Low_Position_Start (低风险埋伏),13.44,-14.21%,-23.98%,从未,1,64,----------------------------------------------------------------,长期未回正 | 深度套牢
603055,台华新材,20260714,A_Strong_Pullback (中风险接力),8.65,-2.43%,-20.16%,1,2,19,+------------+-----,正常
600267,海正药业,20260714,D_Strong_Breakout (高风险追涨/优化),11.33,25.68%,6.56%,1,3,19,++-++++++++++++++++,正常
603012,创力集团,20260516,C_New_Strategy (最高共振),9.55,-14.87%,-11.81%,5,1,60,----+++++---------------------------------------------------,深度套牢 | 冲高回落
603758,秦安股份,20260516,B_Low_Position_Start (低风险埋伏),13.44,-14.21%,-25.41%,从未,1,60,------------------------------------------------------------,长期未回正 | 深度套牢
603012,创力集团,20260514,C_New_Strategy (最高共振),9.55,-14.87%,-11.68%,6,1,61,-----+++++---------------------------------------------------,深度套牢 | 冲高回落
603758,秦安股份,20260514,B_Low_Position_Start (低风险埋伏),13.44,-14.21%,-25.02%,从未,1,61,-------------------------------------------------------------,长期未回正 | 深度套牢
002585,双星新材,20260514,E_Leader_Restart (二次启动),8.78,1.94%,20.49%,3,1,57,--+--+++++++++++++++++++++++++++++++++++++++----------+-+,正常
002107,沃华医药,20260412,E_Leader_Restart (二次启动),7.53,-16.33%,-12.73%,2,1,82,-+++++++++--+---------------------------------------------------------------------,深度套牢 | 冲高回落
603012,创力集团,20260512,C_New_Strategy (最高共振),9.55,-14.87%,-11.30%,1,2,63,+------+++++---------------------------------------------------,深度套牢 | 冲高回落
603758,秦安股份,20260512,B_Low_Position_Start (低风险埋伏),13.44,-14.21%,-24.33%,从未,1,63,---------------------------------------------------------------,长期未回正 | 深度套牢
600028,中国石化,20260305,C_New_Strategy (最高共振),7.11,-28.27%,-25.22%,从未,1,103,-------------------------------------------------------------------------------------------------------,长期未回正 | 深度套牢
000993,闽东电力,20260305,E_Leader_Restart (二次启动),14.0,-26.50%,-11.33%,1,8,103,+++++++-+++-++++++++------------------------+---+-----+++++++------------------------------------------,深度套牢 | 冲高回落
000819,岳阳兴长,20260305,D_Strong_Breakout (高风险追涨/优化),17.48,-31.01%,-19.04%,从未,1,103,-------------------------------------------------------------------------------------------------------,长期未回正 | 深度套牢
603890,春秋电子,20260607,E_Leader_Restart (二次启动),31.24,-40.65%,-28.12%,从未,1,45,---------------------------------------------,长期未回正 | 深度套牢
002137,实益达,20260607,E_Leader_Restart (二次启动),10.35,-22.42%,-10.24%,2,1,45,-++-----+++-+++++-+++++++--------------------,深度套牢 | 冲高回落
000719,中原传媒,20260206,C_New_Strategy (最高共振),13.44,-8.04%,-3.74%,2,1,120,-++----++--------------+-----------++++++++++++++++-+++++++++++++-------+-----------------------------------------------,冲高回落
000937,冀中能源,20260206,A_Strong_Pullback (中风险接力),5.67,-16.40%,-9.09%,7,1,120,------+-+++++++++++++++-++++++++--------------+--++-+-+-----------------++++--------------------------------------------,深度套牢 | 冲高回落
600463,空港股份,20260206,B_Low_Position_Start (低风险埋伏),11.73,-29.58%,-18.31%,1,10,120,+++++++++---------------------------------------------------------------------------------------------------------------,深度套牢 | 冲高回落
600579,中化装备,20260620,E_Leader_Restart (二次启动),7.37,-0.54%,0.21%,1,3,36,++-++++++++++++++-------------------,冲高回落
600992,贵绳股份,20260725,E_Leader_Restart (二次启动),11.35,-8.02%,-0.86%,1,6,11,+++++------,冲高回落
603577,汇金通,20260725,E_Leader_Restart (二次启动),10.16,2.85%,3.71%,1,6,11,+++++-----+,正常
002250,联化科技,20260725,D_Strong_Breakout (高风险追涨/优化),16.26,7.87%,-2.15%,8,1,11,-------+-++,正常
603006,联明股份,20260427,D_Strong_Breakout (高风险追涨/优化),13.64,-17.52%,-6.49%,1,2,71,+--+++++++++++++---++++--+++--------+++++++++++------------------------,深度套牢 | 冲高回落
002209,达 意 隆,20260115,C_New_Strategy (最高共振),17.25,-34.26%,-20.61%,62,1,136,-------------------------------------------------------------+--------------------------------------------------------------------------,深度套牢
002197,ST证通,20260115,A_Strong_Pullback (中风险接力),11.0,-40.27%,-31.33%,从未,1,144,------------------------------------------------------------------------------------------------------------------------------------------------,长期未回正 | 深度套牢
600095,湘财股份,20260115,A_Strong_Pullback (中风险接力),11.82,-30.80%,-22.03%,从未,1,136,----------------------------------------------------------------------------------------------------------------------------------------,长期未回正 | 深度套牢
002519,银河电子,20260115,E_Leader_Restart (二次启动),11.46,-50.09%,-35.37%,从未,1,136,----------------------------------------------------------------------------------------------------------------------------------------,长期未回正 | 深度套牢
603282,亚光股份,20260115,E_Leader_Restart (二次启动),22.4,-32.90%,-18.16%,25,1,136,------------------------++++---+-------+------------------------------------------------------------------------------------------------,深度套牢
600783,鲁信创投,20260115,E_Leader_Restart (二次启动),35.5,-47.55%,-40.70%,从未,1,144,------------------------------------------------------------------------------------------------------------------------------------------------,长期未回正 | 深度套牢
000066,中国长城,20260115,E_Leader_Restart (二次启动),16.74,-12.13%,-1.15%,4,1,136,---+++++----------------------++++------------------------------+++++++++++++++++++++++++++-------+++++++++++++++++++-------------------,深度套牢 | 冲高回落
002085,万丰奥威,20260115,D_Strong_Breakout (高风险追涨/优化),17.32,-37.41%,-22.18%,从未,1,135,---------------------------------------------------------------------------------------------------------------------------------------,长期未回正 | 深度套牢
600769,祥龙电业,20260115,D_Strong_Breakout (高风险追涨/优化),13.83,10.12%,11.52%,33,1,136,--------------------------------++++++-------++++--+++++++++++++++++++++++++++++++++++++++++++++++++++++++++++++++++++++-----------+++++,正常
601098,中南传媒,20260101,B_Low_Position_Start (低风险埋伏),11.26,-6.84%,-3.46%,1,10,139,++++-+-++-----------+---------------------+---------------------------+++++++++-++---------------------------------------------------------,冲高回落
002361,神剑股份,20260101,E_Leader_Restart (二次启动),14.34,-28.52%,1.39%,2,1,153,-+++++++++--------------+++----+----------------------++++++++++++++++++++++++++++++++++++++++++++++++++++++++----++++-----------------------------------,深度套牢 | 冲高回落
603332,苏州龙杰,20260101,E_Leader_Restart (二次启动),13.88,-18.08%,-8.83%,11,1,144,----------++++++-------+++++-++++--------+-++++--------------------++++++++++++++++++++---------------------------------------------------------,深度套牢 | 冲高回落
603567,珍宝岛,20260501,B_Low_Position_Start (低风险埋伏),7.08,-5.79%,-13.59%,1,20,64,+++++++++++++++++++---------------------------------------------,冲高回落
002332,仙琚制药,20251209,B_Low_Position_Start (低风险埋伏),9.54,-10.17%,-7.66%,43,1,139,------------------------------------------+------------------------------------------------------------------------------------------------,深度套牢 | 冲高回落
002585,双星新材,20251209,E_Leader_Restart (二次启动),7.16,25.00%,18.49%,18,1,157,-----------------+++++----+++++++++------+++++++++++++++++++++++-----++------------++++++++++++++++++++++++++++++++++++++++++++++++++++++++++++++++++++++++++,正常
603738,泰晶科技,20251209,E_Leader_Restart (二次启动),16.96,113.68%,88.04%,21,1,161,--------------------++-----------------------++++++++++++++++++++++++++++++++++++++++++++++++++++++++++++++++++++++++++++++++++++++++++++++++++++++++++++++++++++,正常
002093,国脉科技,20251209,E_Leader_Restart (二次启动),13.59,-48.71%,-34.72%,43,1,139,------------------------------------------+------------------------------------------------------------------------------------------------,深度套牢 | 冲高回落
603421,鼎信通讯,20251224,A_Strong_Pullback (中风险接力),8.43,-31.67%,-9.69%,46,1,146,---------------------------------------------++++++++++++++++++-+++-+--------------++++++--+------------------------------------------------------,深度套牢 | 冲高回落
603977,国泰集团,20251224,E_Leader_Restart (二次启动),14.59,-20.56%,-1.84%,3,1,146,--+-----+++++++++++++++++------+++-++++++++++++--+++++++++++++++-+++----+++++-------++-+----------+++++++-------------+++++++---------------------,深度套牢 | 冲高回落
600589,大位科技,20260220,E_Leader_Restart (二次启动),13.19,-37.98%,-21.61%,53,1,115,----------------------------------------------------+----+---------------------------------------------------------,深度套牢
001330,博纳影业,20260220,E_Leader_Restart (二次启动),12.77,-59.28%,-43.64%,从未,1,111,---------------------------------------------------------------------------------------------------------------,长期未回正 | 深度套牢
600667,太极实业,20260119,C_New_Strategy (最高共振),9.3,84.41%,50.74%,1,13,129,++++++++++++-++++++++++++++++++++++++++++++-----+++++++++++++++++++++++++++++++++++++++++++++++++++++++++++++++++++++++++++++++++,正常
603058,永吉股份,20260119,C_New_Strategy (最高共振),10.56,-2.46%,3.00%,1,63,133,++++++++++++++++++++++++++++++++++++++++++++++++++++++++++++++--++++++++++++-+-------------------------------------------------------,冲高回落
600744,华银电力,20260119,C_New_Strategy (最高共振),6.63,16.59%,19.75%,1,6,134,+++++----------------++++++++++++++++++++++++++++++++++++++++++++++++++++++++++++++++++++++++++++++++---------------++++++++++++++++++,正常
603618,杭电股份,20260119,A_Strong_Pullback (中风险接力),8.51,217.51%,237.15%,1,8,134,+++++-+-+++++++++++++++++++++++++++++-++++++++++++++++++++++++++++++++++++++++++++++++++++++++++++++++++++++++++++++++++++++++++++++++,正常
002112,三变科技,20260119,E_Leader_Restart (二次启动),19.97,-11.37%,-4.26%,1,9,134,++++++++-+++++++++++++++++++++++++++++++++++++++++++++++++++++-++++++++++++++---------------------------------------------------------,深度套牢 | 冲高回落
002114,罗平锌电,20260119,E_Leader_Restart (二次启动),9.73,-21.27%,-13.27%,1,10,134,+++++++++-----------+++++++++++----------------------------------------+--------------------------------------------------------------,深度套牢 | 冲高回落
603023,威帝股份,20260119,E_Leader_Restart (二次启动),5.92,-32.60%,-23.47%,2,1,134,-+++++--------------------------------------------------------------------------------------------------------------------------------,深度套牢 | 冲高回落
002845,同兴达,20260119,D_Strong_Breakout (高风险追涨/优化),15.41,-19.40%,-4.77%,4,1,129,---+----------------++---++++++++-----------------------------------------++++++++-+--++-+----++++++++-++++---++++---------------,深度套牢 | 冲高回落
601199,江南水务,20260710,A_Strong_Pullback (中风险接力),6.05,0.17%,-5.82%,4,1,21,---+-+--------------+,正常
600129,太极集团,20260710,E_Leader_Restart (二次启动),15.39,5.59%,3.73%,1,5,21,++++-+-++-+++-++++-++,正常
000524,岭南控股,20260710,E_Leader_Restart (二次启动),9.68,-3.00%,-10.71%,从未,1,17,-----------------,长期未回正
600998,九州通,20260126,C_New_Strategy (最高共振),5.58,-9.50%,-8.75%,从未,1,129,---------------------------------------------------------------------------------------------------------------------------------,长期未回正
000670,盈方微,20260126,E_Leader_Restart (二次启动),9.69,-28.59%,-17.59%,76,1,129,---------------------------------------------------------------------------+---------+-------------------------------------------,深度套牢
600192,长城电工,20260126,E_Leader_Restart (二次启动),11.35,-30.48%,-28.51%,从未,1,129,---------------------------------------------------------------------------------------------------------------------------------,长期未回正 | 深度套牢
002727,一心堂,20260126,D_Strong_Breakout (高风险追涨/优化),14.04,-16.38%,-13.34%,2,1,129,-+++--++-++---------------------+------------------------------------------------------------------------------------------------,深度套牢 | 冲高回落
603883,老百姓,20260126,D_Strong_Breakout (高风险追涨/优化),16.44,-22.51%,-20.07%,从未,1,129,---------------------------------------------------------------------------------------------------------------------------------,长期未回正 | 深度套牢
600318,新力金融,20251223,A_Strong_Pullback (中风险接力),9.07,-26.68%,-15.93%,1,3,139,++------------------------+++++++++++-----+------------------------------------------------------------------------------------------------,深度套牢 | 冲高回落
603535,嘉诚国际,20251223,B_Low_Position_Start (低风险埋伏),11.59,-44.18%,-28.50%,从未,1,147,---------------------------------------------------------------------------------------------------------------------------------------------------,长期未回正 | 深度套牢
600889,南京化纤,20251223,B_Low_Position_Start (低风险埋伏),15.75,-12.89%,-1.10%,1,42,138,+++++++++++++++++++++++++++++++++++++++++-----------------------+-------++---------++++++++-+-+++++++--------+++++-++---------------------,深度套牢 | 冲高回落
002735,王子新材,20251223,E_Leader_Restart (二次启动),17.79,-32.49%,-11.23%,1,15,139,++++++++++++++-++++++++++++++----------------------------------------------------------------++++++++++++----------------------------------,深度套牢 | 冲高回落
002491,通鼎互联,20251223,E_Leader_Restart (二次启动),6.95,110.07%,130.50%,25,1,147,------------------------+++++++++++++++++++++++++++++++++++++++++++++++++++++++++++++++++++++++++++++++++++++++++++++++++++++++++++++++++++++++++++,正常
002766,索菱股份,20251223,E_Leader_Restart (二次启动),6.02,-31.89%,-21.12%,1,2,136,+---++----------------------------------------------------------------------------------------------------------------------------------,深度套牢 | 冲高回落
600468,百利电气,20251223,E_Leader_Restart (二次启动),7.22,-8.17%,-1.41%,2,1,151,-+------++++++++++++++++---++++++++++++++++++++++++++++++++++++++++++++++++++++++++++++++++++----------------------------------------------------------,冲高回落
002204,大连重工,20251223,E_Leader_Restart (二次启动),7.65,-29.28%,-15.13%,2,1,151,-+-------++++------++++-----+--------------------------------------------------------------------------------------------------------------------------,深度套牢 | 冲高回落
002350,北京科锐,20260326,E_Leader_Restart (二次启动),15.19,9.81%,-1.72%,26,1,92,-------------------------+++++++++++++++++++----++--+++-----------------+-+------+------++++,正常
600992,贵绳股份,20260718,E_Leader_Restart (二次启动),11.35,-8.02%,1.40%,1,11,16,++++++++++------,冲高回落
603577,汇金通,20260718,E_Leader_Restart (二次启动),10.16,2.85%,3.27%,1,3,16,++-+++++++-----+,正常
002250,联化科技,20260718,D_Strong_Breakout (高风险追涨/优化),16.26,7.87%,-1.63%,1,4,16,+++---------+-++,正常
002666,德联集团,20251225,A_Strong_Pullback (中风险接力),5.63,-26.64%,-10.90%,17,1,145,----------------++++++-+--+-++++--+++++--+++++++++++---------------------------------------------------------------------------------------------,深度套牢 | 冲高回落
600877,电科芯片,20251225,A_Strong_Pullback (中风险接力),16.07,-16.12%,3.99%,1,54,149,+++++++++++++++++++++++++++++++++++++++++++++++++++++-------+---++++++++++++++++++++++++++++-++--------------------+++-+++++--++---------------------,深度套牢 | 冲高回落
601133,柏诚股份,20251225,E_Leader_Restart (二次启动),17.48,50.46%,35.81%,14,1,149,-------------+++++++++-+++++-+----+++++---------------+++++-+++++++++++++++++++++++++++++++++++++++++++++--++++++++++++++++++++++++++++++++++++++++++,正常
600992,贵绳股份,20260722,E_Leader_Restart (二次启动),11.35,-8.02%,0.33%,1,8,13,+++++++------,冲高回落
603577,汇金通,20260722,E_Leader_Restart (二次启动),10.16,2.85%,3.48%,1,8,13,+++++++-----+,正常
002250,联化科技,20260722,D_Strong_Breakout (高风险追涨/优化),16.26,7.87%,-2.61%,10,1,13,---------+-++,正常
600589,大位科技,20260222,E_Leader_Restart (二次启动),13.19,-37.98%,-21.61%,53,1,115,----------------------------------------------------+----+---------------------------------------------------------,深度套牢
001330,博纳影业,20260222,E_Leader_Restart (二次启动),12.77,-59.28%,-43.64%,从未,1,111,---------------------------------------------------------------------------------------------------------------,长期未回正 | 深度套牢
000600,建投能源,20260317,E_Leader_Restart (二次启动),10.19,-14.92%,-6.34%,6,1,99,-----++---------------------------------+---++++++++++++--++++-------------------------------------,深度套牢 | 冲高回落
000048,京基智农,20260614,E_Leader_Restart (二次启动),18.91,15.65%,7.81%,2,1,40,-++-+++++++++++++++++++--++--------+++++,正常
002268,电科网安,20251228,C_New_Strategy (最高共振),20.33,-28.97%,-17.61%,2,1,147,-+++++++++++++---+-------------+-------------------------------------------------------------------------------------------------------------------,深度套牢 | 冲高回落
000411,英特集团,20251228,A_Strong_Pullback (中风险接力),12.86,-23.56%,-14.49%,1,8,136,+++++++--------------------------------+------------------------------------------------------------------------------------------------,深度套牢 | 冲高回落
002228,合兴包装,20251228,E_Leader_Restart (二次启动),6.33,-50.87%,-40.46%,从未,1,156,------------------------------------------------------------------------------------------------------------------------------------------------------------,长期未回正 | 深度套牢
002427,尤夫股份,20251228,E_Leader_Restart (二次启动),6.76,-36.24%,-12.19%,1,3,144,++----+-+-+++++++++++++++++++++++++++++++++++++++++---------------------------------------------------------------------------------------------,深度套牢 | 冲高回落
600271,航天信息,20260713,B_Low_Position_Start (低风险埋伏),6.86,2.77%,-1.27%,14,1,20,-------------+++++++,正常
600604,市北高新,20260713,B_Low_Position_Start (低风险埋伏),4.2,6.67%,2.57%,1,6,20,+-+-+-----++++++++++,正常
000524,岭南控股,20260713,E_Leader_Restart (二次启动),9.87,-4.86%,-12.58%,从未,1,16,----------------,长期未回正
600589,大位科技,20260224,E_Leader_Restart (二次启动),13.19,-37.98%,-21.72%,52,1,114,---------------------------------------------------+----+---------------------------------------------------------,深度套牢
001330,博纳影业,20260224,E_Leader_Restart (二次启动),12.77,-59.28%,-43.94%,从未,1,110,--------------------------------------------------------------------------------------------------------------,长期未回正 | 深度套牢
601098,中南传媒,20260103,B_Low_Position_Start (低风险埋伏),11.26,-6.84%,-3.46%,1,10,139,++++-+-++-----------+---------------------+---------------------------+++++++++-++---------------------------------------------------------,冲高回落
002361,神剑股份,20260103,E_Leader_Restart (二次启动),14.34,-28.52%,1.39%,2,1,153,-+++++++++--------------+++----+----------------------++++++++++++++++++++++++++++++++++++++++++++++++++++++++----++++-----------------------------------,深度套牢 | 冲高回落
603332,苏州龙杰,20260103,E_Leader_Restart (二次启动),13.88,-18.08%,-8.83%,11,1,144,----------++++++-------+++++-++++--------+-++++--------------------++++++++++++++++++++---------------------------------------------------------,深度套牢 | 冲高回落
002250,联化科技,20260806,D_Strong_Breakout (高风险追涨/优化),16.26,7.87%,4.89%,1,从未,2,++,正常
600589,大位科技,20260217,E_Leader_Restart (二次启动),13.19,-37.98%,-21.61%,53,1,115,----------------------------------------------------+----+---------------------------------------------------------,深度套牢
001330,博纳影业,20260217,E_Leader_Restart (二次启动),12.77,-59.28%,-43.64%,从未,1,111,---------------------------------------------------------------------------------------------------------------,长期未回正 | 深度套牢
002268,电科网安,20251229,C_New_Strategy (最高共振),20.33,-28.97%,-17.71%,1,14,146,+++++++++++++---+-------------+-------------------------------------------------------------------------------------------------------------------,深度套牢 | 冲高回落
000411,英特集团,20251229,A_Strong_Pullback (中风险接力),12.86,-23.56%,-14.49%,1,8,136,+++++++--------------------------------+------------------------------------------------------------------------------------------------,深度套牢 | 冲高回落
002228,合兴包装,20251229,E_Leader_Restart (二次启动),6.33,-50.87%,-40.66%,从未,1,155,-----------------------------------------------------------------------------------------------------------------------------------------------------------,长期未回正 | 深度套牢
002427,尤夫股份,20251229,E_Leader_Restart (二次启动),6.76,-36.24%,-12.28%,1,2,143,+----+-+-+++++++++++++++++++++++++++++++++++++++++---------------------------------------------------------------------------------------------,深度套牢 | 冲高回落
600992,贵绳股份,20260721,E_Leader_Restart (二次启动),11.35,-8.02%,0.74%,1,9,14,++++++++------,冲高回落
603577,汇金通,20260721,E_Leader_Restart (二次启动),10.16,2.85%,3.21%,2,1,14,-+++++++-----+,正常
002250,联化科技,20260721,D_Strong_Breakout (高风险追涨/优化),16.26,7.87%,-2.34%,1,2,14,+---------+-++,正常
601098,中南传媒,20260104,B_Low_Position_Start (低风险埋伏),11.26,-6.84%,-3.46%,1,10,139,++++-+-++-----------+---------------------+---------------------------+++++++++-++---------------------------------------------------------,冲高回落
002361,神剑股份,20260104,E_Leader_Restart (二次启动),14.34,-28.52%,1.39%,2,1,153,-+++++++++--------------+++----+----------------------++++++++++++++++++++++++++++++++++++++++++++++++++++++++----++++-----------------------------------,深度套牢 | 冲高回落
603332,苏州龙杰,20260104,E_Leader_Restart (二次启动),13.88,-18.08%,-8.83%,11,1,144,----------++++++-------+++++-++++--------+-++++--------------------++++++++++++++++++++---------------------------------------------------------,深度套牢 | 冲高回落
603055,台华新材,20260715,A_Strong_Pullback (中风险接力),8.65,-2.43%,-21.32%,13,1,18,------------+-----,正常
600267,海正药业,20260715,D_Strong_Breakout (高风险追涨/优化),11.33,25.68%,6.60%,1,2,18,+-++++++++++++++++,正常
000559,万向钱潮,20260518,A_Strong_Pullback (中风险接力),17.5,-37.83%,-25.78%,1,5,67,++++---------------------------------------------------------------,深度套牢
603809,豪能股份,20260518,A_Strong_Pullback (中风险接力),11.48,-22.82%,-16.70%,1,2,67,+------------------------------------------------------------------,深度套牢
603018,华设集团,20260518,A_Strong_Pullback (中风险接力),7.6,-28.82%,-19.46%,1,2,55,+------------------------------------------------------,深度套牢
002617,露笑科技,20260518,E_Leader_Restart (二次启动),9.36,-31.84%,-12.82%,1,3,59,++--++++---------------+++-+++++--+-+----------------------,深度套牢 | 冲高回落
002254,泰和新材,20260518,E_Leader_Restart (二次启动),14.18,-11.14%,0.93%,1,9,59,++++++++-----++--++++++++++++++++++--+---------------------,深度套牢 | 冲高回落
002277,友阿股份,20260518,E_Leader_Restart (二次启动),6.54,-11.16%,-6.18%,3,1,55,--++++++++--++-++--------------------------------------,深度套牢 | 冲高回落
600354,敦煌种业,20251210,A_Strong_Pullback (中风险接力),6.73,-7.13%,-8.35%,2,1,136,-++++++++++++++++++--+++++++++++++++++++----++------------------------------------------------------------------------------------------,冲高回落
603023,威帝股份,20251210,E_Leader_Restart (二次启动),5.1,-21.76%,-10.78%,1,12,136,+++++++++++---++++---++++----++++------------+++-------------------------+----+---------------------------------------------------------,深度套牢 | 冲高回落
002752,昇兴股份,20251210,E_Leader_Restart (二次启动),8.55,-30.18%,-22.76%,12,1,156,-----------+------------------------------------------------------------------------------------------------------------------------------------------------,深度套牢
603709,中源家居,20251210,E_Leader_Restart (二次启动),19.7,-45.03%,-15.73%,1,5,155,++++-----------------------------------------------------------------------------------------+-+-----------------------------------------------------------,深度套牢 | 冲高回落
600992,贵绳股份,20260719,E_Leader_Restart (二次启动),11.35,-8.02%,1.40%,1,11,16,++++++++++------,冲高回落
603577,汇金通,20260719,E_Leader_Restart (二次启动),10.16,2.85%,3.27%,1,3,16,++-+++++++-----+,正常
002250,联化科技,20260719,D_Strong_Breakout (高风险追涨/优化),16.26,7.87%,-1.63%,1,4,16,+++---------+-++,正常
600589,大位科技,20260214,E_Leader_Restart (二次启动),13.19,-37.98%,-21.61%,53,1,115,----------------------------------------------------+----+---------------------------------------------------------,深度套牢
001330,博纳影业,20260214,E_Leader_Restart (二次启动),12.77,-59.28%,-43.64%,从未,1,111,---------------------------------------------------------------------------------------------------------------,长期未回正 | 深度套牢
600601,方正科技,20260602,A_Strong_Pullback (中风险接力),13.43,-26.58%,-8.63%,9,1,44,--------+++++--+--++++++-+------------------,深度套牢 | 冲高回落
000791,甘肃能源,20260602,E_Leader_Restart (二次启动),9.84,-19.31%,-16.22%,1,2,48,+-----------------------------------------------,深度套牢 | 冲高回落
002587,奥拓电子,20260701,A_Strong_Pullback (中风险接力),7.33,-22.78%,-23.80%,从未,1,28,----------------------------,长期未回正 | 深度套牢
600058,五矿发展,20260701,E_Leader_Restart (二次启动),11.88,-4.88%,-18.18%,从未,1,28,----------------------------,长期未回正
002383,合众思壮,20251217,C_New_Strategy (最高共振),10.62,-33.15%,-10.56%,3,1,155,--+-+++++++++++++++++++++++++++++++++++++++++++++++++------------------------------------------------------------------------------------------------------,深度套牢 | 冲高回落
001318,阳光乳业,20251217,A_Strong_Pullback (中风险接力),16.67,-34.55%,-20.92%,2,1,150,-++---------------------------------------------------------------------------------------------------------------------------------------------------,深度套牢
600721,百花医药,20251217,A_Strong_Pullback (中风险接力),10.45,30.72%,-15.17%,1,9,155,++++++++------------------------------------------------------+----------------------------------------------------------------------------------++++++++++,正常
601366,利群股份,20251217,B_Low_Position_Start (低风险埋伏),4.99,-29.06%,-15.66%,1,9,150,++++++++-----+++--+++++++++++---++++------------------------------------------------------------------------------------------------------------------,深度套牢 | 冲高回落
000950,重药控股,20251217,E_Leader_Restart (二次启动),6.58,-15.35%,-11.28%,1,5,151,++++----------------------------------------------------------------+++--------------------++++--------------------------------------------------------,深度套牢 | 冲高回落
600271,航天信息,20260712,B_Low_Position_Start (低风险埋伏),6.86,2.77%,-1.45%,15,1,21,--------------+++++++,正常
600604,市北高新,20260712,B_Low_Position_Start (低风险埋伏),4.2,6.67%,2.44%,2,1,21,-+-+-+-----++++++++++,正常
000524,岭南控股,20260712,E_Leader_Restart (二次启动),9.87,-4.86%,-12.43%,从未,1,17,-----------------,长期未回正
600992,贵绳股份,20260728,E_Leader_Restart (二次启动),11.35,-8.02%,-3.18%,1,4,9,+++------,冲高回落
603577,汇金通,20260728,E_Leader_Restart (二次启动),10.16,2.85%,2.60%,1,4,9,+++-----+,正常
002250,联化科技,20260728,D_Strong_Breakout (高风险追涨/优化),16.26,7.87%,-1.82%,6,1,9,-----+-++,正常
002250,联化科技,20260804,D_Strong_Breakout (高风险追涨/优化),16.26,7.87%,2.14%,1,2,4,+-++,正常
600992,贵绳股份,20260727,E_Leader_Restart (二次启动),11.35,-8.02%,-1.78%,1,5,10,++++------,冲高回落
603577,汇金通,20260727,E_Leader_Restart (二次启动),10.16,2.85%,3.04%,1,5,10,++++-----+,正常
002250,联化科技,20260727,D_Strong_Breakout (高风险追涨/优化),16.26,7.87%,-2.10%,7,1,10,------+-++,正常
600992,贵绳股份,20260801,E_Leader_Restart (二次启动),11.35,-8.02%,-11.51%,从未,1,6,------,长期未回正
603577,汇金通,20260801,E_Leader_Restart (二次启动),10.16,2.85%,-1.48%,6,1,6,-----+,正常
002250,联化科技,20260801,D_Strong_Breakout (高风险追涨/优化),16.26,7.87%,-0.10%,3,1,6,--+-++,正常
600589,大位科技,20260216,E_Leader_Restart (二次启动),13.19,-37.98%,-21.61%,53,1,115,----------------------------------------------------+----+---------------------------------------------------------,深度套牢
001330,博纳影业,20260216,E_Leader_Restart (二次启动),12.77,-59.28%,-43.64%,从未,1,111,---------------------------------------------------------------------------------------------------------------,长期未回正 | 深度套牢
600992,贵绳股份,20260731,E_Leader_Restart (二次启动),11.35,-8.02%,-11.51%,从未,1,6,------,长期未回正
603577,汇金通,20260731,E_Leader_Restart (二次启动),10.16,2.85%,-1.48%,6,1,6,-----+,正常
002250,联化科技,20260731,D_Strong_Breakout (高风险追涨/优化),16.26,7.87%,-0.10%,3,1,6,--+-++,正常
600028,中国石化,20260304,C_New_Strategy (最高共振),7.11,-28.27%,-24.99%,从未,1,104,--------------------------------------------------------------------------------------------------------,长期未回正 | 深度套牢
000993,闽东电力,20260304,E_Leader_Restart (二次启动),14.0,-26.50%,-11.17%,1,9,104,++++++++-+++-++++++++------------------------+---+-----+++++++------------------------------------------,深度套牢 | 冲高回落
000819,岳阳兴长,20260304,D_Strong_Breakout (高风险追涨/优化),17.48,-31.01%,-18.92%,从未,1,104,--------------------------------------------------------------------------------------------------------,长期未回正 | 深度套牢
603703,盛洋科技,20251222,E_Leader_Restart (二次启动),14.75,-34.51%,-13.70%,9,1,160,--------++++++++++++++++++--++--+-----++++----------------------------------------------------------------------------------------------------------------------,深度套牢 | 冲高回落
603123,翠微股份,20251222,E_Leader_Restart (二次启动),13.98,-29.47%,-20.86%,30,1,136,-----------------------------+----------------------------------------------------------------------------------------------------------,深度套牢
002355,兴民智通,20251222,E_Leader_Restart (二次启动),6.43,-27.22%,-8.94%,1,8,136,+++++++------+++++++++++++++++++++++++++++++++++--------------------++++++++++----------------------------------------------------------,深度套牢 | 冲高回落
603221,爱丽家居,20251222,E_Leader_Restart (二次启动),13.55,66.35%,-7.67%,8,1,147,-------++++----+-++-++----------------------------------------------------------------------------------------------------------------------+++++++,正常
600992,贵绳股份,20260720,E_Leader_Restart (二次启动),11.35,-8.02%,1.16%,1,10,15,+++++++++------,冲高回落
603577,汇金通,20260720,E_Leader_Restart (二次启动),10.16,2.85%,3.28%,1,2,15,+-+++++++-----+,正常
002250,联化科技,20260720,D_Strong_Breakout (高风险追涨/优化),16.26,7.87%,-1.84%,1,3,15,++---------+-++,正常
600992,贵绳股份,20260802,E_Leader_Restart (二次启动),11.35,-8.02%,-11.51%,从未,1,6,------,长期未回正
603577,汇金通,20260802,E_Leader_Restart (二次启动),10.16,2.85%,-1.48%,6,1,6,-----+,正常
002250,联化科技,20260802,D_Strong_Breakout (高风险追涨/优化),16.26,7.87%,-0.10%,3,1,6,--+-++,正常
600906,财达证券,20260528,B_Low_Position_Start (低风险埋伏),6.74,-1.78%,4.87%,3,1,51,--++-+++--+++++++++++++++++++++++++++++++----------,冲高回落
601958,金钼股份,20260528,E_Leader_Restart (二次启动),24.41,1.07%,-2.65%,11,1,51,----------+++++++++++++++-------------------------+,正常
002250,联化科技,20260808,D_Strong_Breakout (高风险追涨/优化),16.26,7.87%,7.87%,1,从未,1,+,正常
600583,海油工程,20260212,C_New_Strategy (最高共振),7.17,-22.59%,-3.59%,2,1,116,-+++++++++++-------+-----------------+------------------------------------------------------------++++++++++++------,深度套牢 | 冲高回落
600769,祥龙电业,20260212,B_Low_Position_Start (低风险埋伏),12.86,18.43%,23.87%,1,7,116,++++++-+++-+++++++++----++++++++++++++++++++++++++++++++++++++++++++++++++++++++++++++++++++++++++++++++++++-+++++++,正常
003018,金富科技,20260212,E_Leader_Restart (二次启动),23.54,62.70%,95.26%,3,1,116,--++++++++++++++++++++++++++++++++++++++++++++++++++++++++++++++++++++++++++++++++++++++++++++++++++++++++++++++++++,正常
603058,永吉股份,20260212,E_Leader_Restart (二次启动),13.2,-21.97%,-18.50%,4,1,116,---+----++-+++------------------------------------------------------------------------------------------------------,深度套牢
000710,贝瑞基因,20260106,B_Low_Position_Start (低风险埋伏),12.08,-17.30%,-16.37%,2,1,142,-+++++++++++++++--+++++++++++++---------------------------------------------------------------------------------------------------------------,深度套牢 | 冲高回落
603108,润达医疗,20260106,B_Low_Position_Start (低风险埋伏),15.82,-30.09%,-18.79%,1,12,136,+++++++++++-+++-+++++++-+---------------------------------------------------------------------------------------------------------------,深度套牢 | 冲高回落
002019,亿帆医药,20260106,B_Low_Position_Start (低风险埋伏),12.6,-17.86%,-8.76%,1,4,139,+++-+++++++---------------+++++++++++++++++-++-+++++++++---+-------------------------------------------------------------------------------,深度套牢 | 冲高回落
600521,华海药业,20260106,B_Low_Position_Start (低风险埋伏),17.75,2.48%,-10.13%,139,1,139,------------------------------------------------------------------------------------------------------------------------------------------+,正常
600055,万东医疗,20260106,B_Low_Position_Start (低风险埋伏),16.38,-29.73%,-17.10%,1,10,139,+++++++++----------------------------------------------------------------------------------------------------------------------------------,深度套牢 | 冲高回落
002755,奥赛康,20260106,B_Low_Position_Start (低风险埋伏),17.13,-19.44%,-11.73%,1,10,139,+++++++++---------------------------------+------------------------------+++------+--------------------------------------------------------,深度套牢 | 冲高回落
002177,御银股份,20260106,E_Leader_Restart (二次启动),8.62,-32.71%,-15.51%,1,7,143,++++++-------------------+---++++++++--++++++--------------------------------------------------------------------------------------------------,深度套牢 | 冲高回落
603278,大业股份,20260106,E_Leader_Restart (二次启动),16.1,-44.60%,-26.75%,1,5,151,++++------------------------------------------------------------------------------+++------------------------------------------------------------------,深度套牢 | 冲高回落
603331,百达精工,20260106,E_Leader_Restart (二次启动),13.81,-4.06%,1.43%,3,1,143,--+++--++++++++++++++++++++++++++++++++++++++++++++++++++++++++++++++++++++++++++++++++++------------------------------------------------------,冲高回落
603890,春秋电子,20260605,E_Leader_Restart (二次启动),29.36,-36.85%,-23.52%,12,1,45,-----------+---------------------------------,深度套牢
002125,湘潭电化,20260605,E_Leader_Restart (二次启动),16.2,-22.16%,-13.08%,2,1,41,-++++++++++------------------------------,深度套牢 | 冲高回落
002591,恒大高新,20260507,E_Leader_Restart (二次启动),7.96,-20.73%,-10.37%,1,14,66,+++++++++++++-+-------++------------------------------------------,深度套牢 | 冲高回落
603095,越剑智能,20260507,E_Leader_Restart (二次启动),24.18,-42.64%,-32.57%,1,6,74,+++++---------------------------------------------------------------------,深度套牢 | 冲高回落
000533,顺钠股份,20260209,E_Leader_Restart (二次启动),11.25,12.44%,11.37%,1,2,119,+-+++++++-++++++++++++-+++++++++++++++++++++++++++++++++++++++++++++++++++-----------------------------------++--++++++,正常
600481,双良节能,20260209,E_Leader_Restart (二次启动),10.51,-58.80%,-42.07%,3,1,115,--+----------------------------------------------------------------------------------------------------------------,深度套牢
600694,大商股份,20260113,C_New_Strategy (最高共振),20.05,-27.28%,-18.14%,从未,1,136,----------------------------------------------------------------------------------------------------------------------------------------,长期未回正 | 深度套牢
600784,鲁银投资,20260113,E_Leader_Restart (二次启动),7.73,6.34%,-5.62%,62,1,138,-------------------------------------------------------------+----+----------++++++++++------------------------+-------------------------+,正常
002510,天汽模,20260110,E_Leader_Restart (二次启动),7.79,-26.70%,-13.23%,1,2,136,+-+-++++++----------++++++--++++++-+----------------------------------------------------------------------------------------------------,深度套牢 | 冲高回落
002023,海特高新,20260110,E_Leader_Restart (二次启动),14.85,-29.23%,-20.47%,1,2,140,+-------------------------------------------------------------------------------------------------------------------------------------------,深度套牢
600830,香溢融通,20260110,D_Strong_Breakout (高风险追涨/优化),9.88,-17.81%,-9.50%,1,2,140,+-------++----------+-------+----------------------------------------+++++++++++++----------------------------------------------------------,深度套牢 | 冲高回落
603065,宿迁联盛,20260228,C_New_Strategy (最高共振),9.65,83.94%,21.21%,15,1,111,--------------+----------------------------------------------------++++++++++++++++++++++++++++++++++++++++++++,正常
600470,六国化工,20260228,E_Leader_Restart (二次启动),7.94,-27.33%,-18.71%,1,2,111,+---+++++++++--------------------------------------------------------------------------------------------------,深度套牢 | 冲高回落
002828,贝肯能源,20260228,E_Leader_Restart (二次启动),13.8,-6.74%,-14.89%,1,7,106,++++++-+++++-------------+--------------------------------------------------------------------------------,冲高回落
000554,泰山石油,20260228,E_Leader_Restart (二次启动),8.83,-25.71%,-15.59%,1,15,111,++++++++++++++-------------------------------------------------------------------------------------------------,深度套牢 | 冲高回落
603315,福鞍股份,20260228,E_Leader_Restart (二次启动),17.7,-32.26%,-15.48%,34,1,111,---------------------------------+--++++----+++++++++----------------------------------------------------------,深度套牢 | 冲高回落
601390,中国中铁,20260228,E_Leader_Restart (二次启动),6.19,-26.98%,-20.15%,1,2,111,+--------------------------------------------------------------------------------------------------------------,深度套牢
000968,蓝焰控股,20260228,E_Leader_Restart (二次启动),8.55,-15.44%,-4.34%,1,45,111,++++++++++++++++++++++++++++++++++++++++++++-------+-----------------------------------------------------------,深度套牢 | 冲高回落
600409,三友化工,20260228,E_Leader_Restart (二次启动),8.8,-21.25%,-21.40%,8,1,111,-------++------------------------------------------------------------------------------------------------------,深度套牢
600601,方正科技,20260530,A_Strong_Pullback (中风险接力),13.43,-26.58%,-8.54%,11,1,46,----------+++++--+--++++++-+------------------,深度套牢 | 冲高回落
000791,甘肃能源,20260530,E_Leader_Restart (二次启动),9.84,-19.31%,-15.57%,2,1,50,-++-----------------------------------------------,深度套牢 | 冲高回落
002729,好利科技,20260520,E_Leader_Restart (二次启动),21.07,-34.98%,-22.10%,从未,1,50,--------------------------------------------------,长期未回正 | 深度套牢
603677,奇精机械,20260520,E_Leader_Restart (二次启动),17.17,-19.04%,-16.84%,1,6,57,+++++--+-+-----------------------------------------------,深度套牢 | 冲高回落
002579,中京电子,20251213,A_Strong_Pullback (中风险接力),11.89,-0.76%,15.15%,1,2,154,+----+-++-+++++++++++++++++++++------------+++++--++-+++++++++-++----++++++++++++++++++++-++++++++++++++++++++++++++++++++++++++++++++++++++++--++++------,冲高回落
002235,安妮股份,20251213,E_Leader_Restart (二次启动),12.85,-32.45%,-22.82%,1,2,157,+------------------------------------------------------------------------------------------------------------------------------------------------------------,深度套牢
002725,跃岭股份,20251213,E_Leader_Restart (二次启动),19.08,-41.56%,-22.13%,从未,1,154,----------------------------------------------------------------------------------------------------------------------------------------------------------,长期未回正 | 深度套牢
600601,方正科技,20260601,A_Strong_Pullback (中风险接力),13.43,-26.58%,-8.56%,10,1,45,---------+++++--+--++++++-+------------------,深度套牢 | 冲高回落
000791,甘肃能源,20260601,E_Leader_Restart (二次启动),9.84,-19.31%,-15.84%,1,3,49,++-----------------------------------------------,深度套牢 | 冲高回落
603567,珍宝岛,20260504,B_Low_Position_Start (低风险埋伏),7.08,-5.79%,-13.59%,1,20,64,+++++++++++++++++++---------------------------------------------,冲高回落
000048,京基智农,20260616,E_Leader_Restart (二次启动),18.91,15.65%,8.41%,1,2,38,+-+++++++++++++++++++--++--------+++++,正常
600589,大位科技,20260225,E_Leader_Restart (二次启动),13.19,-37.98%,-21.82%,51,1,113,--------------------------------------------------+----+---------------------------------------------------------,深度套牢
001330,博纳影业,20260225,E_Leader_Restart (二次启动),12.77,-59.28%,-44.17%,从未,1,109,-------------------------------------------------------------------------------------------------------------,长期未回正 | 深度套牢
600992,贵绳股份,20260729,E_Leader_Restart (二次启动),11.35,-8.02%,-5.25%,1,3,8,++------,冲高回落
603577,汇金通,20260729,E_Leader_Restart (二次启动),10.16,2.85%,1.40%,1,3,8,++-----+,正常
002250,联化科技,20260729,D_Strong_Breakout (高风险追涨/优化),16.26,7.87%,-1.57%,5,1,8,----+-++,正常
603567,珍宝岛,20260502,B_Low_Position_Start (低风险埋伏),7.08,-5.79%,-13.59%,1,20,64,+++++++++++++++++++---------------------------------------------,冲高回落
600667,太极实业,20260120,C_New_Strategy (最高共振),9.3,84.41%,51.11%,1,12,128,+++++++++++-++++++++++++++++++++++++++++++-----+++++++++++++++++++++++++++++++++++++++++++++++++++++++++++++++++++++++++++++++++,正常
002196,方正电机,20260120,E_Leader_Restart (二次启动),16.53,-37.57%,-16.41%,1,7,141,++++++-++++-++++++++++----------------------------------------------------+--++--------------------------------------------------------------,深度套牢 | 冲高回落
002114,罗平锌电,20260120,E_Leader_Restart (二次启动),9.73,-21.27%,-13.38%,1,9,133,++++++++-----------+++++++++++----------------------------------------+--------------------------------------------------------------,深度套牢 | 冲高回落
603023,威帝股份,20260120,E_Leader_Restart (二次启动),5.92,-32.60%,-23.60%,1,6,133,+++++--------------------------------------------------------------------------------------------------------------------------------,深度套牢 | 冲高回落
600841,动力新科,20260120,E_Leader_Restart (二次启动),6.86,-14.72%,16.09%,1,37,133,++++++++++++++++++++++++++++++++++++-+++++++++++++++++++++++++++++++++++++++++++++++++++++---+---------------------------------------,深度套牢 | 冲高回落
002845,同兴达,20260120,D_Strong_Breakout (高风险追涨/优化),15.41,-19.40%,-4.78%,3,1,128,--+----------------++---++++++++-----------------------------------------++++++++-+--++-+----++++++++-++++---++++---------------,深度套牢 | 冲高回落
600955,维远股份,20260120,D_Strong_Breakout (高风险追涨/优化),18.72,-31.25%,-12.67%,1,33,133,++++++++++++++++++++++++++++++++----------+------------+---+++++++--+----------------------------------------------------------------,深度套牢 | 冲高回落
600073,光明肉业,20260120,D_Strong_Breakout (高风险追涨/优化),6.75,-22.37%,-15.47%,从未,1,133,-------------------------------------------------------------------------------------------------------------------------------------,长期未回正 | 深度套牢
603567,珍宝岛,20260506,B_Low_Position_Start (低风险埋伏),7.08,-5.79%,-13.83%,1,19,63,++++++++++++++++++---------------------------------------------,冲高回落
000586,汇源通信,20260415,E_Leader_Restart (二次启动),23.19,-51.06%,-33.75%,从未,1,75,---------------------------------------------------------------------------,长期未回正 | 深度套牢
000026,飞亚达,20260415,E_Leader_Restart (二次启动),16.2,17.72%,19.52%,1,36,79,+++++++++++++++++++++++++++++++++++--++++++++++++++++++++++++++-+---+---+-+++++,正常
603110,东方材料,20260318,A_Strong_Pullback (中风险接力),17.66,50.06%,18.10%,22,1,98,---------------------+++++++++++++++++++++++++++++++++++++++++++++++++++++++++++++++++++++++++++++,正常
000617,中油资本,20260318,E_Leader_Restart (二次启动),9.89,-27.60%,-16.61%,1,18,98,+++++++++-+++++++---------------------------------------------------------------------------------,深度套牢 | 冲高回落
002054,德美化工,20260116,E_Leader_Restart (二次启动),8.52,-13.62%,-2.83%,4,1,135,---+++++++++++++++++++++++++++++++++++---+-++++---+++++-+---------+++++++++------------------------------------------------------------,深度套牢 | 冲高回落
000409,云鼎科技,20260116,E_Leader_Restart (二次启动),12.61,-29.82%,-21.70%,从未,1,135,---------------------------------------------------------------------------------------------------------------------------------------,长期未回正 | 深度套牢
600839,四川长虹,20260116,E_Leader_Restart (二次启动),10.7,-35.14%,-21.71%,3,1,135,--+++----------------------------------------------------------------------------------------------------------------------------------,深度套牢
603703,盛洋科技,20251221,E_Leader_Restart (二次启动),14.75,-34.51%,-13.64%,10,1,161,---------++++++++++++++++++--++--+-----++++----------------------------------------------------------------------------------------------------------------------,深度套牢 | 冲高回落
603123,翠微股份,20251221,E_Leader_Restart (二次启动),13.98,-29.47%,-20.86%,30,1,136,-----------------------------+----------------------------------------------------------------------------------------------------------,深度套牢
002355,兴民智通,20251221,E_Leader_Restart (二次启动),6.43,-27.22%,-8.94%,1,8,136,+++++++------+++++++++++++++++++++++++++++++++++--------------------++++++++++----------------------------------------------------------,深度套牢 | 冲高回落
603221,爱丽家居,20251221,E_Leader_Restart (二次启动),13.55,66.35%,-7.62%,9,1,148,--------++++----+-++-++----------------------------------------------------------------------------------------------------------------------+++++++,正常
000862,银星能源,20260307,E_Leader_Restart (二次启动),7.31,-22.98%,-13.02%,1,7,102,++++++-++++++++----------------------------+------------+-+-------------------------------------------,深度套牢 | 冲高回落
601098,中南传媒,20260102,B_Low_Position_Start (低风险埋伏),11.26,-6.84%,-3.46%,1,10,139,++++-+-++-----------+---------------------+---------------------------+++++++++-++---------------------------------------------------------,冲高回落
002361,神剑股份,20260102,E_Leader_Restart (二次启动),14.34,-28.52%,1.39%,2,1,153,-+++++++++--------------+++----+----------------------++++++++++++++++++++++++++++++++++++++++++++++++++++++++----++++-----------------------------------,深度套牢 | 冲高回落
603332,苏州龙杰,20260102,E_Leader_Restart (二次启动),13.88,-18.08%,-8.83%,11,1,144,----------++++++-------+++++-++++--------+-++++--------------------++++++++++++++++++++---------------------------------------------------------,深度套牢 | 冲高回落
002800,天顺股份,20260308,E_Leader_Restart (二次启动),24.35,-44.11%,-32.87%,6,1,114,-----+------------------------------------------------------------------------------------------------------------,深度套牢
600583,海油工程,20260213,C_New_Strategy (最高共振),7.17,-22.59%,-3.58%,1,12,115,+++++++++++-------+-----------------+------------------------------------------------------------++++++++++++------,深度套牢 | 冲高回落
600769,祥龙电业,20260213,B_Low_Position_Start (低风险埋伏),12.86,18.43%,24.06%,1,6,115,+++++-+++-+++++++++----++++++++++++++++++++++++++++++++++++++++++++++++++++++++++++++++++++++++++++++++++++-+++++++,正常
003018,金富科技,20260213,E_Leader_Restart (二次启动),23.54,62.70%,96.12%,2,1,115,-++++++++++++++++++++++++++++++++++++++++++++++++++++++++++++++++++++++++++++++++++++++++++++++++++++++++++++++++++,正常
603058,永吉股份,20260213,E_Leader_Restart (二次启动),13.2,-21.97%,-18.64%,3,1,115,--+----++-+++------------------------------------------------------------------------------------------------------,深度套牢
600028,中国石化,20260303,C_New_Strategy (最高共振),7.11,-28.27%,-24.72%,1,2,105,+--------------------------------------------------------------------------------------------------------,深度套牢
002350,北京科锐,20260303,E_Leader_Restart (二次启动),11.89,40.29%,24.66%,1,从未,109,+++++++++++++++++++++++++++++++++++++++++++++++++++++++++++++++++++++++++++++++++++++++++++++++++++++++++++++,正常
000993,闽东电力,20260303,E_Leader_Restart (二次启动),14.0,-26.50%,-11.04%,1,10,105,+++++++++-+++-++++++++------------------------+---+-----+++++++------------------------------------------,深度套牢 | 冲高回落
000819,岳阳兴长,20260303,D_Strong_Breakout (高风险追涨/优化),17.48,-31.01%,-18.78%,从未,1,105,---------------------------------------------------------------------------------------------------------,长期未回正 | 深度套牢
600156,华升股份,20260423,E_Leader_Restart (二次启动),10.11,-22.85%,-5.92%,3,1,69,--+++++++++++++++++++++++--------------------------------------------,深度套牢 | 冲高回落
603335,迪生力,20260423,E_Leader_Restart (二次启动),7.07,-2.40%,1.69%,3,1,73,--++--++++++++++-+--++++++---+++++++++++++++++++++++---------------------,冲高回落
002729,好利科技,20260519,E_Leader_Restart (二次启动),21.07,-34.98%,-21.64%,1,2,51,+--------------------------------------------------,深度套牢
603677,奇精机械,20260519,E_Leader_Restart (二次启动),17.17,-19.04%,-16.57%,2,1,58,-+++++--+-+-----------------------------------------------,深度套牢 | 冲高回落
002510,天汽模,20260112,E_Leader_Restart (二次启动),7.79,-26.70%,-13.34%,2,1,135,-+-++++++----------++++++--++++++-+----------------------------------------------------------------------------------------------------,深度套牢 | 冲高回落
002023,海特高新,20260112,E_Leader_Restart (二次启动),14.85,-29.23%,-20.64%,从未,1,139,-------------------------------------------------------------------------------------------------------------------------------------------,长期未回正 | 深度套牢
600830,香溢融通,20260112,D_Strong_Breakout (高风险追涨/优化),9.88,-17.81%,-9.57%,8,1,139,-------++----------+-------+----------------------------------------+++++++++++++----------------------------------------------------------,深度套牢 | 冲高回落
600667,太极实业,20260117,C_New_Strategy (最高共振),9.3,84.41%,50.36%,1,14,130,+++++++++++++-++++++++++++++++++++++++++++++-----+++++++++++++++++++++++++++++++++++++++++++++++++++++++++++++++++++++++++++++++++,正常
603058,永吉股份,20260117,C_New_Strategy (最高共振),10.56,-2.46%,3.00%,1,64,134,+++++++++++++++++++++++++++++++++++++++++++++++++++++++++++++++--++++++++++++-+-------------------------------------------------------,冲高回落
600744,华银电力,20260117,C_New_Strategy (最高共振),6.63,16.59%,19.64%,1,7,135,++++++----------------++++++++++++++++++++++++++++++++++++++++++++++++++++++++++++++++++++++++++++++++---------------++++++++++++++++++,正常
603618,杭电股份,20260117,A_Strong_Pullback (中风险接力),8.51,217.51%,235.44%,1,9,135,++++++-+-+++++++++++++++++++++++++++++-++++++++++++++++++++++++++++++++++++++++++++++++++++++++++++++++++++++++++++++++++++++++++++++++,正常
002112,三变科技,20260117,E_Leader_Restart (二次启动),19.97,-11.37%,-4.16%,1,10,135,+++++++++-+++++++++++++++++++++++++++++++++++++++++++++++++++++-++++++++++++++---------------------------------------------------------,深度套牢 | 冲高回落
002114,罗平锌电,20260117,E_Leader_Restart (二次启动),9.73,-21.27%,-13.15%,1,11,135,++++++++++-----------+++++++++++----------------------------------------+--------------------------------------------------------------,深度套牢 | 冲高回落
603023,威帝股份,20260117,E_Leader_Restart (二次启动),5.92,-32.60%,-23.31%,3,1,135,--+++++--------------------------------------------------------------------------------------------------------------------------------,深度套牢 | 冲高回落
002845,同兴达,20260117,D_Strong_Breakout (高风险追涨/优化),15.41,-19.40%,-4.75%,5,1,130,----+----------------++---++++++++-----------------------------------------++++++++-+--++-+----++++++++-++++---++++---------------,深度套牢 | 冲高回落
600058,五矿发展,20260128,E_Leader_Restart (二次启动),14.93,-24.31%,-25.52%,从未,1,127,-------------------------------------------------------------------------------------------------------------------------------,长期未回正 | 深度套牢
002890,弘宇股份,20260128,E_Leader_Restart (二次启动),16.42,-11.14%,-10.72%,1,17,127,++++++++++++++++-------+---------------+---++---+------+++++++++++++++-+-------------------------------------------------------,深度套牢 | 冲高回落
603926,铁流股份,20260128,E_Leader_Restart (二次启动),25.44,-37.03%,-25.17%,2,1,127,-+++++-------------------------------------------------------------------------------------------------------------------------,深度套牢 | 冲高回落
002185,华天科技,20260128,E_Leader_Restart (二次启动),14.66,23.19%,9.54%,1,3,127,++-+---------++++-------------+-------------------------------+----++++++++++++++++++++++++++++++++++++++++++++++++++++++++++++,正常
600770,综艺股份,20260128,E_Leader_Restart (二次启动),6.62,-20.69%,-6.48%,1,3,127,++-++++++++----+--------------+-----------------------++++++++++++++++-++----------------------++++-----+----------------------,深度套牢 | 冲高回落
601117,中国化学,20260128,E_Leader_Restart (二次启动),8.82,-11.56%,-6.16%,1,3,127,++-----------+++++++++++++++++---++++-++-++++++--------------------------------------------------------------------------------,深度套牢 | 冲高回落
000990,诚志股份,20260128,E_Leader_Restart (二次启动),8.96,-22.77%,5.69%,1,3,127,++-------------------+--++++++-++++++++++++++++++++++++++++++++++++++++++++++++++++---+++-----------------+++++++-+---+--------,深度套牢 | 冲高回落
002815,崇达技术,20260128,E_Leader_Restart (二次启动),16.08,-19.96%,-6.09%,15,1,127,--------------+-----------+-+---------------------------------++++-----+++++++++++++++++++++++++-++--+--++++-------------------,深度套牢 | 冲高回落
600230,沧州大化,20260128,E_Leader_Restart (二次启动),18.89,-15.67%,-8.13%,1,30,127,+++++++++++++++++++++++++++++-------+-++-++++++++++++++++++--------------------------------------------------------------------,深度套牢 | 冲高回落
600552,凯盛科技,20260128,E_Leader_Restart (二次启动),15.65,2.30%,9.45%,53,1,123,----------------------------------------------------+--+---++++++++++++++++++++++++++++++++++++++++++++++++++++-+++-+++---+,正常
000159,国际实业,20260128,E_Leader_Restart (二次启动),7.11,-18.14%,-10.89%,16,1,123,---------------+++++++----------------------------------------------+------------------------------------------------------,深度套牢 | 冲高回落
605366,宏柏新材,20260128,E_Leader_Restart (二次启动),7.06,17.42%,48.68%,5,1,127,----+++++++++++++++++++++++++++++++++++++++++++++++++++++++++++++++++++++++++++++++++++++++++++++++++++++++++++++-+++++--++++++,正常
600173,卧龙新能,20260128,E_Leader_Restart (二次启动),8.41,-25.09%,-7.53%,1,2,127,+----++++++-++-----------------------------------------------------------------------------------------------++++++++++++------,深度套牢 | 冲高回落
603078,江化微,20260128,E_Leader_Restart (二次启动),29.03,24.91%,8.09%,67,1,127,------------------------------------------------------------------+++++++++++++++++++++++++++++++++++++++++++++++++++++----++++,正常
002165,红 宝 丽,20260128,E_Leader_Restart (二次启动),10.21,-31.73%,-13.57%,1,31,127,++++++++++++++++++++++++++++++---+---------------------------------------------------------------------------------------------,深度套牢 | 冲高回落
603065,宿迁联盛,20260301,C_New_Strategy (最高共振),9.65,83.94%,21.21%,15,1,111,--------------+----------------------------------------------------++++++++++++++++++++++++++++++++++++++++++++,正常
600470,六国化工,20260301,E_Leader_Restart (二次启动),7.94,-27.33%,-18.71%,1,2,111,+---+++++++++--------------------------------------------------------------------------------------------------,深度套牢 | 冲高回落
002828,贝肯能源,20260301,E_Leader_Restart (二次启动),13.8,-6.74%,-14.89%,1,7,106,++++++-+++++-------------+--------------------------------------------------------------------------------,冲高回落
000554,泰山石油,20260301,E_Leader_Restart (二次启动),8.83,-25.71%,-15.59%,1,15,111,++++++++++++++-------------------------------------------------------------------------------------------------,深度套牢 | 冲高回落
603315,福鞍股份,20260301,E_Leader_Restart (二次启动),17.7,-32.26%,-15.48%,34,1,111,---------------------------------+--++++----+++++++++----------------------------------------------------------,深度套牢 | 冲高回落
601390,中国中铁,20260301,E_Leader_Restart (二次启动),6.19,-26.98%,-20.15%,1,2,111,+--------------------------------------------------------------------------------------------------------------,深度套牢
000968,蓝焰控股,20260301,E_Leader_Restart (二次启动),8.55,-15.44%,-4.34%,1,45,111,++++++++++++++++++++++++++++++++++++++++++++-------+-----------------------------------------------------------,深度套牢 | 冲高回落
600409,三友化工,20260301,E_Leader_Restart (二次启动),8.8,-21.25%,-21.40%,8,1,111,-------++------------------------------------------------------------------------------------------------------,深度套牢
601390,中国中铁,20260127,C_New_Strategy (最高共振),5.8,-22.07%,-12.99%,2,3,128,-+-----------+++++++++-++++-----------------------------------------------------------------------------------------------------,深度套牢 | 冲高回落
603078,江化微,20260127,E_Leader_Restart (二次启动),29.4,23.33%,6.61%,68,1,128,-------------------------------------------------------------------+++++++++++++++++++++++++++++++++++++++++++++++++++++----++++,正常
000670,盈方微,20260127,E_Leader_Restart (二次启动),9.91,-30.17%,-19.51%,75,1,128,--------------------------------------------------------------------------+---------+-------------------------------------------,深度套牢
002658,雪迪龙,20260127,E_Leader_Restart (二次启动),10.44,-29.98%,-16.07%,9,1,124,--------++---++++++++++++---------------------------------------------------------------------------------------------------,深度套牢 | 冲高回落
603138,海量数据,20260127,E_Leader_Restart (二次启动),17.83,-24.68%,-1.90%,1,2,128,+------++++++++++++++++++++++++-+++++++++++++++++++++++++++++++++++++++-+-------++----------------------------------------------,深度套牢 | 冲高回落
603883,老百姓,20260127,D_Strong_Breakout (高风险追涨/优化),16.44,-22.51%,-20.19%,从未,1,128,--------------------------------------------------------------------------------------------------------------------------------,长期未回正 | 深度套牢
002871,伟隆股份,20251219,A_Strong_Pullback (中风险接力),15.74,1.78%,21.49%,1,138,149,+++++++++++++++++++++++++++++++++++++++++++++++++++++++++++++++++++++++++++++++++++++++++++++++++++++++++++++++++++++++++++++++++++++++++-+---++----+,正常
603057,紫燕食品,20251219,B_Low_Position_Start (低风险埋伏),18.97,21.40%,36.48%,1,40,136,+++++++++++++++++++++++++++++++++++++++-++++++++++++++++++++++++++++++++++++++++++++++++++++++++++++++++++++++++++++++++++++++++++++++++,正常
000546,金圆股份,20251219,E_Leader_Restart (二次启动),6.8,-33.82%,-12.50%,1,6,149,+++++--------++-------+-----------------+---------------------+-----------++----+++++++++++++--------------------------------------------------------,深度套牢 | 冲高回落
002115,三维通信,20260430,E_Leader_Restart (二次启动),14.0,-25.50%,-15.18%,1,10,76,+++++++++-------------------------------------------------------------------,深度套牢 | 冲高回落
003036,泰坦股份,20260430,E_Leader_Restart (二次启动),33.83,63.76%,95.40%,1,从未,68,++++++++++++++++++++++++++++++++++++++++++++++++++++++++++++++++++++,正常
603012,创力集团,20260515,C_New_Strategy (最高共振),9.55,-14.87%,-11.81%,5,1,60,----+++++---------------------------------------------------,深度套牢 | 冲高回落
603758,秦安股份,20260515,B_Low_Position_Start (低风险埋伏),13.44,-14.21%,-25.41%,从未,1,60,------------------------------------------------------------,长期未回正 | 深度套牢
000048,京基智农,20260613,E_Leader_Restart (二次启动),18.91,15.65%,7.81%,2,1,40,-++-+++++++++++++++++++--++--------+++++,正常
600579,中化装备,20260622,E_Leader_Restart (二次启动),7.37,-0.54%,0.19%,1,2,35,+-++++++++++++++-------------------,冲高回落
600579,中化装备,20260619,E_Leader_Restart (二次启动),7.37,-0.54%,0.21%,1,3,36,++-++++++++++++++-------------------,冲高回落
000700,模塑科技,20251226,A_Strong_Pullback (中风险接力),11.25,-4.44%,18.86%,1,53,156,++++++++++++++++++++++++++++++++++++++++++++++++++++-+++++++++-+++-+++++++--+-++++++++++++++++++++++++++++++++++++++++++++++++++++++-+----------++++++++++--,冲高回落
000948,南天信息,20251226,B_Low_Position_Start (低风险埋伏),17.56,-13.38%,-13.36%,1,19,148,++++++++++++++++++----------------------------------------------------------------------------------------------------------------------------------,深度套牢 | 冲高回落
600106,重庆路桥,20251226,B_Low_Position_Start (低风险埋伏),6.5,-29.85%,-14.14%,12,1,147,-----------+++++++---------------------------------------------------------------------------------------------------------------------------------,深度套牢
002383,合众思壮,20251226,E_Leader_Restart (二次启动),11.74,-39.52%,-19.71%,1,15,148,++++++++++++++---+-------------------++++++++-------------------------------------------------------------------------------------------------------,深度套牢 | 冲高回落
002166,莱茵生物,20251226,E_Leader_Restart (二次启动),9.43,-28.31%,-12.20%,19,1,144,------------------+++------------------------+--------------------------------------------------------------------------------------------------,深度套牢
002427,尤夫股份,20251226,E_Leader_Restart (二次启动),6.69,-35.58%,-11.27%,1,4,144,+++---+++-++++++++++++++++++++++++++++++++++++++++++-------------+------------------------------------------------------------------------------,深度套牢 | 冲高回落
603587,地素时尚,20251226,D_Strong_Breakout (高风险追涨/优化),13.77,-14.31%,-9.72%,从未,1,156,------------------------------------------------------------------------------------------------------------------------------------------------------------,长期未回正 | 深度套牢
600589,大位科技,20260221,E_Leader_Restart (二次启动),13.19,-37.98%,-21.61%,53,1,115,----------------------------------------------------+----+---------------------------------------------------------,深度套牢
001330,博纳影业,20260221,E_Leader_Restart (二次启动),12.77,-59.28%,-43.64%,从未,1,111,---------------------------------------------------------------------------------------------------------------,长期未回正 | 深度套牢
000735,罗 牛 山,20251203,C_New_Strategy (最高共振),9.68,-45.45%,-28.60%,5,1,160,----++++++--+++++-----------------------------------------------------------------------------------------------------------------------------------------------,深度套牢 | 冲高回落
603718,海利生物,20251203,B_Low_Position_Start (低风险埋伏),7.04,-57.81%,-42.51%,从未,1,136,----------------------------------------------------------------------------------------------------------------------------------------,长期未回正 | 深度套牢
002019,亿帆医药,20251203,B_Low_Position_Start (低风险埋伏),12.86,-19.52%,-10.61%,1,2,139,+----+--------------------+++++++++++++++++----++-++-+++-----------------------------------------------------------------------------------,深度套牢 | 冲高回落
003018,金富科技,20251203,E_Leader_Restart (二次启动),22.35,71.36%,69.45%,45,1,164,--------------------------------------------+-++++++++++++++++++++++++++++++++++++++++++++++++++++++++++++++++++++++++++++++++++++++++++++++++++++++++++++++++++++++,正常
000411,英特集团,20251203,E_Leader_Restart (二次启动),12.93,-23.98%,-14.96%,1,8,136,+++++++--------------------------------+------------------------------------------------------------------------------------------------,深度套牢 | 冲高回落
603890,春秋电子,20260606,E_Leader_Restart (二次启动),29.36,-36.85%,-23.52%,12,1,45,-----------+---------------------------------,深度套牢
002125,湘潭电化,20260606,E_Leader_Restart (二次启动),16.2,-22.16%,-13.08%,2,1,41,-++++++++++------------------------------,深度套牢 | 冲高回落
002579,中京电子,20251215,A_Strong_Pullback (中风险接力),11.89,-0.76%,15.25%,5,1,153,----+-++-+++++++++++++++++++++------------+++++--++-+++++++++-++----++++++++++++++++++++-++++++++++++++++++++++++++++++++++++++++++++++++++++--++++------,冲高回落
002235,安妮股份,20251215,E_Leader_Restart (二次启动),12.85,-32.45%,-22.97%,从未,1,156,------------------------------------------------------------------------------------------------------------------------------------------------------------,长期未回正 | 深度套牢
002725,跃岭股份,20251215,E_Leader_Restart (二次启动),19.08,-41.56%,-22.21%,从未,1,153,---------------------------------------------------------------------------------------------------------------------------------------------------------,长期未回正 | 深度套牢
600589,大位科技,20260223,E_Leader_Restart (二次启动),13.19,-37.98%,-21.61%,53,1,115,----------------------------------------------------+----+---------------------------------------------------------,深度套牢
001330,博纳影业,20260223,E_Leader_Restart (二次启动),12.77,-59.28%,-43.64%,从未,1,111,---------------------------------------------------------------------------------------------------------------,长期未回正 | 深度套牢
603212,赛伍技术,20260603,A_Strong_Pullback (中风险接力),15.46,-25.36%,-20.38%,1,5,47,++++-+++++-------------------------------------,深度套牢 | 冲高回落
603633,徕木股份,20260603,E_Leader_Restart (二次启动),9.06,-33.11%,-25.20%,从未,1,43,-------------------------------------------,长期未回正 | 深度套牢
002700,万憬能源,20260603,E_Leader_Restart (二次启动),7.94,-23.68%,-9.15%,1,14,47,+++++++++++++----------------+-----------------,深度套牢 | 冲高回落
601918,新集能源,20260603,E_Leader_Restart (二次启动),10.97,-7.02%,-12.29%,1,2,47,+----------------------------------------------,正常
002107,沃华医药,20260413,E_Leader_Restart (二次启动),7.53,-16.33%,-12.82%,1,10,81,+++++++++--+---------------------------------------------------------------------,深度套牢 | 冲高回落
000026,飞亚达,20260417,E_Leader_Restart (二次启动),16.2,17.72%,19.79%,1,34,77,+++++++++++++++++++++++++++++++++--++++++++++++++++++++++++++-+---+---+-+++++,正常
002587,奥拓电子,20260627,A_Strong_Pullback (中风险接力),7.33,-22.78%,-21.30%,2,1,31,-++----------------------------,深度套牢 | 冲高回落
600058,五矿发展,20260627,E_Leader_Restart (二次启动),11.88,-4.88%,-16.80%,从未,1,31,-------------------------------,长期未回正
002802,洪汇新材,20260421,E_Leader_Restart (二次启动),15.69,-25.18%,-22.28%,从未,1,75,---------------------------------------------------------------------------,长期未回正 | 深度套牢
605388,均瑶健康,20260421,E_Leader_Restart (二次启动),8.31,-28.28%,-30.12%,从未,1,71,-----------------------------------------------------------------------,长期未回正 | 深度套牢
600992,贵绳股份,20260724,E_Leader_Restart (二次启动),11.35,-8.02%,-0.86%,1,6,11,+++++------,冲高回落
603577,汇金通,20260724,E_Leader_Restart (二次启动),10.16,2.85%,3.71%,1,6,11,+++++-----+,正常
002250,联化科技,20260724,D_Strong_Breakout (高风险追涨/优化),16.26,7.87%,-2.15%,8,1,11,-------+-++,正常
002250,联化科技,20260803,D_Strong_Breakout (高风险追涨/优化),16.26,7.87%,1.33%,2,1,5,-+-++,正常
600906,财达证券,20260529,B_Low_Position_Start (低风险埋伏),6.74,-1.78%,4.99%,2,1,50,-++-+++--+++++++++++++++++++++++++++++++----------,冲高回落
601958,金钼股份,20260529,E_Leader_Restart (二次启动),24.41,1.07%,-2.68%,10,1,50,---------+++++++++++++++-------------------------+,正常
603567,珍宝岛,20260505,B_Low_Position_Start (低风险埋伏),7.08,-5.79%,-13.59%,1,20,64,+++++++++++++++++++---------------------------------------------,冲高回落
603110,东方材料,20260319,A_Strong_Pullback (中风险接力),17.66,50.06%,18.31%,21,1,97,--------------------+++++++++++++++++++++++++++++++++++++++++++++++++++++++++++++++++++++++++++++,正常
000617,中油资本,20260319,E_Leader_Restart (二次启动),9.89,-27.60%,-16.86%,1,17,97,++++++++-+++++++---------------------------------------------------------------------------------,深度套牢 | 冲高回落
600156,华升股份,20260424,E_Leader_Restart (二次启动),10.11,-22.85%,-5.86%,2,1,68,-+++++++++++++++++++++++--------------------------------------------,深度套牢 | 冲高回落
603335,迪生力,20260424,E_Leader_Restart (二次启动),7.07,-2.40%,1.84%,2,1,72,-++--++++++++++-+--++++++---+++++++++++++++++++++++---------------------,冲高回落
603890,春秋电子,20260608,E_Leader_Restart (二次启动),31.24,-40.65%,-28.53%,从未,1,44,--------------------------------------------,长期未回正 | 深度套牢
002137,实益达,20260608,E_Leader_Restart (二次启动),10.35,-22.42%,-10.35%,1,3,44,++-----+++-+++++-+++++++--------------------,深度套牢 | 冲高回落
600732,爱旭股份,20260211,A_Strong_Pullback (中风险接力),15.04,-18.35%,-9.71%,10,1,117,---------+++++++------++-+--------+++++++++++---+--------------------------------------------------------------------,深度套牢 | 冲高回落
600510,黑牡丹,20260211,A_Strong_Pullback (中风险接力),9.66,-30.23%,-13.53%,3,1,117,--+++++----------------------------------+++++++++++++--+------------------------------------------------------------,深度套牢 | 冲高回落
002921,联诚精密,20260211,E_Leader_Restart (二次启动),24.82,-8.90%,3.09%,7,1,117,------++++++++++++++------------++++++++--++++++++++++++++++++++++++++++----------++++++++++++++-+++-----------------,冲高回落
002634,棒杰股份,20260211,E_Leader_Restart (二次启动),6.66,-38.29%,-16.07%,1,18,112,+++++++++++++++++------+++++++++++++++--------------------------------------------------------------------------,深度套牢 | 冲高回落
600860,京城股份,20260211,E_Leader_Restart (二次启动),13.77,-39.80%,-24.82%,3,1,125,--+++++-++++++++++-----------------------------------------------------------------------------------------------------------,深度套牢 | 冲高回落
601222,林洋能源,20260211,D_Strong_Breakout (高风险追涨/优化),6.25,-9.28%,-2.99%,1,2,117,+----+---++++++++++++-+++++------------+---+------+-+-+---+++++++++++-+----------------------------------------------,冲高回落
600992,贵绳股份,20260730,E_Leader_Restart (二次启动),11.35,-8.02%,-7.77%,1,2,7,+------,冲高回落
603577,汇金通,20260730,E_Leader_Restart (二次启动),10.16,2.85%,0.44%,1,2,7,+-----+,正常
002250,联化科技,20260730,D_Strong_Breakout (高风险追涨/优化),16.26,7.87%,-1.12%,4,1,7,---+-++,正常
002800,天顺股份,20260309,E_Leader_Restart (二次启动),24.35,-44.11%,-33.13%,5,1,113,----+------------------------------------------------------------------------------------------------------------,深度套牢
002828,贝肯能源,20260709,E_Leader_Restart (二次启动),11.87,8.42%,3.07%,1,7,17,++++++---++-+++-+,正常
605377,华旺科技,20260709,E_Leader_Restart (二次启动),9.67,-2.79%,-4.00%,1,5,22,++++------------------,正常
002828,贝肯能源,20260708,E_Leader_Restart (二次启动),11.87,8.42%,3.08%,1,8,18,+++++++---++-+++-+,正常
605377,华旺科技,20260708,E_Leader_Restart (二次启动),9.67,-2.79%,-3.93%,2,1,23,-++++------------------,正常
600992,贵绳股份,20260723,E_Leader_Restart (二次启动),11.35,-8.02%,-0.28%,1,7,12,++++++------,冲高回落
603577,汇金通,20260723,E_Leader_Restart (二次启动),10.16,2.85%,3.44%,1,7,12,++++++-----+,正常
002250,联化科技,20260723,D_Strong_Breakout (高风险追涨/优化),16.26,7.87%,-2.65%,9,1,12,--------+-++,正常
002250,联化科技,20260807,D_Strong_Breakout (高风险追涨/优化),16.26,7.87%,7.87%,1,从未,1,+,正常
002579,中京电子,20251214,A_Strong_Pullback (中风险接力),11.89,-0.76%,15.15%,1,2,154,+----+-++-+++++++++++++++++++++------------+++++--++-+++++++++-++----++++++++++++++++++++-++++++++++++++++++++++++++++++++++++++++++++++++++++--++++------,冲高回落
002235,安妮股份,20251214,E_Leader_Restart (二次启动),12.85,-32.45%,-22.82%,1,2,157,+------------------------------------------------------------------------------------------------------------------------------------------------------------,深度套牢
002725,跃岭股份,20251214,E_Leader_Restart (二次启动),19.08,-41.56%,-22.13%,从未,1,154,----------------------------------------------------------------------------------------------------------------------------------------------------------,长期未回正 | 深度套牢
000533,顺钠股份,20260208,E_Leader_Restart (二次启动),11.25,12.44%,11.29%,1,3,120,++-+++++++-++++++++++++-+++++++++++++++++++++++++++++++++++++++++++++++++++-----------------------------------++--++++++,正常
600481,双良节能,20260208,E_Leader_Restart (二次启动),10.51,-58.80%,-41.65%,1,2,116,+--+----------------------------------------------------------------------------------------------------------------,深度套牢 | 冲高回落
603006,联明股份,20260425,D_Strong_Breakout (高风险追涨/优化),13.64,-17.52%,-6.37%,1,3,72,++--+++++++++++++---++++--+++--------+++++++++++------------------------,深度套牢 | 冲高回落
000026,飞亚达,20260418,E_Leader_Restart (二次启动),16.2,17.72%,19.79%,1,34,77,+++++++++++++++++++++++++++++++++--++++++++++++++++++++++++++-+---+---+-+++++,正常
002250,联化科技,20260805,D_Strong_Breakout (高风险追涨/优化),16.26,7.87%,2.77%,2,1,3,-++,正常
000533,顺钠股份,20260207,E_Leader_Restart (二次启动),11.25,12.44%,11.29%,1,3,120,++-+++++++-++++++++++++-+++++++++++++++++++++++++++++++++++++++++++++++++++-----------------------------------++--++++++,正常
600481,双良节能,20260207,E_Leader_Restart (二次启动),10.51,-58.80%,-41.65%,1,2,116,+--+----------------------------------------------------------------------------------------------------------------,深度套牢 | 冲高回落
601872,招商轮船,20260404,E_Leader_Restart (二次启动),19.47,-6.63%,-13.16%,1,4,86,+++-----------------+------------------------------++++-------------------------------,冲高回落
000600,建投能源,20260316,E_Leader_Restart (二次启动),10.19,-14.92%,-6.35%,7,1,100,------++---------------------------------+---++++++++++++--++++-------------------------------------,深度套牢 | 冲高回落
002802,洪汇新材,20260422,E_Leader_Restart (二次启动),15.69,-25.18%,-22.50%,从未,1,74,--------------------------------------------------------------------------,长期未回正 | 深度套牢
605388,均瑶健康,20260422,E_Leader_Restart (二次启动),8.31,-28.28%,-30.50%,从未,1,70,----------------------------------------------------------------------,长期未回正 | 深度套牢
002587,奥拓电子,20260628,A_Strong_Pullback (中风险接力),7.33,-22.78%,-21.30%,2,1,31,-++----------------------------,深度套牢 | 冲高回落
600058,五矿发展,20260628,E_Leader_Restart (二次启动),11.88,-4.88%,-16.80%,从未,1,31,-------------------------------,长期未回正
600732,爱旭股份,20260210,A_Strong_Pullback (中风险接力),15.04,-18.35%,-9.65%,11,1,118,----------+++++++------++-+--------+++++++++++---+--------------------------------------------------------------------,深度套牢 | 冲高回落
600510,黑牡丹,20260210,A_Strong_Pullback (中风险接力),9.66,-30.23%,-13.43%,4,1,118,---+++++----------------------------------+++++++++++++--+------------------------------------------------------------,深度套牢 | 冲高回落
002921,联诚精密,20260210,E_Leader_Restart (二次启动),24.82,-8.90%,3.03%,8,1,118,-------++++++++++++++------------++++++++--++++++++++++++++++++++++++++++----------++++++++++++++-+++-----------------,冲高回落
002634,棒杰股份,20260210,E_Leader_Restart (二次启动),6.66,-38.29%,-15.82%,1,19,113,++++++++++++++++++------+++++++++++++++--------------------------------------------------------------------------,深度套牢 | 冲高回落
600860,京城股份,20260210,E_Leader_Restart (二次启动),13.77,-39.80%,-24.65%,4,1,126,---+++++-++++++++++-----------------------------------------------------------------------------------------------------------,深度套牢 | 冲高回落
601222,林洋能源,20260210,D_Strong_Breakout (高风险追涨/优化),6.25,-9.28%,-2.96%,2,3,118,-+----+---++++++++++++-+++++------------+---+------+-+-+---+++++++++++-+----------------------------------------------,冲高回落
002367,康力电梯,20260624,B_Low_Position_Start (低风险埋伏),5.98,-8.70%,-2.59%,1,13,33,++++++++++++---------------------,冲高回落
002068,黑猫股份,20260624,E_Leader_Restart (二次启动),11.5,-31.13%,-10.30%,1,10,29,+++++++++-+------------------,深度套牢 | 冲高回落
603679,华体科技,20260624,E_Leader_Restart (二次启动),20.76,8.09%,-8.73%,1,2,33,+--------------------------++++++,正常
003013,地铁设计,20260624,D_Strong_Breakout (高风险追涨/优化),16.98,8.07%,-6.19%,23,1,33,----------------------+-+-+++++++,正常
603567,珍宝岛,20260503,B_Low_Position_Start (低风险埋伏),7.08,-5.79%,-13.59%,1,20,64,+++++++++++++++++++---------------------------------------------,冲高回落
000048,京基智农,20260615,E_Leader_Restart (二次启动),18.91,15.65%,8.22%,1,3,39,++-+++++++++++++++++++--++--------+++++,正常
002591,恒大高新,20260508,E_Leader_Restart (二次启动),7.96,-20.73%,-10.68%,1,13,65,++++++++++++-+-------++------------------------------------------,深度套牢 | 冲高回落
603095,越剑智能,20260508,E_Leader_Restart (二次启动),24.18,-42.64%,-33.11%,1,5,73,++++---------------------------------------------------------------------,深度套牢 | 冲高回落
000600,建投能源,20260315,E_Leader_Restart (二次启动),10.19,-14.92%,-6.35%,8,1,101,-------++---------------------------------+---++++++++++++--++++-------------------------------------,深度套牢 | 冲高回落
600589,大位科技,20260215,E_Leader_Restart (二次启动),13.19,-37.98%,-21.61%,53,1,115,----------------------------------------------------+----+---------------------------------------------------------,深度套牢
001330,博纳影业,20260215,E_Leader_Restart (二次启动),12.77,-59.28%,-43.64%,从未,1,111,---------------------------------------------------------------------------------------------------------------,长期未回正 | 深度套牢
600998,九州通,20260124,C_New_Strategy (最高共振),5.58,-9.50%,-8.68%,1,2,130,+---------------------------------------------------------------------------------------------------------------------------------,正常
000670,盈方微,20260124,E_Leader_Restart (二次启动),9.69,-28.59%,-17.44%,1,2,130,+---------------------------------------------------------------------------+---------+-------------------------------------------,深度套牢
600192,长城电工,20260124,E_Leader_Restart (二次启动),11.35,-30.48%,-28.31%,从未,1,130,----------------------------------------------------------------------------------------------------------------------------------,长期未回正 | 深度套牢
002727,一心堂,20260124,D_Strong_Breakout (高风险追涨/优化),14.04,-16.38%,-13.24%,3,1,130,--+++--++-++---------------------+------------------------------------------------------------------------------------------------,深度套牢 | 冲高回落
603883,老百姓,20260124,D_Strong_Breakout (高风险追涨/优化),16.44,-22.51%,-19.93%,从未,1,130,----------------------------------------------------------------------------------------------------------------------------------,长期未回正 | 深度套牢
002757,南兴股份,20260108,E_Leader_Restart (二次启动),21.61,-19.11%,-0.83%,1,6,141,+++++--------+---+++++++++++++-----++++---+-------------------++++++++++++++++++++++++++++++++++--+------------------------------------------,深度套牢 | 冲高回落
002766,索菱股份,20260108,E_Leader_Restart (二次启动),7.08,-42.09%,-32.93%,从未,1,136,----------------------------------------------------------------------------------------------------------------------------------------,长期未回正 | 深度套牢
002355,兴民智通,20260108,E_Leader_Restart (二次启动),6.59,-28.98%,-11.15%,1,7,136,++++++-------+++++++++++++++++++++++++++++++++-+--------------------++++---+------------------------------------------------------------,深度套牢 | 冲高回落
600620,天宸股份,20260108,E_Leader_Restart (二次启动),7.12,-39.19%,-22.26%,1,2,139,+-----+-+----------+-----------------------------------------------------------------------------------------------------------------------,深度套牢
000949,新乡化纤,20260108,E_Leader_Restart (二次启动),6.02,10.47%,15.78%,1,3,141,++-+++++++++++++++++++++++++++++++++++++++++++++++++++++++++++++++++++++++++++++++++++++++++++++++++++++++++++++++++------------+------++++++,正常
603012,创力集团,20260513,C_New_Strategy (最高共振),9.55,-14.87%,-11.51%,7,1,62,------+++++---------------------------------------------------,深度套牢 | 冲高回落
603758,秦安股份,20260513,B_Low_Position_Start (低风险埋伏),13.44,-14.21%,-24.69%,从未,1,62,--------------------------------------------------------------,长期未回正 | 深度套牢
002585,双星新材,20260513,E_Leader_Restart (二次启动),8.78,1.94%,20.06%,4,1,58,---+--+++++++++++++++++++++++++++++++++++++++----------+-+,正常
002510,天汽模,20260111,E_Leader_Restart (二次启动),7.79,-26.70%,-13.23%,1,2,136,+-+-++++++----------++++++--++++++-+----------------------------------------------------------------------------------------------------,深度套牢 | 冲高回落
002023,海特高新,20260111,E_Leader_Restart (二次启动),14.85,-29.23%,-20.47%,1,2,140,+-------------------------------------------------------------------------------------------------------------------------------------------,深度套牢
600830,香溢融通,20260111,D_Strong_Breakout (高风险追涨/优化),9.88,-17.81%,-9.50%,1,2,140,+-------++----------+-------+----------------------------------------+++++++++++++----------------------------------------------------------,深度套牢 | 冲高回落
000862,银星能源,20260306,E_Leader_Restart (二次启动),7.31,-22.98%,-13.02%,1,7,102,++++++-++++++++----------------------------+------------+-+-------------------------------------------,深度套牢 | 冲高回落
603065,宿迁联盛,20260302,C_New_Strategy (最高共振),9.65,83.94%,21.46%,14,1,110,-------------+----------------------------------------------------++++++++++++++++++++++++++++++++++++++++++++,正常
600470,六国化工,20260302,E_Leader_Restart (二次启动),7.94,-27.33%,-18.94%,4,1,110,---+++++++++--------------------------------------------------------------------------------------------------,深度套牢 | 冲高回落
002828,贝肯能源,20260302,E_Leader_Restart (二次启动),13.8,-6.74%,-15.10%,1,6,105,+++++-+++++-------------+--------------------------------------------------------------------------------,冲高回落
000554,泰山石油,20260302,E_Leader_Restart (二次启动),8.83,-25.71%,-15.84%,1,14,110,+++++++++++++-------------------------------------------------------------------------------------------------,深度套牢 | 冲高回落
603315,福鞍股份,20260302,E_Leader_Restart (二次启动),17.7,-32.26%,-15.58%,33,1,110,--------------------------------+--++++----+++++++++----------------------------------------------------------,深度套牢 | 冲高回落
601390,中国中铁,20260302,E_Leader_Restart (二次启动),6.19,-26.98%,-20.34%,从未,1,110,--------------------------------------------------------------------------------------------------------------,长期未回正 | 深度套牢
000968,蓝焰控股,20260302,E_Leader_Restart (二次启动),8.55,-15.44%,-4.48%,1,44,110,+++++++++++++++++++++++++++++++++++++++++++-------+-----------------------------------------------------------,深度套牢 | 冲高回落
600409,三友化工,20260302,E_Leader_Restart (二次启动),8.8,-21.25%,-21.58%,7,2,110,------++------------------------------------------------------------------------------------------------------,深度套牢
600992,贵绳股份,20260726,E_Leader_Restart (二次启动),11.35,-8.02%,-0.86%,1,6,11,+++++------,冲高回落
603577,汇金通,20260726,E_Leader_Restart (二次启动),10.16,2.85%,3.71%,1,6,11,+++++-----+,正常
002250,联化科技,20260726,D_Strong_Breakout (高风险追涨/优化),16.26,7.87%,-2.15%,8,1,11,-------+-++,正常
002995,天地在线,20260123,E_Leader_Restart (二次启动),21.64,-14.93%,2.97%,1,34,130,+++++++++++++++++++++++++++++++++-+++-+++++++++++++++++++++-+++++++++++++------++++++-+++-+---------------------------------------,深度套牢 | 冲高回落
603916,苏博特,20260123,E_Leader_Restart (二次启动),12.06,-9.20%,1.02%,1,9,130,++++++++-+++++++++++-----------------------------------------++-+++++++++++++++++++++++++++++++++++++++++-------------------------,冲高回落
600841,动力新科,20260123,E_Leader_Restart (二次启动),7.7,-24.03%,3.44%,1,34,130,+++++++++++++++++++++++++++++++++-+++++++++++++++++++++++++++++++++++++++-------+-------------------------------------------------,深度套牢 | 冲高回落
000045,深纺织Ａ,20260123,E_Leader_Restart (二次启动),13.28,-24.47%,-12.78%,1,2,130,+----------------+--------+----++---++++++----------------------------------------------------------------------------------------,深度套牢 | 冲高回落
002752,昇兴股份,20251216,A_Strong_Pullback (中风险接力),8.18,-27.02%,-19.62%,6,1,152,-----+-+------------------------------------------------------------------------------------------------------------------------------------------------,深度套牢 | 冲高回落
600212,绿能慧充,20251216,B_Low_Position_Start (低风险埋伏),8.61,-36.00%,-19.21%,从未,1,152,--------------------------------------------------------------------------------------------------------------------------------------------------------,长期未回正 | 深度套牢
002235,安妮股份,20251216,E_Leader_Restart (二次启动),13.0,-33.23%,-23.95%,从未,1,155,-----------------------------------------------------------------------------------------------------------------------------------------------------------,长期未回正 | 深度套牢
002347,泰尔股份,20251216,E_Leader_Restart (二次启动),8.07,-26.64%,-0.53%,7,1,164,------++++++++++++++++++++++++++++++++++++++++++++++++++++++-++++++++--+++++++++++-----++++++++++++-+---------------------------------------------------------------,深度套牢 | 冲高回落
002752,昇兴股份,20251216,A_Strong_Pullback (中风险接力),8.18,-27.02%,-19.62%,6,1,152,-----+-+------------------------------------------------------------------------------------------------------------------------------------------------,深度套牢 | 冲高回落
600212,绿能慧充,20251216,B_Low_Position_Start (低风险埋伏),8.61,-36.00%,-19.21%,从未,1,152,--------------------------------------------------------------------------------------------------------------------------------------------------------,长期未回正 | 深度套牢
002235,安妮股份,20251216,E_Leader_Restart (二次启动),13.0,-33.23%,-23.95%,从未,1,155,-----------------------------------------------------------------------------------------------------------------------------------------------------------,长期未回正 | 深度套牢
002347,泰尔股份,20251216,E_Leader_Restart (二次启动),8.07,-26.64%,-0.53%,7,1,164,------++++++++++++++++++++++++++++++++++++++++++++++++++++++-++++++++--+++++++++++-----++++++++++++-+---------------------------------------------------------------,深度套牢 | 冲高回落
603065,宿迁联盛,20260226,C_New_Strategy (最高共振),9.65,83.94%,20.99%,16,1,112,---------------+----------------------------------------------------++++++++++++++++++++++++++++++++++++++++++++,正常
002207,准油股份,20260226,E_Leader_Restart (二次启动),11.59,-47.28%,-29.93%,2,1,112,-+++++++++------------------------------------------------------------------------------------------------------,深度套牢 | 冲高回落
002828,贝肯能源,20260226,E_Leader_Restart (二次启动),13.8,-6.74%,-14.76%,2,1,107,-++++++-+++++-------------+--------------------------------------------------------------------------------,冲高回落
000554,泰山石油,20260226,E_Leader_Restart (二次启动),8.83,-25.71%,-15.44%,1,16,112,+++++++++++++++-------------------------------------------------------------------------------------------------,深度套牢 | 冲高回落
605033,美邦股份,20260226,E_Leader_Restart (二次启动),29.45,-33.45%,-30.01%,从未,1,112,----------------------------------------------------------------------------------------------------------------,长期未回正 | 深度套牢
605006,山东玻纤,20260226,E_Leader_Restart (二次启动),10.69,20.77%,32.76%,37,1,108,------------------------------------++--++++++++++++++++++++++++++++++++++++++++++++++++++++++++++++++++++++,正常
601390,中国中铁,20260226,E_Leader_Restart (二次启动),6.19,-26.98%,-19.95%,1,3,112,++--------------------------------------------------------------------------------------------------------------,深度套牢
000968,蓝焰控股,20260226,E_Leader_Restart (二次启动),8.55,-15.44%,-4.30%,1,46,112,+++++++++++++++++++++++++++++++++++++++++++++-------+-----------------------------------------------------------,深度套牢 | 冲高回落
600409,三友化工,20260226,E_Leader_Restart (二次启动),8.8,-21.25%,-21.22%,9,1,112,--------++------------------------------------------------------------------------------------------------------,深度套牢
600026,中远海能,20260226,E_Leader_Restart (二次启动),20.15,-12.36%,-0.80%,1,61,112,++++++++++++++++++++++++++++++++++++++++++++++++++++++++++++----------------++++--------------------------------,深度套牢 | 冲高回落
