Code,Name,Latest_Date,Latest_Close,Daily_Change_Pct,Matched_Conditions,MA20,MA60,Volume_Ratio
002215,诺 普 信,2026-08-10,9.21,0.77%,趋势: 高于MA20 | 动量: 突破转强 (阳线上穿5/10),8.93,9.03,0.84X
002606,大连电瓷,2026-08-10,14.84,2.98%,"形态: 两连阴 (-1.57%, -0.35%) | 趋势: 高于MA20 | 动量: 突破转强 (阳线上穿5/10)",13.91,14.24,0.93X
000860,顺鑫农业,2026-08-10,10.98,1.86%,"趋势: 多头排列 (5>20>60) | 形态: 两连阴 (-0.37%, -0.74%) | 趋势: 高于MA20 | 动量: 突破转强 (阳线上穿5/10)",10.88,10.68,1.15X
603997,继峰股份,2026-08-10,12.6,-1.18%,"形态: 两连阴 (-2.51%, -0.62%) | 趋势: 高于MA20",12.30,12.81,1.36X
002022,科华生物,2026-08-10,5.42,2.46%,趋势: 高于MA20 | 动量: 突破转强 (阳线上穿5/10),5.10,5.13,1.40X
002909,集泰股份,2026-09-01,6.62,9.97%,趋势: 多头排列 (5>20>60) | 量能: 放量 (2.62X) | 形态: 10日内有涨停 | 趋势: 高于MA20 | 动量: 突破转强 (阳线上穿5/10),5.30,5.07,2.62X
600886,国投电力,2026-09-01,13.92,1.61%,动量: 突破转强 (阳线上穿5/10),14.03,14.05,0.91X
002185,华天科技,2026-08-10,18.06,0.44%,动量: 突破转强 (阳线上穿5/10),18.07,18.90,0.80X
601179,中国西电,2026-08-10,14.07,0.00%,趋势: 高于MA20,13.23,14.60,0.81X
002365,永安药业,2026-08-10,13.68,-1.23%,趋势: 高于MA20,10.40,10.95,1.38X
601058,赛轮轮胎,2026-09-01,15.5,1.97%,趋势: 多头排列 (5>20>60) | 量能: 放量 (1.52X) | 趋势: 高于MA20 | 动量: 突破转强 (阳线上穿5/10),13.98,13.17,1.52X
000636,风华高科,2026-08-10,61.7,5.85%,形态: 10日内有涨停 | 趋势: 高于MA20 | 动量: 突破转强 (阳线上穿5/10),50.01,56.16,1.02X
600960,渤海汽车,2026-08-10,4.04,1.25%,趋势: 高于MA20 | 动量: 突破转强 (阳线上穿5/10),3.78,4.08,0.96X
603977,国泰集团,2026-09-01,11.58,0.35%,"形态: 两连阴 (-0.09%, -1.54%)",11.82,12.51,0.88X
000753,漳州发展,2026-09-01,4.97,2.05%,趋势: 多头排列 (5>20>60) | 趋势: 高于MA20 | 动量: 突破转强 (阳线上穿5/10),4.80,4.69,1.10X
600846,同济科技,2026-09-01,11.96,0.59%,动量: 突破转强 (阳线上穿5/10),12.07,11.23,1.07X
603303,得邦照明,2026-08-10,22.18,2.07%,趋势: 高于MA20 | 动量: 突破转强 (阳线上穿5/10),19.88,24.52,0.88X
600736,苏州高新,2026-08-10,6.69,0.60%,"形态: 两连阴 (-0.89%, -0.89%) | 趋势: 高于MA20 | 动量: 突破转强 (阳线上穿5/10)",6.44,6.97,0.80X
001322,箭牌家居,2026-08-10,6.18,2.15%,"形态: 两连阴 (-0.48%, -1.79%) | 趋势: 高于MA20 | 动量: 突破转强 (阳线上穿5/10)",6.15,7.06,1.34X
002177,御银股份,2026-08-10,5.8,-0.34%,趋势: 高于MA20,5.51,6.10,0.65X
002337,赛象科技,2026-08-10,4.66,1.97%,趋势: 高于MA20 | 动量: 突破转强 (阳线上穿5/10),4.38,4.78,0.89X
603279,景津装备,2026-08-10,12.89,0.70%,"形态: 两连阴 (-0.61%, -1.39%) | 趋势: 高于MA20",8.69,12.00,0.85X
000906,浙商中拓,2026-08-10,5.52,1.85%,"形态: 10日内有涨停 | 形态: 两连阴 (-0.91%, -0.37%) | 趋势: 高于MA20 | 动量: 突破转强 (阳线上穿5/10)",4.38,5.27,1.07X
600644,乐山电力,2026-08-10,10.46,0.77%,形态: 10日内有涨停 | 趋势: 高于MA20 | 动量: 突破转强 (阳线上穿5/10),8.57,9.41,0.89X
603638,艾迪精密,2026-08-10,20.39,1.95%,趋势: 高于MA20 | 动量: 突破转强 (阳线上穿5/10),19.73,22.22,1.11X
002458,益生股份,2026-08-10,9.99,10.02%,趋势: 多头排列 (5>20>60) | 形态: 10日内有涨停 | 趋势: 高于MA20 | 动量: 突破转强 (阳线上穿5/10),8.78,8.47,1.17X
600698,湖南天雁,2026-08-10,7.22,10.06%,"量能: 放量 (1.94X) | 形态: 10日内有涨停 | 形态: 两连阴 (-1.05%, -0.30%) | 趋势: 高于MA20 | 动量: 突破转强 (阳线上穿5/10)",6.32,6.42,1.94X
002255,海陆重工,2026-08-10,8.58,0.47%,"形态: 两连阴 (-1.60%, -0.58%) | 趋势: 高于MA20",8.20,9.09,0.52X
600784,鲁银投资,2026-08-10,8.22,7.87%,量能: 放量 (1.92X) | 趋势: 高于MA20 | 动量: 突破转强 (阳线上穿5/10),7.28,7.36,1.92X
600397,江钨装备,2026-09-01,18.69,-2.50%,形态: 10日内有涨停 | 趋势: 高于MA20,17.91,18.35,0.73X
600379,宝光股份,2026-08-10,14.27,4.70%,形态: 10日内有涨停 | 趋势: 高于MA20 | 动量: 突破转强 (阳线上穿5/10),11.87,13.20,1.11X
000830,鲁西化工,2026-08-10,12.9,1.02%,"形态: 两连阴 (-1.15%, -0.62%) | 趋势: 高于MA20 | 动量: 突破转强 (阳线上穿5/10)",12.53,12.75,1.15X
000558,天府文旅,2026-08-10,3.54,3.21%,"形态: 两连阴 (-0.58%, -0.29%) | 趋势: 高于MA20 | 动量: 突破转强 (阳线上穿5/10)",3.30,3.47,1.19X
603718,海利生物,2026-08-10,2.97,2.06%,趋势: 高于MA20 | 动量: 突破转强 (阳线上穿5/10),2.82,3.04,0.99X
002795,永和智控,2026-08-10,6.87,2.38%,形态: 10日内有涨停 | 趋势: 高于MA20 | 动量: 突破转强 (阳线上穿5/10),5.96,7.04,0.75X
605167,利柏特,2026-08-10,14.96,-0.53%,形态: 10日内有涨停 | 趋势: 高于MA20,13.96,15.10,0.66X
002577,雷柏科技,2026-08-10,18.73,-0.37%,趋势: 高于MA20,11.61,16.21,0.73X
002860,星帅尔,2026-08-10,16.54,-0.24%,"形态: 两连阴 (-0.66%, -0.06%)",17.02,15.10,0.81X
002478,常宝股份,2026-08-10,6.42,1.58%,趋势: 高于MA20 | 动量: 突破转强 (阳线上穿5/10),6.09,6.65,0.83X
603221,爱丽家居,2026-09-01,30.55,10.01%,趋势: 多头排列 (5>20>60) | 形态: 10日内有涨停 | 趋势: 高于MA20 | 动量: 突破转强 (阳线上穿5/10),25.11,16.08,0.59X
603970,中农立华,2026-08-10,10.64,1.72%,趋势: 高于MA20 | 动量: 突破转强 (阳线上穿5/10),7.47,9.75,1.40X
603230,内蒙新华,2026-08-10,9.2,1.88%,"形态: 两连阴 (-0.11%, -0.77%) | 趋势: 高于MA20 | 动量: 突破转强 (阳线上穿5/10)",8.91,9.31,1.25X
603823,百合花,2026-08-10,68.38,3.76%,形态: 10日内有涨停 | 趋势: 高于MA20 | 动量: 突破转强 (阳线上穿5/10),65.63,50.58,1.15X
603989,艾华集团,2026-08-10,28.81,-1.40%,趋势: 高于MA20,28.59,34.62,0.92X
600827,百联股份,2026-08-10,7.77,1.30%,"形态: 两连阴 (-1.28%, -0.90%) | 趋势: 高于MA20",7.77,7.88,1.11X
002237,恒邦股份,2026-09-01,15.08,0.27%,趋势: 多头排列 (5>20>60) | 趋势: 高于MA20,14.63,13.73,0.70X
600021,上海电力,2026-08-10,14.8,-0.47%,趋势: 高于MA20,14.73,16.38,0.88X
002823,凯中精密,2026-08-10,13.39,0.22%,趋势: 高于MA20 | 动量: 突破转强 (阳线上穿5/10),12.79,15.28,0.96X
000529,广弘控股,2026-08-10,4.87,3.18%,趋势: 高于MA20 | 动量: 突破转强 (阳线上穿5/10),4.67,4.77,1.37X
601065,江盐集团,2026-08-10,6.94,1.46%,"形态: 两连阴 (-0.15%, -0.58%) | 趋势: 高于MA20 | 动量: 突破转强 (阳线上穿5/10)",6.81,7.16,1.49X
002205,国统股份,2026-08-10,10.59,2.92%,趋势: 高于MA20 | 动量: 突破转强 (阳线上穿5/10),9.76,11.10,1.24X
605299,舒华体育,2026-09-01,13.26,2.00%,趋势: 高于MA20 | 动量: 突破转强 (阳线上穿5/10),12.72,12.92,1.15X
603170,宝立食品,2026-08-10,13.34,2.69%,"趋势: 多头排列 (5>20>60) | 形态: 两连阴 (-0.91%, -0.15%) | 趋势: 高于MA20 | 动量: 突破转强 (阳线上穿5/10)",12.53,12.19,1.33X
601022,宁波远洋,2026-08-10,8.16,1.37%,"趋势: 多头排列 (5>20>60) | 形态: 两连阴 (-1.34%, -0.74%) | 趋势: 高于MA20",8.10,8.07,0.94X
002631,德尔未来,2026-08-10,9.16,5.53%,形态: 10日内有涨停 | 趋势: 高于MA20 | 动量: 突破转强 (阳线上穿5/10),7.14,8.10,1.45X
600237,铜峰电子,2026-08-10,8.84,-1.12%,趋势: 高于MA20,7.30,9.92,0.87X
600272,开开实业,2026-08-10,14.27,10.02%,形态: 10日内有涨停 | 趋势: 高于MA20 | 动量: 突破转强 (阳线上穿5/10),11.03,11.06,0.73X
000419,通程控股,2026-08-10,5.02,3.51%,趋势: 高于MA20 | 动量: 突破转强 (阳线上穿5/10),4.78,4.88,1.46X
002545,东方铁塔,2026-09-01,18.13,1.28%,"趋势: 多头排列 (5>20>60) | 形态: 两连阴 (-0.27%, -1.38%) | 趋势: 高于MA20 | 动量: 突破转强 (阳线上穿5/10)",17.95,17.95,1.26X
603043,广州酒家,2026-08-10,13.86,2.36%,"量能: 放量 (1.68X) | 形态: 两连阴 (-1.16%, -0.88%) | 趋势: 高于MA20",13.62,13.68,1.68X
601006,大秦铁路,2026-08-10,4.78,-0.42%,趋势: 高于MA20,4.36,4.79,0.94X
600168,武汉控股,2026-08-10,4.34,2.36%,趋势: 高于MA20 | 动量: 突破转强 (阳线上穿5/10),4.27,4.39,1.38X
001330,博纳影业,2026-09-01,6.17,9.98%,量能: 放量 (2.20X) | 形态: 10日内有涨停 | 趋势: 高于MA20 | 动量: 突破转强 (阳线上穿5/10),5.15,5.42,2.20X
002121,科陆电子,2026-08-10,5.19,0.78%,"形态: 两连阴 (-2.07%, -0.96%)",5.91,6.21,0.84X
600824,益民集团,2026-08-20,3.63,0.83%,"趋势: 多头排列 (5>20>60) | 形态: 两连阴 (-3.60%, -4.00%) | 趋势: 高于MA20",3.57,3.55,0.68X
600720,中交设计,2026-08-10,5.24,0.77%,"形态: 两连阴 (-1.49%, -1.52%) | 趋势: 高于MA20",5.23,5.44,0.56X
002410,广联达,2026-08-10,9.54,1.60%,"形态: 两连阴 (-1.44%, -2.19%) | 趋势: 高于MA20",9.05,9.07,0.64X
000695,滨海能源,2026-08-10,12.73,0.32%,"形态: 两连阴 (-1.01%, -0.47%) | 趋势: 高于MA20",12.60,13.39,1.15X
603023,威帝股份,2026-08-10,3.99,4.18%,趋势: 高于MA20 | 动量: 突破转强 (阳线上穿5/10),3.61,3.95,1.08X
600977,中国电影,2026-08-10,12.99,3.01%,量能: 放量 (1.58X) | 趋势: 高于MA20 | 动量: 突破转强 (阳线上穿5/10),12.43,13.51,1.58X
002160,常铝股份,2026-08-10,4.01,2.04%,趋势: 高于MA20 | 动量: 突破转强 (阳线上穿5/10),3.73,4.09,1.02X
000905,厦门港务,2026-08-10,8.79,2.93%,"形态: 两连阴 (-1.37%, -0.81%) | 趋势: 高于MA20 | 动量: 突破转强 (阳线上穿5/10)",8.39,8.64,1.07X
603768,常青股份,2026-08-10,11.35,1.16%,趋势: 高于MA20 | 动量: 突破转强 (阳线上穿5/10),10.45,10.50,0.95X
002091,江苏国泰,2026-08-10,7.78,2.10%,"形态: 两连阴 (-1.28%, -1.04%) | 趋势: 高于MA20",7.64,7.88,1.07X
600390,五矿资本,2026-08-10,4.91,0.41%,"形态: 两连阴 (-1.40%, -0.61%)",11.47,6.99,0.96X
600127,金健米业,2026-09-01,13.24,9.97%,趋势: 多头排列 (5>20>60) | 形态: 10日内有涨停 | 趋势: 高于MA20 | 动量: 突破转强 (阳线上穿5/10),8.11,6.38,0.60X
601101,昊华能源,2026-08-10,13.39,-0.81%,形态: 10日内有涨停 | 趋势: 高于MA20,11.54,11.66,1.33X
000600,建投能源,2026-08-10,8.67,-0.80%,趋势: 高于MA20,8.63,9.58,1.04X
600746,江苏索普,2026-08-10,6.99,4.33%,趋势: 多头排列 (5>20>60) | 趋势: 高于MA20 | 动量: 突破转强 (阳线上穿5/10),6.44,6.18,1.33X
002815,崇达技术,2026-08-10,12.87,-1.61%,趋势: 高于MA20,11.51,15.24,0.90X
002562,兄弟科技,2026-08-10,4.64,1.75%,趋势: 高于MA20 | 动量: 突破转强 (阳线上穿5/10),4.57,4.75,1.00X
002928,华夏航空,2026-08-10,6.58,0.77%,"形态: 两连阴 (-1.62%, -1.95%) | 趋势: 高于MA20",6.35,6.91,0.74X
603809,豪能股份,2026-08-20,8.86,0.23%,"形态: 两连阴 (-0.21%, -4.84%)",9.23,9.38,0.63X
601366,利群股份,2026-09-01,3.83,2.96%,趋势: 多头排列 (5>20>60) | 趋势: 高于MA20 | 动量: 突破转强 (阳线上穿5/10),3.63,3.51,1.10X
002563,森马服饰,2026-08-10,6.18,2.83%,"形态: 10日内有涨停 | 形态: 两连阴 (-0.33%, -1.48%)",7.01,5.98,0.93X
601965,中国汽研,2026-08-10,14.38,1.70%,趋势: 高于MA20 | 动量: 突破转强 (阳线上穿5/10),11.82,13.32,0.74X
600073,光明肉业,2026-08-10,5.24,2.95%,"趋势: 多头排列 (5>20>60) | 形态: 两连阴 (-0.39%, -0.78%) | 趋势: 高于MA20 | 动量: 突破转强 (阳线上穿5/10)",5.15,5.10,1.29X
601155,新城控股,2026-08-10,11.26,2.18%,趋势: 高于MA20 | 动量: 突破转强 (阳线上穿5/10),11.16,11.50,1.22X
600694,大商股份,2026-08-10,14.58,1.04%,趋势: 高于MA20,14.51,14.82,1.00X
002161,远 望 谷,2026-08-10,5.9,-0.34%,趋势: 高于MA20,5.22,5.68,0.73X
000635,英 力 特,2026-09-01,7.22,10.06%,趋势: 多头排列 (5>20>60) | 形态: 10日内有涨停 | 趋势: 高于MA20 | 动量: 突破转强 (阳线上穿5/10),6.48,6.35,0.75X
603617,君禾股份,2026-08-10,7.21,3.59%,形态: 10日内有涨停 | 趋势: 高于MA20 | 动量: 突破转强 (阳线上穿5/10),6.74,7.05,1.25X
603706,东方环宇,2026-08-10,19.34,0.99%,趋势: 高于MA20 | 动量: 突破转强 (阳线上穿5/10),17.74,19.69,1.10X
002649,博彦科技,2026-08-10,10.79,1.22%,趋势: 多头排列 (5>20>60) | 形态: 10日内有涨停 | 趋势: 高于MA20 | 动量: 突破转强 (阳线上穿5/10),9.14,9.09,1.34X
000663,永安林业,2026-08-10,5.6,4.09%,趋势: 高于MA20 | 动量: 突破转强 (阳线上穿5/10),5.09,5.48,1.09X
603803,瑞斯康达,2026-09-01,11.36,-1.22%,形态: 10日内有涨停 | 趋势: 高于MA20,10.86,10.98,0.71X
600133,东湖高新,2026-08-10,8.44,-0.59%,趋势: 高于MA20,7.93,8.20,1.10X
600258,首旅酒店,2026-09-01,11.91,1.36%,趋势: 多头排列 (5>20>60),12.15,11.96,1.29X
605151,西上海,2026-08-10,18.53,3.52%,趋势: 高于MA20 | 动量: 突破转强 (阳线上穿5/10),16.96,19.05,1.16X
600080,金花股份,2026-08-10,4.96,1.43%,趋势: 高于MA20 | 动量: 突破转强 (阳线上穿5/10),4.80,4.99,0.95X
000859,国风新材,2026-08-20,8.83,-0.67%,"形态: 10日内有涨停 | 形态: 两连阴 (-3.91%, -4.72%)",8.86,9.50,0.62X
002494,华斯股份,2026-08-10,4.83,4.32%,趋势: 高于MA20 | 动量: 突破转强 (阳线上穿5/10),4.44,5.17,0.96X
000060,中金岭南,2026-09-01,6.84,-0.15%,趋势: 高于MA20,6.70,6.88,0.81X
000702,正虹科技,2026-08-10,5.49,4.17%,趋势: 高于MA20 | 动量: 突破转强 (阳线上穿5/10),4.51,5.28,1.35X
002011,盾安环境,2026-09-01,10.28,0.49%,趋势: 高于MA20 | 动量: 突破转强 (阳线上穿5/10),10.17,10.37,0.76X
603177,德创环保,2026-09-01,11.35,2.71%,趋势: 多头排列 (5>20>60) | 形态: 10日内有涨停 | 趋势: 高于MA20 | 动量: 突破转强 (阳线上穿5/10),10.17,9.27,0.77X
600822,上海物贸,2026-08-10,8.4,2.94%,"形态: 两连阴 (-0.12%, -0.97%) | 趋势: 高于MA20 | 动量: 突破转强 (阳线上穿5/10)",7.53,8.16,1.30X
600689,上海三毛,2026-08-10,10.56,3.33%,趋势: 高于MA20 | 动量: 突破转强 (阳线上穿5/10),9.72,10.62,1.15X
002507,涪陵榨菜,2026-08-10,11.6,1.22%,"形态: 两连阴 (-1.87%, -0.61%)",11.67,11.52,1.20X
000892,欢瑞世纪,2026-08-10,4.18,0.48%,形态: 10日内有涨停 | 趋势: 高于MA20 | 动量: 突破转强 (阳线上穿5/10),3.63,3.77,0.79X
605336,帅丰电器,2026-09-01,11.68,1.83%,趋势: 高于MA20 | 动量: 突破转强 (阳线上穿5/10),11.25,11.85,1.16X
002755,奥赛康,2026-08-10,13.8,-0.50%,趋势: 高于MA20,13.40,13.92,1.15X
603586,金麒麟,2026-08-10,13.65,1.94%,趋势: 高于MA20 | 动量: 突破转强 (阳线上穿5/10),12.74,14.64,1.19X
601298,青岛港,2026-08-10,8.88,0.00%,"趋势: 多头排列 (5>20>60) | 形态: 两连阴 (-0.67%, -0.56%) | 趋势: 高于MA20",8.77,8.70,1.13X
000528,柳    工,2026-08-10,8.45,1.08%,"形态: 两连阴 (-0.95%, -0.24%)",8.45,8.43,0.94X
000532,华金资本,2026-08-10,10.87,1.78%,"形态: 两连阴 (-0.18%, -1.11%) | 趋势: 高于MA20 | 动量: 突破转强 (阳线上穿5/10)",10.42,11.32,0.92X
603566,普莱柯,2026-08-10,10.56,3.13%,趋势: 高于MA20 | 动量: 突破转强 (阳线上穿5/10),10.36,10.42,1.31X
601186,中国铁建,2026-08-10,6.17,0.16%,"形态: 两连阴 (-0.16%, -0.65%)",6.84,6.46,0.68X
002730,电光科技,2026-08-10,22.51,2.04%,趋势: 高于MA20 | 动量: 突破转强 (阳线上穿5/10),22.20,26.53,1.21X
600458,时代新材,2026-08-10,11.67,0.78%,趋势: 高于MA20 | 动量: 突破转强 (阳线上穿5/10),11.53,13.53,0.81X
002373,千方科技,2026-08-10,7.91,1.02%,"形态: 两连阴 (-1.72%, -2.25%) | 趋势: 高于MA20",7.61,7.67,0.84X
000885,城发环境,2026-08-10,12.97,0.86%,趋势: 高于MA20 | 动量: 突破转强 (阳线上穿5/10),12.74,12.79,0.93X
002236,大华股份,2026-08-10,16.85,0.06%,"形态: 两连阴 (-0.93%, -1.06%) | 趋势: 高于MA20",16.61,16.75,0.72X
601008,连云港,2026-08-10,4.37,1.86%,"形态: 两连阴 (-1.59%, -1.15%) | 趋势: 高于MA20",4.34,4.37,0.94X
000520,凤凰航运,2026-08-10,3.98,0.76%,趋势: 高于MA20 | 动量: 突破转强 (阳线上穿5/10),3.82,4.03,0.90X
600004,白云机场,2026-08-10,7.66,1.06%,"形态: 两连阴 (-0.78%, -1.04%)",7.79,7.86,0.77X
603551,奥普科技,2026-08-10,9.55,2.47%,"形态: 两连阴 (-0.11%, -1.17%) | 趋势: 高于MA20 | 动量: 突破转强 (阳线上穿5/10)",9.29,9.77,1.29X
002052,同洲电子,2026-09-01,8.93,0.79%,形态: 10日内有涨停 | 动量: 突破转强 (阳线上穿5/10),8.96,8.59,0.90X
605155,西大门,2026-08-10,14.48,-1.16%,趋势: 高于MA20,13.07,13.70,0.47X
603999,读者传媒,2026-08-10,5.65,2.36%,"形态: 两连阴 (-0.54%, -0.18%) | 趋势: 高于MA20 | 动量: 突破转强 (阳线上穿5/10)",5.37,5.60,1.02X
000928,中钢国际,2026-08-10,5.14,1.38%,"形态: 两连阴 (-1.16%, -0.78%) | 趋势: 高于MA20",5.08,5.45,1.09X
600064,南京高科,2026-08-10,7.65,0.13%,"趋势: 多头排列 (5>20>60) | 形态: 两连阴 (-1.03%, -0.91%) | 趋势: 高于MA20",7.63,7.48,0.90X
002966,苏州银行,2026-08-10,8.35,2.08%,"趋势: 多头排列 (5>20>60) | 形态: 两连阴 (-0.48%, -0.37%) | 趋势: 高于MA20 | 动量: 突破转强 (阳线上穿5/10)",8.16,7.95,1.03X
603886,元祖股份,2026-09-01,13.01,2.52%,趋势: 高于MA20 | 动量: 突破转强 (阳线上穿5/10),11.54,11.69,0.86X
002116,中国海诚,2026-08-10,7.15,2.29%,"形态: 两连阴 (-0.28%, -1.13%) | 趋势: 高于MA20 | 动量: 突破转强 (阳线上穿5/10)",6.84,7.75,1.33X
603029,天鹅股份,2026-08-10,15.77,5.20%,趋势: 高于MA20 | 动量: 突破转强 (阳线上穿5/10),14.18,15.36,1.29X
002440,闰土股份,2026-08-10,13.87,4.68%,趋势: 多头排列 (5>20>60) | 趋势: 高于MA20 | 动量: 突破转强 (阳线上穿5/10),12.02,10.59,1.21X
601686,友发集团,2026-08-10,5.22,0.97%,趋势: 多头排列 (5>20>60) | 趋势: 高于MA20,5.15,5.14,1.02X
601865,福莱特,2026-08-10,11.18,-4.85%,形态: 10日内有涨停,13.96,11.96,1.47X
002481,双塔食品,2026-08-10,4.3,4.62%,"趋势: 多头排列 (5>20>60) | 量能: 放量 (1.79X) | 形态: 两连阴 (-0.24%, -0.96%) | 趋势: 高于MA20 | 动量: 突破转强 (阳线上穿5/10)",4.15,4.07,1.79X
600380,健康元,2026-08-10,10.28,0.19%,趋势: 高于MA20 | 动量: 突破转强 (阳线上穿5/10),10.27,10.06,1.20X
600229,城市传媒,2026-08-10,5.17,3.19%,"形态: 两连阴 (-0.20%, -1.18%) | 趋势: 高于MA20 | 动量: 突破转强 (阳线上穿5/10)",4.90,5.20,1.22X
600176,中国巨石,2026-09-01,43.02,-2.07%,趋势: 高于MA20,42.36,48.23,1.36X
600819,耀皮玻璃,2026-08-10,5.47,2.24%,"形态: 两连阴 (-0.37%, -1.29%) | 趋势: 高于MA20 | 动量: 突破转强 (阳线上穿5/10)",4.46,5.72,1.10X
600590,泰豪科技,2026-08-10,8.69,1.40%,趋势: 高于MA20 | 动量: 突破转强 (阳线上穿5/10),8.09,10.62,0.86X
603161,科华控股,2026-08-10,15.49,10.01%,量能: 放量 (1.97X) | 形态: 10日内有涨停 | 趋势: 高于MA20 | 动量: 突破转强 (阳线上穿5/10),13.91,13.97,1.97X
600739,辽宁成大,2026-08-10,10.9,0.09%,趋势: 多头排列 (5>20>60) | 趋势: 高于MA20 | 动量: 突破转强 (阳线上穿5/10),10.80,10.59,1.13X
603967,中创物流,2026-08-10,11.66,2.28%,趋势: 高于MA20 | 动量: 突破转强 (阳线上穿5/10),11.33,11.65,1.02X
603577,汇金通,2026-08-10,10.45,5.56%,形态: 10日内有涨停,10.54,10.09,1.28X
002608,江苏国信,2026-08-10,7.37,0.96%,"形态: 两连阴 (-1.08%, -0.27%) | 趋势: 高于MA20 | 动量: 突破转强 (阳线上穿5/10)",7.24,7.90,0.91X
600235,民丰特纸,2026-08-10,5.71,4.77%,趋势: 高于MA20 | 动量: 突破转强 (阳线上穿5/10),5.25,5.52,1.45X
603209,兴通股份,2026-08-10,13.93,1.83%,趋势: 高于MA20 | 动量: 突破转强 (阳线上穿5/10),13.35,13.50,1.24X
002705,新宝股份,2026-08-10,12.03,-0.25%,趋势: 高于MA20,11.57,11.87,0.78X
600877,电科芯片,2026-08-10,13.48,4.82%,"形态: 两连阴 (-0.77%, -0.39%) | 趋势: 高于MA20 | 动量: 突破转强 (阳线上穿5/10)",12.48,14.38,1.47X
600497,驰宏锌锗,2026-09-01,10.45,-0.19%,趋势: 多头排列 (5>20>60) | 趋势: 高于MA20,10.26,10.08,0.83X
603025,大豪科技,2026-08-10,13.54,0.89%,"形态: 两连阴 (-1.24%, -0.74%) | 趋势: 高于MA20",13.00,14.16,0.91X
601766,中国中车,2026-08-10,5.97,1.53%,"趋势: 多头排列 (5>20>60) | 形态: 两连阴 (-0.34%, -0.84%) | 趋势: 高于MA20",5.94,5.70,0.86X
002757,南兴股份,2026-08-10,17.48,-1.13%,趋势: 高于MA20,16.22,19.92,0.84X
002184,海得控制,2026-08-10,10.02,1.31%,趋势: 高于MA20 | 动量: 突破转强 (阳线上穿5/10),9.45,10.38,0.90X
603037,凯众股份,2026-08-10,10.41,1.76%,"形态: 两连阴 (-0.10%, -0.58%) | 趋势: 高于MA20 | 动量: 突破转强 (阳线上穿5/10)",9.61,11.17,0.85X
600682,南京新百,2026-08-10,5.7,1.06%,趋势: 高于MA20 | 动量: 突破转强 (阳线上穿5/10),5.54,5.64,1.06X
603329,上海雅仕,2026-08-10,10.3,3.73%,趋势: 高于MA20 | 动量: 突破转强 (阳线上穿5/10),8.26,9.49,1.10X
603219,富佳股份,2026-08-10,14.36,-2.64%,趋势: 高于MA20,13.45,15.10,0.99X
002225,濮耐股份,2026-08-10,3.85,2.39%,趋势: 高于MA20 | 动量: 突破转强 (阳线上穿5/10),3.67,4.02,1.05X
002599,盛通股份,2026-08-10,6.22,1.47%,"趋势: 多头排列 (5>20>60) | 形态: 两连阴 (-1.26%, -2.23%) | 趋势: 高于MA20",5.98,5.92,0.72X
002059,云南旅游,2026-08-10,4.54,2.25%,趋势: 高于MA20 | 动量: 突破转强 (阳线上穿5/10),4.36,4.40,1.14X
002148,北纬科技,2026-08-10,6.56,2.34%,趋势: 高于MA20 | 动量: 突破转强 (阳线上穿5/10),6.11,6.35,0.95X
600648,外高桥,2026-08-10,9.09,0.55%,趋势: 高于MA20,9.07,8.98,0.70X
603926,铁流股份,2026-08-10,16.02,1.46%,趋势: 高于MA20 | 动量: 突破转强 (阳线上穿5/10),11.14,17.08,0.98X
603811,诚意药业,2026-08-10,7.46,0.40%,趋势: 高于MA20 | 动量: 突破转强 (阳线上穿5/10),7.25,9.00,1.13X
600864,哈投股份,2026-08-10,5.42,0.56%,"形态: 两连阴 (-1.45%, -0.55%)",5.92,5.58,0.85X
600126,杭钢股份,2026-08-10,6.7,2.92%,"形态: 两连阴 (-1.49%, -1.36%) | 趋势: 高于MA20 | 动量: 突破转强 (阳线上穿5/10)",6.30,6.78,0.90X
600658,电子城,2026-08-10,4.04,2.28%,趋势: 高于MA20 | 动量: 突破转强 (阳线上穿5/10),3.87,4.21,0.90X
600057,厦门象屿,2026-09-01,6.62,1.53%,趋势: 多头排列 (5>20>60) | 趋势: 高于MA20 | 动量: 突破转强 (阳线上穿5/10),6.33,6.12,0.98X
603123,翠微股份,2026-08-10,9.86,3.14%,形态: 10日内有涨停 | 趋势: 高于MA20 | 动量: 突破转强 (阳线上穿5/10),8.84,9.12,1.22X
600825,新华传媒,2026-08-10,5.09,1.39%,"形态: 两连阴 (-0.97%, -1.38%)",6.43,5.48,0.72X
600733,北汽蓝谷,2026-09-01,5.13,0.98%,动量: 突破转强 (阳线上穿5/10),5.27,5.21,0.84X
000655,金岭矿业,2026-09-01,7.46,1.91%,趋势: 多头排列 (5>20>60) | 趋势: 高于MA20 | 动量: 突破转强 (阳线上穿5/10),7.04,6.79,0.74X
601566,九牧王,2026-09-01,9.42,10.05%,量能: 放量 (2.06X) | 形态: 10日内有涨停 | 趋势: 高于MA20 | 动量: 突破转强 (阳线上穿5/10),8.51,8.54,2.06X
603309,维力医疗,2026-08-10,11.82,1.98%,趋势: 高于MA20 | 动量: 突破转强 (阳线上穿5/10),11.77,11.95,0.95X
603169,兰石重装,2026-08-10,6.91,1.47%,"形态: 两连阴 (-1.55%, -2.44%) | 趋势: 高于MA20",6.46,7.17,0.66X
600198,大唐电信,2026-08-10,7.27,0.97%,趋势: 高于MA20 | 动量: 突破转强 (阳线上穿5/10),7.04,8.30,0.89X
002045,国光电器,2026-09-01,9.52,3.03%,趋势: 多头排列 (5>20>60) | 形态: 10日内有涨停 | 趋势: 高于MA20 | 动量: 突破转强 (阳线上穿5/10),8.74,8.28,1.49X
000650,仁和药业,2026-08-10,5.44,0.18%,趋势: 高于MA20 | 动量: 突破转强 (阳线上穿5/10),5.43,5.33,1.21X
603078,江化微,2026-08-10,36.26,-0.30%,形态: 10日内有涨停 | 趋势: 高于MA20,33.13,39.69,1.28X
002483,润邦股份,2026-08-10,5.25,1.74%,"形态: 两连阴 (-1.52%, -0.39%) | 趋势: 高于MA20 | 动量: 突破转强 (阳线上穿5/10)",5.10,5.33,0.91X
600313,农发种业,2026-09-01,7.9,10.03%,趋势: 多头排列 (5>20>60) | 形态: 10日内有涨停 | 趋势: 高于MA20 | 动量: 突破转强 (阳线上穿5/10),6.49,5.82,0.64X
603466,风语筑,2026-08-10,11.28,-0.62%,形态: 10日内有涨停,12.43,11.43,0.53X
002588,史丹利,2026-08-10,8.84,2.20%,"形态: 两连阴 (-0.80%, -0.46%) | 趋势: 高于MA20 | 动量: 突破转强 (阳线上穿5/10)",8.66,8.73,1.39X
002952,亚世光电,2026-09-01,21.34,-0.47%,形态: 10日内有涨停 | 趋势: 高于MA20,20.12,20.47,1.32X
600582,天地科技,2026-08-10,4.87,1.46%,"形态: 两连阴 (-0.21%, -0.62%) | 趋势: 高于MA20",4.86,5.01,1.10X
600929,雪天盐业,2026-09-01,6.04,0.00%,趋势: 多头排列 (5>20>60) | 形态: 10日内有涨停 | 趋势: 高于MA20,5.40,5.11,0.00X
002413,雷科防务,2026-08-10,9.03,-1.53%,趋势: 高于MA20,8.07,9.53,1.30X
002398,垒知集团,2026-08-10,4.16,1.71%,趋势: 高于MA20 | 动量: 突破转强 (阳线上穿5/10),3.88,4.09,1.26X
002727,一心堂,2026-08-10,11.74,3.35%,趋势: 多头排列 (5>20>60) | 趋势: 高于MA20 | 动量: 突破转强 (阳线上穿5/10),11.39,11.10,1.46X
600158,中体产业,2026-08-10,7.26,3.12%,"形态: 两连阴 (-1.67%, -0.56%) | 趋势: 高于MA20 | 动量: 突破转强 (阳线上穿5/10)",6.82,8.13,1.14X
600774,汉商集团,2026-08-10,7.2,3.90%,形态: 10日内有涨停,9.83,8.00,1.32X
000019,深粮控股,2026-08-10,6.21,1.64%,趋势: 高于MA20 | 动量: 突破转强 (阳线上穿5/10),6.06,6.20,0.98X
603015,弘讯科技,2026-08-10,10.88,1.97%,趋势: 高于MA20 | 动量: 突破转强 (阳线上穿5/10),9.88,11.37,1.02X
600571,信雅达,2026-08-10,10.55,-0.28%,趋势: 高于MA20,10.06,10.47,0.68X
600210,紫江企业,2026-08-10,6.16,0.65%,"形态: 两连阴 (-1.28%, -0.49%)",6.29,6.42,1.03X
605218,伟时电子,2026-08-10,14.38,5.50%,趋势: 高于MA20 | 动量: 突破转强 (阳线上穿5/10),12.94,15.75,1.22X
600583,海油工程,2026-08-10,5.55,-0.18%,"形态: 两连阴 (-0.18%, -0.71%)",9.46,6.82,0.82X
600510,黑牡丹,2026-08-10,6.74,-2.32%,趋势: 高于MA20,6.28,7.36,0.88X
002297,博云新材,2026-08-20,17.29,-1.65%,"形态: 两连阴 (-2.01%, -9.98%)",17.74,21.78,0.81X
000058,深 赛 格,2026-08-10,6.76,1.35%,"形态: 两连阴 (-1.45%, -2.06%) | 趋势: 高于MA20",6.41,6.92,0.75X
002960,青鸟消防,2026-08-10,8.23,1.73%,"形态: 两连阴 (-0.73%, -1.22%) | 趋势: 高于MA20 | 动量: 突破转强 (阳线上穿5/10)",7.98,8.49,1.05X
601608,中信重工,2026-08-10,4.93,0.82%,趋势: 高于MA20 | 动量: 突破转强 (阳线上穿5/10),4.72,5.08,0.88X
603909,建发合诚,2026-09-01,9.91,0.51%,趋势: 多头排列 (5>20>60) | 趋势: 高于MA20 | 动量: 突破转强 (阳线上穿5/10),9.54,9.09,1.44X
603367,辰欣药业,2026-08-10,14.9,-0.53%,趋势: 多头排列 (5>20>60) | 趋势: 高于MA20,14.55,13.92,1.03X
002818,富森美,2026-08-10,10.93,1.86%,趋势: 高于MA20 | 动量: 突破转强 (阳线上穿5/10),10.76,10.91,1.28X
000930,中粮科技,2026-08-10,4.79,1.70%,"形态: 两连阴 (-0.21%, -0.63%) | 趋势: 高于MA20 | 动量: 突破转强 (阳线上穿5/10)",4.66,4.77,1.25X
002659,凯文教育,2026-08-10,4.8,2.56%,趋势: 多头排列 (5>20>60) | 形态: 10日内有涨停 | 趋势: 高于MA20,4.25,4.21,0.61X
603310,巍华新材,2026-08-10,14.92,0.88%,趋势: 高于MA20 | 动量: 突破转强 (阳线上穿5/10),14.54,15.40,0.80X
600618,氯碱化工,2026-09-01,10.73,1.61%,趋势: 多头排列 (5>20>60) | 趋势: 高于MA20 | 动量: 突破转强 (阳线上穿5/10),10.34,10.32,1.10X
600428,中远海特,2026-09-01,11.67,1.57%,趋势: 高于MA20 | 动量: 突破转强 (阳线上穿5/10),11.65,10.10,1.00X
603053,成都燃气,2026-08-10,9.0,1.58%,趋势: 高于MA20 | 动量: 突破转强 (阳线上穿5/10),8.82,8.98,1.08X
600817,宇通重工,2026-08-10,9.44,1.18%,趋势: 高于MA20 | 动量: 突破转强 (阳线上穿5/10),9.19,9.30,1.09X
002867,周大生,2026-08-10,12.93,2.21%,"趋势: 多头排列 (5>20>60) | 形态: 两连阴 (-0.08%, -0.86%) | 趋势: 高于MA20 | 动量: 突破转强 (阳线上穿5/10)",12.51,12.22,1.18X
603112,华翔股份,2026-09-01,16.33,-3.49%,趋势: 高于MA20,15.78,16.00,1.04X
600271,航天信息,2026-08-10,7.05,1.59%,趋势: 高于MA20 | 动量: 突破转强 (阳线上穿5/10),6.77,7.03,0.71X
002855,捷荣技术,2026-08-10,10.11,2.54%,趋势: 高于MA20 | 动量: 突破转强 (阳线上穿5/10),9.27,10.25,0.90X
605228,神通科技,2026-08-10,10.97,-0.63%,"形态: 两连阴 (-0.09%, -0.45%)",11.17,12.71,0.62X
002648,卫星化学,2026-08-10,26.46,2.64%,趋势: 多头排列 (5>20>60) | 趋势: 高于MA20 | 动量: 突破转强 (阳线上穿5/10),24.65,24.24,1.11X
603081,大丰实业,2026-08-10,9.5,-1.66%,趋势: 高于MA20,9.00,9.52,0.62X
002117,东港股份,2026-08-10,8.2,1.23%,趋势: 高于MA20,7.89,8.52,0.81X
603366,日出东方,2026-09-01,7.72,0.00%,趋势: 多头排列 (5>20>60) | 形态: 10日内有涨停 | 趋势: 高于MA20,7.18,6.87,1.14X
601801,皖新传媒,2026-08-10,5.5,0.36%,"趋势: 多头排列 (5>20>60) | 形态: 两连阴 (-0.72%, -1.26%) | 趋势: 高于MA20",5.42,5.37,0.89X
603959,百利科技,2026-08-10,4.49,-2.18%,趋势: 高于MA20,4.25,4.33,1.23X
600469,风神股份,2026-08-10,5.52,2.79%,趋势: 高于MA20 | 动量: 突破转强 (阳线上穿5/10),5.29,5.56,1.06X
000823,超声电子,2026-09-01,15.41,-2.59%,趋势: 高于MA20,15.02,17.24,0.79X
603065,宿迁联盛,2026-08-10,17.75,9.98%,趋势: 多头排列 (5>20>60) | 形态: 10日内有涨停 | 趋势: 高于MA20 | 动量: 突破转强 (阳线上穿5/10),15.89,14.50,0.92X
600269,赣粤高速,2026-08-10,3.94,1.03%,"形态: 两连阴 (-1.74%, -1.27%)",4.03,4.14,0.89X
002078,太阳纸业,2026-08-10,14.03,2.04%,"形态: 两连阴 (-1.49%, -1.08%)",14.16,13.44,0.99X
002094,青岛金王,2026-08-10,4.82,1.90%,趋势: 高于MA20 | 动量: 突破转强 (阳线上穿5/10),4.51,4.76,0.78X
603817,海峡环保,2026-09-01,5.82,0.69%,趋势: 多头排列 (5>20>60) | 趋势: 高于MA20 | 动量: 突破转强 (阳线上穿5/10),5.71,5.58,0.86X
600628,新世界,2026-08-10,6.19,2.15%,趋势: 高于MA20 | 动量: 突破转强 (阳线上穿5/10),6.00,6.07,1.37X
601398,工商银行,2026-09-01,8.15,0.99%,趋势: 多头排列 (5>20>60) | 趋势: 高于MA20 | 动量: 突破转强 (阳线上穿5/10),7.73,7.57,1.12X
000409,云鼎科技,2026-08-10,8.85,1.14%,"形态: 两连阴 (-0.45%, -2.02%) | 趋势: 高于MA20",7.43,8.52,0.77X
600061,国投资本,2026-08-10,6.43,0.47%,"形态: 两连阴 (-1.68%, -0.31%) | 趋势: 高于MA20",4.83,5.93,0.83X
600814,杭州解百,2026-08-10,6.73,2.75%,趋势: 高于MA20 | 动量: 突破转强 (阳线上穿5/10),6.53,6.69,1.32X
600686,金龙汽车,2026-08-10,12.12,3.15%,"形态: 两连阴 (-1.74%, -0.68%) | 趋势: 高于MA20 | 动量: 突破转强 (阳线上穿5/10)",11.24,12.25,0.92X
600152,维科技术,2026-08-10,8.28,2.10%,趋势: 高于MA20 | 动量: 突破转强 (阳线上穿5/10),7.62,9.82,1.04X
600796,钱江生化,2026-08-10,5.15,2.18%,趋势: 高于MA20 | 动量: 突破转强 (阳线上穿5/10),4.89,5.02,1.35X
000796,凯撒旅业,2026-09-01,4.42,3.03%,趋势: 多头排列 (5>20>60) | 形态: 10日内有涨停 | 趋势: 高于MA20 | 动量: 突破转强 (阳线上穿5/10),3.99,3.91,0.86X
002171,楚江新材,2026-08-10,9.98,-0.60%,趋势: 高于MA20,9.52,11.80,0.89X
601003,柳钢股份,2026-08-10,3.83,2.13%,"形态: 两连阴 (-1.26%, -4.34%)",7.37,4.89,0.81X
002427,尤夫股份,2026-09-01,5.13,2.19%,趋势: 多头排列 (5>20>60) | 形态: 10日内有涨停 | 趋势: 高于MA20 | 动量: 突破转强 (阳线上穿5/10),4.56,4.45,0.75X
002227,奥 特 迅,2026-08-10,6.28,1.13%,趋势: 高于MA20 | 动量: 突破转强 (阳线上穿5/10),6.02,6.99,1.03X
002351,漫步者,2026-08-10,10.18,0.20%,"形态: 两连阴 (-1.06%, -0.88%) | 趋势: 高于MA20",10.12,10.20,0.91X
600671,天目药业,2026-08-10,21.7,0.79%,"趋势: 多头排列 (5>20>60) | 形态: 两连阴 (-0.82%, -1.60%) | 趋势: 高于MA20",20.66,18.71,0.84X
600330,天通股份,2026-09-01,26.98,-5.07%,"趋势: 多头排列 (5>20>60) | 形态: 10日内有涨停 | 形态: 两连阴 (-0.72%, -1.80%) | 趋势: 高于MA20",25.83,25.40,0.65X
000719,中原传媒,2026-08-10,12.36,1.90%,"形态: 两连阴 (-0.80%, -2.02%) | 趋势: 高于MA20",12.32,12.38,0.84X
601928,凤凰传媒,2026-08-10,9.24,0.43%,"形态: 两连阴 (-1.88%, -2.02%)",9.55,9.20,0.89X
601963,重庆银行,2026-08-10,10.97,1.95%,"形态: 两连阴 (-0.09%, -1.74%)",10.99,11.04,0.98X
600557,康缘药业,2026-08-10,12.74,-0.08%,趋势: 高于MA20,7.93,10.79,0.99X
603976,正川股份,2026-08-10,28.09,-1.54%,趋势: 多头排列 (5>20>60) | 趋势: 高于MA20,25.37,25.07,0.76X
000670,盈方微,2026-08-10,6.92,1.17%,"形态: 两连阴 (-2.54%, -0.87%) | 趋势: 高于MA20 | 动量: 突破转强 (阳线上穿5/10)",6.45,7.73,0.72X
600663,陆家嘴,2026-08-10,9.39,2.85%,趋势: 多头排列 (5>20>60) | 形态: 10日内有涨停 | 趋势: 高于MA20 | 动量: 突破转强 (阳线上穿5/10),7.69,7.08,0.93X
603937,丽岛新材,2026-08-10,11.58,3.86%,趋势: 高于MA20 | 动量: 突破转强 (阳线上穿5/10),10.23,12.81,1.16X
603585,苏利股份,2026-08-10,10.34,2.17%,趋势: 高于MA20 | 动量: 突破转强 (阳线上穿5/10),7.17,12.30,1.02X
002962,五方光电,2026-08-10,13.25,-0.90%,趋势: 高于MA20,12.33,16.50,0.82X
600398,海澜之家,2026-08-10,6.11,0.99%,"趋势: 多头排列 (5>20>60) | 形态: 两连阴 (-0.16%, -0.17%) | 趋势: 高于MA20 | 动量: 突破转强 (阳线上穿5/10)",5.93,5.77,0.89X
600749,西藏旅游,2026-08-10,14.63,0.48%,趋势: 高于MA20 | 动量: 突破转强 (阳线上穿5/10),13.83,14.56,0.90X
603201,XD常润股,2026-08-10,16.73,0.30%,"形态: 10日内有涨停 | 形态: 两连阴 (-1.70%, -3.58%) | 趋势: 高于MA20",12.21,15.10,1.12X
002945,华林证券,2026-08-10,14.56,-0.68%,"形态: 10日内有涨停 | 形态: 两连阴 (-1.73%, -0.74%) | 趋势: 高于MA20",13.86,14.02,0.91X
000936,华西股份,2026-08-10,5.28,1.73%,"形态: 两连阴 (-0.76%, -0.95%) | 趋势: 高于MA20 | 动量: 突破转强 (阳线上穿5/10)",5.02,5.67,0.89X
603116,红蜻蜓,2026-08-10,6.05,-1.31%,趋势: 高于MA20,5.51,6.35,0.71X
000027,深圳能源,2026-08-10,6.37,0.31%,"形态: 两连阴 (-1.09%, -0.31%)",6.38,6.81,0.86X
000157,中联重科,2026-08-10,7.24,0.28%,"形态: 两连阴 (-0.27%, -0.69%)",7.39,7.34,0.89X
002836,新宏泽,2026-08-10,10.08,3.92%,趋势: 高于MA20 | 动量: 突破转强 (阳线上穿5/10),8.94,10.04,1.02X
002187,广百股份,2026-08-10,5.38,2.48%,"形态: 两连阴 (-0.56%, -1.13%) | 趋势: 高于MA20 | 动量: 突破转强 (阳线上穿5/10)",5.07,5.17,1.01X
603609,禾丰股份,2026-08-10,6.46,4.36%,量能: 放量 (1.93X) | 趋势: 高于MA20 | 动量: 突破转强 (阳线上穿5/10),6.32,6.26,1.93X
002910,庄园牧场,2026-09-01,10.6,3.92%,趋势: 高于MA20 | 动量: 突破转强 (阳线上穿5/10),9.63,9.94,1.30X
002856,美芝股份,2026-08-10,14.31,-3.51%,形态: 10日内有涨停 | 趋势: 高于MA20,9.72,17.10,0.77X
001376,百通能源,2026-08-10,12.13,9.97%,"量能: 放量 (1.55X) | 形态: 10日内有涨停 | 形态: 两连阴 (-1.14%, -2.13%) | 趋势: 高于MA20 | 动量: 突破转强 (阳线上穿5/10)",10.61,11.71,1.55X
002998,优彩资源,2026-08-10,8.17,2.77%,趋势: 高于MA20 | 动量: 突破转强 (阳线上穿5/10),7.37,7.59,0.73X
600138,中青旅,2026-09-01,7.33,1.66%,趋势: 多头排列 (5>20>60) | 趋势: 高于MA20 | 动量: 突破转强 (阳线上穿5/10),7.10,7.03,1.16X
002376,新北洋,2026-08-10,6.5,-1.37%,形态: 10日内有涨停,6.78,6.45,1.00X
600054,黄山旅游,2026-09-01,11.55,1.49%,趋势: 多头排列 (5>20>60) | 趋势: 高于MA20 | 动量: 突破转强 (阳线上穿5/10),11.26,11.08,1.38X
000407,胜利股份,2026-09-01,4.31,1.17%,趋势: 多头排列 (5>20>60) | 趋势: 高于MA20 | 动量: 突破转强 (阳线上穿5/10),4.13,3.96,1.06X
002893,京能热力,2026-08-10,9.89,1.44%,趋势: 高于MA20 | 动量: 突破转强 (阳线上穿5/10),9.55,10.27,1.10X
000505,京粮控股,2026-09-01,7.74,9.94%,趋势: 多头排列 (5>20>60) | 形态: 10日内有涨停 | 趋势: 高于MA20 | 动量: 突破转强 (阳线上穿5/10),6.53,5.76,0.54X
603035,常熟汽饰,2026-08-10,11.15,1.46%,"形态: 两连阴 (-0.45%, -0.27%) | 趋势: 高于MA20 | 动量: 突破转强 (阳线上穿5/10)",10.90,11.38,1.01X
603098,森特股份,2026-08-10,10.27,0.88%,趋势: 高于MA20 | 动量: 突破转强 (阳线上穿5/10),9.81,11.01,1.00X
000811,冰轮环境,2026-08-10,42.48,0.47%,形态: 10日内有涨停 | 趋势: 高于MA20 | 动量: 突破转强 (阳线上穿5/10),41.37,40.45,0.81X
603136,天目湖,2026-08-10,9.13,2.47%,趋势: 高于MA20 | 动量: 突破转强 (阳线上穿5/10),8.74,8.95,1.26X
603878,武进不锈,2026-09-01,5.19,1.37%,趋势: 高于MA20 | 动量: 突破转强 (阳线上穿5/10),5.05,5.13,1.06X
600655,豫园股份,2026-08-10,4.66,1.30%,"形态: 两连阴 (-0.86%, -0.22%)",8.52,5.80,1.04X
600838,上海九百,2026-09-01,8.6,3.86%,趋势: 多头排列 (5>20>60) | 形态: 10日内有涨停 | 趋势: 高于MA20 | 动量: 突破转强 (阳线上穿5/10),7.70,7.40,0.85X
605189,富春染织,2026-08-10,16.78,6.54%,"趋势: 多头排列 (5>20>60) | 形态: 两连阴 (-3.28%, -3.02%) | 趋势: 高于MA20 | 动量: 突破转强 (阳线上穿5/10)",15.40,14.69,1.39X
002234,民和股份,2026-08-10,7.89,8.98%,量能: 放量 (2.68X) | 趋势: 高于MA20 | 动量: 突破转强 (阳线上穿5/10),7.76,7.39,2.68X
600479,千金药业,2026-08-10,9.91,0.61%,趋势: 高于MA20 | 动量: 突破转强 (阳线上穿5/10),9.76,9.83,1.21X
000957,中通客车,2026-09-01,10.32,1.88%,"形态: 两连阴 (-0.58%, -0.88%) | 趋势: 高于MA20 | 动量: 突破转强 (阳线上穿5/10)",10.31,10.02,1.33X
000953,河化股份,2026-08-10,6.1,6.64%,量能: 放量 (1.94X) | 趋势: 高于MA20 | 动量: 突破转强 (阳线上穿5/10),5.43,5.76,1.94X
002877,智能自控,2026-08-10,7.33,1.95%,趋势: 高于MA20 | 动量: 突破转强 (阳线上穿5/10),6.95,7.56,1.15X
603088,宁波精达,2026-08-10,9.57,-0.31%,趋势: 高于MA20,8.95,9.96,0.99X
603779,威龙股份,2026-08-10,7.88,2.34%,趋势: 高于MA20 | 动量: 突破转强 (阳线上穿5/10),6.48,8.24,0.90X
600828,茂业商业,2026-09-01,4.37,10.08%,趋势: 多头排列 (5>20>60) | 形态: 10日内有涨停 | 趋势: 高于MA20 | 动量: 突破转强 (阳线上穿5/10),3.99,3.81,1.14X
601872,招商轮船,2026-08-10,18.18,1.11%,趋势: 高于MA20 | 动量: 突破转强 (阳线上穿5/10),16.12,16.28,0.67X
601598,中国外运,2026-08-10,6.68,3.25%,趋势: 多头排列 (5>20>60) | 趋势: 高于MA20 | 动量: 突破转强 (阳线上穿5/10),6.14,6.02,1.06X
600161,天坛生物,2026-08-10,12.78,2.32%,趋势: 高于MA20 | 动量: 突破转强 (阳线上穿5/10),12.56,12.58,1.28X
002077,大港股份,2026-08-10,12.73,-0.47%,趋势: 高于MA20,12.71,16.14,0.65X
601026,道生天合,2026-08-10,15.24,1.87%,"形态: 两连阴 (-2.09%, -0.40%) | 趋势: 高于MA20 | 动量: 突破转强 (阳线上穿5/10)",14.73,15.41,0.88X
600318,新力金融,2026-08-10,6.65,2.15%,趋势: 高于MA20 | 动量: 突破转强 (阳线上穿5/10),6.31,6.46,0.85X
002715,登云股份,2026-08-10,13.66,0.22%,量能: 放量 (1.87X) | 趋势: 高于MA20 | 动量: 突破转强 (阳线上穿5/10),12.11,14.05,1.87X
600530,交大昂立,2026-09-01,4.02,2.81%,趋势: 高于MA20 | 动量: 突破转强 (阳线上穿5/10),3.83,4.85,1.17X
603071,物产环能,2026-08-10,12.06,1.34%,趋势: 高于MA20 | 动量: 突破转强 (阳线上穿5/10),11.92,12.35,1.08X
002131,利欧股份,2026-09-01,5.1,7.37%,量能: 放量 (1.95X) | 趋势: 高于MA20 | 动量: 突破转强 (阳线上穿5/10),5.02,4.76,1.95X
601001,晋控煤业,2026-09-01,17.58,-3.83%,"形态: 两连阴 (-2.02%, -0.60%) | 趋势: 高于MA20",17.52,17.90,1.32X
002355,兴民智通,2026-08-10,4.68,-0.64%,形态: 10日内有涨停 | 趋势: 高于MA20,4.37,4.79,0.92X
601199,江南水务,2026-08-10,6.06,9.98%,量能: 放量 (2.13X) | 形态: 10日内有涨停 | 趋势: 高于MA20 | 动量: 突破转强 (阳线上穿5/10),5.69,5.76,2.13X
000802,北京文化,2026-09-01,4.27,5.17%,动量: 突破转强 (阳线上穿5/10),4.56,4.10,1.44X
603085,天成自控,2026-08-10,9.98,0.10%,趋势: 高于MA20 | 动量: 突破转强 (阳线上穿5/10),9.64,11.34,0.75X
603012,创力集团,2026-08-10,8.13,-3.33%,量能: 放量 (1.63X),8.24,8.42,1.63X
002054,德美化工,2026-08-10,7.36,3.37%,趋势: 高于MA20 | 动量: 突破转强 (阳线上穿5/10),6.86,7.26,1.08X
603738,泰晶科技,2026-08-10,36.24,-1.06%,形态: 10日内有涨停 | 趋势: 高于MA20,33.40,45.60,0.95X
002298,中电鑫龙,2026-08-10,9.34,10.01%,"形态: 10日内有涨停 | 形态: 两连阴 (-2.51%, -0.82%) | 趋势: 高于MA20 | 动量: 突破转强 (阳线上穿5/10)",7.95,8.39,0.60X
603990,麦迪科技,2026-08-10,23.54,5.51%,形态: 10日内有涨停 | 趋势: 高于MA20 | 动量: 突破转强 (阳线上穿5/10),18.66,19.96,1.19X
601288,农业银行,2026-09-01,7.05,1.88%,趋势: 多头排列 (5>20>60) | 趋势: 高于MA20 | 动量: 突破转强 (阳线上穿5/10),6.67,6.53,1.16X
600148,长春一东,2026-08-10,15.49,3.27%,趋势: 高于MA20 | 动量: 突破转强 (阳线上穿5/10),14.51,15.35,1.35X
603291,联合水务,2026-08-10,9.39,3.07%,趋势: 高于MA20 | 动量: 突破转强 (阳线上穿5/10),8.24,9.07,0.90X
002198,嘉应制药,2026-08-10,3.39,1.50%,"形态: 两连阴 (-0.59%, -0.89%) | 趋势: 高于MA20 | 动量: 突破转强 (阳线上穿5/10)",3.23,3.47,0.87X
603676,卫信康,2026-08-10,9.47,4.30%,量能: 放量 (1.78X) | 趋势: 高于MA20 | 动量: 突破转强 (阳线上穿5/10),8.68,8.87,1.78X
603212,赛伍技术,2026-08-10,11.54,0.79%,趋势: 高于MA20 | 动量: 突破转强 (阳线上穿5/10),10.61,12.87,0.78X
605303,园林股份,2026-09-01,24.62,0.29%,形态: 10日内有涨停 | 趋势: 高于MA20 | 动量: 突破转强 (阳线上穿5/10),21.98,22.73,0.54X
600026,中远海能,2026-08-10,17.66,-0.23%,趋势: 高于MA20,14.05,17.26,0.69X
600678,四川金顶,2026-08-10,5.62,0.36%,趋势: 高于MA20 | 动量: 突破转强 (阳线上穿5/10),5.46,6.13,0.70X
002404,嘉欣丝绸,2026-08-10,6.0,2.04%,趋势: 高于MA20 | 动量: 突破转强 (阳线上穿5/10),5.74,6.10,0.89X
600999,招商证券,2026-08-10,18.21,0.05%,动量: 突破转强 (阳线上穿5/10),18.51,18.74,0.80X
002642,荣联科技,2026-08-10,7.5,2.60%,"形态: 10日内有涨停 | 形态: 两连阴 (-0.67%, -1.88%) | 趋势: 高于MA20 | 动量: 突破转强 (阳线上穿5/10)",7.19,7.33,0.87X
601012,隆基绿能,2026-08-10,12.94,0.08%,趋势: 高于MA20 | 动量: 突破转强 (阳线上穿5/10),10.58,12.42,0.70X
000151,中成股份,2026-08-10,10.17,2.42%,趋势: 高于MA20 | 动量: 突破转强 (阳线上穿5/10),9.46,11.20,1.01X
600780,通宝能源,2026-08-10,6.03,0.67%,"形态: 两连阴 (-0.99%, -0.33%)",6.06,6.43,0.78X
000978,桂林旅游,2026-08-10,6.17,2.66%,"形态: 两连阴 (-0.49%, -0.66%) | 趋势: 高于MA20 | 动量: 突破转强 (阳线上穿5/10)",5.75,5.89,1.06X
600531,豫光金铅,2026-09-01,13.51,-1.03%,趋势: 多头排列 (5>20>60) | 趋势: 高于MA20,13.50,13.23,0.62X
600188,兖矿能源,2026-09-01,22.48,-4.83%,趋势: 多头排列 (5>20>60) | 趋势: 高于MA20,21.88,20.47,1.21X
000800,一汽解放,2026-08-10,6.22,0.81%,"形态: 两连阴 (-2.04%, -1.12%)",6.32,6.18,1.05X
002204,大连重工,2026-08-10,5.41,1.12%,趋势: 高于MA20 | 动量: 突破转强 (阳线上穿5/10),5.27,5.54,0.95X
600216,浙江医药,2026-08-10,12.42,1.22%,趋势: 高于MA20 | 动量: 突破转强 (阳线上穿5/10),12.16,12.26,1.44X
002624,完美世界,2026-09-01,10.98,0.37%,动量: 突破转强 (阳线上穿5/10),11.27,11.47,1.27X
002616,长青集团,2026-08-10,4.84,3.20%,"形态: 两连阴 (-0.42%, -1.05%) | 趋势: 高于MA20 | 动量: 突破转强 (阳线上穿5/10)",4.72,4.96,1.47X
600367,红星发展,2026-09-01,37.96,-7.57%,形态: 10日内有涨停 | 趋势: 高于MA20,36.10,41.54,0.74X
002176,江特电机,2026-08-10,9.3,-0.53%,形态: 10日内有涨停 | 趋势: 高于MA20,7.88,9.96,0.70X
000731,四川美丰,2026-08-10,5.89,2.97%,趋势: 高于MA20 | 动量: 突破转强 (阳线上穿5/10),5.85,5.81,1.32X
603915,国茂股份,2026-08-10,13.6,0.15%,趋势: 高于MA20,12.99,14.56,0.85X
002941,新疆交建,2026-08-10,10.89,1.97%,"形态: 两连阴 (-0.18%, -2.11%) | 趋势: 高于MA20 | 动量: 突破转强 (阳线上穿5/10)",10.17,10.79,0.81X
600371,万向德农,2026-09-01,13.96,10.01%,趋势: 多头排列 (5>20>60) | 量能: 放量 (1.77X) | 形态: 10日内有涨停 | 趋势: 高于MA20 | 动量: 突破转强 (阳线上穿5/10),8.64,7.31,1.77X
000422,湖北宜化,2026-08-10,13.66,3.48%,"量能: 放量 (1.63X) | 形态: 两连阴 (-1.19%, -0.83%) | 趋势: 高于MA20 | 动量: 突破转强 (阳线上穿5/10)",13.29,13.67,1.63X
600081,东风科技,2026-08-10,10.04,1.11%,趋势: 高于MA20 | 动量: 突破转强 (阳线上穿5/10),9.69,10.12,0.89X
605183,确成股份,2026-08-10,14.98,4.46%,"量能: 放量 (1.66X) | 形态: 两连阴 (-0.68%, -1.10%) | 趋势: 高于MA20 | 动量: 突破转强 (阳线上穿5/10)",14.21,14.94,1.66X
002452,长高电新,2026-08-10,11.59,0.78%,趋势: 高于MA20 | 动量: 突破转强 (阳线上穿5/10),10.89,11.46,0.75X
000404,长虹华意,2026-08-10,7.94,3.39%,趋势: 高于MA20 | 动量: 突破转强 (阳线上穿5/10),7.61,8.01,1.44X
002366,融发核电,2026-08-10,6.33,2.43%,"形态: 10日内有涨停 | 形态: 两连阴 (-5.04%, -3.44%) | 趋势: 高于MA20",5.65,6.02,0.58X
603637,镇海股份,2026-08-10,13.69,3.79%,形态: 10日内有涨停 | 趋势: 高于MA20 | 动量: 突破转强 (阳线上穿5/10),11.89,15.58,1.01X
002564,天沃科技,2026-08-10,4.56,3.64%,趋势: 高于MA20 | 动量: 突破转强 (阳线上穿5/10),4.27,4.67,1.25X
002051,中工国际,2026-08-10,9.19,-0.33%,趋势: 高于MA20,8.82,10.44,0.74X
002065,东华软件,2026-08-10,7.45,1.36%,"形态: 两连阴 (-1.72%, -1.34%) | 趋势: 高于MA20",7.08,7.29,0.71X
000403,派林生物,2026-09-01,10.41,-0.10%,"形态: 两连阴 (-0.75%, -1.61%)",10.71,10.23,0.71X
000411,英特集团,2026-08-10,9.83,1.87%,趋势: 高于MA20 | 动量: 突破转强 (阳线上穿5/10),9.47,10.11,1.08X
605377,华旺科技,2026-08-10,9.4,4.10%,量能: 放量 (1.91X) | 趋势: 高于MA20 | 动量: 突破转强 (阳线上穿5/10),9.21,9.04,1.91X
000572,海马汽车,2026-09-01,3.97,3.12%,趋势: 多头排列 (5>20>60) | 趋势: 高于MA20 | 动量: 突破转强 (阳线上穿5/10),3.88,3.80,1.26X
002514,宝馨科技,2026-08-10,1.91,-1.55%,"形态: 10日内有涨停 | 形态: 两连阴 (-2.87%, -4.43%) | 趋势: 高于MA20",1.81,2.79,0.69X
002512,达华智能,2026-08-10,3.81,-1.55%,形态: 10日内有涨停 | 趋势: 高于MA20,3.49,3.88,0.73X
002953,日丰股份,2026-08-10,9.93,-0.50%,趋势: 高于MA20,9.44,9.69,0.94X
000576,甘化科工,2026-08-10,7.42,3.34%,趋势: 高于MA20 | 动量: 突破转强 (阳线上穿5/10),6.68,7.14,1.13X
600744,华银电力,2026-08-10,7.73,-1.90%,形态: 10日内有涨停,9.95,8.18,1.47X
603115,海星股份,2026-08-10,78.2,-2.03%,形态: 10日内有涨停 | 趋势: 高于MA20,73.23,94.88,0.91X
002412,汉森制药,2026-08-10,7.27,0.00%,趋势: 多头排列 (5>20>60) | 趋势: 高于MA20,6.83,6.47,1.12X
000759,中百集团,2026-09-01,6.38,4.25%,动量: 突破转强 (阳线上穿5/10),6.56,6.49,1.20X
603810,丰山集团,2026-09-01,12.74,1.51%,趋势: 多头排列 (5>20>60) | 趋势: 高于MA20 | 动量: 突破转强 (阳线上穿5/10),12.20,11.66,0.98X
600603,广汇物流,2026-08-10,4.47,1.82%,"形态: 两连阴 (-1.72%, -3.73%) | 趋势: 高于MA20",4.37,4.62,0.98X
000970,中科三环,2026-08-10,13.74,0.37%,趋势: 高于MA20 | 动量: 突破转强 (阳线上穿5/10),13.38,13.51,0.77X
000555,神州信息,2026-08-10,10.87,-0.28%,趋势: 高于MA20,7.01,10.13,0.64X
000050,深天马Ａ,2026-09-01,6.76,0.15%,趋势: 高于MA20 | 动量: 突破转强 (阳线上穿5/10),6.64,7.46,1.04X
600375,汉马科技,2026-08-10,4.03,1.77%,"形态: 两连阴 (-1.47%, -1.49%)",5.81,4.67,1.03X
000949,新乡化纤,2026-08-10,6.65,1.37%,趋势: 高于MA20 | 动量: 突破转强 (阳线上穿5/10),5.91,6.62,0.74X
000680,山推股份,2026-08-10,11.4,1.88%,趋势: 高于MA20 | 动量: 突破转强 (阳线上穿5/10),9.52,10.27,1.28X
002405,四维图新,2026-09-01,6.45,0.94%,动量: 突破转强 (阳线上穿5/10),6.49,6.61,1.19X
002541,鸿路钢构,2026-09-01,21.2,0.81%,趋势: 多头排列 (5>20>60) | 趋势: 高于MA20 | 动量: 突破转强 (阳线上穿5/10),19.90,19.15,1.49X
002488,金固股份,2026-08-10,8.96,1.93%,"形态: 两连阴 (-1.20%, -3.09%) | 趋势: 高于MA20",8.80,9.58,0.77X
603378,亚士创能,2026-08-10,5.55,-0.36%,形态: 10日内有涨停,7.10,5.97,1.31X
605208,永茂泰,2026-08-10,13.77,1.10%,形态: 10日内有涨停 | 趋势: 高于MA20 | 动量: 突破转强 (阳线上穿5/10),13.64,14.91,0.72X
002661,克明食品,2026-08-10,7.78,3.87%,量能: 放量 (1.53X) | 趋势: 高于MA20 | 动量: 突破转强 (阳线上穿5/10),7.35,7.52,1.53X
600050,中国联通,2026-08-10,4.33,0.70%,"形态: 两连阴 (-0.23%, -1.83%)",4.38,4.34,0.75X
000155,川能动力,2026-09-01,12.6,0.32%,趋势: 多头排列 (5>20>60) | 趋势: 高于MA20 | 动量: 突破转强 (阳线上穿5/10),12.18,12.13,1.03X
603819,神力股份,2026-08-10,14.35,0.84%,趋势: 高于MA20 | 动量: 突破转强 (阳线上穿5/10),12.43,12.60,0.94X
600971,恒源煤电,2026-08-10,8.43,3.31%,趋势: 多头排列 (5>20>60) | 趋势: 高于MA20 | 动量: 突破转强 (阳线上穿5/10),7.86,7.64,1.13X
600770,综艺股份,2026-08-10,5.25,0.19%,"形态: 两连阴 (-1.13%, -0.19%) | 趋势: 高于MA20",5.20,5.95,0.87X
600650,锦江在线,2026-08-10,10.73,0.19%,趋势: 高于MA20,10.24,10.59,0.49X
603317,天味食品,2026-08-10,14.64,3.17%,"形态: 两连阴 (-3.78%, -0.56%) | 趋势: 高于MA20 | 动量: 突破转强 (阳线上穿5/10)",8.54,12.28,1.25X
000783,长江证券,2026-08-10,9.02,-0.22%,趋势: 多头排列 (5>20>60) | 趋势: 高于MA20,8.73,8.62,0.85X
603106,恒银科技,2026-08-10,8.49,-6.08%,形态: 10日内有涨停 | 趋势: 高于MA20,7.29,7.44,0.97X
002332,仙琚制药,2026-08-10,8.57,0.35%,趋势: 多头排列 (5>20>60) | 趋势: 高于MA20,8.52,8.42,1.24X
002637,赞宇科技,2026-08-10,11.02,0.82%,趋势: 高于MA20 | 动量: 突破转强 (阳线上穿5/10),7.50,10.12,0.95X
002632,道明光学,2026-09-01,8.98,5.77%,量能: 放量 (2.63X) | 趋势: 高于MA20 | 动量: 突破转强 (阳线上穿5/10),8.45,8.81,2.63X
002301,齐心集团,2026-08-10,7.41,4.81%,趋势: 高于MA20 | 动量: 突破转强 (阳线上穿5/10),7.15,7.62,1.28X
002254,泰和新材,2026-08-10,12.6,0.56%,趋势: 高于MA20 | 动量: 突破转强 (阳线上穿5/10),11.86,14.32,0.83X
002139,拓邦股份,2026-08-10,10.16,-0.78%,趋势: 高于MA20,9.94,10.06,0.79X
600251,冠农股份,2026-08-10,9.73,3.18%,趋势: 高于MA20 | 动量: 突破转强 (阳线上穿5/10),9.19,9.44,1.22X
600449,宁夏建材,2026-08-10,13.95,-10.00%,形态: 10日内有涨停 | 趋势: 高于MA20,8.25,11.57,0.19X
603001,奥康国际,2026-08-10,7.37,3.37%,趋势: 高于MA20 | 动量: 突破转强 (阳线上穿5/10),6.54,9.08,1.05X
600123,兰花科创,2026-08-10,7.24,3.58%,趋势: 多头排列 (5>20>60) | 趋势: 高于MA20 | 动量: 突破转强 (阳线上穿5/10),6.64,6.44,1.07X
601083,锦江航运,2026-08-10,11.39,2.61%,"形态: 两连阴 (-1.06%, -0.89%) | 趋势: 高于MA20 | 动量: 突破转强 (阳线上穿5/10)",10.95,10.98,1.41X
002099,海翔药业,2026-08-10,5.42,1.12%,趋势: 高于MA20 | 动量: 突破转强 (阳线上穿5/10),5.27,5.37,1.17X
002493,荣盛石化,2026-08-10,13.52,2.19%,趋势: 多头排列 (5>20>60) | 趋势: 高于MA20 | 动量: 突破转强 (阳线上穿5/10),12.06,11.67,0.91X
002136,安 纳 达,2026-08-10,12.5,2.88%,"形态: 两连阴 (-0.57%, -0.65%) | 趋势: 高于MA20 | 动量: 突破转强 (阳线上穿5/10)",11.85,12.76,1.05X
000685,中山公用,2026-08-10,11.26,1.99%,趋势: 高于MA20 | 动量: 突破转强 (阳线上穿5/10),11.01,11.23,1.34X
601136,首创证券,2026-08-10,14.62,0.07%,"形态: 两连阴 (-0.94%, -0.54%) | 趋势: 高于MA20",14.38,14.46,0.78X
603110,东方材料,2026-08-10,26.5,3.76%,趋势: 高于MA20 | 动量: 突破转强 (阳线上穿5/10),22.01,22.29,0.93X
001965,招商公路,2026-08-10,9.43,-0.11%,"形态: 两连阴 (-0.63%, -0.84%)",14.81,11.42,1.16X
000955,欣龙控股,2026-09-01,4.37,1.39%,趋势: 多头排列 (5>20>60) | 趋势: 高于MA20 | 动量: 突破转强 (阳线上穿5/10),4.27,4.23,1.11X
002921,联诚精密,2026-08-10,22.61,-2.04%,形态: 10日内有涨停 | 趋势: 高于MA20,22.01,24.89,0.69X
600267,海正药业,2026-08-10,14.24,8.62%,趋势: 多头排列 (5>20>60) | 量能: 放量 (2.22X) | 形态: 10日内有涨停 | 趋势: 高于MA20 | 动量: 突破转强 (阳线上穿5/10),12.05,10.84,2.22X
603725,天安新材,2026-08-10,11.22,10.00%,量能: 放量 (1.67X) | 形态: 10日内有涨停 | 动量: 突破转强 (阳线上穿5/10),11.38,11.80,1.67X
600879,航天电子,2026-08-20,14.38,-4.20%,"形态: 两连阴 (-0.55%, -8.25%)",15.42,18.27,1.10X
002615,哈尔斯,2026-08-10,6.7,2.60%,"形态: 两连阴 (-0.90%, -1.21%) | 趋势: 高于MA20 | 动量: 突破转强 (阳线上穿5/10)",6.51,7.19,1.15X
600388,龙净环保,2026-08-10,17.64,0.34%,趋势: 高于MA20 | 动量: 突破转强 (阳线上穿5/10),13.39,15.72,1.17X
601139,深圳燃气,2026-08-10,6.4,0.95%,"趋势: 多头排列 (5>20>60) | 形态: 两连阴 (-0.62%, -1.09%) | 趋势: 高于MA20",6.40,6.26,1.01X
000561,烽火电子,2026-08-10,7.73,2.11%,趋势: 高于MA20 | 动量: 突破转强 (阳线上穿5/10),7.29,7.71,1.13X
000061,农 产 品,2026-08-10,5.89,1.73%,"形态: 两连阴 (-0.84%, -1.36%) | 趋势: 高于MA20",5.79,5.94,0.98X
002056,横店东磁,2026-09-01,20.52,-3.21%,"形态: 两连阴 (-1.48%, -0.47%)",21.82,24.50,1.27X
600667,太极实业,2026-09-01,18.52,-4.24%,"形态: 两连阴 (-3.03%, -0.97%)",20.75,20.93,0.83X
603916,苏博特,2026-08-10,10.95,-5.60%,量能: 放量 (1.68X) | 趋势: 高于MA20,10.03,12.59,1.68X
601512,中新集团,2026-08-10,7.93,1.02%,趋势: 高于MA20 | 动量: 突破转强 (阳线上穿5/10),7.79,8.15,1.22X
002369,卓翼科技,2026-08-10,5.89,-0.84%,形态: 10日内有涨停,9.58,7.23,0.93X
002643,万润股份,2026-08-10,14.09,-0.42%,趋势: 高于MA20,13.69,16.13,0.85X
600651,飞乐音响,2026-09-01,5.69,0.89%,动量: 突破转强 (阳线上穿5/10),5.86,5.68,0.88X
600135,乐凯胶片,2026-08-10,7.64,3.66%,趋势: 高于MA20 | 动量: 突破转强 (阳线上穿5/10),7.00,8.28,1.48X
603018,华设集团,2026-09-01,5.32,0.95%,趋势: 高于MA20 | 动量: 突破转强 (阳线上穿5/10),5.30,5.58,0.95X
002041,登海种业,2026-08-10,8.96,0.56%,趋势: 多头排列 (5>20>60) | 趋势: 高于MA20 | 动量: 突破转强 (阳线上穿5/10),8.61,8.53,0.82X
600292,远达环保,2026-08-10,12.52,0.32%,"形态: 两连阴 (-2.17%, -1.27%)",12.54,13.23,0.97X
002040,南 京 港,2026-08-10,8.19,1.36%,"形态: 两连阴 (-0.73%, -0.49%) | 趋势: 高于MA20 | 动量: 突破转强 (阳线上穿5/10)",8.04,8.65,1.01X
600338,西藏珠峰,2026-09-01,13.96,-1.06%,趋势: 高于MA20,13.77,14.29,0.80X
605166,聚合顺,2026-08-10,8.86,2.19%,趋势: 高于MA20 | 动量: 突破转强 (阳线上穿5/10),6.01,8.69,1.02X
600354,敦煌种业,2026-08-10,6.25,1.30%,趋势: 多头排列 (5>20>60) | 趋势: 高于MA20 | 动量: 突破转强 (阳线上穿5/10),5.83,5.44,0.89X
000829,天音控股,2026-09-01,9.16,2.23%,趋势: 多头排列 (5>20>60) | 趋势: 高于MA20 | 动量: 突破转强 (阳线上穿5/10),8.50,8.31,1.47X
605180,华生科技,2026-08-10,12.6,3.62%,趋势: 高于MA20 | 动量: 突破转强 (阳线上穿5/10),11.22,12.70,1.42X
002293,罗莱生活,2026-08-10,11.41,1.88%,趋势: 高于MA20 | 动量: 突破转强 (阳线上穿5/10),7.44,9.31,1.20X
600078,澄星股份,2026-08-10,11.52,4.25%,形态: 10日内有涨停 | 趋势: 高于MA20 | 动量: 突破转强 (阳线上穿5/10),9.90,12.19,1.09X
603600,永艺股份,2026-08-10,9.72,1.99%,"形态: 两连阴 (-0.10%, -0.31%) | 趋势: 高于MA20 | 动量: 突破转强 (阳线上穿5/10)",9.38,9.80,1.10X
600710,苏美达,2026-08-10,10.65,0.85%,"形态: 两连阴 (-1.20%, -1.49%)",10.68,10.81,0.79X
600283,钱江水利,2026-08-10,8.06,2.28%,"量能: 放量 (1.76X) | 形态: 两连阴 (-0.87%, -0.76%) | 趋势: 高于MA20 | 动量: 突破转强 (阳线上穿5/10)",7.78,8.23,1.76X
002774,快意电梯,2026-08-10,17.0,1.25%,趋势: 多头排列 (5>20>60) | 形态: 10日内有涨停 | 趋势: 高于MA20 | 动量: 突破转强 (阳线上穿5/10),15.61,13.80,1.05X
603020,爱普股份,2026-08-10,11.01,9.99%,量能: 放量 (1.63X) | 形态: 10日内有涨停 | 趋势: 高于MA20 | 动量: 突破转强 (阳线上穿5/10),10.05,11.48,1.63X
000737,北方铜业,2026-08-10,14.51,-0.89%,趋势: 高于MA20,13.31,13.62,0.99X
002820,桂发祥,2026-09-01,10.39,1.66%,趋势: 多头排列 (5>20>60) | 趋势: 高于MA20 | 动量: 突破转强 (阳线上穿5/10),9.93,9.11,0.97X
002587,奥拓电子,2026-08-10,5.66,1.07%,趋势: 高于MA20 | 动量: 突破转强 (阳线上穿5/10),5.32,6.34,0.94X
002973,侨银股份,2026-09-01,12.57,-0.55%,趋势: 多头排列 (5>20>60) | 趋势: 高于MA20,11.71,10.96,0.75X
603318,水发燃气,2026-08-10,9.23,1.43%,趋势: 高于MA20 | 动量: 突破转强 (阳线上穿5/10),5.65,8.15,0.83X
000852,石化机械,2026-08-10,5.32,0.95%,"形态: 两连阴 (-1.12%, -0.75%) | 趋势: 高于MA20",5.20,5.47,0.95X
603777,来伊份,2026-09-01,14.06,1.59%,量能: 放量 (1.53X) | 动量: 突破转强 (阳线上穿5/10),14.08,14.77,1.53X
603766,隆鑫通用,2026-08-10,13.87,0.80%,"趋势: 多头排列 (5>20>60) | 形态: 两连阴 (-3.84%, -1.78%) | 趋势: 高于MA20",13.81,13.10,1.24X
603918,金桥信息,2026-08-10,11.33,2.07%,形态: 10日内有涨停 | 趋势: 高于MA20 | 动量: 突破转强 (阳线上穿5/10),10.27,10.60,0.82X
002500,山西证券,2026-08-10,5.38,0.75%,"趋势: 多头排列 (5>20>60) | 形态: 两连阴 (-1.11%, -0.37%) | 趋势: 高于MA20",5.37,5.27,0.99X
002826,易明医药,2026-08-10,17.79,-0.28%,形态: 10日内有涨停 | 趋势: 高于MA20,16.43,16.80,1.28X
603729,龙韵股份,2026-08-10,11.44,3.06%,趋势: 高于MA20 | 动量: 突破转强 (阳线上穿5/10),10.48,11.58,0.67X
002193,如意集团,2026-08-10,4.71,10.05%,形态: 10日内有涨停 | 趋势: 高于MA20 | 动量: 突破转强 (阳线上穿5/10),3.89,4.37,1.27X
002644,佛慈制药,2026-09-01,8.81,2.09%,趋势: 多头排列 (5>20>60) | 趋势: 高于MA20 | 动量: 突破转强 (阳线上穿5/10),8.35,7.76,0.81X
002033,丽江股份,2026-09-01,9.13,0.55%,趋势: 多头排列 (5>20>60) | 趋势: 高于MA20 | 动量: 突破转强 (阳线上穿5/10),8.93,8.61,1.05X
600909,华安证券,2026-08-10,8.24,0.37%,动量: 突破转强 (阳线上穿5/10),8.26,8.56,0.86X
002879,长缆科技,2026-09-01,16.62,0.91%,动量: 突破转强 (阳线上穿5/10),17.03,15.41,1.06X
002617,露笑科技,2026-08-10,6.38,-0.93%,趋势: 高于MA20,6.17,8.18,0.91X
601933,永辉超市,2026-09-01,3.28,6.15%,量能: 放量 (2.39X) | 趋势: 高于MA20 | 动量: 突破转强 (阳线上穿5/10),3.19,3.14,2.39X
002469,三维化学,2026-08-10,5.86,1.91%,趋势: 高于MA20 | 动量: 突破转强 (阳线上穿5/10),5.68,6.10,0.99X
601121,宝地矿业,2026-08-10,7.36,4.10%,趋势: 多头排列 (5>20>60) | 趋势: 高于MA20 | 动量: 突破转强 (阳线上穿5/10),6.78,6.51,1.35X
000881,中广核技,2026-08-10,6.67,3.73%,"量能: 放量 (1.74X) | 形态: 两连阴 (-1.22%, -0.46%)",12.41,8.83,1.74X
603778,国晟科技,2026-08-20,9.35,-1.58%,"形态: 两连阴 (-2.44%, -8.48%)",9.96,12.53,0.83X
002449,国星光电,2026-08-10,6.46,1.41%,趋势: 高于MA20 | 动量: 突破转强 (阳线上穿5/10),6.23,7.33,1.16X
603697,有友食品,2026-09-01,9.6,2.13%,动量: 突破转强 (阳线上穿5/10),9.65,10.02,1.33X
600821,金开新能,2026-08-10,6.55,-0.46%,趋势: 高于MA20,6.42,6.85,0.88X
603636,南威软件,2026-08-10,7.57,6.77%,量能: 放量 (1.81X) | 趋势: 高于MA20 | 动量: 突破转强 (阳线上穿5/10),7.02,8.41,1.81X
600769,祥龙电业,2026-08-10,15.23,0.86%,趋势: 高于MA20 | 动量: 突破转强 (阳线上穿5/10),14.19,16.92,0.85X
603113,金能科技,2026-08-10,4.61,2.44%,趋势: 高于MA20 | 动量: 突破转强 (阳线上穿5/10),4.37,4.63,0.97X
002456,欧菲光,2026-08-10,7.4,-2.89%,趋势: 高于MA20,5.72,8.05,0.82X
000735,罗 牛 山,2026-09-01,5.9,3.69%,趋势: 多头排列 (5>20>60) | 趋势: 高于MA20 | 动量: 突破转强 (阳线上穿5/10),5.51,5.18,1.03X
002890,弘宇股份,2026-08-10,14.59,4.14%,趋势: 高于MA20 | 动量: 突破转强 (阳线上穿5/10),7.99,12.76,1.20X
002670,国盛证券,2026-08-10,11.23,0.45%,"形态: 两连阴 (-1.13%, -1.32%)",11.62,11.67,0.60X
600027,华电国际,2026-08-10,4.67,0.00%,"形态: 两连阴 (-0.64%, -0.43%)",4.72,4.89,0.93X
605006,山东玻纤,2026-09-01,14.51,-4.10%,形态: 10日内有涨停,14.57,16.73,1.37X
603588,高能环境,2026-08-10,14.69,3.60%,趋势: 高于MA20 | 动量: 突破转强 (阳线上穿5/10),13.03,14.28,0.97X
600234,科新发展,2026-08-10,21.22,2.86%,趋势: 高于MA20 | 动量: 突破转强 (阳线上穿5/10),18.95,23.69,1.08X
603956,威派格,2026-08-10,6.95,0.43%,趋势: 多头排列 (5>20>60) | 形态: 10日内有涨停 | 趋势: 高于MA20,6.15,5.74,0.55X
002753,永东股份,2026-08-10,6.29,2.61%,趋势: 高于MA20 | 动量: 突破转强 (阳线上穿5/10),6.00,6.23,1.15X
603682,锦和商管,2026-08-10,11.58,2.66%,形态: 10日内有涨停 | 趋势: 高于MA20 | 动量: 突破转强 (阳线上穿5/10),6.40,7.70,0.71X
000425,徐工机械,2026-09-01,8.24,4.44%,"量能: 放量 (1.87X) | 形态: 两连阴 (-0.75%, -0.75%) | 趋势: 高于MA20 | 动量: 突破转强 (阳线上穿5/10)",8.11,8.51,1.87X
600399,抚顺特钢,2026-08-10,4.38,1.62%,趋势: 高于MA20 | 动量: 突破转强 (阳线上穿5/10),4.07,4.35,0.98X
603066,音飞储存,2026-08-10,9.19,2.22%,趋势: 高于MA20 | 动量: 突破转强 (阳线上穿5/10),8.91,10.08,0.95X
000530,冰山冷热,2026-08-10,5.04,2.23%,趋势: 高于MA20 | 动量: 突破转强 (阳线上穿5/10),4.84,5.38,1.13X
600613,神奇制药,2026-08-10,5.19,1.96%,趋势: 高于MA20 | 动量: 突破转强 (阳线上穿5/10),4.94,4.94,1.26X
600350,山东高速,2026-08-10,10.7,-1.47%,趋势: 高于MA20,7.78,10.27,0.99X
002596,海南瑞泽,2026-09-01,3.44,3.30%,趋势: 多头排列 (5>20>60) | 趋势: 高于MA20 | 动量: 突破转强 (阳线上穿5/10),3.27,3.13,1.16X
002055,得润电子,2026-08-10,5.56,-0.18%,趋势: 高于MA20,5.52,6.26,0.91X
603693,江苏新能,2026-08-10,12.49,3.39%,"形态: 两连阴 (-1.77%, -0.82%) | 趋势: 高于MA20 | 动量: 突破转强 (阳线上穿5/10)",8.36,12.58,1.48X
603569,长久物流,2026-08-10,5.94,3.66%,"量能: 放量 (1.51X) | 形态: 两连阴 (-0.17%, -1.38%) | 趋势: 高于MA20 | 动量: 突破转强 (阳线上穿5/10)",5.73,5.77,1.51X
603900,莱绅通灵,2026-09-01,7.17,1.41%,趋势: 多头排列 (5>20>60) | 量能: 放量 (1.54X) | 形态: 10日内有涨停 | 趋势: 高于MA20 | 动量: 突破转强 (阳线上穿5/10),6.41,6.00,1.54X
000886,海南高速,2026-09-01,4.8,1.27%,趋势: 多头排列 (5>20>60) | 趋势: 高于MA20 | 动量: 突破转强 (阳线上穿5/10),4.62,4.43,0.84X
000712,锦龙股份,2026-08-10,9.38,-0.21%,"形态: 10日内有涨停 | 形态: 两连阴 (-3.06%, -1.16%) | 趋势: 高于MA20",8.73,9.25,0.76X
002550,千红制药,2026-08-10,6.83,-2.98%,趋势: 多头排列 (5>20>60) | 量能: 放量 (1.53X),6.85,6.50,1.53X
600223,福瑞达,2026-08-10,5.7,2.89%,趋势: 高于MA20 | 动量: 突破转强 (阳线上穿5/10),5.51,5.58,1.43X
600249,两面针,2026-08-10,5.33,3.90%,趋势: 高于MA20 | 动量: 突破转强 (阳线上穿5/10),4.95,5.02,1.20X
605266,健之佳,2026-08-10,17.02,3.15%,趋势: 高于MA20 | 动量: 突破转强 (阳线上穿5/10),16.36,16.76,1.40X
603889,新澳股份,2026-08-10,5.77,4.15%,"形态: 两连阴 (-0.53%, -1.42%) | 趋势: 高于MA20 | 动量: 突破转强 (阳线上穿5/10)",5.58,5.81,1.27X
600019,宝钢股份,2026-08-10,5.78,0.35%,"形态: 两连阴 (-0.17%, -1.54%)",5.90,5.81,0.84X
000014,沙河股份,2026-08-10,10.19,2.52%,"形态: 两连阴 (-0.30%, -1.58%) | 趋势: 高于MA20 | 动量: 突破转强 (阳线上穿5/10)",9.56,9.98,1.01X
603679,华体科技,2026-08-10,22.44,-0.58%,形态: 10日内有涨停 | 趋势: 高于MA20,18.51,18.61,0.57X
600883,博闻科技,2026-08-10,7.69,3.08%,形态: 10日内有涨停,11.78,9.21,0.79X
600480,凌云股份,2026-08-10,8.77,1.04%,趋势: 高于MA20,8.55,9.63,0.85X
601279,英利汽车,2026-09-01,3.41,0.29%,趋势: 多头排列 (5>20>60) | 趋势: 高于MA20 | 动量: 突破转强 (阳线上穿5/10),3.27,3.18,0.77X
000708,中信特钢,2026-08-10,13.93,0.29%,"形态: 两连阴 (-0.42%, -1.49%) | 趋势: 高于MA20",12.51,13.23,0.97X
600697,欧亚集团,2026-09-01,11.42,2.33%,趋势: 多头排列 (5>20>60) | 趋势: 高于MA20 | 动量: 突破转强 (阳线上穿5/10),10.79,10.31,1.40X
603578,三星新材,2026-08-10,12.09,1.43%,趋势: 高于MA20 | 动量: 突破转强 (阳线上穿5/10),11.55,13.01,1.00X
002327,富安娜,2026-08-10,6.64,2.00%,量能: 放量 (1.52X) | 趋势: 高于MA20 | 动量: 突破转强 (阳线上穿5/10),6.45,6.60,1.52X
603709,中源家居,2026-09-01,12.65,0.64%,趋势: 高于MA20 | 动量: 突破转强 (阳线上穿5/10),11.70,12.67,1.23X
605169,洪通燃气,2026-08-10,10.2,2.51%,趋势: 高于MA20 | 动量: 突破转强 (阳线上穿5/10),7.48,9.55,0.98X
000713,国投丰乐,2026-08-10,5.87,1.91%,趋势: 高于MA20 | 动量: 突破转强 (阳线上穿5/10),5.70,5.72,1.01X
002178,延华智能,2026-08-10,4.63,2.89%,"形态: 两连阴 (-0.65%, -1.75%)",5.21,5.18,0.97X
001289,龙源电力,2026-08-10,16.05,0.50%,"形态: 两连阴 (-1.71%, -0.50%)",16.30,16.88,0.73X
601882,海天精工,2026-08-10,19.88,2.42%,量能: 放量 (1.86X) | 趋势: 高于MA20 | 动量: 突破转强 (阳线上穿5/10),18.82,20.18,1.86X
600327,大东方,2026-08-10,3.94,10.06%,趋势: 多头排列 (5>20>60) | 量能: 放量 (2.67X) | 形态: 10日内有涨停 | 趋势: 高于MA20 | 动量: 突破转强 (阳线上穿5/10),3.57,3.51,2.67X
001387,雪祺电气,2026-08-10,12.08,3.07%,趋势: 高于MA20 | 动量: 突破转强 (阳线上穿5/10),8.88,11.49,0.95X
600858,银座股份,2026-09-01,5.1,2.82%,趋势: 多头排列 (5>20>60) | 趋势: 高于MA20 | 动量: 突破转强 (阳线上穿5/10),4.91,4.73,1.21X
003015,日久光电,2026-08-10,11.7,0.95%,趋势: 高于MA20 | 动量: 突破转强 (阳线上穿5/10),10.73,12.02,0.71X
000037,深南电A,2026-08-10,10.3,2.90%,"形态: 10日内有涨停 | 形态: 两连阴 (-0.40%, -0.60%) | 趋势: 高于MA20 | 动量: 突破转强 (阳线上穿5/10)",9.49,9.90,0.95X
002697,红旗连锁,2026-09-01,4.77,3.92%,趋势: 多头排列 (5>20>60) | 量能: 放量 (1.83X) | 趋势: 高于MA20 | 动量: 突破转强 (阳线上穿5/10),4.62,4.52,1.83X
002295,精艺股份,2026-08-10,8.99,3.45%,趋势: 高于MA20 | 动量: 突破转强 (阳线上穿5/10),8.13,9.15,1.24X
000421,南京公用,2026-08-10,5.47,2.63%,"形态: 两连阴 (-0.37%, -1.30%)",5.60,5.56,1.26X
002676,顺威股份,2026-08-10,5.11,2.40%,"形态: 两连阴 (-0.20%, -0.80%) | 趋势: 高于MA20 | 动量: 突破转强 (阳线上穿5/10)",4.82,5.23,1.25X
002614,奥佳华,2026-08-10,5.02,5.24%,量能: 放量 (1.92X) | 趋势: 高于MA20 | 动量: 突破转强 (阳线上穿5/10),4.68,4.82,1.92X
002530,金财互联,2026-08-10,7.32,1.10%,"形态: 两连阴 (-2.34%, -3.47%) | 趋势: 高于MA20",6.94,7.34,0.46X
600328,中盐化工,2026-08-10,6.45,2.06%,"形态: 两连阴 (-0.78%, -0.32%) | 趋势: 高于MA20 | 动量: 突破转强 (阳线上穿5/10)",6.26,6.51,1.35X
000993,闽东电力,2026-09-01,10.07,1.61%,趋势: 高于MA20 | 动量: 突破转强 (阳线上穿5/10),10.03,10.28,1.34X
002580,圣阳股份,2026-08-10,20.99,10.01%,"形态: 10日内有涨停 | 形态: 两连阴 (-6.28%, -0.16%) | 趋势: 高于MA20 | 动量: 突破转强 (阳线上穿5/10)",17.61,20.78,1.08X
000039,中集集团,2026-09-01,9.04,-0.33%,趋势: 多头排列 (5>20>60),9.06,8.62,0.99X
000812,陕西金叶,2026-08-10,3.66,6.09%,量能: 放量 (1.84X) | 趋势: 高于MA20 | 动量: 突破转强 (阳线上穿5/10),3.37,3.44,1.84X
002328,新朋股份,2026-08-10,7.26,0.69%,趋势: 高于MA20 | 动量: 突破转强 (阳线上穿5/10),6.04,7.65,0.89X
600969,郴电国际,2026-08-10,8.6,3.74%,趋势: 高于MA20 | 动量: 突破转强 (阳线上穿5/10),8.16,8.95,1.37X
002043,兔 宝 宝,2026-08-10,12.7,2.58%,"趋势: 多头排列 (5>20>60) | 形态: 两连阴 (-1.33%, -2.13%) | 趋势: 高于MA20",12.52,12.29,0.77X
603628,清源股份,2026-08-10,9.68,2.22%,趋势: 高于MA20 | 动量: 突破转强 (阳线上穿5/10),9.22,9.94,1.07X
002806,华锋股份,2026-08-10,14.32,3.84%,趋势: 高于MA20 | 动量: 突破转强 (阳线上穿5/10),13.17,16.09,1.17X
600714,金瑞矿业,2026-09-01,18.72,1.03%,形态: 10日内有涨停 | 趋势: 高于MA20 | 动量: 突破转强 (阳线上穿5/10),16.20,17.86,0.88X
002811,郑中设计,2026-08-10,10.55,2.73%,趋势: 高于MA20 | 动量: 突破转强 (阳线上穿5/10),9.96,11.19,0.96X
002457,青龙管业,2026-08-10,11.52,6.37%,"量能: 放量 (1.51X) | 形态: 两连阴 (-2.25%, -0.28%) | 趋势: 高于MA20 | 动量: 突破转强 (阳线上穿5/10)",10.59,12.16,1.51X
000617,中油资本,2026-08-10,7.16,0.99%,趋势: 高于MA20 | 动量: 突破转强 (阳线上穿5/10),7.00,7.24,0.84X
600115,中国东航,2026-08-10,3.7,0.27%,"形态: 两连阴 (-1.06%, -1.34%) | 趋势: 高于MA20",3.65,3.87,0.70X
601968,宝钢包装,2026-08-10,4.54,1.11%,"趋势: 多头排列 (5>20>60) | 形态: 两连阴 (-0.66%, -1.32%) | 趋势: 高于MA20 | 动量: 突破转强 (阳线上穿5/10)",4.38,4.35,0.60X
603227,雪峰科技,2026-09-01,7.8,1.30%,趋势: 多头排列 (5>20>60) | 趋势: 高于MA20 | 动量: 突破转强 (阳线上穿5/10),7.72,7.51,1.11X
002264,新 华 都,2026-08-20,6.65,2.94%,趋势: 多头排列 (5>20>60) | 趋势: 高于MA20 | 动量: 突破转强 (阳线上穿5/10),6.52,6.28,0.86X
600731,湖南海利,2026-08-10,5.85,2.09%,"趋势: 多头排列 (5>20>60) | 形态: 两连阴 (-0.52%, -0.87%) | 趋势: 高于MA20 | 动量: 突破转强 (阳线上穿5/10)",5.56,5.56,1.03X
601222,林洋能源,2026-08-10,5.67,1.25%,"形态: 两连阴 (-1.74%, -0.88%) | 趋势: 高于MA20",5.62,5.85,0.93X
600461,洪城环境,2026-08-10,8.99,1.01%,"形态: 两连阴 (-0.22%, -0.34%)",9.18,9.45,0.97X
000153,丰原药业,2026-08-10,5.84,4.10%,量能: 放量 (1.82X) | 趋势: 高于MA20 | 动量: 突破转强 (阳线上穿5/10),5.11,5.39,1.82X
002007,华兰生物,2026-08-10,13.4,-0.22%,趋势: 多头排列 (5>20>60) | 趋势: 高于MA20,13.27,13.21,1.15X
600226,亨通股份,2026-08-10,6.05,-1.94%,趋势: 高于MA20,5.83,7.26,1.05X
001210,金房能源,2026-08-10,22.6,3.29%,形态: 10日内有涨停 | 趋势: 高于MA20 | 动量: 突破转强 (阳线上穿5/10),19.05,23.43,0.88X
601068,中铝国际,2026-09-01,4.65,0.87%,趋势: 多头排列 (5>20>60) | 趋势: 高于MA20 | 动量: 突破转强 (阳线上穿5/10),4.54,4.53,0.98X
002026,山东威达,2026-08-10,10.73,3.17%,趋势: 高于MA20 | 动量: 突破转强 (阳线上穿5/10),9.89,11.19,1.08X
603602,纵横通信,2026-08-10,11.29,1.44%,趋势: 高于MA20 | 动量: 突破转强 (阳线上穿5/10),10.38,11.82,0.69X
603506,南都物业,2026-09-01,11.51,0.79%,趋势: 多头排列 (5>20>60) | 形态: 10日内有涨停 | 趋势: 高于MA20 | 动量: 突破转强 (阳线上穿5/10),10.89,10.14,1.28X
001258,立新能源,2026-08-10,14.48,10.03%,趋势: 多头排列 (5>20>60) | 形态: 10日内有涨停 | 趋势: 高于MA20 | 动量: 突破转强 (阳线上穿5/10),11.37,9.44,1.14X
600965,福成股份,2026-08-10,2.64,2.72%,"形态: 两连阴 (-0.38%, -2.28%) | 趋势: 高于MA20 | 动量: 突破转强 (阳线上穿5/10)",2.57,2.89,1.01X
603861,白云电器,2026-08-10,12.47,1.63%,"形态: 两连阴 (-1.36%, -0.49%) | 趋势: 高于MA20 | 动量: 突破转强 (阳线上穿5/10)",11.82,14.10,0.95X
600279,重庆港,2026-08-20,4.27,0.47%,趋势: 高于MA20 | 动量: 突破转强 (阳线上穿5/10),4.25,4.28,1.13X
603998,方盛制药,2026-08-10,9.74,0.21%,趋势: 高于MA20 | 动量: 突破转强 (阳线上穿5/10),9.55,9.64,1.05X
002674,兴业科技,2026-08-10,29.52,4.20%,形态: 10日内有涨停 | 趋势: 高于MA20 | 动量: 突破转强 (阳线上穿5/10),18.47,19.66,0.92X
600143,金发科技,2026-08-10,15.71,-3.20%,趋势: 高于MA20,14.80,15.78,0.92X
000801,四川九洲,2026-08-10,11.61,2.02%,"形态: 两连阴 (-1.37%, -0.87%) | 趋势: 高于MA20 | 动量: 突破转强 (阳线上穿5/10)",8.66,11.10,1.03X
600287,苏豪时尚,2026-08-10,4.77,3.47%,趋势: 高于MA20 | 动量: 突破转强 (阳线上穿5/10),4.42,4.72,1.24X
600918,中泰证券,2026-08-10,5.6,0.72%,"形态: 两连阴 (-1.24%, -0.36%)",9.92,6.93,0.74X
002209,达 意 隆,2026-08-10,11.34,3.28%,趋势: 高于MA20 | 动量: 突破转强 (阳线上穿5/10),10.39,11.20,1.33X
603458,勘设股份,2026-09-01,9.59,3.12%,趋势: 高于MA20 | 动量: 突破转强 (阳线上穿5/10),9.51,10.37,1.10X
600153,建发股份,2026-08-10,8.7,0.81%,"形态: 两连阴 (-1.02%, -0.92%)",8.96,9.04,0.74X
003013,地铁设计,2026-08-10,18.35,-4.33%,趋势: 多头排列 (5>20>60) | 趋势: 高于MA20,16.58,15.62,0.99X
002395,双象股份,2026-08-10,12.51,1.87%,趋势: 高于MA20 | 动量: 突破转强 (阳线上穿5/10),11.92,13.19,1.08X
600711,盛屯矿业,2026-09-01,11.81,-0.34%,趋势: 多头排列 (5>20>60),11.90,11.38,0.76X
600191,华资实业,2026-09-01,10.65,-1.39%,"趋势: 多头排列 (5>20>60) | 形态: 两连阴 (-1.16%, -2.44%)",10.79,10.03,0.83X
600195,中牧股份,2026-08-10,6.67,1.68%,趋势: 多头排列 (5>20>60) | 趋势: 高于MA20 | 动量: 突破转强 (阳线上穿5/10),6.50,6.49,1.04X
600917,重庆燃气,2026-08-10,4.87,1.04%,"形态: 两连阴 (-0.41%, -0.41%) | 趋势: 高于MA20 | 动量: 突破转强 (阳线上穿5/10)",4.85,4.96,1.12X
603272,联翔股份,2026-09-01,16.24,0.81%,趋势: 高于MA20 | 动量: 突破转强 (阳线上穿5/10),15.17,20.22,0.86X
002038,双鹭药业,2026-09-01,6.12,2.34%,"趋势: 多头排列 (5>20>60) | 形态: 10日内有涨停 | 形态: 两连阴 (-4.27%, -4.78%)",6.15,5.89,0.59X
000878,云南铜业,2026-08-10,17.16,-0.35%,趋势: 高于MA20,15.65,16.61,0.93X
600995,南网储能,2026-08-10,12.8,1.27%,"形态: 两连阴 (-1.78%, -0.32%) | 趋势: 高于MA20",12.20,13.08,1.07X
000899,赣能股份,2026-08-10,11.04,1.10%,"形态: 两连阴 (-1.17%, -0.18%) | 趋势: 高于MA20 | 动量: 突破转强 (阳线上穿5/10)",10.78,11.56,0.95X
002783,凯龙股份,2026-09-01,8.12,0.62%,趋势: 多头排列 (5>20>60) | 趋势: 高于MA20 | 动量: 突破转强 (阳线上穿5/10),7.87,7.44,1.00X
001300,三柏硕,2026-08-20,11.19,2.57%,形态: 10日内有涨停 | 趋势: 高于MA20,10.66,12.18,0.87X
002418,康盛股份,2026-08-10,3.75,-1.57%,趋势: 高于MA20,3.44,4.12,1.05X
600084,中信尼雅,2026-09-01,4.24,0.00%,趋势: 多头排列 (5>20>60) | 趋势: 高于MA20,4.19,4.19,0.74X
002633,申科股份,2026-08-10,15.21,3.26%,趋势: 高于MA20 | 动量: 突破转强 (阳线上穿5/10),9.02,14.20,1.21X
002346,柘中股份,2026-08-20,23.67,-10.00%,趋势: 多头排列 (5>20>60) | 趋势: 高于MA20,20.16,19.56,1.16X
600312,平高电气,2026-08-10,20.29,-0.88%,趋势: 高于MA20,15.22,17.81,0.65X
603105,芯能科技,2026-09-01,7.88,3.41%,趋势: 多头排列 (5>20>60) | 形态: 10日内有涨停 | 趋势: 高于MA20 | 动量: 突破转强 (阳线上穿5/10),7.37,7.19,0.92X
603028,赛福天,2026-08-20,7.0,2.49%,趋势: 高于MA20 | 动量: 突破转强 (阳线上穿5/10),6.66,6.88,0.97X
600011,华能国际,2026-08-10,6.99,0.00%,"形态: 两连阴 (-1.54%, -0.29%)",7.12,7.55,0.68X
603162,海通发展,2026-09-01,12.37,-0.80%,趋势: 多头排列 (5>20>60) | 趋势: 高于MA20,11.93,10.70,0.95X
603887,城地香江,2026-08-10,9.38,0.11%,"形态: 两连阴 (-1.45%, -1.58%) | 趋势: 高于MA20",8.81,10.36,0.65X
603668,天马科技,2026-08-10,10.92,3.21%,趋势: 高于MA20 | 动量: 突破转强 (阳线上穿5/10),10.81,11.46,1.20X
600897,厦门空港,2026-09-01,15.11,0.67%,趋势: 高于MA20 | 动量: 突破转强 (阳线上穿5/10),14.74,14.82,1.01X
000756,新华制药,2026-08-10,14.13,-0.49%,趋势: 多头排列 (5>20>60) | 趋势: 高于MA20,13.86,13.59,0.98X
600521,华海药业,2026-08-10,18.19,3.65%,趋势: 多头排列 (5>20>60) | 量能: 放量 (1.56X) | 趋势: 高于MA20 | 动量: 突破转强 (阳线上穿5/10),16.77,15.85,1.56X
002451,摩恩电气,2026-08-10,7.51,4.02%,趋势: 高于MA20 | 动量: 突破转强 (阳线上穿5/10),6.87,7.55,1.30X
600615,鑫源智造,2026-08-10,9.6,5.61%,量能: 放量 (1.88X) | 趋势: 高于MA20 | 动量: 突破转强 (阳线上穿5/10),7.07,9.08,1.88X
603333,尚纬股份,2026-08-10,9.24,0.87%,趋势: 高于MA20 | 动量: 突破转强 (阳线上穿5/10),8.39,8.45,0.88X
002729,好利科技,2026-09-01,14.29,3.10%,量能: 放量 (1.99X) | 趋势: 高于MA20 | 动量: 突破转强 (阳线上穿5/10),13.89,15.03,1.99X
600829,人民同泰,2026-08-10,10.54,2.13%,趋势: 多头排列 (5>20>60) | 形态: 10日内有涨停 | 趋势: 高于MA20 | 动量: 突破转强 (阳线上穿5/10),9.44,8.76,1.28X
603050,科林电气,2026-08-10,18.39,2.00%,"形态: 两连阴 (-1.56%, -1.74%) | 趋势: 高于MA20 | 动量: 突破转强 (阳线上穿5/10)",11.84,17.84,0.99X
601788,光大证券,2026-08-10,14.69,0.34%,"形态: 两连阴 (-1.15%, -0.07%) | 趋势: 高于MA20",9.10,12.74,0.76X
002279,久其软件,2026-08-10,7.06,3.37%,"形态: 10日内有涨停 | 形态: 两连阴 (-0.14%, -2.15%) | 趋势: 高于MA20 | 动量: 突破转强 (阳线上穿5/10)",6.34,6.47,0.86X
002140,东华科技,2026-08-10,9.23,1.21%,趋势: 高于MA20 | 动量: 突破转强 (阳线上穿5/10),8.89,9.51,1.19X
600712,南宁百货,2026-09-01,5.8,5.07%,趋势: 多头排列 (5>20>60) | 量能: 放量 (2.01X) | 趋势: 高于MA20 | 动量: 突破转强 (阳线上穿5/10),5.47,5.09,2.01X
000676,智度股份,2026-08-10,7.48,-2.35%,趋势: 多头排列 (5>20>60) | 形态: 10日内有涨停 | 趋势: 高于MA20,6.96,6.13,0.83X
002313,日海智能,2026-08-10,8.34,1.71%,趋势: 高于MA20 | 动量: 突破转强 (阳线上穿5/10),7.86,8.30,0.76X
002465,海格通信,2026-08-10,10.92,0.65%,趋势: 高于MA20 | 动量: 突破转强 (阳线上穿5/10),10.18,12.93,0.92X
002905,金逸影视,2026-08-10,7.85,3.97%,形态: 10日内有涨停,11.84,9.06,1.40X
600189,泉阳泉,2026-09-01,8.05,2.55%,趋势: 多头排列 (5>20>60) | 趋势: 高于MA20 | 动量: 突破转强 (阳线上穿5/10),7.54,7.47,1.11X
600975,新五丰,2026-08-10,5.04,2.23%,趋势: 多头排列 (5>20>60) | 趋势: 高于MA20 | 动量: 突破转强 (阳线上穿5/10),4.94,4.88,1.49X
002195,岩山科技,2026-08-10,7.0,-0.14%,形态: 10日内有涨停 | 趋势: 高于MA20,6.43,6.93,0.72X
600987,航民股份,2026-08-10,6.81,2.10%,趋势: 多头排列 (5>20>60) | 趋势: 高于MA20 | 动量: 突破转强 (阳线上穿5/10),6.60,6.52,1.46X
000920,沃顿科技,2026-08-10,11.67,0.60%,动量: 突破转强 (阳线上穿5/10),11.96,12.69,0.77X
603218,日月股份,2026-08-10,10.08,0.50%,"形态: 两连阴 (-0.49%, -0.50%) | 趋势: 高于MA20",9.85,10.58,0.76X
002548,金新农,2026-09-01,4.42,2.79%,趋势: 多头排列 (5>20>60) | 趋势: 高于MA20 | 动量: 突破转强 (阳线上穿5/10),4.16,4.00,1.04X
000779,甘咨询,2026-08-10,11.57,-9.96%,趋势: 多头排列 (5>20>60) | 形态: 10日内有涨停,11.63,9.21,0.07X
002861,瀛通通讯,2026-08-10,16.36,0.74%,趋势: 高于MA20 | 动量: 突破转强 (阳线上穿5/10),15.93,18.40,0.77X
002370,亚太药业,2026-08-10,5.81,10.04%,形态: 10日内有涨停 | 趋势: 高于MA20 | 动量: 突破转强 (阳线上穿5/10),5.04,5.41,1.25X
605388,均瑶健康,2026-09-01,6.31,2.77%,趋势: 多头排列 (5>20>60) | 趋势: 高于MA20 | 动量: 突破转强 (阳线上穿5/10),6.13,5.48,1.25X
000678,襄阳轴承,2026-08-10,8.96,1.59%,"形态: 两连阴 (-0.89%, -1.34%) | 趋势: 高于MA20 | 动量: 突破转强 (阳线上穿5/10)",8.25,9.67,0.72X
002560,通达股份,2026-08-20,6.09,-0.49%,"形态: 两连阴 (-0.76%, -5.85%)",6.30,7.14,0.86X
002182,宝武镁业,2026-08-10,12.87,1.34%,"形态: 10日内有涨停 | 形态: 两连阴 (-2.67%, -0.55%) | 趋势: 高于MA20 | 动量: 突破转强 (阳线上穿5/10)",10.50,12.95,0.93X
600007,中国国贸,2026-08-10,18.49,1.04%,"形态: 两连阴 (-0.27%, -0.60%)",19.01,19.86,1.00X
600032,浙江新能,2026-08-10,7.65,4.22%,"量能: 放量 (1.64X) | 形态: 两连阴 (-1.21%, -0.27%)",10.17,9.19,1.64X
002787,华源控股,2026-08-10,21.34,-1.61%,趋势: 高于MA20,21.33,25.54,0.68X
603707,健友股份,2026-09-01,8.37,5.42%,量能: 放量 (1.66X) | 趋势: 高于MA20 | 动量: 突破转强 (阳线上穿5/10),8.09,7.76,1.66X
002911,佛燃能源,2026-08-10,11.13,1.64%,"形态: 两连阴 (-0.97%, -2.23%) | 趋势: 高于MA20",9.66,10.35,0.77X
600526,菲达环保,2026-08-10,4.52,3.20%,"量能: 放量 (1.51X) | 形态: 两连阴 (-0.45%, -0.45%) | 趋势: 高于MA20 | 动量: 突破转强 (阳线上穿5/10)",4.35,4.47,1.51X
002908,德生科技,2026-08-10,7.29,1.82%,"形态: 10日内有涨停 | 形态: 两连阴 (-3.03%, -2.59%)",10.26,8.18,0.84X
600730,中国高科,2026-08-10,11.31,-4.15%,趋势: 高于MA20,9.49,11.41,0.77X
600000,浦发银行,2026-08-10,9.29,0.87%,趋势: 多头排列 (5>20>60) | 趋势: 高于MA20,9.21,9.15,0.90X
603017,中衡设计,2026-08-10,9.7,2.43%,趋势: 高于MA20 | 动量: 突破转强 (阳线上穿5/10),8.94,10.49,1.22X
002363,隆基机械,2026-08-20,6.43,1.42%,"形态: 两连阴 (-0.15%, -3.06%) | 趋势: 高于MA20",6.35,6.41,1.03X
002623,亚玛顿,2026-08-10,16.87,7.59%,"形态: 两连阴 (-0.44%, -1.57%) | 趋势: 高于MA20 | 动量: 突破转强 (阳线上穿5/10)",10.06,15.20,1.24X
600215,派斯林,2026-08-10,6.38,1.27%,趋势: 高于MA20 | 动量: 突破转强 (阳线上穿5/10),5.80,6.19,0.94X
000877,天山股份,2026-08-10,3.87,2.11%,趋势: 高于MA20 | 动量: 突破转强 (阳线上穿5/10),3.73,3.94,1.11X
600785,新华百货,2026-08-10,8.96,2.87%,"形态: 两连阴 (-0.23%, -0.34%) | 趋势: 高于MA20 | 动量: 突破转强 (阳线上穿5/10)",8.36,12.02,1.06X
603158,腾龙股份,2026-08-10,11.08,1.47%,量能: 放量 (1.55X) | 趋势: 高于MA20 | 动量: 突破转强 (阳线上穿5/10),9.56,12.15,1.55X
000722,湖南发展,2026-08-10,13.81,1.84%,趋势: 高于MA20 | 动量: 突破转强 (阳线上穿5/10),13.24,13.46,0.97X
600186,莲花控股,2026-08-10,10.88,10.01%,形态: 10日内有涨停 | 趋势: 高于MA20 | 动量: 突破转强 (阳线上穿5/10),9.04,11.00,1.10X
002267,陕天然气,2026-08-10,7.15,0.99%,"形态: 两连阴 (-0.69%, -1.12%)",7.23,7.18,1.03X
600629,华建集团,2026-08-10,16.27,2.20%,形态: 10日内有涨停 | 趋势: 高于MA20 | 动量: 突破转强 (阳线上穿5/10),13.64,14.94,1.08X
002249,大洋电机,2026-08-10,7.44,0.54%,"形态: 两连阴 (-1.32%, -0.80%) | 趋势: 高于MA20",7.13,7.93,0.72X
600556,天下秀,2026-08-10,5.12,-0.39%,"形态: 10日内有涨停 | 形态: 两连阴 (-5.96%, -1.34%)",6.91,5.58,0.52X
002112,三变科技,2026-08-10,17.7,10.01%,"形态: 10日内有涨停 | 形态: 两连阴 (-4.56%, -1.53%) | 趋势: 高于MA20 | 动量: 突破转强 (阳线上穿5/10)",9.30,14.72,1.26X
601226,华电科工,2026-08-10,6.32,1.28%,"形态: 两连阴 (-0.16%, -0.48%) | 趋势: 高于MA20 | 动量: 突破转强 (阳线上穿5/10)",5.96,6.77,0.89X
600326,西藏天路,2026-08-10,8.36,10.00%,量能: 放量 (1.51X) | 形态: 10日内有涨停 | 趋势: 高于MA20 | 动量: 突破转强 (阳线上穿5/10),6.71,7.11,1.51X
600576,祥源文旅,2026-08-10,5.67,2.35%,"形态: 两连阴 (-1.24%, -0.89%) | 趋势: 高于MA20 | 动量: 突破转强 (阳线上穿5/10)",5.65,5.79,1.41X
601002,晋亿实业,2026-08-10,5.47,2.24%,趋势: 多头排列 (5>20>60) | 趋势: 高于MA20 | 动量: 突破转强 (阳线上穿5/10),4.95,4.88,0.51X
002115,三维通信,2026-08-20,10.43,-0.95%,"趋势: 多头排列 (5>20>60) | 形态: 两连阴 (-4.14%, -9.07%)",11.32,11.26,0.60X
002887,绿茵生态,2026-08-10,11.0,3.29%,趋势: 高于MA20 | 动量: 突破转强 (阳线上穿5/10),9.88,11.37,0.73X
601700,风范股份,2026-08-10,7.08,9.94%,趋势: 多头排列 (5>20>60) | 量能: 放量 (1.73X) | 形态: 10日内有涨停 | 趋势: 高于MA20 | 动量: 突破转强 (阳线上穿5/10),5.23,5.02,1.73X
600029,南方航空,2026-08-10,5.15,0.00%,"形态: 两连阴 (-1.15%, -0.58%) | 趋势: 高于MA20",5.13,5.23,0.81X
601827,三峰环境,2026-08-10,8.84,5.11%,趋势: 多头排列 (5>20>60) | 量能: 放量 (2.13X) | 趋势: 高于MA20 | 动量: 突破转强 (阳线上穿5/10),8.14,7.89,2.13X
600517,国网英大,2026-08-10,5.06,0.80%,"形态: 两连阴 (-1.36%, -0.99%)",7.43,5.86,0.91X
603168,莎普爱思,2026-08-10,5.59,3.90%,趋势: 高于MA20 | 动量: 突破转强 (阳线上穿5/10),5.12,5.31,1.18X
002593,日上集团,2026-08-10,4.46,3.00%,趋势: 高于MA20 | 动量: 突破转强 (阳线上穿5/10),4.24,4.39,1.15X
002446,盛路通信,2026-08-20,8.52,2.16%,"形态: 两连阴 (-1.84%, -7.85%) | 趋势: 高于MA20",8.32,9.48,0.63X
000876,新 希 望,2026-08-10,7.15,3.32%,"量能: 放量 (1.54X) | 形态: 两连阴 (-0.29%, -0.43%) | 趋势: 高于MA20 | 动量: 突破转强 (阳线上穿5/10)",6.99,7.08,1.54X
603386,骏亚科技,2026-08-10,13.18,-0.98%,趋势: 高于MA20,12.15,15.47,0.78X
002107,沃华医药,2026-08-10,6.3,0.00%,趋势: 高于MA20,6.17,6.22,0.99X
000551,创元科技,2026-08-20,12.6,-1.64%,"形态: 10日内有涨停 | 形态: 两连阴 (-9.74%, -8.50%)",13.28,15.26,0.63X
002212,天融信,2026-08-10,6.52,-4.12%,形态: 10日内有涨停 | 趋势: 高于MA20,6.05,6.21,0.96X
600543,莫高股份,2026-08-10,3.94,2.60%,趋势: 高于MA20 | 动量: 突破转强 (阳线上穿5/10),3.71,4.08,1.38X
001366,播恩集团,2026-08-10,11.9,2.94%,趋势: 高于MA20 | 动量: 突破转强 (阳线上穿5/10),10.98,12.46,0.98X
603587,地素时尚,2026-08-20,11.8,1.37%,趋势: 高于MA20 | 动量: 突破转强 (阳线上穿5/10),11.66,11.78,0.92X
002319,乐通股份,2026-08-10,12.27,6.88%,趋势: 高于MA20 | 动量: 突破转强 (阳线上穿5/10),10.63,11.15,1.19X
603558,健盛集团,2026-08-10,12.88,2.14%,趋势: 多头排列 (5>20>60) | 趋势: 高于MA20 | 动量: 突破转强 (阳线上穿5/10),12.41,11.91,0.80X
002243,力合科创,2026-08-10,7.27,-0.27%,"形态: 两连阴 (-1.62%, -0.27%)",9.06,8.16,0.65X
600578,京能电力,2026-09-01,5.5,0.55%,"形态: 两连阴 (-1.24%, -1.80%)",5.79,6.24,0.76X
605138,盛泰集团,2026-08-10,5.94,4.58%,趋势: 高于MA20 | 动量: 突破转强 (阳线上穿5/10),5.49,6.15,1.15X
000590,启迪药业,2026-08-10,9.02,2.62%,趋势: 高于MA20 | 动量: 突破转强 (阳线上穿5/10),8.27,9.25,0.88X
600410,华胜天成,2026-08-10,15.69,-0.88%,"形态: 10日内有涨停 | 形态: 两连阴 (-1.11%, -0.88%) | 趋势: 高于MA20",14.18,16.73,0.53X
600643,爱建集团,2026-08-10,3.99,1.79%,"形态: 两连阴 (-0.25%, -3.69%) | 趋势: 高于MA20",3.96,4.07,1.17X
603680,今创集团,2026-08-10,10.65,2.21%,"形态: 两连阴 (-0.28%, -1.61%) | 趋势: 高于MA20 | 动量: 突破转强 (阳线上穿5/10)",9.75,10.84,0.68X
603639,海利尔,2026-08-10,10.74,1.90%,趋势: 高于MA20 | 动量: 突破转强 (阳线上穿5/10),10.50,10.67,1.31X
600546,山煤国际,2026-09-01,13.77,-3.44%,趋势: 多头排列 (5>20>60) | 量能: 放量 (1.64X) | 趋势: 高于MA20,13.29,12.65,1.64X
603759,海天股份,2026-08-10,7.54,4.43%,趋势: 高于MA20 | 动量: 突破转强 (阳线上穿5/10),7.05,7.48,1.34X
002521,齐峰新材,2026-08-10,7.1,3.65%,"量能: 放量 (2.04X) | 形态: 两连阴 (-0.86%, -0.72%) | 趋势: 高于MA20 | 动量: 突破转强 (阳线上穿5/10)",6.78,7.09,2.04X
002330,得利斯,2026-09-01,4.23,2.17%,趋势: 多头排列 (5>20>60) | 趋势: 高于MA20 | 动量: 突破转强 (阳线上穿5/10),4.06,3.82,1.08X
603103,横店影视,2026-08-10,15.49,2.38%,趋势: 高于MA20 | 动量: 突破转强 (阳线上穿5/10),14.17,16.83,1.37X
000937,冀中能源,2026-08-10,4.74,1.28%,趋势: 高于MA20 | 动量: 突破转强 (阳线上穿5/10),4.02,4.63,0.82X
002866,传艺科技,2026-08-10,15.71,1.81%,趋势: 高于MA20 | 动量: 突破转强 (阳线上穿5/10),14.66,17.06,0.76X
002995,天地在线,2026-08-10,18.41,2.05%,"形态: 10日内有涨停 | 形态: 两连阴 (-0.82%, -0.50%) | 趋势: 高于MA20 | 动量: 突破转强 (阳线上穿5/10)",16.48,18.98,0.61X
600826,兰生股份,2026-08-10,8.17,2.00%,"形态: 两连阴 (-2.07%, -0.25%) | 趋势: 高于MA20 | 动量: 突破转强 (阳线上穿5/10)",7.94,8.75,0.96X
603079,圣达生物,2026-08-10,12.21,4.00%,趋势: 高于MA20 | 动量: 突破转强 (阳线上穿5/10),11.04,12.06,1.34X
603856,东宏股份,2026-08-10,11.57,2.94%,"形态: 两连阴 (-0.87%, -0.97%) | 趋势: 高于MA20 | 动量: 突破转强 (阳线上穿5/10)",11.28,12.19,1.13X
001979,招商蛇口,2026-08-10,7.2,2.56%,趋势: 高于MA20 | 动量: 突破转强 (阳线上穿5/10),6.91,7.44,1.14X
002401,中远海科,2026-08-10,12.41,0.73%,"形态: 两连阴 (-0.24%, -1.99%) | 趋势: 高于MA20",11.88,12.44,0.73X
002591,恒大高新,2026-08-10,6.31,3.10%,趋势: 高于MA20 | 动量: 突破转强 (阳线上穿5/10),5.81,6.95,0.95X
603229,奥翔药业,2026-08-10,8.17,1.11%,趋势: 高于MA20 | 动量: 突破转强 (阳线上穿5/10),7.81,8.52,1.29X
002590,万安科技,2026-08-10,9.59,0.74%,"形态: 两连阴 (-1.23%, -1.45%) | 趋势: 高于MA20",9.19,10.53,0.64X
600333,长春燃气,2026-08-10,6.2,2.65%,趋势: 多头排列 (5>20>60) | 趋势: 高于MA20 | 动量: 突破转强 (阳线上穿5/10),5.73,5.61,0.92X
002951,金时科技,2026-08-20,16.07,1.71%,"形态: 10日内有涨停 | 形态: 两连阴 (-10.02%, -5.90%) | 趋势: 高于MA20",14.70,15.30,0.61X
002203,海亮股份,2026-09-01,18.7,-4.05%,"形态: 两连阴 (-2.66%, -1.32%)",19.33,20.14,0.72X
603060,国检集团,2026-08-10,5.56,1.83%,趋势: 高于MA20 | 动量: 突破转强 (阳线上穿5/10),5.37,6.18,0.76X
601665,齐鲁银行,2026-08-10,6.24,0.32%,趋势: 多头排列 (5>20>60) | 趋势: 高于MA20,6.20,6.13,0.83X
600778,友好集团,2026-09-01,5.84,3.55%,趋势: 多头排列 (5>20>60) | 量能: 放量 (1.77X) | 趋势: 高于MA20 | 动量: 突破转强 (阳线上穿5/10),5.55,5.29,1.77X
605050,福然德,2026-08-10,10.94,3.50%,"量能: 放量 (1.51X) | 形态: 两连阴 (-0.38%, -0.38%) | 趋势: 高于MA20 | 动量: 突破转强 (阳线上穿5/10)",10.32,10.41,1.51X
603176,汇通集团,2026-08-10,4.71,3.29%,趋势: 高于MA20 | 动量: 突破转强 (阳线上穿5/10),4.26,4.64,0.94X
603815,交建股份,2026-08-10,5.49,2.62%,"形态: 两连阴 (-1.97%, -2.01%) | 趋势: 高于MA20 | 动量: 突破转强 (阳线上穿5/10)",5.48,5.94,1.01X
600933,爱柯迪,2026-08-10,13.8,1.10%,"形态: 两连阴 (-1.50%, -1.02%) | 趋势: 高于MA20",13.47,15.03,0.85X
002491,通鼎互联,2026-09-01,21.15,-4.82%,"形态: 10日内有涨停 | 形态: 两连阴 (-5.96%, -0.04%) | 趋势: 高于MA20",19.67,22.11,0.57X
600588,用友网络,2026-08-10,11.86,1.19%,趋势: 多头排列 (5>20>60) | 形态: 10日内有涨停 | 趋势: 高于MA20 | 动量: 突破转强 (阳线上穿5/10),10.14,10.13,0.62X
600756,浪潮软件,2026-08-10,15.78,1.41%,"形态: 两连阴 (-4.92%, -1.83%) | 趋势: 高于MA20",11.63,13.08,0.64X
002636,金安国纪,2026-09-01,72.91,-3.75%,形态: 10日内有涨停 | 趋势: 高于MA20,66.22,80.25,0.88X
002797,第一创业,2026-08-10,6.57,0.15%,"形态: 两连阴 (-1.05%, -0.76%) | 趋势: 高于MA20",6.57,6.70,0.73X
605066,天正电气,2026-08-10,6.77,1.65%,趋势: 高于MA20 | 动量: 突破转强 (阳线上穿5/10),6.44,6.83,0.88X
603057,紫燕食品,2026-08-10,23.03,3.46%,"形态: 10日内有涨停 | 形态: 两连阴 (-2.19%, -0.22%) | 趋势: 高于MA20 | 动量: 突破转强 (阳线上穿5/10)",21.31,23.40,1.42X
600802,福建水泥,2026-09-01,4.88,2.31%,趋势: 多头排列 (5>20>60) | 趋势: 高于MA20 | 动量: 突破转强 (阳线上穿5/10),4.60,4.39,1.15X
600738,丽尚国潮,2026-09-01,4.33,3.84%,趋势: 多头排列 (5>20>60) | 趋势: 高于MA20 | 动量: 突破转强 (阳线上穿5/10),4.07,3.91,1.43X
605555,德昌股份,2026-08-10,12.25,1.24%,趋势: 高于MA20 | 动量: 突破转强 (阳线上穿5/10),11.55,13.56,0.99X
001299,美能能源,2026-08-10,10.07,2.44%,趋势: 高于MA20 | 动量: 突破转强 (阳线上穿5/10),9.68,10.72,1.42X
000006,深振业Ａ,2026-08-10,6.85,1.78%,趋势: 高于MA20 | 动量: 突破转强 (阳线上穿5/10),6.41,7.70,1.08X
600097,开创国际,2026-08-10,8.63,3.98%,趋势: 高于MA20 | 动量: 突破转强 (阳线上穿5/10),8.03,8.46,1.32X
000166,申万宏源,2026-08-10,4.56,0.44%,趋势: 多头排列 (5>20>60) | 趋势: 高于MA20,4.52,4.49,0.68X
603855,华荣股份,2026-08-10,16.5,0.06%,"形态: 两连阴 (-0.96%, -0.48%) | 趋势: 高于MA20",11.85,15.73,0.68X
002725,跃岭股份,2026-09-01,11.66,-0.17%,趋势: 高于MA20,11.51,11.70,0.88X
002216,三全食品,2026-08-10,13.15,2.41%,"形态: 两连阴 (-1.00%, -0.08%) | 趋势: 高于MA20 | 动量: 突破转强 (阳线上穿5/10)",12.95,12.67,1.21X
002675,东诚药业,2026-08-10,13.19,0.23%,趋势: 多头排列 (5>20>60) | 量能: 放量 (1.57X) | 趋势: 高于MA20 | 动量: 突破转强 (阳线上穿5/10),12.84,12.62,1.57X
603269,海鸥股份,2026-08-10,15.53,9.99%,形态: 10日内有涨停 | 趋势: 高于MA20 | 动量: 突破转强 (阳线上穿5/10),12.56,18.12,0.69X
600848,上海临港,2026-08-10,8.78,1.39%,"趋势: 多头排列 (5>20>60) | 形态: 两连阴 (-0.57%, -0.46%) | 趋势: 高于MA20 | 动量: 突破转强 (阳线上穿5/10)",8.42,8.28,0.92X
002932,明德生物,2026-08-10,15.26,3.32%,"形态: 两连阴 (-0.07%, -0.74%) | 趋势: 高于MA20 | 动量: 突破转强 (阳线上穿5/10)",14.50,14.98,1.36X
603213,镇洋发展,2026-08-10,13.86,-0.36%,趋势: 高于MA20,13.85,14.07,0.84X
601111,中国国航,2026-08-10,6.09,0.33%,"形态: 两连阴 (-0.97%, -0.98%) | 趋势: 高于MA20",6.05,6.27,0.73X
000686,东北证券,2026-08-10,8.08,0.25%,"形态: 两连阴 (-1.10%, -0.25%) | 趋势: 高于MA20",8.05,8.11,1.02X
000703,恒逸石化,2026-08-10,18.18,2.65%,趋势: 多头排列 (5>20>60) | 趋势: 高于MA20 | 动量: 突破转强 (阳线上穿5/10),15.69,14.37,1.29X
002307,北新路桥,2026-08-10,3.07,1.32%,趋势: 高于MA20,2.97,3.46,0.96X
002291,遥望科技,2026-08-10,5.65,1.44%,"形态: 10日内有涨停 | 形态: 两连阴 (-3.39%, -2.28%) | 趋势: 高于MA20",5.10,5.34,0.47X
000819,岳阳兴长,2026-09-01,12.51,0.32%,趋势: 多头排列 (5>20>60) | 趋势: 高于MA20 | 动量: 突破转强 (阳线上穿5/10),12.06,12.04,1.09X
600415,小商品城,2026-09-01,12.96,3.85%,趋势: 多头排列 (5>20>60) | 量能: 放量 (1.63X) | 趋势: 高于MA20 | 动量: 突破转强 (阳线上穿5/10),12.21,11.37,1.63X
600538,国发股份,2026-08-10,5.39,1.32%,趋势: 高于MA20 | 动量: 突破转强 (阳线上穿5/10),4.80,5.65,1.47X
603335,迪生力,2026-08-10,6.9,-0.86%,形态: 10日内有涨停 | 趋势: 高于MA20,6.01,7.19,0.51X
000036,华联控股,2026-08-10,4.28,1.42%,趋势: 高于MA20 | 动量: 突破转强 (阳线上穿5/10),4.15,4.66,0.78X
603042,华脉科技,2026-08-10,13.17,0.53%,趋势: 高于MA20 | 动量: 突破转强 (阳线上穿5/10),11.68,15.68,0.69X
000755,山西高速,2026-09-01,4.91,1.87%,趋势: 多头排列 (5>20>60) | 趋势: 高于MA20 | 动量: 突破转强 (阳线上穿5/10),4.75,4.64,1.31X
600983,惠而浦,2026-08-10,7.81,1.17%,"形态: 两连阴 (-0.38%, -1.66%) | 趋势: 高于MA20",7.62,7.93,0.98X
601789,宁波建工,2026-08-10,4.37,0.92%,"形态: 两连阴 (-1.12%, -1.81%) | 趋势: 高于MA20",4.23,4.89,0.80X
600131,国网信通,2026-08-10,15.62,0.77%,"形态: 两连阴 (-1.43%, -2.21%) | 趋势: 高于MA20",15.31,15.67,0.80X
601218,吉鑫科技,2026-08-10,4.68,1.74%,趋势: 高于MA20 | 动量: 突破转强 (阳线上穿5/10),4.36,4.73,1.00X
600633,浙数文化,2026-08-10,11.22,-0.09%,"形态: 两连阴 (-0.61%, -0.88%) | 趋势: 高于MA20",10.73,11.14,0.60X
600722,金牛化工,2026-08-10,12.52,10.02%,趋势: 多头排列 (5>20>60) | 形态: 10日内有涨停 | 趋势: 高于MA20 | 动量: 突破转强 (阳线上穿5/10),10.10,9.77,1.18X
003025,思进智能,2026-08-10,12.39,2.23%,趋势: 高于MA20 | 动量: 突破转强 (阳线上穿5/10),11.60,13.80,1.09X
603189,网达软件,2026-09-01,9.47,-0.11%,趋势: 高于MA20,9.36,9.78,0.95X
002875,安奈儿,2026-08-10,13.92,0.80%,趋势: 高于MA20 | 动量: 突破转强 (阳线上穿5/10),12.41,16.00,0.74X
603357,设计总院,2026-08-10,6.09,1.50%,趋势: 高于MA20 | 动量: 突破转强 (阳线上穿5/10),5.92,6.39,1.16X
002439,启明星辰,2026-08-10,14.32,-0.69%,趋势: 多头排列 (5>20>60) | 趋势: 高于MA20,13.78,13.75,0.63X
600509,天富能源,2026-08-10,7.77,0.52%,趋势: 高于MA20 | 动量: 突破转强 (阳线上穿5/10),7.58,8.34,1.01X
600156,华升股份,2026-09-01,8.63,-0.35%,趋势: 多头排列 (5>20>60) | 趋势: 高于MA20,8.37,8.25,0.63X
603421,鼎信通讯,2026-09-01,6.07,0.83%,趋势: 高于MA20 | 动量: 突破转强 (阳线上穿5/10),5.98,5.95,0.81X
603191,望变电气,2026-08-10,14.3,2.88%,"形态: 两连阴 (-1.40%, -1.00%) | 动量: 突破转强 (阳线上穿5/10)",14.42,16.80,1.06X
600956,新天绿能,2026-08-10,7.36,1.38%,"形态: 两连阴 (-1.75%, -0.55%) | 趋势: 高于MA20",7.31,7.79,1.12X
600867,通化东宝,2026-08-10,8.38,-0.48%,趋势: 多头排列 (5>20>60) | 趋势: 高于MA20,8.27,8.12,1.14X
603277,银都股份,2026-08-10,10.69,1.91%,"形态: 两连阴 (-0.74%, -1.96%) | 趋势: 高于MA20",10.44,10.90,1.05X
600116,三峡水利,2026-08-10,6.57,2.66%,"趋势: 多头排列 (5>20>60) | 形态: 两连阴 (-0.91%, -1.54%) | 趋势: 高于MA20",6.44,6.32,1.09X
600178,东安动力,2026-08-10,10.15,6.95%,"量能: 放量 (2.25X) | 形态: 两连阴 (-1.04%, -0.63%)",10.63,9.88,2.25X
002406,远东传动,2026-08-10,6.86,1.48%,趋势: 高于MA20 | 动量: 突破转强 (阳线上穿5/10),6.50,7.18,0.95X
603165,荣晟环保,2026-08-10,14.05,0.57%,趋势: 高于MA20 | 动量: 突破转强 (阳线上穿5/10),13.23,14.68,0.85X
600768,宁波富邦,2026-08-10,14.99,2.11%,趋势: 高于MA20 | 动量: 突破转强 (阳线上穿5/10),13.64,15.28,1.45X
600561,江西长运,2026-08-10,5.78,5.09%,趋势: 高于MA20 | 动量: 突破转强 (阳线上穿5/10),5.16,5.52,1.12X
600874,创业环保,2026-08-10,5.61,1.63%,"形态: 两连阴 (-0.36%, -0.18%) | 趋势: 高于MA20 | 动量: 突破转强 (阳线上穿5/10)",5.53,5.64,1.05X
002833,弘亚数控,2026-08-10,18.8,3.87%,量能: 放量 (1.61X) | 形态: 10日内有涨停 | 趋势: 高于MA20 | 动量: 突破转强 (阳线上穿5/10),17.05,17.97,1.61X
600039,四川路桥,2026-08-10,8.45,1.32%,"形态: 两连阴 (-0.81%, -2.34%)",8.73,8.45,1.08X
002678,珠江钢琴,2026-08-10,4.65,4.03%,趋势: 高于MA20 | 动量: 突破转强 (阳线上穿5/10),4.24,4.89,1.13X
600250,南京商旅,2026-08-10,8.59,2.87%,趋势: 高于MA20 | 动量: 突破转强 (阳线上穿5/10),8.08,8.48,1.12X
600128,苏豪弘业,2026-08-10,8.28,3.89%,趋势: 高于MA20 | 动量: 突破转强 (阳线上穿5/10),7.75,8.31,1.24X
600639,浦东金桥,2026-08-10,9.62,1.80%,"形态: 两连阴 (-0.21%, -1.25%) | 趋势: 高于MA20 | 动量: 突破转强 (阳线上穿5/10)",9.50,9.59,1.18X
002858,力盛体育,2026-09-01,12.39,3.25%,趋势: 多头排列 (5>20>60) | 趋势: 高于MA20 | 动量: 突破转强 (阳线上穿5/10),11.75,11.35,1.32X
000952,广济药业,2026-08-10,6.19,2.31%,趋势: 高于MA20 | 动量: 突破转强 (阳线上穿5/10),5.63,6.04,1.04X
603806,福斯特,2026-08-10,15.3,-1.99%,趋势: 高于MA20,14.53,15.84,1.08X
600006,东风股份,2026-08-10,5.47,1.30%,"形态: 两连阴 (-2.33%, -1.10%) | 趋势: 高于MA20",5.45,5.66,0.93X
002035,华帝股份,2026-08-10,4.9,2.30%,"形态: 两连阴 (-0.62%, -0.62%) | 趋势: 高于MA20 | 动量: 突破转强 (阳线上穿5/10)",4.79,4.88,1.31X
002232,启明信息,2026-08-10,14.75,1.10%,"形态: 两连阴 (-0.53%, -1.95%) | 趋势: 高于MA20",14.01,14.89,0.72X
601857,中国石油,2026-08-10,10.85,0.74%,趋势: 多头排列 (5>20>60) | 趋势: 高于MA20,10.74,10.30,0.84X
000721,西安饮食,2026-08-10,6.75,4.33%,趋势: 多头排列 (5>20>60) | 形态: 10日内有涨停 | 趋势: 高于MA20 | 动量: 突破转强 (阳线上穿5/10),6.15,6.09,1.18X
600737,中粮糖业,2026-08-10,13.96,3.18%,趋势: 高于MA20 | 动量: 突破转强 (阳线上穿5/10),9.16,11.71,1.11X
603027,千禾味业,2026-08-10,7.6,1.74%,"形态: 两连阴 (-1.31%, -0.93%) | 趋势: 高于MA20",7.51,7.55,1.19X
600409,三友化工,2026-08-10,6.93,2.36%,趋势: 高于MA20 | 动量: 突破转强 (阳线上穿5/10),6.31,6.35,1.01X
603500,祥和实业,2026-08-10,9.69,0.52%,趋势: 高于MA20 | 动量: 突破转强 (阳线上穿5/10),8.74,10.45,0.63X
002845,同兴达,2026-09-01,13.83,-0.79%,趋势: 高于MA20,13.19,14.01,0.91X
002093,国脉科技,2026-08-10,6.97,0.43%,"形态: 两连阴 (-1.12%, -1.84%) | 趋势: 高于MA20",6.66,6.90,0.75X
002474,榕基软件,2026-08-10,7.04,10.00%,形态: 10日内有涨停 | 趋势: 高于MA20 | 动量: 突破转强 (阳线上穿5/10),6.01,6.69,1.38X
600820,隧道股份,2026-08-10,5.43,0.37%,"形态: 两连阴 (-0.73%, -0.37%)",5.55,5.51,0.87X
603949,雪龙集团,2026-08-10,14.53,2.11%,趋势: 高于MA20 | 动量: 突破转强 (阳线上穿5/10),13.44,15.68,0.98X
000625,长安汽车,2026-08-10,7.42,0.95%,"形态: 两连阴 (-2.38%, -0.41%) | 趋势: 高于MA20",7.38,7.55,0.70X
002673,西部证券,2026-08-10,6.73,-0.15%,趋势: 多头排列 (5>20>60) | 趋势: 高于MA20,6.68,6.64,0.97X
001236,弘业期货,2026-08-10,7.71,2.66%,"形态: 两连阴 (-1.17%, -1.57%) | 趋势: 高于MA20 | 动量: 突破转强 (阳线上穿5/10)",7.35,7.66,1.16X
600201,生物股份,2026-08-10,13.97,0.79%,趋势: 高于MA20 | 动量: 突破转强 (阳线上穿5/10),12.16,12.21,0.78X
600926,杭州银行,2026-08-10,16.1,0.63%,趋势: 多头排列 (5>20>60) | 趋势: 高于MA20,15.95,15.81,0.82X
600222,太龙药业,2026-08-10,7.81,-0.13%,趋势: 高于MA20,7.32,7.59,0.96X
603598,引力传媒,2026-09-01,18.79,4.80%,量能: 放量 (1.90X) | 趋势: 高于MA20 | 动量: 突破转强 (阳线上穿5/10),17.78,17.39,1.90X
002688,金河生物,2026-08-10,5.25,1.55%,趋势: 高于MA20 | 动量: 突破转强 (阳线上穿5/10),5.03,5.12,0.92X
600376,首开股份,2026-08-20,3.51,-10.00%,趋势: 多头排列 (5>20>60) | 形态: 10日内有涨停,3.97,3.69,0.97X
600997,开滦股份,2026-08-10,5.47,1.11%,"趋势: 多头排列 (5>20>60) | 形态: 两连阴 (-0.71%, -2.70%) | 趋势: 高于MA20",5.40,5.31,1.09X
600888,新疆众和,2026-09-01,10.38,-0.95%,"形态: 两连阴 (-0.28%, -0.29%) | 趋势: 高于MA20",10.21,11.19,1.06X
603982,泉峰汽车,2026-08-10,6.09,3.57%,趋势: 高于MA20 | 动量: 突破转强 (阳线上穿5/10),5.59,6.06,1.14X
600906,财达证券,2026-08-10,6.62,0.46%,"形态: 两连阴 (-0.45%, -0.45%) | 动量: 突破转强 (阳线上穿5/10)",6.82,6.97,0.80X
002508,老板电器,2026-08-10,15.77,3.41%,"形态: 两连阴 (-1.72%, -1.23%) | 趋势: 高于MA20 | 动量: 突破转强 (阳线上穿5/10)",11.87,14.68,1.37X
002229,鸿博股份,2026-08-10,10.67,0.85%,"形态: 两连阴 (-1.82%, -2.13%) | 趋势: 高于MA20",10.00,11.80,0.58X
600299,安迪苏,2026-08-10,8.58,1.54%,趋势: 高于MA20 | 动量: 突破转强 (阳线上穿5/10),8.25,9.29,1.19X
002467,二六三,2026-08-10,4.8,-0.21%,"形态: 两连阴 (-0.41%, -1.03%) | 趋势: 高于MA20",4.54,5.05,0.84X
002066,瑞泰科技,2026-08-10,20.48,-0.53%,趋势: 高于MA20,20.20,22.05,1.01X
002248,华东数控,2026-08-10,10.05,9.96%,量能: 放量 (2.32X) | 形态: 10日内有涨停 | 趋势: 高于MA20 | 动量: 突破转强 (阳线上穿5/10),8.47,9.32,2.32X
002532,天山铝业,2026-08-10,13.94,2.88%,趋势: 高于MA20 | 动量: 突破转强 (阳线上穿5/10),12.88,13.08,1.00X
603172,万丰股份,2026-09-01,19.29,2.33%,趋势: 多头排列 (5>20>60) | 趋势: 高于MA20 | 动量: 突破转强 (阳线上穿5/10),17.77,17.12,1.14X
002949,华阳国际,2026-08-10,10.65,2.31%,趋势: 高于MA20 | 动量: 突破转强 (阳线上穿5/10),9.90,10.95,1.02X
000070,特发信息,2026-09-01,15.66,-0.57%,"形态: 10日内有涨停 | 形态: 两连阴 (-3.58%, -1.01%) | 趋势: 高于MA20",15.10,16.59,0.54X
000030,富奥股份,2026-08-10,4.29,0.70%,趋势: 高于MA20 | 动量: 突破转强 (阳线上穿5/10),4.21,4.31,0.83X
603958,哈森股份,2026-08-10,14.89,0.74%,趋势: 高于MA20 | 动量: 突破转强 (阳线上穿5/10),13.89,17.74,0.91X
002378,章源钨业,2026-09-01,24.73,-3.47%,"形态: 两连阴 (-0.46%, -0.66%)",26.03,28.24,0.87X
600859,王府井,2026-09-01,10.14,2.84%,趋势: 多头排列 (5>20>60) | 趋势: 高于MA20 | 动量: 突破转强 (阳线上穿5/10),10.00,9.89,1.45X
002119,康强电子,2026-08-10,23.9,-0.58%,形态: 10日内有涨停 | 趋势: 高于MA20,20.77,26.92,0.87X
000828,东莞控股,2026-08-10,9.99,0.50%,"形态: 两连阴 (-0.99%, -0.20%) | 趋势: 高于MA20",7.46,9.04,1.10X
000571,新大洲A,2026-09-01,6.13,-0.49%,"形态: 两连阴 (-2.19%, -1.60%)",6.46,6.20,0.91X
002583,海能达,2026-08-20,8.02,1.91%,"形态: 两连阴 (-1.68%, -3.79%)",8.25,8.31,0.94X
601677,明泰铝业,2026-09-01,17.0,0.06%,趋势: 多头排列 (5>20>60) | 趋势: 高于MA20 | 动量: 突破转强 (阳线上穿5/10),16.81,16.47,0.96X
000519,中兵红箭,2026-08-10,15.01,1.69%,趋势: 高于MA20 | 动量: 突破转强 (阳线上穿5/10),14.25,17.66,1.08X
600775,南京熊猫,2026-08-10,10.12,1.81%,"形态: 10日内有涨停 | 形态: 两连阴 (-1.09%, -0.20%) | 趋势: 高于MA20 | 动量: 突破转强 (阳线上穿5/10)",9.31,10.11,0.85X
600104,上汽集团,2026-08-10,10.48,0.29%,"形态: 两连阴 (-0.83%, -2.97%)",10.65,10.92,0.91X
000537,中绿电,2026-08-10,8.32,10.05%,"量能: 放量 (2.20X) | 形态: 10日内有涨停 | 形态: 两连阴 (-1.94%, -0.53%) | 趋势: 高于MA20 | 动量: 突破转强 (阳线上穿5/10)",7.66,8.50,2.20X
601086,国芳集团,2026-08-10,8.17,3.42%,趋势: 多头排列 (5>20>60) | 形态: 10日内有涨停 | 趋势: 高于MA20 | 动量: 突破转强 (阳线上穿5/10),7.41,7.40,1.46X
002085,万丰奥威,2026-08-10,10.84,1.69%,趋势: 高于MA20 | 动量: 突破转强 (阳线上穿5/10),10.36,11.50,1.00X
600372,中航机载,2026-08-10,11.54,2.03%,"趋势: 多头排列 (5>20>60) | 形态: 两连阴 (-1.30%, -0.79%) | 趋势: 高于MA20 | 动量: 突破转强 (阳线上穿5/10)",11.29,11.23,1.20X
002907,华森制药,2026-08-10,13.9,2.96%,趋势: 多头排列 (5>20>60) | 趋势: 高于MA20 | 动量: 突破转强 (阳线上穿5/10),13.14,12.96,1.43X
002490,山东墨龙,2026-08-10,7.92,1.93%,趋势: 高于MA20 | 动量: 突破转强 (阳线上穿5/10),7.70,7.62,1.02X
000566,海南海药,2026-09-01,5.08,2.63%,"形态: 10日内有涨停 | 形态: 两连阴 (-0.20%, -1.79%) | 动量: 突破转强 (阳线上穿5/10)",5.37,5.05,0.77X
002180,纳思达,2026-08-10,18.7,-0.53%,趋势: 多头排列 (5>20>60) | 形态: 10日内有涨停 | 趋势: 高于MA20,17.01,16.17,1.33X
000554,泰山石油,2026-08-10,6.56,1.55%,趋势: 多头排列 (5>20>60) | 趋势: 高于MA20 | 动量: 突破转强 (阳线上穿5/10),6.48,6.46,0.99X
002349,精华制药,2026-08-10,6.89,0.29%,趋势: 高于MA20 | 动量: 突破转强 (阳线上穿5/10),6.51,6.60,1.16X
002083,孚日股份,2026-08-10,12.12,3.41%,形态: 10日内有涨停 | 趋势: 高于MA20 | 动量: 突破转强 (阳线上穿5/10),10.85,10.88,1.03X
002342,巨力索具,2026-08-10,8.41,1.33%,趋势: 高于MA20 | 动量: 突破转强 (阳线上穿5/10),7.64,9.75,0.90X
605268,王力安防,2026-08-10,9.33,3.09%,趋势: 高于MA20 | 动量: 突破转强 (阳线上穿5/10),9.00,9.66,1.28X
600638,新黄浦,2026-08-10,5.04,3.07%,"形态: 两连阴 (-0.20%, -1.81%) | 趋势: 高于MA20 | 动量: 突破转强 (阳线上穿5/10)",4.70,4.99,1.15X
603182,嘉华股份,2026-08-10,12.83,4.48%,趋势: 高于MA20 | 动量: 突破转强 (阳线上穿5/10),11.70,12.38,1.37X
600055,万东医疗,2026-08-10,11.51,0.00%,趋势: 高于MA20,11.02,11.53,1.07X
603321,梅轮电梯,2026-09-01,6.7,0.75%,趋势: 多头排列 (5>20>60) | 趋势: 高于MA20 | 动量: 突破转强 (阳线上穿5/10),6.34,6.08,1.16X
600059,古越龙山,2026-08-10,7.99,1.14%,"趋势: 多头排列 (5>20>60) | 形态: 两连阴 (-1.11%, -1.74%) | 趋势: 高于MA20",7.94,7.92,1.21X
603070,万控智造,2026-08-10,11.8,2.52%,"形态: 两连阴 (-0.68%, -0.95%) | 趋势: 高于MA20 | 动量: 突破转强 (阳线上穿5/10)",11.11,13.54,1.01X
600703,三安光电,2026-08-10,13.82,-4.03%,趋势: 高于MA20,12.82,15.84,0.98X
601339,百隆东方,2026-08-10,8.0,-0.99%,"趋势: 多头排列 (5>20>60) | 形态: 两连阴 (-3.32%, -0.86%)",8.00,7.55,1.43X
605369,拱东医疗,2026-08-10,17.74,2.31%,趋势: 高于MA20 | 动量: 突破转强 (阳线上穿5/10),16.32,17.32,1.11X
600110,诺德股份,2026-09-01,11.91,-1.00%,形态: 10日内有涨停 | 趋势: 高于MA20,10.65,11.87,1.36X
002320,海峡股份,2026-09-01,6.92,4.53%,趋势: 多头排列 (5>20>60) | 趋势: 高于MA20 | 动量: 突破转强 (阳线上穿5/10),6.62,6.57,1.37X
603848,好太太,2026-08-10,13.43,1.21%,"形态: 两连阴 (-0.15%, -0.97%) | 趋势: 高于MA20 | 动量: 突破转强 (阳线上穿5/10)",13.04,13.94,0.92X
600955,维远股份,2026-08-10,12.87,1.26%,趋势: 高于MA20 | 动量: 突破转强 (阳线上穿5/10),8.29,13.38,1.01X
002734,利民股份,2026-08-10,16.56,-1.25%,形态: 10日内有涨停 | 趋势: 高于MA20,14.18,15.94,0.58X
000931,中 关 村,2026-08-10,4.22,1.93%,趋势: 高于MA20 | 动量: 突破转强 (阳线上穿5/10),4.14,4.19,1.19X
603132,金徽股份,2026-08-10,18.8,-0.63%,趋势: 高于MA20,16.05,16.56,0.80X
600120,浙江东方,2026-08-10,5.15,0.59%,趋势: 多头排列 (5>20>60) | 趋势: 高于MA20,5.04,4.82,0.81X
002576,通达动力,2026-08-10,14.78,2.07%,"形态: 两连阴 (-0.82%, -0.34%) | 趋势: 高于MA20 | 动量: 突破转强 (阳线上穿5/10)",13.82,15.13,0.77X
603535,嘉诚国际,2026-09-01,6.44,0.63%,趋势: 高于MA20 | 动量: 突破转强 (阳线上穿5/10),6.40,6.30,0.94X
600331,宏达股份,2026-08-10,14.09,1.51%,趋势: 高于MA20 | 动量: 突破转强 (阳线上穿5/10),12.19,12.98,0.88X
603206,嘉环科技,2026-08-10,14.59,-0.68%,"形态: 10日内有涨停 | 形态: 两连阴 (-3.22%, -2.33%) | 趋势: 高于MA20",10.69,14.99,0.69X
000301,东方盛虹,2026-09-01,14.45,-1.03%,趋势: 多头排列 (5>20>60) | 趋势: 高于MA20,13.28,12.41,1.33X
002079,苏州固锝,2026-08-10,9.67,-0.41%,趋势: 高于MA20,9.34,11.88,0.73X
600268,国电南自,2026-08-10,11.25,0.45%,"形态: 两连阴 (-2.50%, -0.80%) | 趋势: 高于MA20",10.96,12.05,0.81X
603826,坤彩科技,2026-08-10,17.92,2.99%,形态: 10日内有涨停 | 趋势: 高于MA20 | 动量: 突破转强 (阳线上穿5/10),15.80,24.88,1.14X
600704,物产中大,2026-08-10,4.98,0.20%,趋势: 多头排列 (5>20>60) | 趋势: 高于MA20,4.96,4.89,0.94X
000065,北方国际,2026-08-10,9.22,1.21%,"形态: 两连阴 (-0.97%, -0.98%) | 趋势: 高于MA20 | 动量: 突破转强 (阳线上穿5/10)",9.09,10.47,0.99X
002029,七 匹 狼,2026-08-10,9.15,2.81%,趋势: 高于MA20 | 动量: 突破转强 (阳线上穿5/10),8.13,8.36,1.13X
600513,联环药业,2026-08-10,17.67,-2.21%,趋势: 多头排列 (5>20>60) | 形态: 10日内有涨停 | 趋势: 高于MA20,16.81,16.61,1.03X
001318,阳光乳业,2026-09-01,11.97,2.40%,趋势: 多头排列 (5>20>60) | 趋势: 高于MA20 | 动量: 突破转强 (阳线上穿5/10),11.41,10.75,0.93X
002277,友阿股份,2026-09-01,6.26,1.13%,"趋势: 多头排列 (5>20>60) | 形态: 10日内有涨停 | 形态: 两连阴 (-1.54%, -3.43%) | 趋势: 高于MA20",5.99,5.93,0.82X
600257,大湖股份,2026-09-01,5.96,3.29%,趋势: 多头排列 (5>20>60) | 趋势: 高于MA20 | 动量: 突破转强 (阳线上穿5/10),5.57,5.04,1.28X
600351,亚宝药业,2026-08-10,6.96,2.05%,趋势: 多头排列 (5>20>60) | 趋势: 高于MA20 | 动量: 突破转强 (阳线上穿5/10),6.64,6.34,1.08X
002350,北京科锐,2026-08-10,16.68,1.09%,趋势: 高于MA20 | 动量: 突破转强 (阳线上穿5/10),14.85,15.06,0.68X
600930,华电新能,2026-08-10,4.23,0.95%,"形态: 两连阴 (-2.09%, -0.48%)",4.31,5.14,0.78X
600476,湘邮科技,2026-08-10,9.48,-0.11%,趋势: 高于MA20,8.60,9.76,0.70X
600072,中船科技,2026-08-10,9.02,1.81%,"形态: 两连阴 (-0.78%, -0.89%) | 趋势: 高于MA20 | 动量: 突破转强 (阳线上穿5/10)",8.64,9.60,0.93X
002805,丰元股份,2026-08-10,19.09,2.36%,趋势: 高于MA20 | 动量: 突破转强 (阳线上穿5/10),17.80,21.90,1.03X
002570,贝因美,2026-08-10,4.53,1.80%,趋势: 高于MA20 | 动量: 突破转强 (阳线上穿5/10),4.23,4.51,1.05X
002137,实益达,2026-08-10,8.03,0.12%,趋势: 高于MA20 | 动量: 突破转强 (阳线上穿5/10),7.56,9.25,0.76X
002064,华峰化学,2026-08-10,11.83,-1.66%,趋势: 多头排列 (5>20>60) | 趋势: 高于MA20,10.91,10.52,0.95X
603700,宁水集团,2026-08-10,11.79,4.61%,趋势: 高于MA20 | 动量: 突破转强 (阳线上穿5/10),7.22,10.01,1.48X
002645,华宏科技,2026-08-10,20.1,4.63%,趋势: 高于MA20 | 动量: 突破转强 (阳线上穿5/10),11.42,23.35,1.11X
002188,中天服务,2026-09-01,5.79,1.94%,趋势: 多头排列 (5>20>60) | 趋势: 高于MA20 | 动量: 突破转强 (阳线上穿5/10),5.47,5.14,1.45X
600857,宁波中百,2026-09-01,20.76,3.18%,趋势: 多头排列 (5>20>60) | 量能: 放量 (1.76X) | 趋势: 高于MA20 | 动量: 突破转强 (阳线上穿5/10),19.59,18.26,1.76X
605500,森林包装,2026-08-10,7.07,3.21%,趋势: 高于MA20 | 动量: 突破转强 (阳线上穿5/10),6.49,7.25,1.05X
000968,蓝焰控股,2026-08-10,7.23,4.18%,趋势: 高于MA20 | 动量: 突破转强 (阳线上穿5/10),6.92,6.97,1.36X
002724,海洋王,2026-08-10,5.46,2.44%,趋势: 高于MA20 | 动量: 突破转强 (阳线上穿5/10),5.12,5.27,1.39X
002780,三夫户外,2026-08-10,13.59,3.90%,趋势: 高于MA20 | 动量: 突破转强 (阳线上穿5/10),12.69,13.25,1.20X
603567,珍宝岛,2026-09-01,5.73,1.06%,"形态: 两连阴 (-0.68%, -2.58%)",6.24,5.70,0.75X
002731,萃华珠宝,2026-09-01,0.77,0.00%,"形态: 10日内有涨停 | 形态: 两连阴 (-9.57%, -9.41%)",1.38,2.65,0.00X
002686,亿利达,2026-08-10,6.36,0.32%,形态: 10日内有涨停 | 趋势: 高于MA20 | 动量: 突破转强 (阳线上穿5/10),5.63,5.89,0.66X
600560,金自天正,2026-08-10,11.19,2.01%,趋势: 高于MA20 | 动量: 突破转强 (阳线上穿5/10),10.58,11.55,1.16X
603210,泰鸿万立,2026-08-10,13.88,1.91%,趋势: 高于MA20 | 动量: 突破转强 (阳线上穿5/10),13.45,13.92,1.37X
600919,江苏银行,2026-08-10,11.81,1.64%,趋势: 多头排列 (5>20>60) | 趋势: 高于MA20 | 动量: 突破转强 (阳线上穿5/10),11.55,11.39,1.12X
000707,双环科技,2026-08-10,4.6,3.37%,趋势: 高于MA20 | 动量: 突破转强 (阳线上穿5/10),4.36,4.60,1.14X
002691,冀凯股份,2026-08-10,4.31,3.36%,趋势: 高于MA20 | 动量: 突破转强 (阳线上穿5/10),3.88,4.48,0.69X
002900,哈三联,2026-08-10,14.83,10.01%,趋势: 多头排列 (5>20>60) | 量能: 放量 (1.71X) | 形态: 10日内有涨停 | 趋势: 高于MA20 | 动量: 突破转强 (阳线上穿5/10),11.81,10.66,1.71X
601609,金田股份,2026-08-10,10.4,-0.48%,趋势: 高于MA20,9.95,11.42,0.94X
603788,宁波高发,2026-08-10,14.15,0.50%,趋势: 高于MA20 | 动量: 突破转强 (阳线上穿5/10),13.64,14.57,0.81X
000983,山西焦煤,2026-08-10,6.77,2.42%,趋势: 高于MA20 | 动量: 突破转强 (阳线上穿5/10),6.42,6.58,0.92X
600713,南京医药,2026-08-10,5.2,0.39%,趋势: 高于MA20 | 动量: 突破转强 (阳线上穿5/10),4.87,4.99,1.27X
600755,厦门国贸,2026-08-20,5.68,1.25%,"形态: 两连阴 (-0.70%, -0.71%)",5.75,5.74,0.91X
605567,春雪食品,2026-08-10,9.12,3.75%,趋势: 高于MA20 | 动量: 突破转强 (阳线上穿5/10),8.33,8.82,1.18X
002835,同为股份,2026-08-10,12.45,1.55%,趋势: 高于MA20 | 动量: 突破转强 (阳线上穿5/10),8.11,11.23,0.78X
603985,恒润股份,2026-08-10,17.05,1.25%,趋势: 高于MA20 | 动量: 突破转强 (阳线上穿5/10),16.29,21.17,0.88X
002817,黄山胶囊,2026-08-10,6.56,3.47%,趋势: 高于MA20 | 动量: 突破转强 (阳线上穿5/10),6.08,6.42,1.04X
002629,仁智股份,2026-09-01,4.95,1.23%,趋势: 多头排列 (5>20>60) | 趋势: 高于MA20 | 动量: 突破转强 (阳线上穿5/10),4.76,4.57,1.08X
002312,川发龙蟒,2026-08-10,8.61,1.89%,"形态: 两连阴 (-1.05%, -0.47%) | 趋势: 高于MA20 | 动量: 突破转强 (阳线上穿5/10)",8.28,8.84,1.23X
601117,中国化学,2026-08-10,7.8,0.39%,趋势: 多头排列 (5>20>60) | 趋势: 高于MA20 | 动量: 突破转强 (阳线上穿5/10),7.70,7.69,0.79X
603776,永安行,2026-08-10,21.76,1.68%,趋势: 高于MA20 | 动量: 突破转强 (阳线上穿5/10),19.39,20.28,0.83X
603125,常青科技,2026-08-10,23.56,0.13%,形态: 10日内有涨停 | 趋势: 高于MA20 | 动量: 突破转强 (阳线上穿5/10),15.85,23.39,0.68X
603010,万盛股份,2026-08-10,11.35,4.13%,趋势: 高于MA20 | 动量: 突破转强 (阳线上穿5/10),10.44,13.45,1.02X
600834,申通地铁,2026-08-10,7.38,1.23%,趋势: 高于MA20 | 动量: 突破转强 (阳线上穿5/10),7.17,7.22,0.89X
600894,广日股份,2026-08-10,7.94,1.28%,趋势: 高于MA20 | 动量: 突破转强 (阳线上穿5/10),7.76,8.09,0.86X
600776,东方通信,2026-08-10,12.91,-1.00%,趋势: 高于MA20,12.24,13.90,0.87X
002748,世龙实业,2026-08-10,12.0,9.99%,形态: 10日内有涨停 | 趋势: 高于MA20 | 动量: 突破转强 (阳线上穿5/10),10.42,10.89,1.45X
600522,中天科技,2026-09-01,34.01,-3.33%,趋势: 高于MA20,33.74,41.39,0.75X
000417,合百集团,2026-09-01,6.03,4.51%,量能: 放量 (1.85X) | 趋势: 高于MA20 | 动量: 突破转强 (阳线上穿5/10),5.84,6.67,1.85X
002010,传化智联,2026-08-10,4.84,0.41%,"形态: 两连阴 (-2.21%, -0.82%) | 趋势: 高于MA20",4.70,4.88,0.73X
603798,康普顿,2026-08-10,13.82,0.88%,形态: 10日内有涨停 | 趋势: 高于MA20 | 动量: 突破转强 (阳线上穿5/10),12.04,14.28,0.46X
601727,上海电气,2026-08-10,6.85,0.29%,"形态: 两连阴 (-1.99%, -0.73%) | 趋势: 高于MA20",5.30,6.84,0.63X
600550,保变电气,2026-08-10,12.0,1.61%,"形态: 10日内有涨停 | 形态: 两连阴 (-3.41%, -0.76%) | 趋势: 高于MA20",7.97,11.07,0.92X
603836,海程邦达,2026-08-10,8.94,2.17%,趋势: 高于MA20 | 动量: 突破转强 (阳线上穿5/10),8.44,10.05,1.29X
002459,晶澳科技,2026-08-10,7.8,1.04%,趋势: 高于MA20 | 动量: 突破转强 (阳线上穿5/10),7.39,8.33,0.95X
000757,浩物股份,2026-08-10,4.31,5.64%,趋势: 高于MA20 | 动量: 突破转强 (阳线上穿5/10),3.68,3.83,1.18X
002322,理工能科,2026-08-10,10.82,1.31%,趋势: 高于MA20 | 动量: 突破转强 (阳线上穿5/10),10.34,10.74,0.77X
002245,蔚蓝锂芯,2026-08-10,17.19,-2.61%,趋势: 高于MA20,17.03,19.65,1.14X
600230,沧州大化,2026-08-10,15.93,7.06%,趋势: 高于MA20 | 动量: 突破转强 (阳线上穿5/10),13.37,14.18,1.44X
000682,东方电子,2026-08-10,12.21,0.16%,"形态: 两连阴 (-2.00%, -0.65%) | 趋势: 高于MA20",11.95,12.69,0.64X
600155,华创云信,2026-08-10,5.92,0.17%,"趋势: 多头排列 (5>20>60) | 形态: 两连阴 (-1.33%, -0.34%) | 趋势: 高于MA20",5.80,5.66,0.83X
600377,宁沪高速,2026-08-10,11.97,0.93%,"形态: 两连阴 (-0.42%, -0.25%)",12.45,12.36,0.99X
605599,菜百股份,2026-08-10,17.07,6.42%,趋势: 高于MA20 | 动量: 突破转强 (阳线上穿5/10),14.39,14.84,1.27X
600589,大位科技,2026-08-10,8.18,-1.21%,趋势: 高于MA20,7.52,9.52,0.61X
603896,寿仙谷,2026-08-10,15.35,4.35%,量能: 放量 (1.94X) | 趋势: 高于MA20 | 动量: 突破转强 (阳线上穿5/10),13.64,14.51,1.94X
603808,歌力思,2026-08-10,8.54,6.09%,量能: 放量 (1.68X) | 趋势: 高于MA20 | 动量: 突破转强 (阳线上穿5/10),7.64,8.31,1.68X
002167,东方锆业,2026-08-10,18.11,5.17%,趋势: 高于MA20 | 动量: 突破转强 (阳线上穿5/10),16.34,16.60,1.16X
002707,众信旅游,2026-08-10,5.2,1.96%,"形态: 两连阴 (-0.77%, -0.78%) | 趋势: 高于MA20 | 动量: 突破转强 (阳线上穿5/10)",4.99,5.50,0.97X
603527,众源新材,2026-08-10,10.41,4.00%,趋势: 高于MA20 | 动量: 突破转强 (阳线上穿5/10),9.28,11.69,1.32X
603987,康德莱,2026-08-10,7.65,3.10%,量能: 放量 (1.74X) | 趋势: 高于MA20 | 动量: 突破转强 (阳线上穿5/10),7.32,7.33,1.74X
603515,欧普照明,2026-08-10,17.03,0.83%,"形态: 两连阴 (-0.58%, -1.29%)",17.14,17.89,0.91X
002627,三峡旅游,2026-08-10,6.65,2.47%,动量: 突破转强 (阳线上穿5/10),6.68,6.51,0.93X
600973,宝胜股份,2026-08-10,6.3,1.45%,趋势: 高于MA20 | 动量: 突破转强 (阳线上穿5/10),5.84,6.77,0.92X
603995,甬金股份,2026-08-10,24.73,3.95%,形态: 10日内有涨停 | 趋势: 高于MA20 | 动量: 突破转强 (阳线上穿5/10),13.58,18.57,1.11X
603969,银龙股份,2026-09-01,7.8,0.52%,趋势: 高于MA20 | 动量: 突破转强 (阳线上穿5/10),7.38,7.43,0.69X
002534,西子洁能,2026-08-10,15.88,-1.43%,形态: 10日内有涨停 | 趋势: 高于MA20,14.35,17.62,0.64X
002832,比音勒芬,2026-08-10,25.91,5.24%,"趋势: 多头排列 (5>20>60) | 形态: 两连阴 (-1.08%, -3.87%) | 趋势: 高于MA20 | 动量: 突破转强 (阳线上穿5/10)",23.74,21.62,1.14X
003039,顺控发展,2026-08-10,12.18,3.22%,趋势: 高于MA20 | 动量: 突破转强 (阳线上穿5/10),11.64,12.01,1.29X
601156,东航物流,2026-08-10,17.87,3.00%,趋势: 多头排列 (5>20>60) | 趋势: 高于MA20 | 动量: 突破转强 (阳线上穿5/10),16.73,16.48,1.22X
002012,凯恩股份,2026-08-10,6.66,1.22%,形态: 10日内有涨停 | 趋势: 高于MA20 | 动量: 突破转强 (阳线上穿5/10),5.79,6.71,0.53X
603758,秦安股份,2026-08-10,11.53,10.02%,量能: 放量 (1.64X) | 形态: 10日内有涨停 | 趋势: 高于MA20 | 动量: 突破转强 (阳线上穿5/10),9.30,10.03,1.64X
002538,司尔特,2026-08-10,7.18,2.72%,趋势: 多头排列 (5>20>60) | 趋势: 高于MA20 | 动量: 突破转强 (阳线上穿5/10),6.41,6.24,1.18X
002302,西部建设,2026-08-10,5.09,4.73%,量能: 放量 (1.84X) | 形态: 10日内有涨停 | 趋势: 高于MA20 | 动量: 突破转强 (阳线上穿5/10),4.59,4.75,1.84X
002982,湘佳股份,2026-08-10,12.4,4.82%,量能: 放量 (1.64X) | 趋势: 高于MA20 | 动量: 突破转强 (阳线上穿5/10),11.71,12.19,1.64X
000821,京山轻机,2026-08-10,7.27,0.00%,"形态: 两连阴 (-1.48%, -0.82%) | 趋势: 高于MA20",7.08,8.15,0.63X
600839,四川长虹,2026-08-10,6.94,1.31%,"形态: 两连阴 (-0.99%, -1.86%)",6.94,7.09,0.87X
603898,好莱客,2026-09-01,11.41,-0.52%,趋势: 高于MA20,11.26,12.28,0.84X
601997,贵阳银行,2026-08-10,5.64,0.89%,"形态: 两连阴 (-0.35%, -0.89%) | 趋势: 高于MA20",5.59,5.63,0.86X
002986,宇新股份,2026-08-10,12.8,4.15%,量能: 放量 (1.68X) | 趋势: 高于MA20 | 动量: 突破转强 (阳线上穿5/10),8.57,10.89,1.68X
603033,三维股份,2026-09-01,7.64,0.53%,动量: 突破转强 (阳线上穿5/10),7.69,8.34,0.88X
000818,航锦科技,2026-08-10,13.82,2.45%,"形态: 两连阴 (-1.10%, -0.37%) | 趋势: 高于MA20 | 动量: 突破转强 (阳线上穿5/10)",12.86,13.73,0.78X
603258,电魂网络,2026-08-10,13.41,2.44%,"形态: 10日内有涨停 | 形态: 两连阴 (-0.82%, -1.80%) | 趋势: 高于MA20 | 动量: 突破转强 (阳线上穿5/10)",12.17,12.88,0.84X
002939,长城证券,2026-08-10,8.33,2.46%,"量能: 放量 (1.97X) | 形态: 两连阴 (-1.32%, -0.85%) | 趋势: 高于MA20 | 动量: 突破转强 (阳线上穿5/10)",5.92,7.59,1.97X
600579,中化装备,2026-08-10,7.33,0.69%,趋势: 高于MA20 | 动量: 突破转强 (阳线上穿5/10),7.07,7.18,0.99X
002044,美年健康,2026-09-01,4.75,1.93%,动量: 突破转强 (阳线上穿5/10),4.84,4.83,1.37X
000066,中国长城,2026-08-10,14.71,-0.74%,趋势: 高于MA20,11.76,16.16,0.68X
002543,万和电气,2026-08-10,6.71,2.44%,"形态: 两连阴 (-0.90%, -0.91%) | 趋势: 高于MA20 | 动量: 突破转强 (阳线上穿5/10)",6.57,6.84,1.21X
600129,太极集团,2026-08-10,16.25,-0.18%,趋势: 多头排列 (5>20>60) | 趋势: 高于MA20,15.87,14.57,1.17X
002123,梦网科技,2026-09-01,8.43,3.18%,趋势: 高于MA20 | 动量: 突破转强 (阳线上穿5/10),8.28,8.07,1.25X
600366,宁波韵升,2026-08-10,12.54,2.37%,趋势: 高于MA20 | 动量: 突破转强 (阳线上穿5/10),11.62,13.13,0.89X
000973,佛塑科技,2026-08-10,13.68,9.97%,量能: 放量 (1.93X) | 形态: 10日内有涨停 | 趋势: 高于MA20 | 动量: 突破转强 (阳线上穿5/10),12.11,13.61,1.93X
002519,银河电子,2026-08-10,5.72,3.25%,量能: 放量 (1.54X) | 趋势: 高于MA20 | 动量: 突破转强 (阳线上穿5/10),5.18,5.99,1.54X
002552,宝鼎科技,2026-08-10,52.36,10.00%,量能: 放量 (1.51X) | 形态: 10日内有涨停 | 趋势: 高于MA20 | 动量: 突破转强 (阳线上穿5/10),42.64,53.18,1.51X
601969,海南矿业,2026-09-01,9.74,1.04%,趋势: 多头排列 (5>20>60) | 趋势: 高于MA20 | 动量: 突破转强 (阳线上穿5/10),9.39,8.88,1.00X
603155,新亚强,2026-08-10,14.1,0.14%,动量: 突破转强 (阳线上穿5/10),14.43,20.04,0.90X
000533,顺钠股份,2026-08-10,12.65,4.29%,形态: 10日内有涨停 | 趋势: 高于MA20 | 动量: 突破转强 (阳线上穿5/10),10.21,10.59,1.11X
003037,三和管桩,2026-08-10,5.84,2.46%,形态: 10日内有涨停,8.64,7.15,1.23X
605108,同庆楼,2026-08-10,13.1,3.56%,趋势: 高于MA20 | 动量: 突破转强 (阳线上穿5/10),12.23,12.52,1.29X
603006,联明股份,2026-08-10,11.25,2.18%,趋势: 高于MA20 | 动量: 突破转强 (阳线上穿5/10),10.42,12.56,0.96X
600833,第一医药,2026-08-10,11.01,9.99%,量能: 放量 (1.64X) | 形态: 10日内有涨停 | 趋势: 高于MA20 | 动量: 突破转强 (阳线上穿5/10),9.79,10.01,1.64X
603601,再升科技,2026-08-20,8.84,-1.78%,"形态: 两连阴 (-1.28%, -10.00%)",9.05,11.58,0.90X
600783,鲁信创投,2026-08-20,18.62,-7.78%,量能: 放量 (2.15X) | 形态: 10日内有涨停 | 趋势: 高于MA20,17.26,18.96,2.15X
002682,龙洲股份,2026-08-20,4.55,2.48%,"形态: 10日内有涨停 | 形态: 两连阴 (-6.47%, -6.92%) | 趋势: 高于MA20",4.48,4.51,0.54X
600470,六国化工,2026-08-10,5.77,2.30%,"形态: 两连阴 (-0.52%, -1.23%) | 趋势: 高于MA20 | 动量: 突破转强 (阳线上穿5/10)",5.45,5.77,0.97X
600336,澳柯玛,2026-09-01,6.3,0.64%,"趋势: 多头排列 (5>20>60) | 形态: 两连阴 (-0.94%, -0.63%) | 趋势: 高于MA20",6.27,6.26,1.03X
600382,广东明珠,2026-08-10,6.53,2.35%,趋势: 高于MA20 | 动量: 突破转强 (阳线上穿5/10),6.28,7.27,0.99X
002114,罗平锌电,2026-08-10,7.66,6.09%,趋势: 高于MA20 | 动量: 突破转强 (阳线上穿5/10),6.53,7.26,1.38X
002462,嘉事堂,2026-09-01,12.49,2.46%,趋势: 多头排列 (5>20>60) | 量能: 放量 (1.58X) | 趋势: 高于MA20 | 动量: 突破转强 (阳线上穿5/10),12.18,12.00,1.58X
603000,人民网,2026-08-10,17.06,-0.23%,"形态: 两连阴 (-1.03%, -1.10%) | 趋势: 高于MA20",16.18,16.41,0.54X
600559,老白干酒,2026-08-10,12.16,1.00%,趋势: 高于MA20 | 动量: 突破转强 (阳线上穿5/10),8.02,10.77,1.12X
605366,宏柏新材,2026-08-10,8.29,-2.01%,形态: 10日内有涨停 | 趋势: 高于MA20,7.70,10.17,0.90X
600884,杉杉股份,2026-09-01,11.9,-0.17%,"形态: 两连阴 (-0.91%, -1.00%)",12.10,12.70,0.75X
600452,涪陵电力,2026-08-10,9.73,0.52%,"形态: 两连阴 (-1.62%, -0.31%) | 趋势: 高于MA20",9.69,10.52,0.74X
002434,万里扬,2026-08-10,5.8,0.35%,趋势: 高于MA20,5.57,6.38,0.77X
600692,亚通股份,2026-09-01,6.62,1.07%,趋势: 多头排列 (5>20>60) | 趋势: 高于MA20 | 动量: 突破转强 (阳线上穿5/10),6.27,5.90,0.93X
601611,中国核建,2026-08-10,11.91,1.88%,"形态: 10日内有涨停 | 形态: 两连阴 (-5.67%, -2.42%) | 趋势: 高于MA20",10.70,11.05,0.61X
600475,华光环能,2026-08-10,14.58,-0.21%,"形态: 10日内有涨停 | 形态: 两连阴 (-4.90%, -2.27%) | 趋势: 高于MA20",13.90,14.63,0.65X
000026,飞亚达,2026-08-10,19.07,9.98%,形态: 10日内有涨停 | 趋势: 高于MA20 | 动量: 突破转强 (阳线上穿5/10),16.75,19.56,1.10X
002771,真视通,2026-08-10,12.91,1.33%,"形态: 两连阴 (-0.54%, -1.55%) | 趋势: 高于MA20 | 动量: 突破转强 (阳线上穿5/10)",11.99,13.70,0.66X
600757,长江传媒,2026-08-10,7.76,0.13%,"趋势: 多头排列 (5>20>60) | 形态: 两连阴 (-2.26%, -0.26%)",7.85,7.81,1.10X
603328,依顿电子,2026-09-01,10.94,-2.23%,趋势: 高于MA20,10.92,11.25,0.94X
600167,联美控股,2026-08-10,5.83,0.87%,"形态: 两连阴 (-0.84%, -1.53%)",5.83,6.02,1.07X
600100,同方股份,2026-08-10,7.1,0.14%,"形态: 两连阴 (-0.69%, -0.84%) | 趋势: 高于MA20",6.92,7.23,0.76X
605077,华康股份,2026-08-10,11.24,1.63%,趋势: 高于MA20 | 动量: 突破转强 (阳线上穿5/10),10.65,12.64,0.96X
601019,山东出版,2026-08-10,7.07,1.29%,"形态: 两连阴 (-1.52%, -2.38%)",12.06,8.66,1.04X
002419,天虹股份,2026-08-10,4.61,2.22%,"形态: 两连阴 (-0.22%, -1.10%) | 趋势: 高于MA20 | 动量: 突破转强 (阳线上穿5/10)",4.48,4.58,0.95X
002003,伟星股份,2026-08-10,10.35,1.37%,趋势: 多头排列 (5>20>60) | 趋势: 高于MA20,10.09,9.31,0.80X
600419,天润乳业,2026-09-01,9.1,3.41%,趋势: 多头排列 (5>20>60) | 量能: 放量 (1.89X) | 趋势: 高于MA20 | 动量: 突破转强 (阳线上穿5/10),8.83,8.23,1.89X
000758,中色股份,2026-09-01,6.44,0.78%,趋势: 高于MA20 | 动量: 突破转强 (阳线上穿5/10),6.17,6.23,0.69X
003022,联泓新科,2026-08-10,20.59,1.83%,趋势: 高于MA20 | 动量: 突破转强 (阳线上穿5/10),19.12,22.95,1.04X
002828,贝肯能源,2026-08-10,12.87,10.00%,"形态: 10日内有涨停 | 形态: 两连阴 (-3.47%, -2.26%) | 趋势: 高于MA20 | 动量: 突破转强 (阳线上穿5/10)",12.23,10.81,0.95X
002221,东华能源,2026-08-10,5.64,1.44%,"形态: 两连阴 (-1.23%, -1.42%) | 趋势: 高于MA20",5.50,5.99,1.12X
002660,茂硕电源,2026-08-10,7.24,4.62%,趋势: 高于MA20 | 动量: 突破转强 (阳线上穿5/10),6.45,7.03,0.99X
000623,吉林敖东,2026-08-10,18.28,0.83%,趋势: 高于MA20 | 动量: 突破转强 (阳线上穿5/10),10.67,15.30,1.17X
603137,恒尚节能,2026-08-10,27.58,0.29%,形态: 10日内有涨停 | 趋势: 高于MA20 | 动量: 突破转强 (阳线上穿5/10),27.09,18.89,1.19X
600109,国金证券,2026-08-10,8.73,0.00%,趋势: 高于MA20,7.31,8.18,0.92X
601128,常熟银行,2026-08-10,6.13,0.16%,"形态: 两连阴 (-0.16%, -1.45%)",6.26,6.44,0.93X
002516,旷达科技,2026-08-10,5.4,0.37%,"形态: 两连阴 (-2.00%, -0.37%) | 趋势: 高于MA20",5.27,5.67,0.71X
600668,尖峰集团,2026-08-10,7.58,2.16%,趋势: 高于MA20 | 动量: 突破转强 (阳线上穿5/10),7.23,7.52,1.42X
002790,瑞尔特,2026-09-01,6.42,0.94%,趋势: 多头排列 (5>20>60) | 趋势: 高于MA20 | 动量: 突破转强 (阳线上穿5/10),5.94,5.72,1.40X
002125,湘潭电化,2026-09-01,12.73,-1.55%,"形态: 两连阴 (-1.14%, -0.77%)",12.81,13.63,0.83X
603408,建霖家居,2026-08-10,10.57,2.22%,趋势: 高于MA20 | 动量: 突破转强 (阳线上穿5/10),10.18,10.27,0.73X
002037,保利联合,2026-09-01,7.07,1.43%,趋势: 高于MA20 | 动量: 突破转强 (阳线上穿5/10),7.00,6.56,0.91X
002381,双箭股份,2026-08-10,5.53,3.75%,趋势: 高于MA20 | 动量: 突破转强 (阳线上穿5/10),5.21,5.49,1.15X
002339,积成电子,2026-09-01,7.61,1.60%,趋势: 多头排列 (5>20>60) | 趋势: 高于MA20 | 动量: 突破转强 (阳线上穿5/10),7.31,7.14,1.09X
000932,华菱钢铁,2026-09-01,3.69,1.65%,趋势: 高于MA20,3.67,3.68,0.67X
600416,湘电股份,2026-08-20,8.42,0.24%,"形态: 两连阴 (-2.22%, -4.44%)",8.98,9.60,0.80X
002324,普利特,2026-08-10,9.49,0.96%,趋势: 高于MA20 | 动量: 突破转强 (阳线上穿5/10),9.07,11.25,0.83X
600916,中国黄金,2026-08-10,8.1,4.25%,趋势: 高于MA20 | 动量: 突破转强 (阳线上穿5/10),7.50,7.56,1.23X
603883,老百姓,2026-08-10,12.74,2.82%,趋势: 多头排列 (5>20>60) | 趋势: 高于MA20 | 动量: 突破转强 (阳线上穿5/10),12.43,12.04,1.26X
002763,汇洁股份,2026-08-20,7.61,0.53%,"形态: 两连阴 (-0.26%, -1.30%) | 趋势: 高于MA20",7.31,7.32,0.86X
000048,京基智农,2026-08-10,21.87,2.20%,趋势: 多头排列 (5>20>60) | 形态: 10日内有涨停 | 趋势: 高于MA20 | 动量: 突破转强 (阳线上穿5/10),19.59,18.47,0.74X
002476,宝莫股份,2026-08-10,4.64,2.65%,趋势: 高于MA20 | 动量: 突破转强 (阳线上穿5/10),4.36,4.90,1.16X
600125,铁龙物流,2026-08-10,5.49,0.92%,趋势: 高于MA20,5.49,5.50,1.12X
002343,慈文传媒,2026-08-10,5.23,2.35%,"形态: 两连阴 (-0.58%, -1.16%) | 趋势: 高于MA20 | 动量: 突破转强 (阳线上穿5/10)",4.79,4.90,0.86X
603511,爱慕股份,2026-08-10,12.44,4.54%,趋势: 高于MA20 | 动量: 突破转强 (阳线上穿5/10),7.72,11.11,1.37X
000998,隆平高科,2026-08-10,8.38,2.07%,"趋势: 多头排列 (5>20>60) | 形态: 两连阴 (-0.36%, -0.48%) | 趋势: 高于MA20 | 动量: 突破转强 (阳线上穿5/10)",8.22,8.16,1.01X
600373,中文传媒,2026-08-10,7.29,1.25%,"形态: 两连阴 (-2.40%, -1.50%)",7.29,7.32,0.95X
600232,金鹰股份,2026-09-01,6.67,0.76%,趋势: 多头排列 (5>20>60) | 趋势: 高于MA20 | 动量: 突破转强 (阳线上穿5/10),6.40,6.27,0.85X
601890,亚星锚链,2026-08-10,8.63,1.77%,"形态: 两连阴 (-0.82%, -0.12%) | 趋势: 高于MA20 | 动量: 突破转强 (阳线上穿5/10)",8.35,8.67,1.09X
002334,英威腾,2026-08-10,6.71,0.75%,"形态: 两连阴 (-0.89%, -0.60%) | 趋势: 高于MA20",6.48,7.63,0.94X
000716,黑芝麻,2026-09-01,5.91,0.68%,趋势: 多头排列 (5>20>60) | 量能: 放量 (1.83X) | 形态: 10日内有涨停 | 趋势: 高于MA20 | 动量: 突破转强 (阳线上穿5/10),5.11,4.66,1.83X
600172,黄河旋风,2026-09-01,14.64,1.24%,形态: 10日内有涨停 | 趋势: 高于MA20 | 动量: 突破转强 (阳线上穿5/10),13.25,13.71,1.03X
601949,中国出版,2026-08-10,5.3,0.38%,"趋势: 多头排列 (5>20>60) | 形态: 两连阴 (-2.00%, -2.22%) | 趋势: 高于MA20",5.21,5.10,0.70X
001324,长青科技,2026-08-10,19.68,2.39%,量能: 放量 (1.72X) | 趋势: 高于MA20 | 动量: 突破转强 (阳线上穿5/10),10.65,16.25,1.72X
603323,苏农银行,2026-09-01,4.51,3.68%,趋势: 高于MA20 | 动量: 突破转强 (阳线上穿5/10),4.24,4.26,1.46X
002732,燕塘乳业,2026-09-01,14.46,2.05%,趋势: 多头排列 (5>20>60) | 趋势: 高于MA20 | 动量: 突破转强 (阳线上穿5/10),13.86,13.30,1.13X
605577,龙版传媒,2026-08-10,9.77,2.84%,"形态: 两连阴 (-0.41%, -1.04%) | 趋势: 高于MA20 | 动量: 突破转强 (阳线上穿5/10)",6.39,8.68,1.08X
603871,嘉友国际,2026-09-01,13.79,1.10%,趋势: 多头排列 (5>20>60) | 趋势: 高于MA20 | 动量: 突破转强 (阳线上穿5/10),12.80,12.06,0.41X
002166,莱茵生物,2026-09-01,6.93,1.76%,趋势: 多头排列 (5>20>60) | 趋势: 高于MA20 | 动量: 突破转强 (阳线上穿5/10),6.81,6.74,1.29X
002996,顺博合金,2026-08-10,6.36,1.44%,趋势: 高于MA20 | 动量: 突破转强 (阳线上穿5/10),6.17,6.37,1.10X
000567,海德股份,2026-09-01,7.09,3.05%,趋势: 多头排列 (5>20>60) | 形态: 10日内有涨停 | 趋势: 高于MA20 | 动量: 突破转强 (阳线上穿5/10),6.26,6.00,1.08X
002165,红 宝 丽,2026-08-10,6.97,5.29%,量能: 放量 (1.52X) | 趋势: 高于MA20 | 动量: 突破转强 (阳线上穿5/10),6.28,6.78,1.52X
601998,中信银行,2026-08-10,7.52,0.80%,形态: 10日内有涨停 | 趋势: 高于MA20,6.91,7.25,1.02X
000862,银星能源,2026-09-01,5.35,1.71%,动量: 突破转强 (阳线上穿5/10),5.40,5.30,1.28X
600861,北京人力,2026-08-10,13.32,0.60%,"形态: 两连阴 (-0.15%, -2.50%) | 趋势: 高于MA20",9.81,12.36,1.02X
000739,普洛药业,2026-09-01,21.84,0.74%,动量: 突破转强 (阳线上穿5/10),21.85,19.45,1.05X
600620,天宸股份,2026-08-10,4.33,3.34%,趋势: 高于MA20 | 动量: 突破转强 (阳线上穿5/10),4.07,4.33,1.06X
000605,渤海股份,2026-08-10,6.03,4.51%,趋势: 高于MA20 | 动量: 突破转强 (阳线上穿5/10),5.57,5.87,1.21X
605122,四方新材,2026-08-10,11.33,4.14%,趋势: 高于MA20 | 动量: 突破转强 (阳线上穿5/10),10.37,11.60,1.26X
601816,京沪高铁,2026-08-10,5.1,1.19%,趋势: 多头排列 (5>20>60) | 趋势: 高于MA20,5.01,4.87,0.94X
600787,中储股份,2026-08-10,4.61,0.44%,"形态: 两连阴 (-0.64%, -1.08%) | 趋势: 高于MA20",3.97,4.36,0.80X
601163,三角轮胎,2026-08-10,13.4,1.28%,趋势: 高于MA20 | 动量: 突破转强 (阳线上穿5/10),7.89,11.68,1.09X
603866,桃李面包,2026-08-10,4.35,1.64%,"形态: 两连阴 (-0.23%, -0.70%) | 趋势: 高于MA20 | 动量: 突破转强 (阳线上穿5/10)",4.17,4.23,1.01X
002090,金智科技,2026-08-10,9.52,1.60%,"形态: 两连阴 (-1.15%, -0.64%)",10.41,10.02,0.82X
603633,徕木股份,2026-09-01,6.75,0.60%,趋势: 高于MA20 | 动量: 突破转强 (阳线上穿5/10),6.45,6.58,1.30X
603839,安正时尚,2026-08-10,7.07,5.21%,"形态: 两连阴 (-0.44%, -0.59%) | 趋势: 高于MA20 | 动量: 突破转强 (阳线上穿5/10)",6.37,6.50,1.05X
601699,潞安环能,2026-08-10,16.29,0.18%,形态: 10日内有涨停 | 趋势: 高于MA20 | 动量: 突破转强 (阳线上穿5/10),15.28,15.84,0.79X
600192,长城电工,2026-08-10,7.89,10.04%,"形态: 10日内有涨停 | 形态: 两连阴 (-5.78%, -2.32%) | 趋势: 高于MA20 | 动量: 突破转强 (阳线上穿5/10)",6.63,7.03,0.96X
603368,柳药集团,2026-08-10,15.82,1.22%,趋势: 高于MA20 | 动量: 突破转强 (阳线上穿5/10),15.57,15.71,1.28X
000011,深物业A,2026-08-10,7.93,2.19%,"形态: 10日内有涨停 | 形态: 两连阴 (-0.37%, -4.20%) | 趋势: 高于MA20",6.75,6.99,0.90X
002752,昇兴股份,2026-09-01,6.18,1.31%,趋势: 多头排列 (5>20>60) | 趋势: 高于MA20 | 动量: 突破转强 (阳线上穿5/10),5.99,5.98,0.90X
002062,宏润建设,2026-08-10,7.91,-2.22%,趋势: 高于MA20,7.46,7.87,0.84X
603222,济民健康,2026-08-10,8.83,0.68%,形态: 10日内有涨停 | 趋势: 高于MA20 | 动量: 突破转强 (阳线上穿5/10),8.45,8.58,0.84X
601607,上海医药,2026-08-10,16.72,0.12%,趋势: 高于MA20 | 动量: 突破转强 (阳线上穿5/10),16.66,16.34,1.11X
601177,杭齿前进,2026-08-10,13.37,1.60%,"形态: 两连阴 (-0.45%, -0.30%) | 趋势: 高于MA20 | 动量: 突破转强 (阳线上穿5/10)",12.68,14.05,0.93X
002559,亚威股份,2026-08-10,9.78,1.03%,趋势: 高于MA20 | 动量: 突破转强 (阳线上穿5/10),9.42,10.55,0.90X
603488,展鹏科技,2026-08-10,8.53,2.16%,趋势: 高于MA20 | 动量: 突破转强 (阳线上穿5/10),6.19,9.44,0.74X
603739,蔚蓝生物,2026-08-10,12.24,2.09%,量能: 放量 (1.57X) | 趋势: 高于MA20 | 动量: 突破转强 (阳线上穿5/10),10.69,11.95,1.57X
600718,东软集团,2026-08-10,8.36,0.97%,"趋势: 多头排列 (5>20>60) | 形态: 两连阴 (-1.52%, -1.78%) | 趋势: 高于MA20",8.16,8.01,0.96X
600876,凯盛新能,2026-08-10,7.11,2.60%,趋势: 高于MA20 | 动量: 突破转强 (阳线上穿5/10),6.67,7.70,1.17X
002681,奋达科技,2026-08-10,4.6,0.66%,"形态: 10日内有涨停 | 形态: 两连阴 (-1.47%, -2.35%)",6.62,5.56,0.70X
600305,恒顺醋业,2026-08-10,6.96,2.20%,"形态: 两连阴 (-1.29%, -1.02%)",7.48,7.06,1.44X
002695,煌上煌,2026-09-01,11.0,0.64%,趋势: 高于MA20 | 动量: 突破转强 (阳线上穿5/10),10.98,10.47,1.35X
601528,瑞丰银行,2026-08-10,4.92,0.61%,"趋势: 多头排列 (5>20>60) | 形态: 两连阴 (-0.80%, -1.81%) | 趋势: 高于MA20",4.88,4.75,0.96X
002685,华东重机,2026-08-10,5.52,1.85%,趋势: 高于MA20 | 动量: 突破转强 (阳线上穿5/10),5.21,6.47,1.24X
603536,惠发食品,2026-09-01,9.92,2.90%,趋势: 多头排列 (5>20>60) | 趋势: 高于MA20 | 动量: 突破转强 (阳线上穿5/10),9.58,8.74,1.16X
600611,大众交通,2026-08-10,4.56,0.22%,形态: 10日内有涨停 | 趋势: 高于MA20,4.13,4.29,0.71X
600528,中铁工业,2026-08-10,7.17,0.42%,"形态: 两连阴 (-0.55%, -0.97%)",11.78,8.67,0.84X
603095,越剑智能,2026-08-20,13.87,-2.32%,"形态: 10日内有涨停 | 形态: 两连阴 (-5.54%, -8.51%) | 趋势: 高于MA20",13.26,14.75,0.78X
603313,梦百合,2026-09-01,6.64,-1.48%,趋势: 多头排列 (5>20>60) | 量能: 放量 (1.63X) | 形态: 10日内有涨停 | 趋势: 高于MA20,6.21,6.07,1.63X
002072,凯瑞德,2026-08-10,7.3,1.53%,趋势: 高于MA20 | 动量: 突破转强 (阳线上穿5/10),6.91,7.81,0.76X
002103,广博股份,2026-09-01,6.95,0.72%,趋势: 多头排列 (5>20>60) | 量能: 放量 (1.62X) | 趋势: 高于MA20 | 动量: 突破转强 (阳线上穿5/10),6.66,6.34,1.62X
601900,南方传媒,2026-08-10,11.84,0.94%,"趋势: 多头排列 (5>20>60) | 形态: 两连阴 (-0.42%, -0.51%) | 趋势: 高于MA20 | 动量: 突破转强 (阳线上穿5/10)",11.74,11.66,0.70X
002063,远光软件,2026-08-10,5.63,1.08%,"形态: 两连阴 (-1.72%, -2.45%) | 趋势: 高于MA20",5.45,5.53,0.56X
002849,威星智能,2026-08-10,16.5,-2.08%,趋势: 高于MA20,14.25,15.86,1.01X
002871,伟隆股份,2026-09-01,18.89,1.78%,趋势: 高于MA20 | 动量: 突破转强 (阳线上穿5/10),17.05,18.30,1.42X
002416,爱施德,2026-08-10,9.67,0.83%,"形态: 两连阴 (-1.22%, -1.34%) | 趋势: 高于MA20",9.42,10.02,0.77X
600446,金证股份,2026-08-10,11.26,1.17%,"形态: 两连阴 (-2.31%, -2.62%) | 趋势: 高于MA20",10.60,11.51,0.49X
600523,贵航股份,2026-08-10,11.59,2.75%,"形态: 两连阴 (-0.44%, -0.88%) | 趋势: 高于MA20 | 动量: 突破转强 (阳线上穿5/10)",11.34,11.48,1.24X
600797,浙大网新,2026-08-10,7.46,4.19%,"形态: 两连阴 (-1.21%, -2.32%) | 趋势: 高于MA20 | 动量: 突破转强 (阳线上穿5/10)",7.24,7.28,1.11X
601098,中南传媒,2026-08-10,10.49,0.58%,"形态: 两连阴 (-1.67%, -1.32%) | 趋势: 高于MA20",10.39,10.55,0.99X
603167,渤海轮渡,2026-08-10,8.76,0.69%,"形态: 两连阴 (-0.68%, -0.23%) | 趋势: 高于MA20 | 动量: 突破转强 (阳线上穿5/10)",8.65,8.88,0.88X
002810,山东赫达,2026-09-01,21.72,1.40%,量能: 放量 (1.55X) | 趋势: 高于MA20 | 动量: 突破转强 (阳线上穿5/10),20.98,21.69,1.55X
600640,国脉文化,2026-08-10,10.75,0.37%,"形态: 两连阴 (-1.90%, -1.29%) | 趋势: 高于MA20",10.45,10.84,1.06X
002441,众业达,2026-08-10,8.03,1.52%,"形态: 两连阴 (-0.75%, -0.63%) | 趋势: 高于MA20 | 动量: 突破转强 (阳线上穿5/10)",7.81,8.46,1.13X
600706,曲江文旅,2026-08-10,7.9,3.95%,趋势: 高于MA20 | 动量: 突破转强 (阳线上穿5/10),7.19,7.51,1.06X
002749,国光股份,2026-08-10,9.11,5.81%,"量能: 放量 (2.09X) | 形态: 两连阴 (-0.46%, -0.12%) | 趋势: 高于MA20 | 动量: 突破转强 (阳线上穿5/10)",8.59,8.75,2.09X
603223,恒通股份,2026-08-10,10.8,-1.28%,趋势: 高于MA20,7.48,9.80,0.94X
002057,中钢天源,2026-08-10,8.92,2.18%,趋势: 高于MA20 | 动量: 突破转强 (阳线上穿5/10),8.11,9.87,0.91X
002878,元隆雅图,2026-08-10,12.71,3.17%,"形态: 两连阴 (-0.56%, -1.68%) | 趋势: 高于MA20 | 动量: 突破转强 (阳线上穿5/10)",11.73,13.01,0.92X
601311,骆驼股份,2026-08-10,7.93,0.76%,"形态: 两连阴 (-0.88%, -0.38%) | 趋势: 高于MA20",7.88,8.17,0.90X
002455,百川股份,2026-08-10,7.38,4.68%,量能: 放量 (2.51X) | 趋势: 高于MA20 | 动量: 突破转强 (阳线上穿5/10),6.47,7.58,2.51X
001201,东瑞股份,2026-08-10,11.93,4.10%,量能: 放量 (1.55X) | 趋势: 高于MA20 | 动量: 突破转强 (阳线上穿5/10),11.42,11.45,1.55X
600989,宝丰能源,2026-08-10,23.9,0.97%,趋势: 多头排列 (5>20>60) | 趋势: 高于MA20 | 动量: 突破转强 (阳线上穿5/10),23.03,23.01,0.97X
002097,山河智能,2026-08-10,7.46,2.90%,"形态: 两连阴 (-0.27%, -1.36%) | 趋势: 高于MA20 | 动量: 突破转强 (阳线上穿5/10)",7.07,7.77,1.19X
605001,威奥股份,2026-08-10,5.68,4.03%,趋势: 高于MA20 | 动量: 突破转强 (阳线上穿5/10),5.23,5.81,1.17X
002228,合兴包装,2026-08-20,3.11,1.97%,"形态: 两连阴 (-0.95%, -2.24%) | 趋势: 高于MA20",3.08,3.12,0.92X
002461,珠江啤酒,2026-08-10,8.81,1.38%,"形态: 两连阴 (-0.34%, -1.36%) | 趋势: 高于MA20",8.60,8.72,0.83X
601990,南京证券,2026-08-10,6.76,0.30%,"形态: 两连阴 (-1.31%, -0.44%)",6.83,6.75,0.82X
002036,联创电子,2026-09-01,7.29,2.10%,趋势: 高于MA20 | 动量: 突破转强 (阳线上穿5/10),7.01,7.34,1.49X
600851,海欣股份,2026-08-10,8.47,1.19%,趋势: 高于MA20 | 动量: 突破转强 (阳线上穿5/10),8.04,8.13,1.20X
601319,中国人保,2026-08-10,7.07,-0.28%,"形态: 两连阴 (-0.97%, -0.42%)",7.34,7.26,0.68X
000592,平潭发展,2026-08-10,6.71,2.60%,趋势: 高于MA20 | 动量: 突破转强 (阳线上穿5/10),5.90,7.17,0.77X
002772,众兴菌业,2026-08-10,10.93,2.15%,趋势: 高于MA20 | 动量: 突破转强 (阳线上穿5/10),10.33,12.18,0.97X
002250,联化科技,2026-08-10,17.54,5.85%,趋势: 多头排列 (5>20>60) | 趋势: 高于MA20 | 动量: 突破转强 (阳线上穿5/10),15.95,14.90,1.46X
002300,太阳电缆,2026-08-10,7.9,10.03%,"量能: 放量 (1.77X) | 形态: 10日内有涨停 | 形态: 两连阴 (-1.76%, -1.10%)",10.49,8.68,1.77X
603128,华贸物流,2026-08-10,5.32,1.33%,"形态: 两连阴 (-0.38%, -0.94%)",5.99,5.53,0.91X
600241,时代万恒,2026-08-10,7.26,1.82%,趋势: 高于MA20 | 动量: 突破转强 (阳线上穿5/10),6.80,7.17,1.19X
600444,国机通用,2026-08-10,13.8,2.68%,趋势: 高于MA20 | 动量: 突破转强 (阳线上穿5/10),12.80,13.99,1.04X
600854,春兰股份,2026-08-10,4.54,3.18%,趋势: 高于MA20 | 动量: 突破转强 (阳线上穿5/10),4.26,4.49,1.20X
600573,惠泉啤酒,2026-08-10,9.9,2.70%,"形态: 两连阴 (-0.51%, -0.52%) | 趋势: 高于MA20 | 动量: 突破转强 (阳线上穿5/10)",9.44,10.64,1.11X
600062,华润双鹤,2026-08-10,16.4,0.24%,动量: 突破转强 (阳线上穿5/10),16.70,16.73,1.11X
003000,劲仔食品,2026-08-10,10.85,2.17%,"形态: 两连阴 (-0.56%, -0.28%) | 趋势: 高于MA20 | 动量: 突破转强 (阳线上穿5/10)",10.46,10.49,1.13X
600051,宁波联合,2026-08-10,6.26,2.96%,趋势: 高于MA20 | 动量: 突破转强 (阳线上穿5/10),5.87,6.19,1.32X
603708,家家悦,2026-08-10,9.57,2.68%,"趋势: 多头排列 (5>20>60) | 形态: 两连阴 (-0.21%, -1.17%) | 趋势: 高于MA20 | 动量: 突破转强 (阳线上穿5/10)",9.37,9.37,1.26X
600986,浙文互联,2026-08-10,8.03,-0.37%,形态: 10日内有涨停 | 趋势: 高于MA20,7.19,7.73,0.52X
603626,科森科技,2026-09-01,19.93,-4.09%,趋势: 多头排列 (5>20>60) | 形态: 10日内有涨停 | 趋势: 高于MA20,17.63,17.37,0.86X
002039,黔源电力,2026-08-10,19.98,1.11%,趋势: 高于MA20 | 动量: 突破转强 (阳线上穿5/10),19.77,20.18,1.27X
002284,亚太股份,2026-09-01,10.22,2.61%,趋势: 高于MA20 | 动量: 突破转强 (阳线上穿5/10),9.64,9.65,1.31X
601238,广汽集团,2026-09-01,5.24,0.38%,趋势: 高于MA20,5.22,5.29,0.84X
601133,柏诚股份,2026-08-10,26.3,0.57%,动量: 突破转强 (阳线上穿5/10),27.54,30.17,0.79X
002299,圣农发展,2026-08-10,17.14,3.82%,"量能: 放量 (1.58X) | 形态: 两连阴 (-0.06%, -0.72%) | 趋势: 高于MA20 | 动量: 突破转强 (阳线上穿5/10)",16.33,16.35,1.58X
002020,京新药业,2026-09-01,12.97,1.09%,"形态: 两连阴 (-1.43%, -1.76%)",13.61,13.52,0.73X
002492,恒基达鑫,2026-08-10,5.64,1.99%,趋势: 高于MA20 | 动量: 突破转强 (阳线上穿5/10),5.26,5.74,0.88X
600302,标准股份,2026-08-10,6.6,1.85%,趋势: 高于MA20 | 动量: 突破转强 (阳线上穿5/10),6.11,8.28,0.75X
001217,华尔泰,2026-09-01,10.76,-0.83%,趋势: 多头排列 (5>20>60) | 趋势: 高于MA20,10.06,9.38,1.19X
000507,珠海港,2026-08-10,5.03,1.00%,趋势: 多头排列 (5>20>60) | 趋势: 高于MA20 | 动量: 突破转强 (阳线上穿5/10),4.96,4.96,1.01X
600516,方大炭素,2026-08-10,5.22,0.58%,"形态: 两连阴 (-0.95%, -0.38%) | 趋势: 高于MA20",5.14,5.46,0.88X
002186,全 聚 德,2026-08-10,9.42,2.84%,趋势: 高于MA20 | 动量: 突破转强 (阳线上穿5/10),6.97,8.39,1.35X
605300,佳禾食品,2026-09-01,10.73,10.05%,趋势: 多头排列 (5>20>60) | 量能: 放量 (2.08X) | 形态: 10日内有涨停 | 趋势: 高于MA20 | 动量: 突破转强 (阳线上穿5/10),9.83,9.37,2.08X
002846,英联股份,2026-08-10,10.9,2.35%,形态: 10日内有涨停 | 趋势: 高于MA20 | 动量: 突破转强 (阳线上穿5/10),9.94,11.29,0.74X
002950,奥美医疗,2026-08-10,9.59,1.70%,趋势: 高于MA20 | 动量: 突破转强 (阳线上穿5/10),8.79,9.35,1.20X
000035,中国天楹,2026-08-10,4.91,1.87%,"形态: 两连阴 (-4.06%, -2.82%) | 趋势: 高于MA20",4.75,5.11,0.70X
002347,泰尔股份,2026-08-20,5.92,1.20%,"形态: 两连阴 (-0.16%, -4.26%) | 趋势: 高于MA20",5.81,6.00,0.46X
000789,万年青,2026-08-10,4.16,2.46%,趋势: 高于MA20 | 动量: 突破转强 (阳线上穿5/10),4.01,4.16,1.26X
000890,法尔胜,2026-09-01,9.16,1.44%,形态: 10日内有涨停 | 趋势: 高于MA20 | 动量: 突破转强 (阳线上穿5/10),7.70,7.74,1.47X
002357,富临运业,2026-08-10,9.06,1.91%,趋势: 高于MA20 | 动量: 突破转强 (阳线上穿5/10),8.69,9.47,1.04X
000911,广农糖业,2026-08-10,4.95,8.79%,量能: 放量 (1.59X) | 趋势: 高于MA20 | 动量: 突破转强 (阳线上穿5/10),4.19,4.62,1.59X
002031,巨轮智能,2026-08-20,5.12,-9.06%,形态: 10日内有涨停,5.37,5.59,0.78X
002655,共达电声,2026-08-10,31.27,6.43%,形态: 10日内有涨停 | 趋势: 高于MA20 | 动量: 突破转强 (阳线上穿5/10),27.02,35.19,1.07X
002101,广东鸿图,2026-08-10,8.75,0.11%,"形态: 两连阴 (-1.00%, -1.69%)",8.86,8.98,1.32X
000833,粤桂股份,2026-08-10,20.59,1.83%,趋势: 高于MA20 | 动量: 突破转强 (阳线上穿5/10),19.65,22.41,1.20X
003018,金富科技,2026-08-10,38.3,-3.72%,形态: 10日内有涨停,39.29,55.71,0.95X
600353,旭光电子,2026-09-01,33.68,-7.98%,形态: 10日内有涨停 | 趋势: 高于MA20,32.62,34.34,0.87X
600348,华阳股份,2026-08-10,8.72,2.83%,趋势: 高于MA20 | 动量: 突破转强 (阳线上穿5/10),8.54,8.70,0.88X
601777,千里科技,2026-08-10,8.41,-1.18%,"形态: 两连阴 (-1.82%, -1.39%) | 趋势: 高于MA20",7.91,9.11,0.75X
600493,凤竹纺织,2026-08-10,6.13,3.55%,趋势: 高于MA20 | 动量: 突破转强 (阳线上穿5/10),5.60,6.11,1.25X
600468,百利电气,2026-08-10,6.63,6.25%,"形态: 10日内有涨停 | 形态: 两连阴 (-4.30%, -3.26%) | 趋势: 高于MA20 | 动量: 突破转强 (阳线上穿5/10)",5.69,5.95,0.86X
000524,岭南控股,2026-09-01,10.51,2.14%,趋势: 多头排列 (5>20>60) | 趋势: 高于MA20 | 动量: 突破转强 (阳线上穿5/10),9.71,9.19,0.80X
600236,桂冠电力,2026-08-10,10.89,0.83%,"趋势: 多头排列 (5>20>60) | 形态: 10日内有涨停 | 形态: 两连阴 (-1.44%, -1.55%) | 趋势: 高于MA20",10.81,10.34,0.94X
603960,克来机电,2026-08-10,16.21,0.50%,趋势: 高于MA20 | 动量: 突破转强 (阳线上穿5/10),15.07,18.33,0.67X
603858,步长制药,2026-08-10,15.87,-0.50%,趋势: 高于MA20,15.79,15.38,1.15X
002471,中超控股,2026-08-10,5.89,1.55%,趋势: 高于MA20 | 动量: 突破转强 (阳线上穿5/10),5.26,6.32,0.62X
603966,法兰泰克,2026-08-10,8.13,2.65%,趋势: 高于MA20 | 动量: 突破转强 (阳线上穿5/10),7.06,8.75,1.06X
000925,众合科技,2026-08-10,7.77,1.97%,趋势: 高于MA20 | 动量: 突破转强 (阳线上穿5/10),7.12,8.08,1.01X
603331,百达精工,2026-08-10,13.25,6.43%,量能: 放量 (1.77X) | 趋势: 高于MA20 | 动量: 突破转强 (阳线上穿5/10),11.28,11.83,1.77X
002546,新联电子,2026-08-10,8.64,0.47%,趋势: 多头排列 (5>20>60) | 趋势: 高于MA20,8.31,7.71,0.51X
600662,外服控股,2026-08-10,4.5,2.27%,"趋势: 多头排列 (5>20>60) | 形态: 两连阴 (-1.55%, -1.12%) | 趋势: 高于MA20 | 动量: 突破转强 (阳线上穿5/10)",4.35,4.32,0.94X
603073,彩蝶实业,2026-08-10,16.75,4.10%,趋势: 高于MA20 | 动量: 突破转强 (阳线上穿5/10),15.09,16.46,1.00X
000795,英洛华,2026-08-10,8.74,0.23%,趋势: 高于MA20 | 动量: 突破转强 (阳线上穿5/10),8.37,8.87,0.94X
600604,市北高新,2026-08-10,4.48,0.90%,趋势: 高于MA20,4.31,4.34,0.66X
605399,晨光新材,2026-08-10,10.99,2.23%,趋势: 高于MA20 | 动量: 突破转强 (阳线上穿5/10),10.78,12.94,0.88X
601236,红塔证券,2026-08-10,7.05,0.57%,趋势: 多头排列 (5>20>60),7.05,6.96,0.83X
600048,保利发展,2026-08-10,5.36,1.13%,趋势: 高于MA20 | 动量: 突破转强 (阳线上穿5/10),5.11,5.17,0.96X
002582,好想你,2026-09-01,10.71,2.10%,趋势: 高于MA20 | 动量: 突破转强 (阳线上穿5/10),10.58,9.67,1.10X
600732,爱旭股份,2026-08-10,12.28,0.82%,"形态: 两连阴 (-1.36%, -1.46%) | 趋势: 高于MA20",12.03,12.35,0.90X
600595,中孚实业,2026-09-01,6.4,2.56%,趋势: 高于MA20 | 动量: 突破转强 (阳线上穿5/10),6.35,6.25,1.41X
600185,珠免集团,2026-09-01,4.85,5.90%,趋势: 多头排列 (5>20>60) | 量能: 放量 (2.04X) | 趋势: 高于MA20 | 动量: 突破转强 (阳线上穿5/10),4.68,4.67,2.04X
600197,伊力特,2026-08-10,10.57,2.22%,"形态: 两连阴 (-0.38%, -0.39%) | 趋势: 高于MA20 | 动量: 突破转强 (阳线上穿5/10)",10.29,10.71,1.22X
002170,芭田股份,2026-08-10,11.69,1.12%,趋势: 高于MA20 | 动量: 突破转强 (阳线上穿5/10),7.69,10.16,1.05X
603214,爱婴室,2026-09-01,14.19,1.79%,趋势: 多头排列 (5>20>60) | 趋势: 高于MA20 | 动量: 突破转强 (阳线上穿5/10),13.75,13.09,0.99X
000910,大亚圣象,2026-08-10,5.41,3.05%,趋势: 高于MA20 | 动量: 突破转强 (阳线上穿5/10),5.14,5.66,1.12X
600099,林海股份,2026-08-10,8.9,3.49%,趋势: 高于MA20 | 动量: 突破转强 (阳线上穿5/10),8.21,9.00,1.00X
002925,盈趣科技,2026-08-10,23.21,-1.78%,趋势: 高于MA20,21.82,21.96,0.87X
001356,富岭股份,2026-08-10,8.8,2.09%,量能: 放量 (1.53X) | 趋势: 高于MA20 | 动量: 突破转强 (阳线上穿5/10),8.58,9.11,1.53X
000550,江铃汽车,2026-08-10,16.37,1.24%,"形态: 两连阴 (-1.97%, -1.40%)",16.49,16.81,1.12X
603002,宏昌电子,2026-09-01,16.75,-4.50%,形态: 10日内有涨停 | 趋势: 高于MA20,15.97,17.73,0.87X
603927,中科软,2026-08-10,13.92,1.02%,"形态: 两连阴 (-1.34%, -1.78%) | 趋势: 高于MA20",13.48,14.05,0.81X
600548,深高速,2026-08-10,8.38,0.36%,"形态: 两连阴 (-0.71%, -0.83%)",8.54,8.61,0.81X
002667,威领股份,2026-09-01,18.38,-1.39%,"趋势: 多头排列 (5>20>60) | 形态: 10日内有涨停 | 形态: 两连阴 (-1.91%, -1.89%) | 趋势: 高于MA20",16.43,13.63,0.69X
002598,山东章鼓,2026-08-10,6.73,1.51%,趋势: 高于MA20 | 动量: 突破转强 (阳线上穿5/10),6.46,6.89,1.06X
600037,歌华有线,2026-08-10,7.02,0.86%,"趋势: 多头排列 (5>20>60) | 形态: 两连阴 (-0.84%, -1.56%) | 趋势: 高于MA20",6.84,6.83,0.79X
000159,国际实业,2026-09-01,5.96,-0.33%,趋势: 多头排列 (5>20>60) | 趋势: 高于MA20,5.84,5.64,0.99X
000815,美利云,2026-08-10,18.22,1.05%,"形态: 10日内有涨停 | 形态: 两连阴 (-2.86%, -1.53%) | 趋势: 高于MA20",15.71,15.99,0.86X
603348,文灿股份,2026-08-10,14.53,2.18%,"形态: 10日内有涨停 | 形态: 两连阴 (-0.96%, -1.46%) | 趋势: 高于MA20 | 动量: 突破转强 (阳线上穿5/10)",13.79,14.70,0.77X
605008,长鸿高科,2026-09-01,13.34,2.62%,趋势: 多头排列 (5>20>60) | 趋势: 高于MA20 | 动量: 突破转强 (阳线上穿5/10),12.45,11.90,0.83X
601898,中煤能源,2026-09-01,15.43,-4.69%,趋势: 多头排列 (5>20>60) | 趋势: 高于MA20,14.50,13.93,1.23X
000001,平安银行,2026-08-10,11.29,0.89%,趋势: 多头排列 (5>20>60) | 趋势: 高于MA20,11.15,10.86,0.80X
603936,博敏电子,2026-08-10,15.36,-3.58%,形态: 10日内有涨停 | 趋势: 高于MA20,14.11,20.26,1.46X
601825,沪农商行,2026-08-10,8.24,-0.60%,"形态: 两连阴 (-0.12%, -0.84%)",8.30,8.31,0.85X
002603,以岭药业,2026-08-10,16.89,-0.59%,趋势: 高于MA20,16.88,16.02,0.90X
003003,天元股份,2026-08-20,11.07,2.12%,"形态: 两连阴 (-0.45%, -2.52%) | 趋势: 高于MA20 | 动量: 突破转强 (阳线上穿5/10)",10.48,10.61,0.96X
600596,新安股份,2026-08-10,11.16,0.90%,趋势: 高于MA20 | 动量: 突破转强 (阳线上穿5/10),10.52,12.92,0.89X
002575,群兴玩具,2026-09-01,5.56,0.91%,趋势: 多头排列 (5>20>60) | 趋势: 高于MA20 | 动量: 突破转强 (阳线上穿5/10),5.31,5.30,1.28X
603888,新华网,2026-08-10,16.75,-0.65%,"形态: 两连阴 (-1.16%, -1.35%) | 趋势: 高于MA20",16.71,17.76,0.61X
600637,东方明珠,2026-08-10,8.3,0.97%,趋势: 高于MA20 | 动量: 突破转强 (阳线上穿5/10),7.98,8.66,0.90X
601118,海南橡胶,2026-09-01,6.55,0.92%,趋势: 多头排列 (5>20>60) | 形态: 10日内有涨停 | 趋势: 高于MA20,5.87,5.36,0.97X
603518,锦泓集团,2026-09-01,8.26,1.60%,趋势: 多头排列 (5>20>60) | 趋势: 高于MA20 | 动量: 突破转强 (阳线上穿5/10),8.08,7.89,1.10X
002537,海联金汇,2026-08-10,5.88,1.38%,趋势: 高于MA20 | 动量: 突破转强 (阳线上穿5/10),5.63,6.00,0.76X
600719,大连热电,2026-08-10,7.81,2.09%,趋势: 高于MA20 | 动量: 突破转强 (阳线上穿5/10),7.23,8.17,0.92X
603968,醋化股份,2026-08-10,10.37,2.98%,趋势: 高于MA20 | 动量: 突破转强 (阳线上穿5/10),9.51,10.21,1.04X
002292,奥飞娱乐,2026-08-10,8.43,3.44%,"趋势: 多头排列 (5>20>60) | 形态: 两连阴 (-1.81%, -0.12%) | 趋势: 高于MA20 | 动量: 突破转强 (阳线上穿5/10)",7.87,7.43,1.00X
600182,S佳通,2026-08-10,13.12,0.38%,"形态: 两连阴 (-0.15%, -0.08%) | 趋势: 高于MA20 | 动量: 突破转强 (阳线上穿5/10)",12.98,13.53,0.98X
600203,福日电子,2026-09-01,11.22,2.47%,趋势: 高于MA20 | 动量: 突破转强 (阳线上穿5/10),10.34,11.02,1.19X
603787,新日股份,2026-08-10,10.15,1.30%,"形态: 两连阴 (-0.30%, -0.50%) | 趋势: 高于MA20 | 动量: 突破转强 (阳线上穿5/10)",9.68,9.89,0.78X
000565,渝三峡Ａ,2026-08-10,6.03,3.43%,趋势: 高于MA20 | 动量: 突破转强 (阳线上穿5/10),5.63,6.22,1.15X
603107,上海汽配,2026-08-10,12.15,1.25%,"形态: 两连阴 (-1.63%, -0.74%)",15.58,13.60,0.71X
001338,永顺泰,2026-09-01,9.35,2.52%,趋势: 多头排列 (5>20>60) | 形态: 10日内有涨停 | 趋势: 高于MA20 | 动量: 突破转强 (阳线上穿5/10),8.89,8.87,0.98X
002106,莱宝高科,2026-08-10,10.48,-1.50%,趋势: 高于MA20,8.16,11.47,0.77X
002242,九阳股份,2026-08-10,9.18,4.68%,"趋势: 多头排列 (5>20>60) | 量能: 放量 (1.66X) | 形态: 两连阴 (-1.42%, -2.56%) | 趋势: 高于MA20 | 动量: 突破转强 (阳线上穿5/10)",8.72,8.69,1.66X
603677,奇精机械,2026-08-10,13.9,4.43%,量能: 放量 (1.61X) | 趋势: 高于MA20 | 动量: 突破转强 (阳线上穿5/10),13.25,14.41,1.61X
601919,中远海控,2026-09-01,16.98,-0.12%,趋势: 多头排列 (5>20>60) | 趋势: 高于MA20,16.27,15.04,0.92X
603439,贵州三力,2026-08-10,11.72,4.74%,量能: 放量 (1.51X) | 趋势: 高于MA20 | 动量: 突破转强 (阳线上穿5/10),10.62,13.07,1.51X
002612,朗姿股份,2026-08-10,16.75,7.79%,趋势: 多头排列 (5>20>60) | 趋势: 高于MA20 | 动量: 突破转强 (阳线上穿5/10),13.41,12.99,1.32X
002271,东方雨虹,2026-08-10,11.79,1.55%,"形态: 两连阴 (-1.19%, -0.51%) | 趋势: 高于MA20 | 动量: 突破转强 (阳线上穿5/10)",11.43,12.25,1.04X
000501,武商集团,2026-08-10,7.28,2.54%,"形态: 两连阴 (-0.14%, -0.84%)",8.43,7.63,1.05X
603922,金鸿顺,2026-08-10,11.0,-1.96%,趋势: 高于MA20,10.72,13.29,0.79X
000429,粤高速Ａ,2026-08-10,13.25,-10.47%,量能: 放量 (1.62X) | 趋势: 高于MA20,13.13,13.49,1.62X
002159,三特索道,2026-08-10,13.54,3.12%,"形态: 两连阴 (-0.53%, -0.53%) | 趋势: 高于MA20 | 动量: 突破转强 (阳线上穿5/10)",12.87,13.61,1.09X
600335,国机汽车,2026-08-10,5.16,1.18%,"形态: 两连阴 (-1.35%, -0.58%) | 趋势: 高于MA20",5.12,5.22,1.00X
605222,起帆电缆,2026-08-10,20.34,2.88%,趋势: 高于MA20 | 动量: 突破转强 (阳线上穿5/10),18.64,24.10,1.05X
002963,豪尔赛,2026-08-10,18.26,-1.30%,形态: 10日内有涨停 | 趋势: 高于MA20,15.07,17.79,1.22X
000570,苏常柴Ａ,2026-08-10,5.05,2.43%,趋势: 高于MA20 | 动量: 突破转强 (阳线上穿5/10),4.89,5.16,1.19X
002448,中原内配,2026-08-10,12.29,1.15%,趋势: 高于MA20 | 动量: 突破转强 (阳线上穿5/10),11.44,12.44,0.82X
002679,福建金森,2026-08-10,9.0,2.62%,趋势: 高于MA20 | 动量: 突破转强 (阳线上穿5/10),8.30,8.68,1.22X
600199,金种子酒,2026-08-10,8.09,0.37%,趋势: 多头排列 (5>20>60) | 形态: 10日内有涨停 | 趋势: 高于MA20 | 动量: 突破转强 (阳线上穿5/10),7.41,7.27,1.04X
605055,迎丰股份,2026-08-10,9.28,0.32%,趋势: 高于MA20 | 动量: 突破转强 (阳线上穿5/10),8.77,10.72,1.14X
001216,华瓷股份,2026-08-10,15.0,6.69%,量能: 放量 (1.77X) | 趋势: 高于MA20 | 动量: 突破转强 (阳线上穿5/10),13.72,15.12,1.77X
603151,邦基科技,2026-08-10,14.12,9.97%,趋势: 多头排列 (5>20>60) | 形态: 10日内有涨停 | 趋势: 高于MA20 | 动量: 突破转强 (阳线上穿5/10),12.78,12.60,1.36X
601116,三江购物,2026-09-01,11.33,4.42%,趋势: 多头排列 (5>20>60) | 量能: 放量 (1.60X) | 趋势: 高于MA20 | 动量: 突破转强 (阳线上穿5/10),10.78,10.39,1.60X
603993,洛阳钼业,2026-08-10,20.75,-0.38%,趋势: 多头排列 (5>20>60) | 趋势: 高于MA20,19.19,18.75,0.89X
002601,龙佰集团,2026-08-10,16.55,2.10%,"量能: 放量 (1.62X) | 形态: 两连阴 (-0.72%, -2.23%) | 趋势: 高于MA20 | 动量: 突破转强 (阳线上穿5/10)",13.80,15.10,1.62X
600288,大恒科技,2026-08-10,11.29,2.36%,趋势: 高于MA20 | 动量: 突破转强 (阳线上穿5/10),11.25,12.65,0.83X
600478,科力远,2026-08-10,5.03,1.21%,"形态: 两连阴 (-1.77%, -0.60%) | 趋势: 高于MA20",4.86,5.37,0.93X
600855,航天长峰,2026-08-20,8.52,-0.93%,"形态: 两连阴 (-1.85%, -9.95%)",11.13,12.96,1.24X
002235,安妮股份,2026-08-10,8.68,2.84%,形态: 10日内有涨停 | 趋势: 高于MA20 | 动量: 突破转强 (阳线上穿5/10),8.02,8.99,1.01X
603038,华立股份,2026-08-10,15.06,10.01%,量能: 放量 (1.59X) | 形态: 10日内有涨停 | 趋势: 高于MA20 | 动量: 突破转强 (阳线上穿5/10),12.97,14.81,1.59X
000679,大连友谊,2026-08-10,6.08,3.05%,趋势: 高于MA20 | 动量: 突破转强 (阳线上穿5/10),5.65,6.18,1.09X
600490,鹏欣资源,2026-09-01,7.85,1.42%,趋势: 多头排列 (5>20>60) | 趋势: 高于MA20 | 动量: 突破转强 (阳线上穿5/10),7.38,6.73,0.75X
003036,泰坦股份,2026-08-10,55.4,3.24%,形态: 10日内有涨停 | 趋势: 高于MA20 | 动量: 突破转强 (阳线上穿5/10),52.90,69.36,1.40X
002968,新大正,2026-08-10,9.17,2.92%,趋势: 高于MA20 | 动量: 突破转强 (阳线上穿5/10),8.48,9.11,0.94X
000848,承德露露,2026-08-10,8.97,2.05%,"趋势: 多头排列 (5>20>60) | 形态: 两连阴 (-1.33%, -0.90%) | 趋势: 高于MA20 | 动量: 突破转强 (阳线上穿5/10)",8.60,8.22,1.05X
601952,苏垦农发,2026-08-10,8.33,1.09%,趋势: 高于MA20 | 动量: 突破转强 (阳线上穿5/10),8.11,8.22,1.06X
002206,海 利 得,2026-08-10,5.43,0.93%,趋势: 高于MA20 | 动量: 突破转强 (阳线上穿5/10),5.28,5.35,0.74X
000059,华锦股份,2026-08-10,4.66,1.53%,趋势: 多头排列 (5>20>60) | 趋势: 高于MA20 | 动量: 突破转强 (阳线上穿5/10),4.54,4.40,1.15X
002098,浔兴股份,2026-08-10,6.91,2.98%,趋势: 高于MA20 | 动量: 突破转强 (阳线上穿5/10),6.53,6.91,1.35X
603225,新凤鸣,2026-08-10,19.93,2.31%,趋势: 高于MA20 | 动量: 突破转强 (阳线上穿5/10),18.78,19.05,0.88X
603689,皖天然气,2026-08-10,7.52,1.48%,趋势: 高于MA20 | 动量: 突破转强 (阳线上穿5/10),7.48,7.63,1.05X
002609,捷顺科技,2026-08-10,7.93,1.02%,趋势: 高于MA20 | 动量: 突破转强 (阳线上穿5/10),7.46,7.63,0.95X
600356,恒丰纸业,2026-08-10,9.06,9.95%,"量能: 放量 (2.17X) | 形态: 10日内有涨停 | 形态: 两连阴 (-0.24%, -0.96%) | 趋势: 高于MA20 | 动量: 突破转强 (阳线上穿5/10)",7.97,8.32,2.17X
603237,五芳斋,2026-08-10,14.61,3.91%,"量能: 放量 (1.65X) | 形态: 两连阴 (-1.74%, -0.64%) | 趋势: 高于MA20 | 动量: 突破转强 (阳线上穿5/10)",13.92,14.19,1.65X
605069,正和生态,2026-08-10,11.13,1.92%,形态: 10日内有涨停 | 趋势: 高于MA20 | 动量: 突破转强 (阳线上穿5/10),10.29,12.24,0.75X
000728,国元证券,2026-08-10,7.22,0.14%,"形态: 两连阴 (-1.09%, -0.55%)",7.30,7.26,0.75X
002892,科力尔,2026-08-10,9.69,1.04%,"形态: 两连阴 (-2.22%, -0.83%) | 趋势: 高于MA20",9.32,9.98,0.97X
002635,安洁科技,2026-08-10,15.17,1.34%,趋势: 高于MA20 | 动量: 突破转强 (阳线上穿5/10),13.97,16.82,0.88X
600903,贵州燃气,2026-08-10,6.45,2.22%,趋势: 高于MA20 | 动量: 突破转强 (阳线上穿5/10),6.10,7.54,0.96X
000089,深圳机场,2026-08-10,6.56,1.08%,"形态: 两连阴 (-0.45%, -1.52%)",6.61,6.52,1.07X
600056,中国医药,2026-08-10,9.47,0.74%,趋势: 高于MA20 | 动量: 突破转强 (阳线上穿5/10),9.46,9.39,1.07X
000598,兴蓉环境,2026-09-01,7.39,0.54%,趋势: 多头排列 (5>20>60) | 趋势: 高于MA20 | 动量: 突破转强 (阳线上穿5/10),7.18,7.00,1.28X
002174,游族网络,2026-08-10,11.99,1.61%,趋势: 高于MA20,7.71,10.40,0.78X
600508,上海能源,2026-08-10,8.74,2.10%,趋势: 高于MA20 | 动量: 突破转强 (阳线上穿5/10),8.52,10.20,1.04X
002095,生 意 宝,2026-08-10,14.49,2.48%,趋势: 多头排列 (5>20>60) | 趋势: 高于MA20 | 动量: 突破转强 (阳线上穿5/10),13.70,13.65,0.93X
603022,新通联,2026-08-10,8.73,3.44%,趋势: 高于MA20 | 动量: 突破转强 (阳线上穿5/10),7.95,8.87,1.03X
002082,万邦德,2026-08-20,9.97,2.26%,"形态: 两连阴 (-6.19%, -2.60%)",10.15,11.63,0.76X
001205,盛航股份,2026-08-10,13.91,2.28%,量能: 放量 (1.53X) | 趋势: 高于MA20 | 动量: 突破转强 (阳线上穿5/10),13.09,13.74,1.53X
002798,帝欧水华,2026-09-01,6.35,5.31%,趋势: 多头排列 (5>20>60) | 趋势: 高于MA20 | 动量: 突破转强 (阳线上穿5/10),5.78,5.51,1.27X
600621,华鑫股份,2026-08-10,13.24,0.23%,"形态: 两连阴 (-1.04%, -0.45%)",14.76,13.70,0.94X
002746,仙坛股份,2026-08-10,6.57,6.14%,趋势: 多头排列 (5>20>60) | 量能: 放量 (2.00X) | 趋势: 高于MA20 | 动量: 突破转强 (阳线上穿5/10),6.06,5.76,2.00X
603359,东珠生态,2026-08-10,2.31,2.67%,趋势: 高于MA20 | 动量: 突破转强 (阳线上穿5/10),2.20,2.48,0.96X
601330,绿色动力,2026-08-10,7.25,1.54%,"形态: 两连阴 (-1.24%, -0.56%) | 趋势: 高于MA20 | 动量: 突破转强 (阳线上穿5/10)",6.35,7.53,1.02X
000850,华茂股份,2026-08-10,4.12,1.98%,趋势: 多头排列 (5>20>60) | 趋势: 高于MA20 | 动量: 突破转强 (阳线上穿5/10),4.00,3.92,1.40X
601958,金钼股份,2026-08-10,24.67,3.83%,趋势: 高于MA20 | 动量: 突破转强 (阳线上穿5/10),21.62,23.57,1.15X
603477,巨星农牧,2026-08-10,15.47,3.00%,趋势: 高于MA20 | 动量: 突破转强 (阳线上穿5/10),15.00,15.11,1.34X
002023,海特高新,2026-08-10,10.51,-1.78%,趋势: 高于MA20,9.43,11.25,0.92X
603055,台华新材,2026-08-10,8.44,2.93%,"形态: 两连阴 (-0.71%, -1.80%) | 趋势: 高于MA20 | 动量: 突破转强 (阳线上穿5/10)",6.99,7.91,1.22X
603885,吉祥航空,2026-08-10,11.07,0.09%,"形态: 两连阴 (-0.18%, -1.16%) | 趋势: 高于MA20",10.76,10.87,0.74X
600212,绿能慧充,2026-09-01,6.27,1.79%,趋势: 多头排列 (5>20>60) | 趋势: 高于MA20 | 动量: 突破转强 (阳线上穿5/10),5.75,5.45,0.58X
601233,桐昆股份,2026-08-10,24.4,3.57%,趋势: 多头排列 (5>20>60) | 趋势: 高于MA20 | 动量: 突破转强 (阳线上穿5/10),21.94,21.55,1.03X
601811,新华文轩,2026-08-10,12.08,1.77%,"形态: 两连阴 (-1.96%, -1.25%)",12.22,12.19,0.77X
002736,国信证券,2026-08-10,10.16,0.59%,"形态: 两连阴 (-1.55%, -0.39%)",10.21,10.20,0.84X
002367,康力电梯,2026-08-10,5.46,1.11%,趋势: 高于MA20 | 动量: 突破转强 (阳线上穿5/10),5.34,5.78,1.08X
603289,泰瑞机器,2026-08-10,8.46,2.30%,趋势: 高于MA20 | 动量: 突破转强 (阳线上穿5/10),7.99,9.02,1.11X
001286,陕西能源,2026-08-10,10.64,1.62%,趋势: 高于MA20 | 动量: 突破转强 (阳线上穿5/10),10.43,11.12,0.99X
002761,浙江建投,2026-08-10,7.28,2.10%,"形态: 两连阴 (-0.68%, -1.66%) | 趋势: 高于MA20",7.12,7.26,1.03X
601038,一拖股份,2026-08-10,13.48,2.12%,趋势: 多头排列 (5>20>60) | 趋势: 高于MA20,13.35,12.46,0.86X
000506,招金黄金,2026-09-01,20.07,-1.13%,"趋势: 多头排列 (5>20>60) | 形态: 两连阴 (-2.94%, -5.27%) | 趋势: 高于MA20",19.26,15.19,0.50X
002296,辉煌科技,2026-08-10,9.1,1.11%,趋势: 高于MA20 | 动量: 突破转强 (阳线上穿5/10),8.81,9.42,1.04X
600610,中毅达,2026-08-10,7.19,2.28%,"形态: 两连阴 (-0.70%, -0.28%) | 趋势: 高于MA20 | 动量: 突破转强 (阳线上穿5/10)",6.66,7.26,0.90X
002258,利尔化学,2026-08-10,14.48,2.77%,"形态: 两连阴 (-2.19%, -1.47%) | 趋势: 高于MA20 | 动量: 突破转强 (阳线上穿5/10)",8.19,11.45,0.99X
600058,五矿发展,2026-08-10,11.3,6.10%,趋势: 高于MA20 | 动量: 突破转强 (阳线上穿5/10),9.29,10.15,1.43X
603528,多伦科技,2026-08-10,6.38,1.11%,趋势: 高于MA20 | 动量: 突破转强 (阳线上穿5/10),5.92,6.44,0.66X
000017,深中华A,2026-09-01,11.75,4.82%,趋势: 多头排列 (5>20>60) | 形态: 10日内有涨停 | 趋势: 高于MA20 | 动量: 突破转强 (阳线上穿5/10),7.57,6.27,1.20X
605136,丽人丽妆,2026-09-01,8.59,3.12%,趋势: 多头排列 (5>20>60) | 趋势: 高于MA20 | 动量: 突破转强 (阳线上穿5/10),8.26,7.83,1.34X
603901,永创智能,2026-08-10,9.66,1.15%,趋势: 高于MA20 | 动量: 突破转强 (阳线上穿5/10),9.25,10.49,0.88X
000612,焦作万方,2026-09-01,11.41,0.97%,趋势: 多头排列 (5>20>60) | 趋势: 高于MA20 | 动量: 突破转强 (阳线上穿5/10),11.29,10.98,1.13X
002745,木林森,2026-08-10,11.17,-2.27%,趋势: 高于MA20,10.81,10.91,0.88X
002723,小崧股份,2026-08-10,7.18,1.84%,"形态: 两连阴 (-2.21%, -0.56%) | 趋势: 高于MA20 | 动量: 突破转强 (阳线上穿5/10)",7.09,8.22,1.16X
002556,辉隆股份,2026-08-10,5.1,4.29%,量能: 放量 (1.65X) | 趋势: 高于MA20 | 动量: 突破转强 (阳线上穿5/10),4.80,5.30,1.65X
002276,万马股份,2026-08-10,10.51,0.77%,"形态: 两连阴 (-1.59%, -0.57%) | 趋势: 高于MA20",9.94,10.79,0.70X
603316,诚邦股份,2026-08-10,14.36,0.77%,形态: 10日内有涨停 | 趋势: 高于MA20 | 动量: 突破转强 (阳线上穿5/10),13.57,18.68,0.77X
600847,万里股份,2026-08-10,12.54,2.87%,"形态: 两连阴 (-0.08%, -0.25%)",13.31,14.19,0.95X
002712,思美传媒,2026-08-10,4.83,1.68%,趋势: 高于MA20 | 动量: 突破转强 (阳线上穿5/10),4.44,4.65,0.67X
600765,中航重机,2026-08-10,13.9,3.42%,"形态: 两连阴 (-0.59%, -0.22%) | 趋势: 高于MA20 | 动量: 突破转强 (阳线上穿5/10)",13.35,13.68,1.43X
601399,国机重装,2026-09-01,3.25,1.88%,趋势: 高于MA20 | 动量: 突破转强 (阳线上穿5/10),3.22,3.32,1.33X
603208,江山欧派,2026-08-10,11.27,4.16%,趋势: 高于MA20 | 动量: 突破转强 (阳线上穿5/10),10.36,11.22,1.01X
002423,中粮资本,2026-08-10,9.21,1.10%,趋势: 高于MA20,9.12,9.28,0.91X
601187,厦门银行,2026-09-01,7.45,1.36%,趋势: 高于MA20 | 动量: 突破转强 (阳线上穿5/10),7.31,7.35,1.05X
601728,中国电信,2026-08-10,6.27,1.46%,趋势: 多头排列 (5>20>60) | 趋势: 高于MA20,6.16,5.98,0.83X
603111,康尼机电,2026-08-10,5.87,1.73%,"形态: 两连阴 (-0.52%, -0.35%)",6.50,6.25,1.18X
002387,维信诺,2026-08-10,7.12,0.42%,形态: 10日内有涨停 | 趋势: 高于MA20 | 动量: 突破转强 (阳线上穿5/10),6.74,7.87,0.75X
002825,纳尔股份,2026-08-10,8.58,1.54%,趋势: 高于MA20 | 动量: 突破转强 (阳线上穿5/10),7.98,8.96,0.95X
002088,鲁阳节能,2026-08-10,7.6,1.60%,趋势: 高于MA20 | 动量: 突破转强 (阳线上穿5/10),6.05,7.65,1.00X
603045,福达合金,2026-08-10,55.19,-1.99%,形态: 10日内有涨停 | 趋势: 高于MA20,53.54,68.04,0.92X
603233,大参林,2026-08-10,18.23,4.11%,"形态: 两连阴 (-1.92%, -2.23%)",18.69,17.30,1.22X
600805,悦达投资,2026-08-10,4.41,1.61%,趋势: 高于MA20 | 动量: 突破转强 (阳线上穿5/10),4.27,4.41,0.78X
603730,岱美股份,2026-08-10,10.34,2.27%,趋势: 高于MA20 | 动量: 突破转强 (阳线上穿5/10),10.12,11.51,0.72X
000630,铜陵有色,2026-09-01,6.67,0.00%,趋势: 多头排列 (5>20>60) | 趋势: 高于MA20,6.64,6.50,0.88X
603505,金石资源,2026-08-10,16.84,0.84%,趋势: 高于MA20 | 动量: 突破转强 (阳线上穿5/10),16.04,18.43,0.98X
002068,黑猫股份,2026-09-01,8.05,-0.25%,趋势: 高于MA20,8.03,9.64,1.04X
002399,海普瑞,2026-08-10,10.96,10.04%,趋势: 多头排列 (5>20>60) | 量能: 放量 (1.97X) | 形态: 10日内有涨停 | 趋势: 高于MA20 | 动量: 突破转强 (阳线上穿5/10),9.81,9.61,1.97X
002802,洪汇新材,2026-08-10,11.74,4.63%,趋势: 高于MA20 | 动量: 突破转强 (阳线上穿5/10),10.67,11.60,1.34X
000544,中原环保,2026-08-10,7.46,1.36%,"形态: 两连阴 (-0.54%, -0.14%) | 趋势: 高于MA20 | 动量: 突破转强 (阳线上穿5/10)",7.36,7.54,1.25X
600598,北大荒,2026-08-10,12.21,1.24%,趋势: 高于MA20,11.96,12.87,1.19X
600295,鄂尔多斯,2026-08-10,12.59,4.57%,"形态: 两连阴 (-0.25%, -0.82%) | 趋势: 高于MA20 | 动量: 突破转强 (阳线上穿5/10)",12.47,12.62,1.38X
002201,九鼎新材,2026-08-20,8.03,-0.12%,"形态: 两连阴 (-0.23%, -5.41%)",8.07,9.51,0.78X
603300,海南华铁,2026-09-01,4.98,2.68%,量能: 放量 (1.63X) | 趋势: 高于MA20 | 动量: 突破转强 (阳线上穿5/10),4.92,4.83,1.63X
002737,葵花药业,2026-08-10,13.5,0.97%,趋势: 高于MA20 | 动量: 突破转强 (阳线上穿5/10),13.43,12.81,1.02X
603719,良品铺子,2026-08-10,10.08,2.34%,"形态: 10日内有涨停 | 形态: 两连阴 (-0.10%, -0.91%) | 趋势: 高于MA20 | 动量: 突破转强 (阳线上穿5/10)",9.17,9.47,0.76X
605337,李子园,2026-09-01,9.57,2.57%,趋势: 高于MA20 | 动量: 突破转强 (阳线上穿5/10),9.55,9.08,1.38X
601360,三六零,2026-08-10,9.61,-0.31%,趋势: 高于MA20,9.10,9.41,0.60X
603917,合力科技,2026-08-10,12.62,7.22%,量能: 放量 (1.73X) | 形态: 10日内有涨停 | 趋势: 高于MA20 | 动量: 突破转强 (阳线上穿5/10),11.54,12.12,1.73X
603332,苏州龙杰,2026-08-10,11.37,3.36%,趋势: 高于MA20 | 动量: 突破转强 (阳线上穿5/10),10.50,11.21,0.95X
601669,中国电建,2026-08-10,4.82,0.21%,趋势: 高于MA20,4.81,4.97,0.80X
000665,湖北广电,2026-08-10,4.02,1.77%,"形态: 两连阴 (-0.50%, -1.00%) | 趋势: 高于MA20 | 动量: 突破转强 (阳线上穿5/10)",3.83,4.02,0.92X
603599,广信股份,2026-08-10,10.52,0.48%,趋势: 高于MA20 | 动量: 突破转强 (阳线上穿5/10),10.34,10.57,1.09X
003012,东鹏控股,2026-08-10,4.76,2.59%,趋势: 高于MA20 | 动量: 突破转强 (阳线上穿5/10),4.66,4.78,1.01X
601212,白银有色,2026-09-01,6.74,-1.89%,趋势: 多头排列 (5>20>60) | 形态: 10日内有涨停 | 趋势: 高于MA20,6.11,5.46,0.65X
000919,金陵药业,2026-08-10,6.58,2.02%,趋势: 多头排列 (5>20>60) | 趋势: 高于MA20 | 动量: 突破转强 (阳线上穿5/10),6.24,6.22,1.35X
002251,步步高,2026-09-01,3.87,4.03%,趋势: 多头排列 (5>20>60) | 量能: 放量 (1.55X) | 趋势: 高于MA20 | 动量: 突破转强 (阳线上穿5/10),3.73,3.67,1.55X
603520,司太立,2026-08-10,9.08,0.22%,趋势: 高于MA20 | 动量: 突破转强 (阳线上穿5/10),8.81,9.86,0.96X
003040,楚天龙,2026-08-10,12.57,-4.05%,形态: 10日内有涨停 | 趋势: 高于MA20,10.88,11.68,1.31X
600420,国药现代,2026-08-10,8.75,0.57%,动量: 突破转强 (阳线上穿5/10),8.78,8.75,1.24X
001914,招商积余,2026-09-01,8.89,0.45%,趋势: 高于MA20 | 动量: 突破转强 (阳线上穿5/10),8.78,8.81,1.21X
601881,中国银河,2026-08-10,12.41,0.00%,"形态: 两连阴 (-1.58%, -0.24%) | 趋势: 高于MA20",8.66,11.27,0.71X
600742,富维股份,2026-08-10,7.65,1.46%,趋势: 高于MA20 | 动量: 突破转强 (阳线上穿5/10),7.39,7.68,0.92X
600429,三元股份,2026-09-01,4.8,2.78%,趋势: 多头排列 (5>20>60) | 趋势: 高于MA20 | 动量: 突破转强 (阳线上穿5/10),4.62,4.38,1.42X
001872,招商港口,2026-08-10,22.17,2.35%,趋势: 多头排列 (5>20>60) | 趋势: 高于MA20 | 动量: 突破转强 (阳线上穿5/10),21.80,21.34,1.12X
603685,晨丰科技,2026-09-01,26.07,-1.36%,量能: 放量 (1.76X) | 形态: 10日内有涨停 | 趋势: 高于MA20,25.77,27.39,1.76X
002677,浙江美大,2026-08-10,6.94,2.51%,趋势: 高于MA20 | 动量: 突破转强 (阳线上穿5/10),6.69,6.78,1.02X
601668,中国建筑,2026-08-10,4.54,0.44%,"形态: 两连阴 (-0.22%, -1.09%)",4.64,4.65,0.83X
002283,天润工业,2026-08-10,9.07,0.11%,趋势: 高于MA20 | 动量: 突破转强 (阳线上穿5/10),8.25,9.73,0.80X
603387,基蛋生物,2026-08-10,9.32,0.76%,趋势: 多头排列 (5>20>60) | 趋势: 高于MA20 | 动量: 突破转强 (阳线上穿5/10),8.85,8.57,1.16X
002274,华昌化工,2026-08-10,5.76,2.86%,趋势: 多头排列 (5>20>60) | 趋势: 高于MA20 | 动量: 突破转强 (阳线上穿5/10),5.49,5.42,1.19X
603703,盛洋科技,2026-08-20,9.66,2.99%,"形态: 10日内有涨停 | 形态: 两连阴 (-5.03%, -7.95%) | 趋势: 高于MA20",9.18,10.32,0.85X
600184,光电股份,2026-08-10,18.06,-0.99%,趋势: 高于MA20,17.27,23.38,0.85X
000987,越秀资本,2026-08-10,7.83,1.03%,趋势: 高于MA20 | 动量: 突破转强 (阳线上穿5/10),7.71,8.10,0.88X
000948,南天信息,2026-08-10,15.21,2.77%,"趋势: 多头排列 (5>20>60) | 形态: 10日内有涨停 | 形态: 两连阴 (-3.10%, -1.40%) | 趋势: 高于MA20 | 动量: 突破转强 (阳线上穿5/10)",14.44,13.46,0.82X
600795,国电电力,2026-08-10,5.02,0.80%,趋势: 多头排列 (5>20>60) | 趋势: 高于MA20 | 动量: 突破转强 (阳线上穿5/10),4.93,4.91,0.85X
000626,远大控股,2026-08-10,7.95,4.06%,趋势: 高于MA20 | 动量: 突破转强 (阳线上穿5/10),6.86,7.08,1.20X
002572,索菲亚,2026-08-10,8.31,2.09%,"形态: 两连阴 (-1.65%, -2.28%) | 趋势: 高于MA20",8.25,8.50,1.06X
000922,佳电股份,2026-08-10,11.98,1.18%,趋势: 高于MA20 | 动量: 突破转强 (阳线上穿5/10),11.07,12.64,0.70X
600966,博汇纸业,2026-08-20,4.82,2.12%,"形态: 两连阴 (-1.43%, -1.87%)",4.86,5.06,1.01X
600841,动力新科,2026-08-10,5.85,1.21%,"形态: 两连阴 (-2.17%, -1.37%) | 趋势: 高于MA20",5.71,6.51,0.78X
000913,钱江摩托,2026-08-10,11.55,0.61%,"趋势: 多头排列 (5>20>60) | 形态: 两连阴 (-2.17%, -1.96%) | 趋势: 高于MA20",11.28,11.26,0.74X
600284,浦东建设,2026-08-10,5.17,0.78%,"形态: 两连阴 (-0.39%, -0.58%) | 趋势: 高于MA20",5.03,5.42,0.79X
000548,湖南投资,2026-08-10,4.5,3.69%,趋势: 高于MA20 | 动量: 突破转强 (阳线上穿5/10),4.25,4.46,1.12X
002696,百洋股份,2026-08-10,6.03,10.04%,量能: 放量 (2.81X) | 形态: 10日内有涨停 | 趋势: 高于MA20 | 动量: 突破转强 (阳线上穿5/10),5.15,5.48,2.81X
605177,东亚药业,2026-08-10,17.4,3.76%,趋势: 高于MA20 | 动量: 突破转强 (阳线上穿5/10),15.70,18.35,1.12X
002181,粤 传 媒,2026-08-10,9.2,0.77%,"形态: 两连阴 (-5.07%, -2.56%) | 趋势: 高于MA20",8.43,11.79,0.62X
002800,天顺股份,2026-08-20,13.61,2.33%,趋势: 高于MA20 | 动量: 突破转强 (阳线上穿5/10),13.03,13.67,0.87X
002522,浙江众成,2026-08-10,5.07,1.60%,"形态: 两连阴 (-0.40%, -0.60%) | 趋势: 高于MA20 | 动量: 突破转强 (阳线上穿5/10)",4.79,6.11,1.10X
002766,索菱股份,2026-08-10,4.1,0.00%,形态: 10日内有涨停 | 趋势: 高于MA20,3.81,4.08,0.94X
000510,新金路,2026-09-01,17.31,-3.13%,趋势: 高于MA20,16.79,18.28,0.77X
601666,平煤股份,2026-08-10,9.35,4.59%,形态: 10日内有涨停 | 趋势: 高于MA20 | 动量: 突破转强 (阳线上穿5/10),8.07,8.15,1.13X
001219,青岛食品,2026-08-10,12.94,5.03%,量能: 放量 (1.94X) | 趋势: 高于MA20 | 动量: 突破转强 (阳线上穿5/10),10.00,11.88,1.94X
600558,大西洋,2026-08-10,4.83,1.47%,"形态: 两连阴 (-2.63%, -1.24%) | 趋势: 高于MA20",4.73,5.66,0.86X
002268,电科网安,2026-08-10,14.44,0.49%,趋势: 多头排列 (5>20>60) | 趋势: 高于MA20,14.31,14.10,0.70X
000958,电投产融,2026-08-10,5.48,0.18%,趋势: 高于MA20,5.45,5.74,0.59X
600843,上工申贝,2026-08-10,7.17,1.27%,趋势: 高于MA20 | 动量: 突破转强 (阳线上穿5/10),6.72,7.67,1.09X
002654,万润科技,2026-08-10,13.52,3.28%,趋势: 高于MA20 | 动量: 突破转强 (阳线上穿5/10),12.48,15.79,1.07X
002579,中京电子,2026-09-01,14.08,-4.09%,形态: 10日内有涨停,14.48,15.52,0.78X
600106,重庆路桥,2026-08-10,4.56,1.79%,"形态: 两连阴 (-0.88%, -1.10%) | 趋势: 高于MA20 | 动量: 突破转强 (阳线上穿5/10)",4.36,4.81,0.93X
000009,中国宝安,2026-08-10,8.19,1.11%,形态: 10日内有涨停 | 趋势: 高于MA20 | 动量: 突破转强 (阳线上穿5/10),6.82,6.89,0.95X
002394,联发股份,2026-09-01,10.95,0.55%,趋势: 多头排列 (5>20>60) | 趋势: 高于MA20 | 动量: 突破转强 (阳线上穿5/10),9.95,9.35,0.99X
600281,华阳新材,2026-09-01,4.94,1.65%,趋势: 多头排列 (5>20>60) | 形态: 10日内有涨停 | 趋势: 高于MA20 | 动量: 突破转强 (阳线上穿5/10),4.68,4.37,0.52X
002442,龙星科技,2026-08-10,5.13,4.06%,量能: 放量 (1.73X),6.80,6.06,1.73X
000156,华数传媒,2026-08-10,6.87,0.88%,"形态: 两连阴 (-2.26%, -1.45%)",7.57,7.03,0.93X
603282,亚光股份,2026-08-10,15.03,3.44%,趋势: 高于MA20 | 动量: 突破转强 (阳线上穿5/10),13.87,14.98,1.05X
603181,皇马科技,2026-08-10,13.52,2.35%,趋势: 高于MA20 | 动量: 突破转强 (阳线上穿5/10),13.03,14.36,0.84X
002639,雪人集团,2026-08-10,12.61,0.72%,"形态: 两连阴 (-1.79%, -0.95%) | 趋势: 高于MA20",11.86,13.58,0.49X
002511,中顺洁柔,2026-08-10,7.34,0.96%,趋势: 多头排列 (5>20>60) | 趋势: 高于MA20 | 动量: 突破转强 (阳线上穿5/10),7.24,7.12,1.10X
600028,中国石化,2026-09-01,5.52,1.10%,趋势: 多头排列 (5>20>60) | 趋势: 高于MA20 | 动量: 突破转强 (阳线上穿5/10),5.18,5.00,1.03X
600202,哈空调,2026-08-10,5.0,3.52%,趋势: 高于MA20 | 动量: 突破转强 (阳线上穿5/10),4.57,4.94,0.95X
000498,山东路桥,2026-08-10,5.02,1.41%,"形态: 两连阴 (-0.79%, -1.39%)",5.02,5.05,0.88X
000715,中兴商业,2026-09-01,5.72,0.53%,趋势: 多头排列 (5>20>60) | 趋势: 高于MA20 | 动量: 突破转强 (阳线上穿5/10),5.25,4.91,0.75X
601600,中国铝业,2026-09-01,9.79,0.20%,趋势: 多头排列 (5>20>60) | 趋势: 高于MA20 | 动量: 突破转强 (阳线上穿5/10),9.61,9.30,0.97X
002666,德联集团,2026-09-01,4.3,0.47%,趋势: 多头排列 (5>20>60) | 趋势: 高于MA20 | 动量: 突破转强 (阳线上穿5/10),4.21,4.09,0.87X
603089,正裕工业,2026-08-10,9.01,3.44%,趋势: 高于MA20 | 动量: 突破转强 (阳线上穿5/10),8.33,9.23,1.21X
000902,新洋丰,2026-08-10,13.53,0.97%,"趋势: 多头排列 (5>20>60) | 形态: 两连阴 (-1.68%, -0.74%) | 趋势: 高于MA20",13.49,12.95,0.91X
603618,杭电股份,2026-08-10,27.02,-2.28%,形态: 10日内有涨停 | 趋势: 高于MA20,26.31,37.70,0.82X
002019,亿帆医药,2026-08-10,10.35,0.10%,趋势: 多头排列 (5>20>60) | 趋势: 高于MA20 | 动量: 突破转强 (阳线上穿5/10),10.25,10.10,1.23X
002096,易普力,2026-09-01,9.76,0.31%,趋势: 多头排列 (5>20>60) | 趋势: 高于MA20 | 动量: 突破转强 (阳线上穿5/10),9.46,9.29,0.99X
603138,海量数据,2026-08-10,13.43,0.67%,"形态: 两连阴 (-0.22%, -1.26%) | 趋势: 高于MA20",12.41,14.77,0.56X
605018,长华集团,2026-08-10,12.54,-1.57%,趋势: 高于MA20,11.79,13.63,0.87X
002372,伟星新材,2026-08-10,8.65,0.12%,趋势: 高于MA20,8.35,8.81,0.99X
600873,梅花生物,2026-08-10,8.11,2.92%,"形态: 两连阴 (-0.38%, -0.25%) | 动量: 突破转强 (阳线上穿5/10)",8.29,8.57,1.28X
600641,万业企业,2026-08-10,34.41,10.01%,形态: 10日内有涨停 | 趋势: 高于MA20 | 动量: 突破转强 (阳线上穿5/10),30.32,32.37,0.37X
002278,神开股份,2026-08-10,8.07,2.41%,趋势: 高于MA20 | 动量: 突破转强 (阳线上穿5/10),7.64,8.23,1.15X
003042,中农联合,2026-08-10,13.4,2.68%,趋势: 高于MA20 | 动量: 突破转强 (阳线上穿5/10),12.32,13.35,0.86X
002152,广电运通,2026-08-10,10.23,0.20%,趋势: 高于MA20,10.08,10.17,0.72X
603880,南卫股份,2026-08-10,7.7,2.94%,趋势: 高于MA20 | 动量: 突破转强 (阳线上穿5/10),6.85,7.47,1.02X
601198,东兴证券,2026-08-10,13.82,0.14%,"趋势: 多头排列 (5>20>60) | 形态: 两连阴 (-1.28%, -0.29%) | 趋势: 高于MA20",13.81,13.46,0.89X
002246,北化股份,2026-08-10,20.43,2.77%,"量能: 放量 (1.66X) | 形态: 两连阴 (-1.58%, -0.30%) | 趋势: 高于MA20 | 动量: 突破转强 (阳线上穿5/10)",19.22,19.50,1.66X
600818,中路股份,2026-08-10,7.81,5.26%,趋势: 多头排列 (5>20>60) | 形态: 10日内有涨停 | 趋势: 高于MA20 | 动量: 突破转强 (阳线上穿5/10),6.24,5.98,0.85X
002354,天娱数科,2026-08-10,8.37,4.23%,形态: 10日内有涨停 | 趋势: 高于MA20 | 动量: 突破转强 (阳线上穿5/10),7.57,7.73,0.95X
000586,汇源通信,2026-09-01,13.83,0.95%,"趋势: 多头排列 (5>20>60) | 形态: 10日内有涨停 | 形态: 两连阴 (-4.44%, -0.51%) | 趋势: 高于MA20 | 动量: 突破转强 (阳线上穿5/10)",12.75,12.70,0.85X
601800,中国交建,2026-08-10,6.08,0.33%,"形态: 两连阴 (-0.33%, -0.98%)",6.17,6.16,0.79X
603429,集友股份,2026-09-01,9.02,-0.22%,趋势: 高于MA20,8.16,8.33,0.61X
600728,佳都科技,2026-08-10,4.77,0.42%,"形态: 两连阴 (-2.22%, -2.06%) | 趋势: 高于MA20",4.57,4.79,0.75X
001239,永达股份,2026-08-10,12.01,3.09%,趋势: 高于MA20 | 动量: 突破转强 (阳线上穿5/10),7.33,11.59,1.04X
603456,九洲药业,2026-08-10,16.51,0.36%,趋势: 高于MA20 | 动量: 突破转强 (阳线上穿5/10),12.16,12.85,1.28X
603118,共进股份,2026-08-10,14.68,-0.14%,趋势: 高于MA20,11.77,12.68,0.58X
605007,五洲特纸,2026-08-20,15.06,0.67%,"形态: 两连阴 (-0.44%, -5.08%)",15.58,14.52,0.67X
601059,信达证券,2026-08-10,16.68,0.36%,"趋势: 多头排列 (5>20>60) | 形态: 两连阴 (-1.07%, -0.12%) | 趋势: 高于MA20",16.63,16.47,0.71X
603315,福鞍股份,2026-08-10,11.99,-0.25%,趋势: 高于MA20,9.95,13.83,0.96X
000025,特  力Ａ,2026-08-10,15.16,1.40%,"形态: 10日内有涨停 | 形态: 两连阴 (-0.85%, -1.32%) | 趋势: 高于MA20",14.45,14.59,0.87X
002758,浙农股份,2026-08-10,7.96,2.31%,"形态: 两连阴 (-0.25%, -1.02%)",8.91,8.42,1.39X
600088,中视传媒,2026-08-10,11.86,1.63%,"形态: 两连阴 (-1.50%, -1.02%) | 趋势: 高于MA20 | 动量: 突破转强 (阳线上穿5/10)",11.32,12.65,0.81X
002438,江苏神通,2026-08-10,14.16,1.22%,"形态: 10日内有涨停 | 形态: 两连阴 (-5.56%, -3.12%) | 趋势: 高于MA20",12.98,14.39,0.43X
002111,威海广泰,2026-08-10,9.67,0.83%,趋势: 高于MA20 | 动量: 突破转强 (阳线上穿5/10),9.43,9.66,1.09X
600830,香溢融通,2026-08-10,8.12,2.01%,趋势: 高于MA20 | 动量: 突破转强 (阳线上穿5/10),7.96,8.25,1.32X
001202,炬申股份,2026-08-10,13.59,4.38%,趋势: 高于MA20 | 动量: 突破转强 (阳线上穿5/10),11.28,13.63,1.12X
002015,协鑫能科,2026-08-10,15.61,-1.20%,形态: 10日内有涨停 | 趋势: 高于MA20,14.80,17.61,0.70X
002946,新乳业,2026-08-10,16.97,2.04%,"趋势: 多头排列 (5>20>60) | 形态: 两连阴 (-2.89%, -1.01%) | 趋势: 高于MA20",16.38,16.13,1.22X
002153,石基信息,2026-08-10,9.04,9.98%,"形态: 10日内有涨停 | 形态: 两连阴 (-0.35%, -3.75%) | 趋势: 高于MA20 | 动量: 突破转强 (阳线上穿5/10)",7.97,7.98,1.06X
600278,东方创业,2026-08-10,6.4,1.91%,趋势: 高于MA20 | 动量: 突破转强 (阳线上穿5/10),6.18,6.34,1.25X
002014,永新股份,2026-08-10,10.91,-0.55%,趋势: 多头排列 (5>20>60) | 趋势: 高于MA20,10.90,10.80,1.11X
000875,吉电股份,2026-08-10,5.19,0.19%,"形态: 两连阴 (-2.06%, -1.15%)",5.19,5.69,0.76X
000822,山东海化,2026-08-10,4.35,2.11%,趋势: 高于MA20 | 动量: 突破转强 (阳线上穿5/10),4.17,4.42,0.84X
002317,众生药业,2026-08-10,27.78,-2.80%,趋势: 高于MA20,27.76,25.28,1.25X
002708,光洋股份,2026-08-10,10.74,2.09%,趋势: 高于MA20 | 动量: 突破转强 (阳线上穿5/10),9.95,12.64,0.93X
605033,美邦股份,2026-08-10,19.6,9.99%,"形态: 10日内有涨停 | 形态: 两连阴 (-0.38%, -1.76%) | 趋势: 高于MA20 | 动量: 突破转强 (阳线上穿5/10)",17.53,18.54,1.19X
600149,廊坊发展,2026-08-10,4.92,3.36%,趋势: 高于MA20 | 动量: 突破转强 (阳线上穿5/10),4.60,4.98,1.15X
603276,恒兴新材,2026-08-10,15.58,2.43%,趋势: 高于MA20 | 动量: 突破转强 (阳线上穿5/10),14.60,15.81,0.79X
603533,掌阅科技,2026-08-10,22.82,-2.19%,形态: 10日内有涨停 | 趋势: 高于MA20,20.46,21.57,0.52X
000521,长虹美菱,2026-08-10,4.99,1.63%,"形态: 两连阴 (-0.40%, -1.01%) | 趋势: 高于MA20",4.91,5.37,0.94X
000593,德龙汇能,2026-08-20,24.56,-1.01%,形态: 10日内有涨停 | 趋势: 高于MA20,21.87,21.92,0.76X
600602,云赛智联,2026-08-10,18.0,0.39%,"形态: 10日内有涨停 | 形态: 两连阴 (-2.21%, -1.16%) | 趋势: 高于MA20",17.96,18.04,0.60X
603330,天洋新材,2026-08-10,7.95,3.92%,趋势: 高于MA20 | 动量: 突破转强 (阳线上穿5/10),6.87,7.51,1.02X
600435,北方导航,2026-08-10,10.88,3.42%,"形态: 两连阴 (-1.02%, -1.31%) | 趋势: 高于MA20 | 动量: 突破转强 (阳线上穿5/10)",10.37,11.34,1.36X
600908,无锡银行,2026-08-10,5.42,0.56%,"形态: 两连阴 (-1.09%, -1.28%)",5.48,5.42,0.96X
601696,中银证券,2026-09-01,12.15,1.17%,"形态: 两连阴 (-0.90%, -0.58%) | 趋势: 高于MA20 | 动量: 突破转强 (阳线上穿5/10)",11.90,11.98,0.95X
002889,东方嘉盛,2026-08-10,12.32,2.75%,"趋势: 多头排列 (5>20>60) | 形态: 10日内有涨停 | 形态: 两连阴 (-0.41%, -1.96%) | 趋势: 高于MA20 | 动量: 突破转强 (阳线上穿5/10)",11.80,11.68,0.88X
002513,蓝丰生化,2026-08-10,5.25,3.14%,趋势: 高于MA20 | 动量: 突破转强 (阳线上穿5/10),4.73,5.21,1.00X
002053,云南能投,2026-08-10,9.71,0.73%,趋势: 高于MA20 | 动量: 突破转强 (阳线上穿5/10),9.54,10.21,1.09X
601377,兴业证券,2026-08-10,5.91,0.34%,"形态: 两连阴 (-1.66%, -0.34%)",6.08,6.01,0.68X
603166,福达股份,2026-08-10,11.38,-2.15%,趋势: 高于MA20,10.54,12.58,0.52X
600359,新农开发,2026-09-01,7.79,6.13%,趋势: 多头排列 (5>20>60) | 形态: 10日内有涨停 | 趋势: 高于MA20 | 动量: 突破转强 (阳线上穿5/10),6.61,6.09,1.38X
002226,江南化工,2026-08-10,5.15,1.58%,趋势: 高于MA20 | 动量: 突破转强 (阳线上穿5/10),4.82,4.96,1.10X
002403,爱仕达,2026-08-10,9.65,0.52%,趋势: 高于MA20 | 动量: 突破转强 (阳线上穿5/10),8.81,9.74,0.81X
600661,昂立教育,2026-08-10,9.72,4.07%,趋势: 多头排列 (5>20>60) | 趋势: 高于MA20 | 动量: 突破转强 (阳线上穿5/10),8.37,8.10,0.65X
600273,嘉化能源,2026-08-10,6.93,1.17%,"形态: 两连阴 (-0.29%, -0.58%) | 趋势: 高于MA20",6.81,6.97,1.11X
600724,宁波富达,2026-08-10,5.2,2.16%,趋势: 高于MA20 | 动量: 突破转强 (阳线上穿5/10),4.97,5.87,0.90X
605162,新中港,2026-08-10,9.33,10.02%,"形态: 10日内有涨停 | 形态: 两连阴 (-0.58%, -0.47%) | 趋势: 高于MA20 | 动量: 突破转强 (阳线上穿5/10)",8.14,8.96,1.20X
002105,信隆健康,2026-08-10,5.7,3.83%,趋势: 高于MA20 | 动量: 突破转强 (阳线上穿5/10),5.20,5.46,0.91X
601858,中国科传,2026-08-10,25.86,-1.75%,形态: 10日内有涨停 | 趋势: 高于MA20,19.98,21.04,0.63X
002646,天佑德酒,2026-08-10,7.21,6.03%,量能: 放量 (2.02X),11.48,8.50,2.02X
002918,蒙娜丽莎,2026-08-10,10.01,2.35%,趋势: 高于MA20 | 动量: 突破转强 (阳线上穿5/10),9.20,11.00,1.21X
603727,博迈科,2026-08-10,19.21,5.20%,趋势: 多头排列 (5>20>60) | 趋势: 高于MA20 | 动量: 突破转强 (阳线上穿5/10),17.05,16.46,1.36X
600352,浙江龙盛,2026-08-10,13.99,6.23%,趋势: 多头排列 (5>20>60) | 趋势: 高于MA20 | 动量: 突破转强 (阳线上穿5/10),12.98,12.12,1.47X
601033,永兴股份,2026-08-10,14.48,2.19%,"趋势: 多头排列 (5>20>60) | 形态: 两连阴 (-1.36%, -2.01%) | 趋势: 高于MA20",14.32,14.18,1.03X
601966,玲珑轮胎,2026-08-10,11.34,1.34%,"形态: 两连阴 (-1.14%, -0.71%) | 趋势: 高于MA20",11.21,11.35,0.84X
000798,中水渔业,2026-08-10,8.43,4.46%,量能: 放量 (1.64X) | 趋势: 高于MA20 | 动量: 突破转强 (阳线上穿5/10),7.83,7.85,1.64X
002144,宏达高科,2026-08-10,11.03,5.15%,趋势: 高于MA20 | 动量: 突破转强 (阳线上穿5/10),10.05,10.86,1.38X
601615,明阳智能,2026-08-10,11.69,0.78%,趋势: 高于MA20 | 动量: 突破转强 (阳线上穿5/10),11.08,12.69,0.88X
002531,天顺风能,2026-08-10,6.71,0.60%,趋势: 高于MA20,6.50,8.60,0.76X
600151,航天机电,2026-08-10,11.03,-0.81%,趋势: 高于MA20,9.64,11.45,0.74X
603711,香飘飘,2026-09-01,11.9,0.68%,趋势: 多头排列 (5>20>60) | 趋势: 高于MA20 | 动量: 突破转强 (阳线上穿5/10),11.66,11.57,0.98X
002540,亚太科技,2026-08-10,5.22,2.55%,"形态: 两连阴 (-0.19%, -1.17%) | 趋势: 高于MA20 | 动量: 突破转强 (阳线上穿5/10)",4.90,5.08,1.09X
002333,罗普斯金,2026-08-10,5.55,1.65%,趋势: 多头排列 (5>20>60) | 趋势: 高于MA20 | 动量: 突破转强 (阳线上穿5/10),5.14,5.02,1.04X
000557,西部创业,2026-08-10,3.73,1.91%,"形态: 两连阴 (-0.80%, -1.08%) | 趋势: 高于MA20 | 动量: 突破转强 (阳线上穿5/10)",3.66,3.83,1.29X
601798,蓝科高新,2026-08-10,7.66,1.19%,趋势: 高于MA20 | 动量: 突破转强 (阳线上穿5/10),7.27,7.53,0.97X
000599,青岛双星,2026-08-10,5.02,2.66%,趋势: 高于MA20 | 动量: 突破转强 (阳线上穿5/10),4.62,4.76,0.87X
000503,国新健康,2026-08-10,7.54,2.03%,"趋势: 多头排列 (5>20>60) | 形态: 10日内有涨停 | 形态: 两连阴 (-1.05%, -2.25%) | 趋势: 高于MA20",6.97,6.89,0.97X
000995,皇台酒业,2026-08-10,11.0,2.71%,"形态: 两连阴 (-1.01%, -0.74%) | 趋势: 高于MA20 | 动量: 突破转强 (阳线上穿5/10)",10.10,11.00,0.82X
603327,福蓉科技,2026-09-01,9.8,0.62%,趋势: 多头排列 (5>20>60) | 趋势: 高于MA20 | 动量: 突破转强 (阳线上穿5/10),9.25,9.17,1.00X
003016,欣贺股份,2026-08-10,6.97,3.57%,量能: 放量 (1.54X) | 趋势: 高于MA20 | 动量: 突破转强 (阳线上穿5/10),6.56,6.80,1.54X
002669,康达新材,2026-08-10,12.33,0.08%,趋势: 高于MA20 | 动量: 突破转强 (阳线上穿5/10),11.56,14.61,0.83X
600748,上实发展,2026-08-10,3.88,2.37%,"形态: 两连阴 (-1.02%, -2.57%) | 趋势: 高于MA20 | 动量: 突破转强 (阳线上穿5/10)",3.64,4.02,0.78X
601107,四川成渝,2026-08-10,5.58,0.90%,"形态: 两连阴 (-0.88%, -1.95%)",5.62,5.68,0.90X
603086,先达股份,2026-08-10,5.68,2.90%,趋势: 高于MA20 | 动量: 突破转强 (阳线上穿5/10),5.37,5.71,1.18X
002777,久远银海,2026-08-10,13.58,3.19%,趋势: 高于MA20 | 动量: 突破转强 (阳线上穿5/10),9.58,12.24,1.15X
002884,凌霄泵业,2026-08-10,16.3,1.18%,"形态: 两连阴 (-0.12%, -0.74%)",17.43,16.58,1.33X
600405,动力源,2026-08-10,4.42,1.61%,趋势: 高于MA20 | 动量: 突破转强 (阳线上穿5/10),4.12,4.41,0.81X
002584,西陇科学,2026-08-10,8.34,2.71%,趋势: 高于MA20 | 动量: 突破转强 (阳线上穿5/10),7.51,8.29,0.96X
603912,佳力图,2026-08-10,7.72,-0.52%,形态: 10日内有涨停 | 趋势: 高于MA20,7.17,8.21,0.61X
000710,贝瑞基因,2026-08-10,9.99,10.02%,形态: 10日内有涨停 | 趋势: 高于MA20 | 动量: 突破转强 (阳线上穿5/10),8.30,8.34,0.63X
002067,景兴纸业,2026-08-10,4.51,-1.31%,趋势: 高于MA20,4.24,4.35,0.70X
600985,淮北矿业,2026-08-10,16.86,2.06%,趋势: 多头排列 (5>20>60) | 形态: 10日内有涨停 | 趋势: 高于MA20 | 动量: 突破转强 (阳线上穿5/10),15.22,15.04,0.98X
002565,顺灏股份,2026-08-10,9.88,-0.70%,趋势: 高于MA20,9.10,12.23,0.74X
002701,奥瑞金,2026-08-10,4.9,1.24%,趋势: 多头排列 (5>20>60) | 趋势: 高于MA20,4.80,4.73,0.92X
603648,畅联股份,2026-08-10,9.48,3.38%,趋势: 高于MA20 | 动量: 突破转强 (阳线上穿5/10),8.99,9.18,1.26X
600459,贵研铂业,2026-09-01,20.51,-1.77%,"形态: 两连阴 (-1.61%, -2.57%)",21.35,22.15,0.68X
600635,大众公用,2026-08-10,4.71,0.00%,"形态: 两连阴 (-0.82%, -2.28%) | 趋势: 高于MA20",4.57,4.76,0.69X
002769,普路通,2026-09-01,7.85,9.94%,趋势: 多头排列 (5>20>60) | 量能: 放量 (2.36X) | 形态: 10日内有涨停 | 趋势: 高于MA20 | 动量: 突破转强 (阳线上穿5/10),7.05,6.87,2.36X
002244,滨江集团,2026-08-10,8.71,2.47%,"形态: 两连阴 (-0.81%, -0.70%)",8.75,8.92,1.31X
603101,汇嘉时代,2026-09-01,7.77,3.46%,趋势: 多头排列 (5>20>60) | 趋势: 高于MA20 | 动量: 突破转强 (阳线上穿5/10),7.37,7.02,1.47X
600597,光明乳业,2026-09-01,7.08,1.43%,趋势: 多头排列 (5>20>60) | 趋势: 高于MA20 | 动量: 突破转强 (阳线上穿5/10),6.81,6.67,1.18X
603339,四方科技,2026-08-10,14.01,-1.96%,趋势: 高于MA20,12.49,13.34,1.02X
002539,云图控股,2026-08-10,12.8,3.81%,趋势: 高于MA20 | 动量: 突破转强 (阳线上穿5/10),11.22,11.76,1.30X
002634,棒杰股份,2026-09-01,4.15,-1.66%,"形态: 两连阴 (-0.47%, -0.71%)",4.28,4.29,1.26X
002331,皖通科技,2026-08-10,7.12,2.15%,趋势: 高于MA20 | 动量: 突破转强 (阳线上穿5/10),6.69,7.69,1.04X
600642,申能股份,2026-08-10,8.37,0.36%,"形态: 两连阴 (-0.24%, -0.12%)",8.49,9.11,0.92X
002739,万达电影,2026-08-10,9.93,9.97%,趋势: 多头排列 (5>20>60) | 量能: 放量 (1.93X) | 形态: 10日内有涨停 | 趋势: 高于MA20 | 动量: 突破转强 (阳线上穿5/10),9.07,9.06,1.93X
603903,中持股份,2026-09-01,14.08,-0.71%,趋势: 多头排列 (5>20>60) | 趋势: 高于MA20,13.75,13.16,1.00X
600219,南山铝业,2026-09-01,4.91,1.45%,趋势: 多头排列 (5>20>60) | 趋势: 高于MA20 | 动量: 突破转强 (阳线上穿5/10),4.84,4.52,1.19X
002840,华统股份,2026-08-10,8.23,1.48%,"形态: 两连阴 (-0.84%, -1.82%) | 趋势: 高于MA20 | 动量: 突破转强 (阳线上穿5/10)",7.72,8.16,0.96X
000589,贵州轮胎,2026-08-10,4.4,2.09%,量能: 放量 (1.62X) | 趋势: 高于MA20 | 动量: 突破转强 (阳线上穿5/10),4.33,4.51,1.62X
600721,百花医药,2026-08-20,13.66,-0.44%,趋势: 多头排列 (5>20>60) | 形态: 10日内有涨停 | 趋势: 高于MA20,10.36,8.22,1.04X
000633,合金投资,2026-08-10,5.35,3.68%,趋势: 高于MA20 | 动量: 突破转强 (阳线上穿5/10),4.94,5.22,1.06X
002658,雪迪龙,2026-09-01,7.79,2.91%,趋势: 高于MA20 | 动量: 突破转强 (阳线上穿5/10),7.56,7.60,1.25X
000837,秦川机床,2026-08-10,10.48,4.17%,量能: 放量 (2.04X) | 趋势: 高于MA20 | 动量: 突破转强 (阳线上穿5/10),9.36,11.00,2.04X
002386,天原股份,2026-08-10,5.97,0.84%,趋势: 高于MA20 | 动量: 突破转强 (阳线上穿5/10),5.77,5.88,0.87X
000856,冀东装备,2026-08-10,8.04,2.55%,趋势: 高于MA20 | 动量: 突破转强 (阳线上穿5/10),7.39,8.04,1.01X
603356,华菱精工,2026-08-10,16.03,1.26%,趋势: 高于MA20 | 动量: 突破转强 (阳线上穿5/10),14.45,16.36,0.76X
600137,浪莎股份,2026-08-10,17.98,2.98%,趋势: 高于MA20 | 动量: 突破转强 (阳线上穿5/10),16.54,18.07,1.14X
600789,鲁抗医药,2026-08-10,7.56,0.67%,趋势: 多头排列 (5>20>60) | 趋势: 高于MA20 | 动量: 突破转强 (阳线上穿5/10),7.44,7.40,1.08X
002453,华软科技,2026-08-10,4.42,3.27%,趋势: 高于MA20 | 动量: 突破转强 (阳线上穿5/10),4.08,4.84,1.11X
002400,省广集团,2026-08-10,6.94,0.43%,"形态: 两连阴 (-2.81%, -0.29%) | 趋势: 高于MA20",6.33,6.92,0.54X
002207,准油股份,2026-08-10,6.11,3.74%,趋势: 高于MA20 | 动量: 突破转强 (阳线上穿5/10),5.61,6.97,1.11X
000825,太钢不锈,2026-08-10,3.56,0.56%,"形态: 两连阴 (-1.65%, -0.84%) | 趋势: 高于MA20",3.56,3.66,1.23X
000525,红太阳,2026-08-10,4.59,2.00%,"形态: 两连阴 (-0.87%, -1.32%) | 趋势: 高于MA20",4.43,4.45,0.77X
003038,鑫铂股份,2026-08-10,11.14,3.63%,形态: 10日内有涨停 | 趋势: 高于MA20 | 动量: 突破转强 (阳线上穿5/10),9.37,11.22,1.04X
000582,北部湾港,2026-08-10,13.28,6.07%,趋势: 多头排列 (5>20>60) | 趋势: 高于MA20 | 动量: 突破转强 (阳线上穿5/10),12.03,12.00,1.50X
001391,国货航,2026-08-10,4.31,2.38%,"形态: 两连阴 (-1.62%, -0.94%) | 趋势: 高于MA20",4.30,4.56,1.10X
000989,九芝堂,2026-08-10,9.5,0.21%,趋势: 多头排列 (5>20>60) | 趋势: 高于MA20 | 动量: 突破转强 (阳线上穿5/10),9.19,8.47,1.21X
002728,特一药业,2026-08-10,9.37,-0.64%,趋势: 多头排列 (5>20>60) | 趋势: 高于MA20,9.13,8.92,0.90X
600551,时代出版,2026-08-10,6.96,1.46%,"形态: 两连阴 (-0.71%, -1.58%) | 趋势: 高于MA20",6.85,7.09,1.17X
601886,江河集团,2026-08-10,9.1,10.04%,量能: 放量 (1.89X) | 形态: 10日内有涨停 | 趋势: 高于MA20 | 动量: 突破转强 (阳线上穿5/10),8.37,8.56,1.89X
000632,三木集团,2026-09-01,4.12,-3.06%,趋势: 多头排列 (5>20>60) | 趋势: 高于MA20,3.72,3.41,0.91X
600233,圆通速递,2026-08-10,18.89,2.16%,"趋势: 多头排列 (5>20>60) | 形态: 两连阴 (-2.60%, -1.12%) | 趋势: 高于MA20 | 动量: 突破转强 (阳线上穿5/10)",18.10,17.58,0.91X
603238,诺邦股份,2026-09-01,12.65,1.61%,趋势: 多头排列 (5>20>60) | 趋势: 高于MA20 | 动量: 突破转强 (阳线上穿5/10),12.23,11.82,1.08X
601200,上海环境,2026-08-10,7.06,1.15%,"形态: 两连阴 (-0.71%, -0.85%) | 趋势: 高于MA20",7.05,7.17,1.11X
600483,福能股份,2026-08-10,10.51,-0.28%,"形态: 两连阴 (-0.84%, -1.13%)",10.88,11.02,1.01X
603717,天域生物,2026-08-10,6.42,6.82%,趋势: 高于MA20 | 动量: 突破转强 (阳线上穿5/10),5.63,6.27,1.40X
002194,武汉凡谷,2026-08-10,10.0,-9.91%,量能: 放量 (2.06X) | 形态: 10日内有涨停 | 趋势: 高于MA20,8.79,10.26,2.06X
601901,方正证券,2026-08-10,7.05,0.14%,趋势: 高于MA20,6.04,6.65,0.71X
601456,国联民生,2026-08-10,8.97,0.11%,"形态: 两连阴 (-1.10%, -0.11%)",9.00,9.02,0.80X
002169,智光电气,2026-09-01,13.06,-2.61%,量能: 放量 (2.32X) | 形态: 10日内有涨停 | 趋势: 高于MA20,12.78,13.02,2.32X
002510,天汽模,2026-08-10,5.71,1.60%,"形态: 两连阴 (-1.56%, -0.88%) | 趋势: 高于MA20 | 动量: 突破转强 (阳线上穿5/10)",5.46,5.98,0.84X
603108,润达医疗,2026-08-10,11.06,5.03%,量能: 放量 (1.76X) | 趋势: 高于MA20 | 动量: 突破转强 (阳线上穿5/10),9.78,10.73,1.76X
600218,全柴动力,2026-08-10,7.67,1.86%,"形态: 两连阴 (-0.53%, -0.26%) | 趋势: 高于MA20 | 动量: 突破转强 (阳线上穿5/10)",7.37,7.81,0.97X
002454,松芝股份,2026-08-10,5.08,2.42%,趋势: 高于MA20 | 动量: 突破转强 (阳线上穿5/10),4.81,5.48,1.01X
603032,德新科技,2026-09-01,19.72,-1.89%,形态: 10日内有涨停 | 趋势: 高于MA20,19.36,21.03,0.66X
603058,永吉股份,2026-08-10,10.3,1.98%,形态: 10日内有涨停 | 趋势: 高于MA20 | 动量: 突破转强 (阳线上穿5/10),8.93,9.40,0.65X
000701,厦门信达,2026-08-10,5.1,3.24%,趋势: 高于MA20 | 动量: 突破转强 (阳线上穿5/10),4.72,5.01,1.04X
002391,长青股份,2026-08-10,5.37,2.48%,趋势: 高于MA20 | 动量: 突破转强 (阳线上穿5/10),5.17,5.33,1.30X
000810,创维数字,2026-09-01,9.98,-1.19%,趋势: 高于MA20,9.68,10.59,0.96X
600499,科达制造,2026-09-01,14.67,4.41%,"量能: 放量 (1.81X) | 形态: 两连阴 (-0.21%, -1.26%) | 趋势: 高于MA20 | 动量: 突破转强 (阳线上穿5/10)",14.26,14.85,1.81X
002016,世荣兆业,2026-09-01,4.72,0.21%,趋势: 多头排列 (5>20>60) | 趋势: 高于MA20 | 动量: 突破转强 (阳线上穿5/10),4.56,4.33,0.89X
603096,新经典,2026-08-10,15.14,3.20%,趋势: 高于MA20 | 动量: 突破转强 (阳线上穿5/10),14.06,14.87,0.96X
000541,佛山照明,2026-08-10,4.98,0.81%,"形态: 两连阴 (-0.60%, -0.60%) | 趋势: 高于MA20 | 动量: 突破转强 (阳线上穿5/10)",4.95,5.02,0.75X
600927,永安期货,2026-08-10,13.07,0.31%,"形态: 两连阴 (-2.29%, -1.29%) | 趋势: 高于MA20",12.98,13.15,0.87X
601921,浙版传媒,2026-08-10,7.27,1.68%,"形态: 两连阴 (-0.69%, -0.69%) | 趋势: 高于MA20 | 动量: 突破转强 (阳线上穿5/10)",7.15,7.21,1.20X
002799,环球印务,2026-08-10,6.76,3.21%,趋势: 高于MA20 | 动量: 突破转强 (阳线上穿5/10),6.27,6.73,1.07X
002480,新筑股份,2026-08-10,5.75,3.79%,趋势: 高于MA20 | 动量: 突破转强 (阳线上穿5/10),5.33,5.55,1.44X
600996,贵广网络,2026-08-10,6.98,-0.57%,趋势: 高于MA20,6.63,7.79,1.02X
603687,大胜达,2026-08-10,14.73,1.94%,趋势: 高于MA20 | 动量: 突破转强 (阳线上穿5/10),13.28,16.23,0.69X
600463,空港股份,2026-08-10,8.26,5.36%,量能: 放量 (1.51X) | 趋势: 高于MA20 | 动量: 突破转强 (阳线上穿5/10),7.64,8.47,1.51X
603660,苏州科达,2026-08-10,12.25,2.17%,形态: 10日内有涨停 | 趋势: 高于MA20 | 动量: 突破转强 (阳线上穿5/10),9.23,10.99,1.28X
601636,旗滨集团,2026-08-10,6.07,-0.98%,趋势: 高于MA20,5.93,6.95,0.79X
603320,迪贝电气,2026-08-10,16.74,0.97%,趋势: 高于MA20 | 动量: 突破转强 (阳线上穿5/10),14.12,18.52,0.98X
002999,天禾股份,2026-08-10,5.88,3.52%,量能: 放量 (1.52X) | 趋势: 高于MA20 | 动量: 突破转强 (阳线上穿5/10),5.53,5.82,1.52X
603299,苏盐井神,2026-08-10,9.16,0.88%,"形态: 两连阴 (-1.30%, -0.66%)",9.28,9.56,1.15X
002443,金洲管道,2026-08-10,9.13,-2.14%,量能: 放量 (1.96X) | 形态: 10日内有涨停 | 趋势: 高于MA20,8.32,10.17,1.96X
600163,中闽能源,2026-09-01,5.16,2.18%,趋势: 高于MA20 | 动量: 突破转强 (阳线上穿5/10),5.11,5.22,1.02X
000007,全新好,2026-09-01,12.86,0.00%,趋势: 多头排列 (5>20>60) | 形态: 10日内有涨停 | 趋势: 高于MA20,11.48,11.40,0.68X
605158,华达新材,2026-08-10,7.19,4.96%,量能: 放量 (1.61X) | 趋势: 高于MA20 | 动量: 突破转强 (阳线上穿5/10),6.55,6.72,1.61X
002383,合众思壮,2026-08-10,7.1,1.57%,趋势: 高于MA20 | 动量: 突破转强 (阳线上穿5/10),6.71,7.22,0.83X
600812,华北制药,2026-08-10,5.02,1.21%,趋势: 多头排列 (5>20>60) | 趋势: 高于MA20 | 动量: 突破转强 (阳线上穿5/10),4.84,4.62,1.25X
002803,吉宏股份,2026-08-10,19.54,0.31%,形态: 10日内有涨停 | 趋势: 高于MA20,19.21,21.70,0.57X
000042,中洲控股,2026-08-10,8.47,0.95%,趋势: 高于MA20 | 动量: 突破转强 (阳线上穿5/10),8.08,8.75,0.67X
600958,东方证券,2026-08-10,9.19,1.21%,"形态: 两连阴 (-1.30%, -0.22%) | 趋势: 高于MA20 | 动量: 突破转强 (阳线上穿5/10)",6.59,8.45,1.08X
001313,粤海饲料,2026-08-10,7.46,2.33%,趋势: 高于MA20 | 动量: 突破转强 (阳线上穿5/10),7.22,7.68,1.11X
002706,良信股份,2026-08-10,9.03,1.23%,"形态: 两连阴 (-3.64%, -0.89%)",9.16,11.08,0.82X
000546,金圆股份,2026-09-01,4.84,0.41%,趋势: 多头排列 (5>20>60) | 趋势: 高于MA20 | 动量: 突破转强 (阳线上穿5/10),4.77,4.73,0.94X
002716,湖南白银,2026-09-01,10.85,0.09%,趋势: 多头排列 (5>20>60) | 形态: 10日内有涨停 | 趋势: 高于MA20,9.98,8.74,0.55X
603712,七一二,2026-08-10,12.42,2.56%,趋势: 高于MA20 | 动量: 突破转强 (阳线上穿5/10),11.56,13.02,1.10X
000888,峨眉山Ａ,2026-08-10,9.85,2.18%,"形态: 两连阴 (-0.41%, -0.52%) | 趋势: 高于MA20 | 动量: 突破转强 (阳线上穿5/10)",9.60,9.72,1.10X
603565,中谷物流,2026-08-10,10.4,0.10%,"趋势: 多头排列 (5>20>60) | 形态: 两连阴 (-1.41%, -0.95%)",10.43,10.29,1.05X
600403,大有能源,2026-08-10,6.68,3.41%,形态: 10日内有涨停 | 趋势: 高于MA20 | 动量: 突破转强 (阳线上穿5/10),5.80,5.88,1.31X
002722,物产金轮,2026-08-10,12.95,1.97%,趋势: 高于MA20 | 动量: 突破转强 (阳线上穿5/10),8.76,11.64,1.05X
603519,立霸股份,2026-08-10,16.32,4.02%,趋势: 多头排列 (5>20>60) | 趋势: 高于MA20 | 动量: 突破转强 (阳线上穿5/10),15.20,14.35,1.15X
000967,盈峰环境,2026-08-10,9.01,-3.64%,"形态: 10日内有涨停 | 形态: 两连阴 (-1.06%, -0.21%) | 趋势: 高于MA20",7.97,9.79,0.55X
601519,大智慧,2026-08-10,8.27,-0.12%,"形态: 两连阴 (-1.98%, -1.66%) | 趋势: 高于MA20",8.03,8.87,0.91X
002824,和胜股份,2026-08-10,23.26,0.48%,趋势: 高于MA20 | 动量: 突破转强 (阳线上穿5/10),22.22,27.42,0.82X
600970,中材国际,2026-09-01,7.83,1.95%,趋势: 高于MA20 | 动量: 突破转强 (阳线上穿5/10),7.78,7.77,0.97X
002668,TCL智家,2026-08-10,10.37,-2.90%,趋势: 多头排列 (5>20>60) | 趋势: 高于MA20,10.34,10.10,0.72X
002073,软控股份,2026-08-10,5.7,1.42%,"形态: 两连阴 (-1.40%, -0.53%)",6.83,5.96,0.91X
600676,交运股份,2026-08-10,7.0,0.00%,趋势: 多头排列 (5>20>60) | 趋势: 高于MA20,6.80,6.77,0.52X
000045,深纺织Ａ,2026-08-10,10.03,1.01%,形态: 10日内有涨停 | 趋势: 高于MA20 | 动量: 突破转强 (阳线上穿5/10),9.41,10.37,0.74X
603153,上海建科,2026-08-10,13.43,1.36%,趋势: 高于MA20 | 动量: 突破转强 (阳线上穿5/10),8.95,12.24,0.93X
601918,新集能源,2026-08-10,10.2,3.87%,趋势: 高于MA20 | 动量: 突破转强 (阳线上穿5/10),9.85,9.62,1.07X
002034,旺能环境,2026-08-10,14.37,2.13%,"形态: 两连阴 (-1.95%, -0.14%) | 趋势: 高于MA20 | 动量: 突破转强 (阳线上穿5/10)",14.11,16.62,1.13X
601555,东吴证券,2026-08-10,8.0,-0.37%,"趋势: 多头排列 (5>20>60) | 形态: 两连阴 (-0.12%, -2.31%)",8.06,7.94,0.85X
002698,博实股份,2026-08-10,13.56,-0.88%,趋势: 多头排列 (5>20>60) | 趋势: 高于MA20,12.81,12.66,1.23X
002863,今飞凯达,2026-08-10,4.55,2.71%,趋势: 高于MA20 | 动量: 突破转强 (阳线上穿5/10),4.30,4.86,1.08X
603938,三孚股份,2026-08-10,42.92,-0.44%,形态: 10日内有涨停 | 趋势: 高于MA20,26.24,45.89,0.81X
600098,广州发展,2026-08-10,6.3,0.48%,"形态: 两连阴 (-1.10%, -0.16%)",6.32,6.72,0.78X
600967,内蒙一机,2026-08-10,12.2,6.55%,量能: 放量 (2.19X) | 趋势: 高于MA20 | 动量: 突破转强 (阳线上穿5/10),8.77,10.87,2.19X
600319,亚星化学,2026-08-10,6.23,2.30%,趋势: 高于MA20 | 动量: 突破转强 (阳线上穿5/10),5.62,6.51,0.82X
600860,京城股份,2026-08-20,8.29,-0.84%,"形态: 10日内有涨停 | 形态: 两连阴 (-5.94%, -5.75%)",8.31,8.42,0.44X
600679,上海凤凰,2026-09-01,10.2,0.49%,趋势: 多头排列 (5>20>60) | 趋势: 高于MA20 | 动量: 突破转强 (阳线上穿5/10),9.63,9.33,1.11X
000803,山高环能,2026-08-10,7.17,1.13%,趋势: 高于MA20 | 动量: 突破转强 (阳线上穿5/10),6.65,7.14,0.74X
000863,三湘印象,2026-09-01,4.21,0.00%,"趋势: 多头排列 (5>20>60) | 形态: 两连阴 (-0.69%, -1.86%) | 趋势: 高于MA20",4.16,4.13,0.88X
603178,圣龙股份,2026-08-10,17.29,1.41%,形态: 10日内有涨停 | 趋势: 高于MA20 | 动量: 突破转强 (阳线上穿5/10),16.20,16.74,0.84X
600095,湘财股份,2026-08-10,8.18,0.00%,"形态: 两连阴 (-1.79%, -0.49%)",8.48,8.21,0.72X
002027,分众传媒,2026-08-10,5.29,2.92%,趋势: 高于MA20,5.21,5.22,0.89X
002926,华西证券,2026-08-10,8.34,0.97%,"形态: 两连阴 (-1.55%, -0.12%)",11.25,9.22,0.86X
600901,江苏金租,2026-08-10,6.51,2.36%,趋势: 高于MA20 | 动量: 突破转强 (阳线上穿5/10),6.45,6.33,1.31X
000782,恒申新材,2026-08-10,7.97,4.32%,趋势: 高于MA20 | 动量: 突破转强 (阳线上穿5/10),6.77,7.39,1.39X
002520,日发精机,2026-08-10,5.95,3.12%,趋势: 高于MA20 | 动量: 突破转强 (阳线上穿5/10),5.56,6.29,1.33X
002527,新时达,2026-08-10,11.75,-0.68%,趋势: 高于MA20,10.76,12.77,0.67X
000531,穗恒运Ａ,2026-08-10,5.92,1.20%,形态: 10日内有涨停,6.90,6.80,0.77X
603385,惠达卫浴,2026-08-10,5.42,3.44%,趋势: 高于MA20 | 动量: 突破转强 (阳线上穿5/10),4.94,5.29,0.90X
000788,北大医药,2026-08-10,5.48,1.48%,趋势: 多头排列 (5>20>60) | 趋势: 高于MA20 | 动量: 突破转强 (阳线上穿5/10),5.27,5.27,1.35X
002361,神剑股份,2026-08-20,10.25,-9.05%,"形态: 两连阴 (-1.46%, -7.01%)",10.90,12.87,1.21X
002651,利君股份,2026-08-10,7.93,2.59%,"形态: 两连阴 (-0.51%, -1.15%) | 趋势: 高于MA20 | 动量: 突破转强 (阳线上穿5/10)",7.53,7.84,1.21X
002468,申通快递,2026-08-10,14.7,0.82%,趋势: 高于MA20 | 动量: 突破转强 (阳线上穿5/10),14.22,14.63,0.56X
600505,西昌电力,2026-08-10,11.4,0.80%,趋势: 高于MA20 | 动量: 突破转强 (阳线上穿5/10),11.22,12.11,0.88X
002702,海欣食品,2026-08-10,4.93,3.57%,形态: 10日内有涨停 | 趋势: 高于MA20 | 动量: 突破转强 (阳线上穿5/10),4.53,4.85,0.75X
600872,中炬高新,2026-08-10,19.56,1.61%,"趋势: 多头排列 (5>20>60) | 形态: 两连阴 (-2.33%, -0.05%) | 趋势: 高于MA20",19.15,18.65,0.95X
